country,year,population_thousands,%_urban,basic,no_facility,bathing_facilities_on_premises_with_water,who_regions,iso3,income_groupings
Afghanistan,2005,24404.567,22.702999114990234,35.34367441489216,38.017208099365234,-,Eastern Mediterranean,AFG,Low income
Afghanistan,2006,25424.094,22.90699958801269,35.42487222467523,37.96256637573242,-,Eastern Mediterranean,AFG,Low income
Afghanistan,2007,25909.852,23.113000869750977,35.50686780539014,37.90738296508789,-,Eastern Mediterranean,AFG,Low income
Afghanistan,2008,26482.622,23.31999969482422,35.58925886974261,37.85193634033203,-,Eastern Mediterranean,AFG,Low income
Afghanistan,2009,27466.101,23.527999877929688,35.67204916363695,37.79622268676758,-,Eastern Mediterranean,AFG,Low income
Afghanistan,2010,28284.089,23.73699951171875,36.80765565598718,35.365509033203125,-,Eastern Mediterranean,AFG,Low income
Afghanistan,2011,29347.708,23.947999954223636,37.93602801271432,32.94197463989258,-,Eastern Mediterranean,AFG,Low income
Afghanistan,2012,30560.034,24.15999984741211,39.05670503648908,30.525959014892575,-,Eastern Mediterranean,AFG,Low income
Afghanistan,2013,31622.704,24.37299919128418,40.16963215168946,28.117504119873047,-,Eastern Mediterranean,AFG,Low income
Afghanistan,2014,32792.523,24.58699989318848,41.27475347001217,25.7166690826416,-,Eastern Mediterranean,AFG,Low income
Afghanistan,2015,33831.764,24.803001403808597,42.37229425949489,23.32335090637207,-,Eastern Mediterranean,AFG,Low income
Afghanistan,2016,34700.612,25.020000457763672,43.46187576954855,20.93779754638672,-,Eastern Mediterranean,AFG,Low income
Afghanistan,2017,35688.935,25.25,44.54638924771327,18.558609008789062,-,Eastern Mediterranean,AFG,Low income
Afghanistan,2018,36743.039,25.49499893188477,45.62554821803647,16.18628692626953,-,Eastern Mediterranean,AFG,Low income
Afghanistan,2019,37856.121,25.75399780273437,46.69828344278023,13.821747779846191,-,Eastern Mediterranean,AFG,Low income
Afghanistan,2020,39068.979,26.025999069213867,47.76361018296665,11.46582317352295,-,Eastern Mediterranean,AFG,Low income
Afghanistan,2021,40000.412,26.31399917602539,48.82129451075181,9.119080543518066,-,Eastern Mediterranean,AFG,Low income
Afghanistan,2022,40578.842,26.61600112915039,49.87012245009554,6.782456398010254,-,Eastern Mediterranean,AFG,Low income
Afghanistan,2023,41454.761,26.93299865722656,50.90942350956974,4.45671272277832,-,Eastern Mediterranean,AFG,Low income
Afghanistan,2024,42647.492,27.26499938964844,51.9383418156115,2.142672061920166,-,Eastern Mediterranean,AFG,Low income
Albania,2011,2911.504,53.24699783325195,,,-,Europe,ALB,Upper middle income
Albania,2012,2910.004,54.32999801635742,,,-,Europe,ALB,Upper middle income
Albania,2013,2907.573,55.387001037597656,,,-,Europe,ALB,Upper middle income
Albania,2014,2903.749,56.42300415039063,,,-,Europe,ALB,Upper middle income
Albania,2015,2898.632,57.43399810791016,,,-,Europe,ALB,Upper middle income
Albania,2016,2897.867,58.420997619628906,,,-,Europe,ALB,Upper middle income
Albania,2017,2898.242,59.382999420166016,,,-,Europe,ALB,Upper middle income
Albania,2018,2894.231,60.31900024414063,,,-,Europe,ALB,Upper middle income
Albania,2019,2885.01,61.22900390625,,,-,Europe,ALB,Upper middle income
Albania,2020,2871.954,62.11199951171875,,,-,Europe,ALB,Upper middle income
Albania,2021,2849.635,62.968997955322266,,,-,Europe,ALB,Upper middle income
Albania,2022,2827.608,63.79899978637695,,,-,Europe,ALB,Upper middle income
Albania,2023,2811.655,64.6030044555664,,,-,Europe,ALB,Upper middle income
Albania,2024,2791.765,65.3800048828125,,,-,Europe,ALB,Upper middle income
Algeria,2007,34189.416,65.3479995727539,82.91379323741292,9.950676918029783,-,Africa,DZA,Upper middle income
Algeria,2008,34816.961,66.09700012207031,83.02933985909493,9.890948295593262,-,Africa,DZA,Upper middle income
Algeria,2009,35490.445,66.82599639892578,83.14180528859035,9.832810401916504,-,Africa,DZA,Upper middle income
Algeria,2010,36188.236,67.54000091552734,83.25195815483237,9.775867462158203,-,Africa,DZA,Upper middle income
Algeria,2011,36903.376,68.23600006103516,83.35932815611244,9.720365524291992,-,Africa,DZA,Upper middle income
Algeria,2012,37646.166,68.91500091552734,83.52389379856064,9.151707649230955,-,Africa,DZA,Upper middle income
Algeria,2013,38414.171,69.57600402832031,83.68203761232795,8.588030815124512,-,Africa,DZA,Upper middle income
Algeria,2014,39205.031,70.22100067138672,83.83419149548756,8.029057502746582,-,Africa,DZA,Upper middle income
Algeria,2015,40019.529,70.8479995727539,83.98020086142135,7.474796295166016,-,Africa,DZA,Upper middle income
Algeria,2016,40850.721,71.45899963378906,84.12050789563429,6.924956798553467,-,Africa,DZA,Upper middle income
Algeria,2017,41689.299,72.052001953125,84.25495779894023,6.379550933837891,-,Africa,DZA,Upper middle income
Algeria,2018,42505.035,72.62899780273438,84.38397380656727,5.838305473327637,-,Africa,DZA,Upper middle income
Algeria,2019,43294.546,73.18900299072266,84.50756030477096,5.3011474609375,-,Africa,DZA,Upper middle income
Algeria,2020,44042.091,73.73300170898438,84.62598386666764,4.767887115478516,-,Africa,DZA,Upper middle income
Algeria,2021,44761.099,74.26100158691406,84.73937404561286,4.23839807510376,-,Africa,DZA,Upper middle income
Algeria,2022,45477.389,74.77200317382812,84.80409368196356,4.2113800048828125,-,Africa,DZA,Upper middle income
Algeria,2023,46164.219,75.26799774169922,84.86692031412957,4.185146808624268,-,Africa,DZA,Upper middle income
Algeria,2024,46814.308,75.74800109863281,84.92772039754895,4.159759998321533,-,Africa,DZA,Upper middle income
American Samoa,2000,56.855,88.58699798583984,,24.83698272705078,61.93175740720972,Western Pacific,ASM,High income
American Samoa,2001,57.053,88.49099731445312,,24.133028030395508,63.68930939084885,Western Pacific,ASM,High income
American Samoa,2002,57.062,88.39399719238281,,23.4290714263916,65.44686137448844,Western Pacific,ASM,High income
American Samoa,2003,56.971,88.2969970703125,,22.725116729736328,67.20441335812802,Western Pacific,ASM,High income
American Samoa,2004,56.818,88.197998046875,,22.02116203308105,68.96196534176761,Western Pacific,ASM,High income
American Samoa,2005,56.617,88.0999984741211,,21.31720542907715,70.7195173254072,Western Pacific,ASM,High income
American Samoa,2006,56.374,88.0,,20.613250732421875,72.47706930904678,Western Pacific,ASM,High income
American Samoa,2007,56.113,87.9000015258789,,19.90929412841797,74.23462129268637,Western Pacific,ASM,High income
American Samoa,2008,55.828,87.79900360107422,,19.20533943176269,75.99217327632596,Western Pacific,ASM,High income
American Samoa,2009,55.528,87.6969985961914,,18.501384735107425,77.74972525996554,Western Pacific,ASM,High income
American Samoa,2010,55.228,87.59400177001953,,17.797428131103516,79.50727724360468,Western Pacific,ASM,High income
American Samoa,2011,54.895,87.50199890136719,,17.093473434448242,81.26482922724426,Western Pacific,ASM,High income
American Samoa,2012,54.489,87.41999816894531,,16.389516830444336,83.02238121088385,Western Pacific,ASM,High income
American Samoa,2013,54.006,87.3479995727539,,15.685562133789062,84.77993319452344,Western Pacific,ASM,High income
American Samoa,2014,53.466,87.28799438476562,,14.981606483459473,86.53748517816302,Western Pacific,ASM,High income
American Samoa,2015,52.878,87.23799896240234,,14.277650833129885,88.29503716180261,Western Pacific,ASM,High income
American Samoa,2016,52.245,87.197998046875,,13.573695182800291,90.0525891454422,Western Pacific,ASM,High income
American Samoa,2017,51.586,87.16999816894531,,12.86974048614502,91.81014112908179,Western Pacific,ASM,High income
American Samoa,2018,50.908,87.15299987792969,,12.16578483581543,93.56769311272137,Western Pacific,ASM,High income
American Samoa,2019,50.209,87.1469955444336,,11.46182918548584,95.3252450963605,Western Pacific,ASM,High income
American Samoa,2020,49.761,87.15299987792969,,10.75787353515625,96.03028222413104,Western Pacific,ASM,High income
American Samoa,2021,49.225,87.16899871826172,,10.05391788482666,96.03028222413104,Western Pacific,ASM,High income
American Samoa,2022,48.342,87.19599914550781,,9.349963188171388,>99,Western Pacific,ASM,High income
American Samoa,2023,47.521,87.23500061035156,,9.349963188171388,>99,Western Pacific,ASM,High income
American Samoa,2024,46.765,87.28399658203125,,9.349963188171388,>99,Western Pacific,ASM,High income
Angola,2010,23294.825,59.78300094604492,34.4965720171372,,-,Africa,AGO,Lower middle income
Angola,2011,24218.352,60.52799987792969,34.68789536750256,,-,Africa,AGO,Lower middle income
Angola,2012,25177.394,61.26800155639648,34.87793447141865,59.10710906982422,-,Africa,AGO,Lower middle income
Angola,2013,26165.62,62.00199890136719,35.06642986809076,58.94025039672852,-,Africa,AGO,Lower middle income
Angola,2014,27160.769,62.73099899291992,35.25364203510982,58.7745246887207,-,Africa,AGO,Lower middle income
Angola,2015,28157.798,63.44599914550781,35.43726156343882,58.61198043823242,-,Africa,AGO,Lower middle income
Angola,2016,29183.07,64.14900207519531,35.61779610787405,58.45216369628906,-,Africa,AGO,Lower middle income
Angola,2017,30234.839,64.83899688720703,35.79499463444091,58.29530334472656,-,Africa,AGO,Lower middle income
Angola,2018,31297.155,65.51399993896484,35.96834031504397,58.14185333251953,-,Africa,AGO,Lower middle income
Angola,2019,32375.632,66.177001953125,36.13860269292377,57.99113464355469,-,Africa,AGO,Lower middle income
Angola,2020,33451.132,66.82500457763672,36.30501785826076,57.84381866455078,-,Africa,AGO,Lower middle income
Angola,2021,34532.429,67.45999908447266,36.46808873467941,,-,Africa,AGO,Lower middle income
Angola,2022,35635.029,68.08099365234375,36.62756686293776,,-,Africa,AGO,Lower middle income
Angola,2023,36749.906,68.68799591064453,36.78344969797337,,-,Africa,AGO,Lower middle income
Angola,2024,37885.849,69.28099822998047,36.93573730648314,,-,Africa,AGO,Lower middle income
Anguilla,2000,11.177,100.0,,,-,Americas,AIA,
Anguilla,2001,11.472,100.0,,,-,Americas,AIA,
Anguilla,2002,11.687,100.0,,,-,Americas,AIA,
Anguilla,2003,11.874,100.0,,,-,Americas,AIA,
Anguilla,2004,12.068,100.0,,,-,Americas,AIA,
Anguilla,2005,12.267,100.0,,,-,Americas,AIA,
Anguilla,2006,12.47,100.0,,,-,Americas,AIA,
Anguilla,2007,12.676,100.0,,,-,Americas,AIA,
Anguilla,2008,12.89,100.0,,,-,Americas,AIA,
Anguilla,2009,13.114,100.0,,,-,Americas,AIA,
Anguilla,2010,13.345,100.0,,,-,Americas,AIA,
Anguilla,2011,13.569,100.0,,,-,Americas,AIA,
Anguilla,2012,13.379,100.0,,,-,Americas,AIA,
Anguilla,2013,13.252,100.0,,,-,Americas,AIA,
Anguilla,2014,13.729,100.0,,,-,Americas,AIA,
Anguilla,2015,14.21,100.0,,,-,Americas,AIA,
Anguilla,2016,14.32,100.0,,,-,Americas,AIA,
Anguilla,2017,14.425,100.0,,,-,Americas,AIA,
Antigua and Barbuda,2007,81.704,28.001998901367188,,,-,Americas,ATG,High income
Antigua and Barbuda,2008,82.912,27.404998779296875,,,-,Americas,ATG,High income
Antigua and Barbuda,2009,84.173,26.81800079345703,,,-,Americas,ATG,High income
Antigua and Barbuda,2010,85.32,26.238000869750977,,,-,Americas,ATG,High income
Antigua and Barbuda,2011,86.332,25.703001022338867,,,-,Americas,ATG,High income
Antigua and Barbuda,2012,87.26,25.525999069213867,,,-,Americas,ATG,High income
Antigua and Barbuda,2013,88.064,25.35000228881836,,,-,Americas,ATG,High income
Antigua and Barbuda,2014,88.765,25.174999237060547,,,-,Americas,ATG,High income
Antigua and Barbuda,2015,89.409,25.0,,,-,Americas,ATG,High income
Antigua and Barbuda,2024,93.772,,,,-,Americas,ATG,High income
Armenia,2000,3125.628,64.66600036621094,83.2460089923933,4.249681949615479,39.5191510568016,Europe,ARM,Upper middle income
Armenia,2001,3084.349,64.38500213623047,83.81407019086538,4.300516128540039,41.57525668861113,Europe,ARM,Upper middle income
Armenia,2002,3055.63,64.23600006103516,84.42177494630283,4.341259479522705,43.57876171247149,Europe,ARM,Upper middle income
Armenia,2003,3038.968,64.13700103759766,85.04491945354718,4.378181457519531,45.60966728993721,Europe,ARM,Upper middle income
Armenia,2004,3022.541,64.03800201416016,85.6704388266759,4.415109634399414,47.64523808134199,Europe,ARM,Upper middle income
Armenia,2005,3006.351,63.93799591064453,86.29812991932087,4.452107906341553,49.68511643255504,Europe,ARM,Upper middle income
Armenia,2006,2990.377,63.8390007019043,86.92841726409529,4.489040851593018,51.73004280951503,Europe,ARM,Upper middle income
Armenia,2007,2974.819,63.7390022277832,87.5609011875586,4.5260443687438965,53.77932682479784,Europe,ARM,Upper middle income
Armenia,2008,2959.99,63.63999938964844,88.19595612840736,4.562981605529785,55.83360767216647,Europe,ARM,Upper middle income
Armenia,2009,2945.517,63.540000915527344,88.83323132434518,4.599991321563721,57.89229459498733,Europe,ARM,Upper middle income
Armenia,2010,2931.078,63.44000244140625,89.47290312506881,4.637009143829346,59.95569142589228,Europe,ARM,Upper middle income
Armenia,2011,2923.271,63.34000396728516,90.11497933833482,4.6740264892578125,62.02380302805363,Europe,ARM,Upper middle income
Armenia,2012,2922.528,63.23999786376953,90.75945915715596,4.7110443115234375,62.00190580404315,Europe,ARM,Upper middle income
Armenia,2013,2922.518,63.16400146484375,91.40914990568665,4.746227741241455,61.98526476682456,Europe,ARM,Upper middle income
Armenia,2014,2922.422,63.112003326416016,92.06318545618043,4.779576301574707,61.9738768396005,Europe,ARM,Upper middle income
Armenia,2015,2921.177,63.08500289916992,92.72079879053926,4.811007499694824,61.96796464478849,Europe,ARM,Upper middle income
Armenia,2016,2918.793,63.08199691772461,93.38100420606833,4.840601444244385,-,Europe,ARM,Upper middle income
Armenia,2017,2914.963,63.10300064086914,94.0429418259386,4.86835241317749,-,Europe,ARM,Upper middle income
Armenia,2018,2909.965,63.14899826049805,94.39591569859547,4.894189357757568,-,Europe,ARM,Upper middle income
Armenia,2019,2903.972,63.218997955322266,94.40049854877952,4.888819694519043,-,Europe,ARM,Upper middle income
Armenia,2020,2890.892,63.3129997253418,94.40665082041949,4.881610870361328,-,Europe,ARM,Upper middle income
Armenia,2021,2870.349,63.430999755859375,94.41436876122133,4.872566223144531,-,Europe,ARM,Upper middle income
Armenia,2022,2880.874,63.573001861572266,94.42366129192668,4.861677169799805,-,Europe,ARM,Upper middle income
Armenia,2023,2943.393,63.7390022277832,,,-,Europe,ARM,Upper middle income
Armenia,2024,2973.84,63.92899703979492,,,-,Europe,ARM,Upper middle income
Aruba,2000,88.761,46.71699905395508,,1.0,-,Americas,ABW,High income
Aruba,2001,90.305,46.3390007019043,,1.0,-,Americas,ABW,High income
Aruba,2002,91.379,45.97200012207031,,1.0,-,Americas,ABW,High income
Aruba,2003,92.31,45.60599899291992,,1.0,-,Americas,ABW,High income
Aruba,2004,93.213,45.2400016784668,,1.0,-,Americas,ABW,High income
Aruba,2005,94.23,44.875,,1.0,-,Americas,ABW,High income
Aruba,2006,95.392,44.5109977722168,,1.0,-,Americas,ABW,High income
Aruba,2007,96.587,44.14699935913086,,1.0,-,Americas,ABW,High income
Aruba,2008,97.805,43.78300094604492,,1.0,-,Americas,ABW,High income
Aruba,2009,99.025,43.42100143432617,,1.0,-,Americas,ABW,High income
Aruba,2010,100.114,43.05900192260742,,1.0,-,Americas,ABW,High income
Aruba,2011,100.981,42.93999862670898,,1.0,-,Americas,ABW,High income
Aruba,2012,101.763,42.95700073242188,,1.0,-,Americas,ABW,High income
Aruba,2013,102.558,42.98999786376953,98.60724308416717,1.0,-,Americas,ABW,High income
Aruba,2014,103.373,43.04100036621094,98.60724308416717,1.0,-,Americas,ABW,High income
Aruba,2015,104.184,43.108001708984375,98.60724308416717,1.0,-,Americas,ABW,High income
Aruba,2016,104.977,43.19199752807617,98.60724308416717,1.0,-,Americas,ABW,High income
Aruba,2017,105.731,43.292999267578125,98.60724308416717,1.0,-,Americas,ABW,High income
Aruba,2018,106.432,43.4109992980957,98.60724308416717,1.0,-,Americas,ABW,High income
Aruba,2019,107.076,43.54600143432617,98.60724308416717,1.0,-,Americas,ABW,High income
Aruba,2020,107.4,43.696998596191406,98.60724308416717,1.0,-,Americas,ABW,High income
Aruba,2021,107.558,43.86600112915039,98.60724308416717,1.0,-,Americas,ABW,High income
Aruba,2022,107.782,44.05199813842773,98.60724308416717,1.0,-,Americas,ABW,High income
Aruba,2023,107.939,44.253997802734375,98.60724308416717,1.0,-,Americas,ABW,High income
Aruba,2024,108.066,44.4739990234375,98.60724308416717,1.0,-,Americas,ABW,High income
Austria,2000,8012.928,60.2130012512207,,,-,Europe,AUT,High income
Austria,2001,8042.233,59.93400192260742,,,-,Europe,AUT,High income
Austria,2002,8081.636,59.65499877929688,,,-,Europe,AUT,High income
Austria,2003,8122.602,59.375,,,-,Europe,AUT,High income
Austria,2004,8173.491,59.09400177001953,,,-,Europe,AUT,High income
Austria,2005,8229.204,58.8129997253418,,,-,Europe,AUT,High income
Austria,2006,8269.898,58.53199768066406,,,-,Europe,AUT,High income
Austria,2007,8296.952,58.24900436401367,,,-,Europe,AUT,High income
Austria,2008,8323.253,57.96599960327149,,,-,Europe,AUT,High income
Austria,2009,8345.066,57.68300247192383,,,-,Europe,AUT,High income
Austria,2010,8365.092,57.39899826049805,,,-,Europe,AUT,High income
Austria,2011,8393.27,57.1150016784668,,,-,Europe,AUT,High income
Austria,2012,8431.601,57.147003173828125,,,-,Europe,AUT,High income
Austria,2013,8481.406,57.33600234985352,,,-,Europe,AUT,High income
Austria,2014,8547.817,57.525997161865234,,,-,Europe,AUT,High income
Austria,2015,8644.039,57.71500015258789,,,-,Europe,AUT,High income
Austria,2016,8737.915,57.90499877929688,,,-,Europe,AUT,High income
Austria,2017,8798.778,58.09400177001953,,,-,Europe,AUT,High income
Austria,2018,8841.65,58.297000885009766,,,-,Europe,AUT,High income
Austria,2019,8880.876,58.51499938964844,,,-,Europe,AUT,High income
Austria,2020,8921.405,58.74800109863281,,,-,Europe,AUT,High income
Austria,2021,8967.057,58.99500274658203,,,-,Europe,AUT,High income
Austria,2022,9064.677,59.25600051879883,,,-,Europe,AUT,High income
Austria,2023,9130.429,59.53000259399414,,,-,Europe,AUT,High income
Austria,2024,9120.813,59.81900024414063,,,-,Europe,AUT,High income
Azerbaijan,2007,8828.311,52.78999710083008,87.99324414744146,1.756198763847351,54.84895758849253,Europe,AZE,Upper middle income
Azerbaijan,2008,8942.638,52.9900016784668,88.00120895586082,1.7542858123779297,54.95302425144818,Europe,AZE,Upper middle income
Azerbaijan,2009,9046.336,53.18999862670898,88.0091697544135,1.7523770332336426,55.05708668124192,Europe,AZE,Upper middle income
Azerbaijan,2010,9146.851,53.40599822998047,88.01777140090222,1.750311255455017,55.16947726733665,Europe,AZE,Upper middle income
Azerbaijan,2011,9256.15,53.63699722290039,88.02697189094314,1.7481002807617188,55.28967271445547,Europe,AZE,Upper middle income
Azerbaijan,2012,9376.181,53.882999420166016,88.6449030938204,1.6472585201263428,57.17562778506427,Europe,AZE,Upper middle income
Azerbaijan,2013,9504.409,54.14500427246094,89.26219016218694,1.5470101833343506,59.05366471755955,Europe,AZE,Upper middle income
Azerbaijan,2014,9631.138,54.4219970703125,89.87867520164737,1.4474375247955322,60.92185626504838,Europe,AZE,Upper middle income
Azerbaijan,2015,9752.85,54.7140007019043,90.49426158229852,1.34859037399292,62.77882346198053,Europe,AZE,Upper middle income
Azerbaijan,2016,9868.428,55.02099990844727,91.10882337756792,1.2505500316619873,64.62315682607378,Europe,AZE,Upper middle income
Azerbaijan,2017,9968.51,55.34300231933594,91.72226122969232,1.1533690690994265,66.4534703793118,Europe,AZE,Upper middle income
Azerbaijan,2018,10039.784,55.68000030517578,92.33446453393157,1.0571120977401731,68.26836617304465,Europe,AZE,Upper middle income
Azerbaijan,2019,10110.475,56.03100204467773,92.94529494060994,1.0,70.06617339191892,Europe,AZE,Upper middle income
Azerbaijan,2020,10181.73,56.397003173828125,93.5546714331775,1.0,71.84583256386634,Europe,AZE,Upper middle income
Azerbaijan,2021,10234.371,56.7760009765625,94.16245557790263,1.0,73.60552993321986,Europe,AZE,Upper middle income
Azerbaijan,2022,10295.304,57.16999816894531,94.768575395562,1.0,75.34441364391493,Europe,AZE,Upper middle income
Azerbaijan,2023,10318.207,57.57700347900391,95.3728973922614,1.0,77.060790483557,Europe,AZE,Upper middle income
Azerbaijan,2024,10336.577,57.99700164794922,95.97533109566584,1.0,77.12305655311461,Europe,AZE,Upper middle income
Bahrain,2000,669.581,88.37200164794922,99.0,1.0,-,Eastern Mediterranean,BHR,High income
Bahrain,2001,699.956,88.36900329589844,99.0,1.0,-,Eastern Mediterranean,BHR,High income
Bahrain,2002,752.197,88.37300109863281,99.0,1.0,-,Eastern Mediterranean,BHR,High income
Bahrain,2003,811.276,88.38300323486328,99.0,1.0,-,Eastern Mediterranean,BHR,High income
Bahrain,2004,871.442,88.39900207519531,99.0,1.0,-,Eastern Mediterranean,BHR,High income
Bahrain,2005,932.604,88.4219970703125,99.0,1.0,-,Eastern Mediterranean,BHR,High income
Bahrain,2006,994.618,88.45199584960938,99.0,1.0,-,Eastern Mediterranean,BHR,High income
Bahrain,2007,1057.405,88.48799896240234,99.0,1.0,-,Eastern Mediterranean,BHR,High income
Bahrain,2008,1120.714,88.52999877929688,99.0,1.0,-,Eastern Mediterranean,BHR,High income
Bahrain,2009,1183.605,88.5790023803711,99.0,1.0,-,Eastern Mediterranean,BHR,High income
Bahrain,2010,1213.244,88.63400268554688,99.0,1.0,-,Eastern Mediterranean,BHR,High income
Bahrain,2011,1206.728,88.69499969482422,99.0,1.0,-,Eastern Mediterranean,BHR,High income
Bahrain,2012,1216.303,88.76199340820312,99.0,1.0,-,Eastern Mediterranean,BHR,High income
Bahrain,2013,1257.203,88.83499908447266,99.0,1.0,-,Eastern Mediterranean,BHR,High income
Bahrain,2014,1312.848,88.91500091552734,99.0,1.0,-,Eastern Mediterranean,BHR,High income
Bahrain,2015,1369.65,88.9990005493164,99.0,1.0,-,Eastern Mediterranean,BHR,High income
Bahrain,2016,1429.604,89.09000396728516,99.0,1.0,-,Eastern Mediterranean,BHR,High income
Bahrain,2017,1481.995,89.18600463867188,99.0,1.0,-,Eastern Mediterranean,BHR,High income
Bahrain,2018,1497.626,89.28700256347656,99.0,1.0,-,Eastern Mediterranean,BHR,High income
Bahrain,2019,1485.67,89.39399719238281,99.0,1.0,-,Eastern Mediterranean,BHR,High income
Bahrain,2020,1483.077,89.50599670410156,99.0,1.0,-,Eastern Mediterranean,BHR,High income
Bahrain,2021,1501.764,89.62200164794922,99.0,1.0,-,Eastern Mediterranean,BHR,High income
Bahrain,2022,1533.459,89.74300384521484,99.0,1.0,-,Eastern Mediterranean,BHR,High income
Bahrain,2023,1569.666,89.8689956665039,99.0,1.0,-,Eastern Mediterranean,BHR,High income
Bahrain,2024,1607.049,89.9990005493164,99.0,1.0,-,Eastern Mediterranean,BHR,High income
Bangladesh,2005,144715.786,26.809001922607425,20.36153480679309,10.332216262817385,-,South-East Asia,BGD,Lower middle income
Bangladesh,2006,146405.973,27.517000198364254,20.55203242982657,10.287982940673828,-,South-East Asia,BGD,Lower middle income
Bangladesh,2007,147989.278,28.23699951171875,20.74575894727596,10.243001937866213,-,South-East Asia,BGD,Lower middle income
Bangladesh,2008,149474.264,28.968000411987305,20.94244434351564,10.19733715057373,-,South-East Asia,BGD,Lower middle income
Bangladesh,2009,150873.714,29.708999633789062,21.14182010654968,10.151044845581056,-,South-East Asia,BGD,Lower middle income
Bangladesh,2010,152201.981,30.46199989318848,24.60902259821761,10.2422456741333,-,South-East Asia,BGD,Lower middle income
Bangladesh,2011,153591.076,31.224998474121094,28.06574186682592,10.333535194396973,-,South-East Asia,BGD,Lower middle income
Bangladesh,2012,155070.101,31.992998123168945,31.5104998338619,10.425243377685549,-,South-East Asia,BGD,Lower middle income
Bangladesh,2013,156532.141,32.762001037597656,34.94223210804874,10.517610549926758,-,South-East Asia,BGD,Lower middle income
Bangladesh,2014,157964.929,33.53499984741211,38.36159035373908,10.61045742034912,-,South-East Asia,BGD,Lower middle income
Bangladesh,2015,159383.179,34.30800247192383,41.76759924691694,10.704035758972168,-,South-East Asia,BGD,Lower middle income
Bangladesh,2016,160811.932,35.08300018310547,45.16067773828555,10.798219680786133,-,South-East Asia,BGD,Lower middle income
Bangladesh,2017,162186.147,35.85799789428711,48.54037430514233,10.893133163452148,-,South-East Asia,BGD,Lower middle income
Bangladesh,2018,163523.103,36.63199996948242,51.90649903814894,10.988831520080566,-,South-East Asia,BGD,Lower middle income
Bangladesh,2019,164913.055,37.40499877929688,55.25907309834769,11.085318565368652,-,South-East Asia,BGD,Lower middle income
Bangladesh,2020,166298.024,38.177001953125,58.59812550683874,11.182591438293455,-,South-East Asia,BGD,Lower middle income
Bangladesh,2021,167658.854,38.94599914550781,61.92335391701016,11.280755043029783,-,South-East Asia,BGD,Lower middle income
Bangladesh,2022,169384.897,39.71099853515625,65.23467455491993,11.379870414733888,-,South-East Asia,BGD,Lower middle income
Bangladesh,2023,171466.99,40.47299957275391,68.53234126340611,11.47987174987793,-,South-East Asia,BGD,Lower middle income
Bangladesh,2024,173562.364,41.22999954223633,71.81614904657339,11.58087158203125,-,South-East Asia,BGD,Lower middle income
Barbados,2008,272.714,32.25600051879883,88.46935060836856,9.17749309539795,-,Americas,BRB,High income
Barbados,2009,274.123,32.0629997253418,88.46935060836856,9.17749309539795,-,Americas,BRB,High income
Barbados,2010,275.243,31.86999893188477,88.46935060836856,9.17749309539795,-,Americas,BRB,High income
Barbados,2011,276.139,31.700000762939453,88.46935060836856,9.17749309539795,-,Americas,BRB,High income
Barbados,2012,276.938,31.55299949645996,88.46935060836856,9.17749309539795,-,Americas,BRB,High income
Barbados,2013,277.665,31.428998947143555,88.46935060836856,9.17749309539795,-,Americas,BRB,High income
Barbados,2014,278.348,31.327999114990234,88.46935060836856,9.17749309539795,-,Americas,BRB,High income
Barbados,2015,278.99,31.248998641967773,88.46935060836856,9.17749309539795,-,Americas,BRB,High income
Barbados,2016,279.598,31.19300079345703,88.46935060836856,9.17749309539795,-,Americas,BRB,High income
Barbados,2017,280.171,31.158998489379883,,,-,Americas,BRB,High income
Barbados,2018,280.711,31.14699935913086,,,-,Americas,BRB,High income
Barbados,2019,281.207,31.15800094604492,,,-,Americas,BRB,High income
Barbados,2020,281.698,31.19099998474121,,,-,Americas,BRB,High income
Barbados,2021,282.147,31.246000289916992,,,-,Americas,BRB,High income
Barbados,2022,282.318,31.323999404907227,,,-,Americas,BRB,High income
Barbados,2023,282.336,31.424999237060547,,,-,Americas,BRB,High income
Barbados,2024,282.467,31.54800033569336,,,-,Americas,BRB,High income
Belarus,2000,9991.313,69.9729995727539,,,70.46122278825219,Europe,BLR,Upper middle income
Belarus,2001,9938.065,70.45800018310547,,,71.43424429356527,Europe,BLR,Upper middle income
Belarus,2002,9873.45,70.93899536132812,,,72.37986428885667,Europe,BLR,Upper middle income
Belarus,2003,9803.176,71.41500091552734,,,73.31080287952237,Europe,BLR,Upper middle income
Belarus,2004,9735.091,71.88700103759766,,,74.23835062326042,Europe,BLR,Upper middle income
Belarus,2005,9667.838,72.35400390625,,,75.14234664075208,Europe,BLR,Upper middle income
Belarus,2006,9608.036,72.81600189208984,,,76.0310184912875,Europe,BLR,Upper middle income
Belarus,2007,9563.133,73.27299499511719,,,76.93461168709794,Europe,BLR,Upper middle income
Belarus,2008,9529.358,73.72599792480469,,,77.85442853234835,Europe,BLR,Upper middle income
Belarus,2009,9507.337,74.17200469970703,,,78.72898294357283,Europe,BLR,Upper middle income
Belarus,2010,9490.752,74.67200469970703,,,79.55826682244872,Europe,BLR,Upper middle income
Belarus,2011,9472.735,75.18799591064453,,,80.38583596772935,Europe,BLR,Upper middle income
Belarus,2012,9463.076,75.6969985961914,,,81.1789063652598,Europe,BLR,Upper middle income
Belarus,2013,9464.453,76.1989974975586,,,81.93795959840959,Europe,BLR,Upper middle income
Belarus,2014,9472.708,76.69300079345703,,,82.67086964807493,Europe,BLR,Upper middle income
Belarus,2015,9487.293,77.18099975585938,,,83.35669847565363,Europe,BLR,Upper middle income
Belarus,2016,9499.064,77.66100311279297,,,83.93316655209357,Europe,BLR,Upper middle income
Belarus,2017,9495.79,78.13400268554688,,,84.29373399590044,Europe,BLR,Upper middle income
Belarus,2018,9480.031,78.59500122070312,,,84.65663743669371,Europe,BLR,Upper middle income
Belarus,2019,9435.419,79.04399871826172,,,85.03560790964217,Europe,BLR,Upper middle income
Belarus,2020,9350.944,79.48300170898438,,,85.41171960848251,Europe,BLR,Upper middle income
Belarus,2021,9251.365,79.90999603271484,,,85.78271346966338,Europe,BLR,Upper middle income
Belarus,2022,9173.237,80.32600402832031,,,86.15029869598449,Europe,BLR,Upper middle income
Belarus,2023,9115.68,80.73099517822266,,,86.50894549639237,Europe,BLR,Upper middle income
Belarus,2024,9056.696,81.125,,,86.69373006111127,Europe,BLR,Upper middle income
Belgium,2000,10251.717,97.12899780273438,,,-,Europe,BEL,High income
Belgium,2001,10287.004,97.18599700927734,,,-,Europe,BEL,High income
Belgium,2002,10332.973,97.24100494384766,,,-,Europe,BEL,High income
Belgium,2003,10376.26,97.2959976196289,,,-,Europe,BEL,High income
Belgium,2004,10421.292,97.3499984741211,,,-,Europe,BEL,High income
Belgium,2005,10478.886,97.40299987792967,,,-,Europe,BEL,High income
Belgium,2006,10548.442,97.4540023803711,,,-,Europe,BEL,High income
Belgium,2007,10625.493,97.50499725341795,,,-,Europe,BEL,High income
Belgium,2008,10709.708,97.55500030517578,,,-,Europe,BEL,High income
Belgium,2009,10812.935,97.60299682617188,,,-,Europe,BEL,High income
Belgium,2010,10936.626,97.6510009765625,,,-,Europe,BEL,High income
Belgium,2011,11038.631,97.697998046875,,,-,Europe,BEL,High income
Belgium,2012,11107.518,97.74400329589844,,,-,Europe,BEL,High income
Belgium,2013,11160.276,97.78900146484376,,,-,Europe,BEL,High income
Belgium,2014,11210.119,97.83300018310548,,,-,Europe,BEL,High income
Belgium,2015,11275.335,97.8759994506836,,,-,Europe,BEL,High income
Belgium,2016,11332.701,97.91899871826172,,,-,Europe,BEL,High income
Belgium,2017,11376.581,97.96100616455078,,,-,Europe,BEL,High income
Belgium,2018,11428.605,98.0009994506836,,,-,Europe,BEL,High income
Belgium,2019,11490.618,98.04100036621094,,,-,Europe,BEL,High income
Belgium,2020,11540.107,98.0790023803711,,,-,Europe,BEL,High income
Belgium,2021,11570.844,98.11699676513672,,,-,Europe,BEL,High income
Belgium,2022,11641.82,98.15299987792967,,,-,Europe,BEL,High income
Belgium,2023,11712.893,98.18900299072266,,,-,Europe,BEL,High income
Belgium,2024,11738.763,98.2239990234375,,,-,Europe,BEL,High income
Belize,2005,279.731,45.3129997253418,81.67745517641426,18.04566764831543,-,Americas,BLZ,Upper middle income
Belize,2006,287.878,45.29600143432617,81.67837247116405,18.04485321044922,-,Americas,BLZ,Upper middle income
Belize,2007,296.1,45.27899932861328,81.67929533526348,18.044034957885746,-,Americas,BLZ,Upper middle income
Belize,2008,304.361,45.262001037597656,81.68021010822541,18.0432243347168,-,Americas,BLZ,Upper middle income
Belize,2009,312.614,45.244998931884766,81.68113029085481,18.042407989501957,-,Americas,BLZ,Upper middle income
Belize,2010,320.245,45.22800064086914,83.325539398043,15.901917457580566,-,Americas,BLZ,Upper middle income
Belize,2011,327.298,45.22800064086914,84.31832160489982,13.76223850250244,-,Americas,BLZ,Upper middle income
Belize,2012,334.414,45.24599838256836,85.16476612729203,11.6229829788208,-,Americas,BLZ,Upper middle income
Belize,2013,341.627,45.28200149536133,86.01119743497729,9.4837064743042,-,Americas,BLZ,Upper middle income
Belize,2014,348.923,45.334999084472656,86.8582645735377,7.343958377838135,-,Americas,BLZ,Upper middle income
Belize,2015,356.333,45.40599822998047,87.70655992255779,5.20332670211792,-,Americas,BLZ,Upper middle income
Belize,2016,364.705,45.494998931884766,88.55672727885292,3.061359643936157,-,Americas,BLZ,Upper middle income
Belize,2017,373.202,45.60100173950195,89.40937316360204,1.0,-,Americas,BLZ,Upper middle income
Belize,2018,380.226,45.7239990234375,90.26509507760996,1.0,-,Americas,BLZ,Upper middle income
Belize,2019,385.829,45.86600112915039,90.26999265741082,1.0,-,Americas,BLZ,Upper middle income
Belize,2020,390.812,46.02499771118164,90.27548179810036,1.0,-,Americas,BLZ,Upper middle income
Belize,2021,395.346,46.20100021362305,90.28156016665488,1.0,-,Americas,BLZ,Upper middle income
Belize,2022,402.733,46.39599990844727,90.2882901757885,1.0,-,Americas,BLZ,Upper middle income
Belize,2023,411.106,46.608001708984375,,1.0,-,Americas,BLZ,Upper middle income
Belize,2024,417.072,46.8380012512207,,1.0,-,Americas,BLZ,Upper middle income
Benin,2000,7221.619,38.33300018310547,2.200371595914977,,-,Africa,BEN,Lower middle income
Benin,2001,7445.596,38.650001525878906,2.380605516899019,,-,Africa,BEN,Lower middle income
Benin,2002,7675.426,39.0359992980957,2.56803652107656,,-,Africa,BEN,Lower middle income
Benin,2003,7913.07,39.5359992980957,3.014592569795321,,-,Africa,BEN,Lower middle income
Benin,2004,8159.094,40.03900146484375,3.484947785269565,,-,Africa,BEN,Lower middle income
Benin,2005,8426.144,40.542999267578125,3.955066603548329,,-,Africa,BEN,Lower middle income
Benin,2006,8693.242,41.04899978637695,4.425013418694102,,-,Africa,BEN,Lower middle income
Benin,2007,8953.969,41.55799865722656,4.89485076713783,,-,Africa,BEN,Lower middle income
Benin,2008,9228.466,42.06900024414063,5.364511439021773,,-,Africa,BEN,Lower middle income
Benin,2009,9509.423,42.57999801635742,5.83386605638273,,-,Africa,BEN,Lower middle income
Benin,2010,9797.484,43.09299850463867,6.303041800903009,,-,Africa,BEN,Lower middle income
Benin,2011,10093.623,43.608001708984375,6.772037181436878,,-,Africa,BEN,Lower middle income
Benin,2012,10397.657,44.125,7.240849866591501,63.36319351196289,-,Africa,BEN,Lower middle income
Benin,2013,10708.834,44.64200210571289,7.709352427253093,63.35858154296875,-,Africa,BEN,Lower middle income
Benin,2014,11030.004,45.16600036621094,8.177983178983741,63.35390853881836,-,Africa,BEN,Lower middle income
Benin,2015,11360.681,45.69499969482422,8.646611193637085,63.34919357299805,-,Africa,BEN,Lower middle income
Benin,2016,11697.842,46.229000091552734,9.115232374144728,63.34442901611328,-,Africa,BEN,Lower middle income
Benin,2017,12039.78,46.76800155639648,9.58384109866437,63.339622497558594,-,Africa,BEN,Lower middle income
Benin,2018,12383.347,47.3120002746582,10.05243392919864,63.334774017333984,-,Africa,BEN,Lower middle income
Benin,2019,12726.755,47.86100006103516,10.52100623422975,63.32987594604492,-,Africa,BEN,Lower middle income
Benin,2020,13070.169,48.415000915527344,10.98955308761377,63.32493591308594,-,Africa,BEN,Lower middle income
Benin,2021,13413.417,48.97200012207031,11.45794916031145,63.319969177246094,-,Africa,BEN,Lower middle income
Benin,2022,13759.501,49.53400039672852,11.92631221262218,63.31495666503906,-,Africa,BEN,Lower middle income
Benin,2023,14111.034,50.09999847412109,12.39457817605741,63.309906005859375,-,Africa,BEN,Lower middle income
Benin,2024,14462.724,50.66900253295898,12.86268352439956,63.304832458496094,-,Africa,BEN,Lower middle income
Bermuda,2000,61.55,100.0,,1.0,-,Americas,BMU,High income
Bermuda,2001,61.867,100.0,,1.0,-,Americas,BMU,High income
Bermuda,2002,62.142,100.0,,1.0,-,Americas,BMU,High income
Bermuda,2003,62.386,100.0,,1.0,-,Americas,BMU,High income
Bermuda,2004,62.555,100.0,,1.0,-,Americas,BMU,High income
Bermuda,2005,62.711,100.0,,1.0,-,Americas,BMU,High income
Bermuda,2006,62.834,100.0,,1.0,-,Americas,BMU,High income
Bermuda,2007,63.01,100.0,,1.0,-,Americas,BMU,High income
Bermuda,2008,63.3,100.0,,1.0,-,Americas,BMU,High income
Bermuda,2009,63.565,100.0,,1.0,-,Americas,BMU,High income
Bermuda,2010,63.725,100.0,,1.0,-,Americas,BMU,High income
Bermuda,2011,63.733,100.0,,1.0,-,Americas,BMU,High income
Bermuda,2012,63.646,100.0,,1.0,-,Americas,BMU,High income
Bermuda,2013,63.574,100.0,,1.0,-,Americas,BMU,High income
Bermuda,2014,63.529,100.0,,1.0,-,Americas,BMU,High income
Bermuda,2015,63.464,100.0,,1.0,-,Americas,BMU,High income
Bermuda,2016,63.449,100.0,,1.0,-,Americas,BMU,High income
Bermuda,2017,63.578,100.0,,1.0,-,Americas,BMU,High income
Bermuda,2018,63.831,100.0,,1.0,-,Americas,BMU,High income
Bermuda,2019,64.107,100.0,,1.0,-,Americas,BMU,High income
Bermuda,2020,64.382,100.0,,1.0,-,Americas,BMU,High income
Bermuda,2021,64.648,100.0,,1.0,-,Americas,BMU,High income
Bermuda,2022,64.749,100.0,,1.0,-,Americas,BMU,High income
Bermuda,2023,64.698,100.0,,1.0,-,Americas,BMU,High income
Bermuda,2024,64.636,100.0,,1.0,-,Americas,BMU,High income
Bhutan,2004,650.544,29.83500099182129,76.97309219586704,2.304499864578247,-,South-East Asia,BTN,Lower middle income
Bhutan,2005,661.865,30.96500015258789,77.1070312101559,2.279039144515991,-,South-East Asia,BTN,Lower middle income
Bhutan,2006,670.799,31.711997985839844,77.19557484258216,2.2622053623199463,-,South-East Asia,BTN,Lower middle income
Bhutan,2007,678.641,32.46900177001953,77.28530331075905,2.245147705078125,-,South-East Asia,BTN,Lower middle income
Bhutan,2008,686.351,33.23600006103516,77.37621760930007,2.227863311767578,-,South-East Asia,BTN,Lower middle income
Bhutan,2009,693.988,34.0099983215332,78.55228176912941,2.081381797790528,-,South-East Asia,BTN,Lower middle income
Bhutan,2010,701.632,34.79300308227539,79.71520686642933,1.9367258548736568,-,South-East Asia,BTN,Lower middle income
Bhutan,2011,709.377,35.58500289916992,80.8647482820293,1.7939295768737793,-,South-East Asia,BTN,Lower middle income
Bhutan,2012,717.279,36.37099838256836,81.9994244290103,1.6532922983169556,-,South-East Asia,BTN,Lower middle income
Bhutan,2013,725.273,37.14900207519531,83.11925747951058,1.5148168802261353,-,South-East Asia,BTN,Lower middle income
Bhutan,2014,733.139,37.91800308227539,84.22439540339636,1.378493309020996,-,South-East Asia,BTN,Lower middle income
Bhutan,2015,740.618,38.67799758911133,85.31508598053072,1.2442829608917236,-,South-East Asia,BTN,Lower middle income
Bhutan,2016,747.866,39.42799758911133,86.39152570540509,1.1121662855148315,-,South-East Asia,BTN,Lower middle income
Bhutan,2017,754.335,40.16699981689453,87.45395308437287,1.0,-,South-East Asia,BTN,Lower middle income
Bhutan,2018,759.759,40.89500045776367,88.50266456056764,1.0,-,South-East Asia,BTN,Lower middle income
Bhutan,2019,764.824,41.61199951171875,89.5379637981981,1.0,-,South-East Asia,BTN,Lower middle income
Bhutan,2020,770.006,42.31599807739258,90.56012882003242,1.0,-,South-East Asia,BTN,Lower middle income
Bhutan,2021,775.442,43.007999420166016,91.56951683668886,1.0,-,South-East Asia,BTN,Lower middle income
Bhutan,2022,780.914,43.68600082397461,92.56646209805054,1.0,-,South-East Asia,BTN,Lower middle income
Bhutan,2023,786.385,44.35000228881836,93.55135066465996,1.0,-,South-East Asia,BTN,Lower middle income
Bhutan,2024,791.524,45.0,94.5245680476586,1.0,-,South-East Asia,BTN,Lower middle income
Bolivia (Plurinational State of),2010,10182.345,66.43000030517578,26.67097263553186,59.559513092041016,-,Americas,BOL,Lower middle income
Bolivia (Plurinational State of),2011,10348.929,66.8740005493164,26.70290056712849,59.60913848876953,-,Americas,BOL,Lower middle income
Bolivia (Plurinational State of),2012,10515.807,67.31500244140625,26.73461118326737,59.65842819213867,-,Americas,BOL,Lower middle income
Bolivia (Plurinational State of),2013,10682.608,67.6989974975586,26.76222425123438,59.70134735107422,-,Americas,BOL,Lower middle income
Bolivia (Plurinational State of),2014,10848.888,68.0469970703125,26.7872483241023,59.7402458190918,-,Americas,BOL,Lower middle income
Bolivia (Plurinational State of),2015,11014.705,68.39299774169922,26.81212815884082,59.7789192199707,-,Americas,BOL,Lower middle income
Bolivia (Plurinational State of),2016,11180.02,68.73799896240234,26.8369363997571,59.81747817993164,-,Americas,BOL,Lower middle income
Bolivia (Plurinational State of),2017,11344.587,69.08000183105469,26.86152857644074,59.85570526123047,-,Americas,BOL,Lower middle income
Bolivia (Plurinational State of),2018,11508.368,69.42499542236328,26.88633719800874,59.894264221191406,-,Americas,BOL,Lower middle income
Bolivia (Plurinational State of),2019,11671.386,69.77300262451172,26.91136064665332,59.93316268920898,-,Americas,BOL,Lower middle income
Bolivia (Plurinational State of),2020,11816.299,70.12300109863281,26.93652856709695,59.97228240966797,-,Americas,BOL,Lower middle income
Bolivia (Plurinational State of),2021,11937.36,70.4749984741211,26.96184016281891,60.011627197265625,-,Americas,BOL,Lower middle income
Bolivia (Plurinational State of),2022,12077.154,70.83000183105469,26.98736720727524,60.05130386352539,-,Americas,BOL,Lower middle income
Bolivia (Plurinational State of),2023,12244.159,71.18599700927734,27.01296618315642,60.091094970703125,-,Americas,BOL,Lower middle income
Bolivia (Plurinational State of),2024,12413.315,71.54499816894531,27.03878210569058,60.13122177124024,-,Americas,BOL,Lower middle income
"Bonaire, Sint Eustasius and Saba",2000,14.233,74.9469985961914,,,-,Americas,BES,
"Bonaire, Sint Eustasius and Saba",2001,14.502,74.76900482177734,,,-,Americas,BES,
"Bonaire, Sint Eustasius and Saba",2002,15.005,74.76499938964844,,,-,Americas,BES,
"Bonaire, Sint Eustasius and Saba",2003,15.643,74.76200103759766,,,-,Americas,BES,
"Bonaire, Sint Eustasius and Saba",2004,16.303,74.75900268554688,,,-,Americas,BES,
"Bonaire, Sint Eustasius and Saba",2005,16.98,74.7550048828125,,,-,Americas,BES,
Bosnia and Herzegovina,2007,4013.424,44.60099792480469,,,-,Europe,BIH,Upper middle income
Bosnia and Herzegovina,2008,3947.544,44.92000198364258,97.19482685781551,1.225271701812744,-,Europe,BIH,Upper middle income
Bosnia and Herzegovina,2009,3879.794,45.23899841308594,97.20295861365962,1.2224608659744265,-,Europe,BIH,Upper middle income
Bosnia and Herzegovina,2010,3811.472,45.55799865722656,97.21108996440286,1.2196506261825562,-,Europe,BIH,Upper middle income
Bosnia and Herzegovina,2011,3741.798,45.87799835205078,97.21925170617772,1.2168264389038086,-,Europe,BIH,Upper middle income
Bosnia and Herzegovina,2012,3670.113,46.19900131225586,97.22743307669184,1.2139995098114014,-,Europe,BIH,Upper middle income
Bosnia and Herzegovina,2013,3610.859,46.51900100708008,97.23558965025092,1.211180567741394,-,Europe,BIH,Upper middle income
Bosnia and Herzegovina,2014,3564.829,46.84000015258789,97.24377170242822,1.2083529233932495,-,Europe,BIH,Upper middle income
Bosnia and Herzegovina,2015,3518.541,47.17300033569336,97.25225806510734,1.2054210901260376,-,Europe,BIH,Upper middle income
Bosnia and Herzegovina,2016,3473.003,47.51800155639648,97.26105369095175,1.2023801803588867,-,Europe,BIH,Upper middle income
Bosnia and Herzegovina,2017,3428.682,47.8759994506836,,,-,Europe,BIH,Upper middle income
Bosnia and Herzegovina,2018,3387.0,48.24500274658203,,,-,Europe,BIH,Upper middle income
Bosnia and Herzegovina,2019,3345.533,48.6259994506836,,,-,Europe,BIH,Upper middle income
Bosnia and Herzegovina,2020,3299.349,49.02000045776367,,,-,Europe,BIH,Upper middle income
Bosnia and Herzegovina,2021,3244.907,49.42499923706055,,,-,Europe,BIH,Upper middle income
Bosnia and Herzegovina,2022,3204.802,49.84099960327149,,,-,Europe,BIH,Upper middle income
Bosnia and Herzegovina,2023,3185.073,50.26900100708008,,,-,Europe,BIH,Upper middle income
Bosnia and Herzegovina,2024,3164.253,50.70800018310547,,,-,Europe,BIH,Upper middle income
British Virgin Islands,2006,24.493,43.516998291015625,,,-,Americas,VGB,High income
British Virgin Islands,2007,25.366,43.83100128173828,,,-,Americas,VGB,High income
British Virgin Islands,2008,26.288,44.152000427246094,,,-,Americas,VGB,High income
British Virgin Islands,2009,27.218,44.479000091552734,,,-,Americas,VGB,High income
British Virgin Islands,2010,27.675,44.81399917602539,,,-,Americas,VGB,High income
British Virgin Islands,2011,28.71,45.15399932861328,,,-,Americas,VGB,High income
British Virgin Islands,2012,30.345,45.50200271606445,,,-,Americas,VGB,High income
British Virgin Islands,2013,31.703,45.85599899291992,,,-,Americas,VGB,High income
British Virgin Islands,2014,32.962,46.21599960327149,,,-,Americas,VGB,High income
Bulgaria,2002,7861.943,69.52400207519531,,,-,Europe,BGR,High income
Bulgaria,2003,7804.409,69.87899780273438,,,-,Europe,BGR,High income
Bulgaria,2004,7749.43,70.23300170898438,,,-,Europe,BGR,High income
Bulgaria,2005,7695.05,70.58399963378906,,,-,Europe,BGR,High income
Bulgaria,2006,7640.294,70.93199920654297,,,-,Europe,BGR,High income
Bulgaria,2007,7586.888,71.27799987792969,,,-,Europe,BGR,High income
Bulgaria,2008,7535.592,71.62200164794922,,,-,Europe,BGR,High income
Bulgaria,2009,7488.011,71.96299743652344,,,-,Europe,BGR,High income
Bulgaria,2010,7437.599,72.302001953125,,,-,Europe,BGR,High income
Bulgaria,2011,7380.025,72.63800048828125,,,-,Europe,BGR,High income
Bulgaria,2012,7317.014,72.9749984741211,,,-,Europe,BGR,High income
Bulgaria,2013,7264.6,73.31299591064453,,,-,Europe,BGR,High income
Bulgaria,2014,7223.449,73.6510009765625,,,-,Europe,BGR,High income
Bulgaria,2015,7177.517,73.98999786376953,,,-,Europe,BGR,High income
Bulgaria,2016,7127.434,74.3290023803711,,,-,Europe,BGR,High income
Bulgaria,2017,7075.636,74.66899871826172,,,-,Europe,BGR,High income
Bulgaria,2018,7024.745,75.00799560546875,,,-,Europe,BGR,High income
Bulgaria,2019,6975.469,75.34700012207031,,,-,Europe,BGR,High income
Bulgaria,2020,6933.652,75.68600463867188,,,-,Europe,BGR,High income
Bulgaria,2021,6877.225,76.02499389648438,,,-,Europe,BGR,High income
Bulgaria,2022,6825.864,76.36299896240234,,,-,Europe,BGR,High income
Bulgaria,2023,6795.803,76.70099639892578,,,-,Europe,BGR,High income
Bulgaria,2024,6757.689,77.03700256347656,,,-,Europe,BGR,High income
Burkina Faso,2000,11925.546,17.8439998626709,2.880185608912289,15.45607566833496,-,Africa,BFA,Low income
Burkina Faso,2001,12295.001,18.53999900817871,2.992526439156531,15.439001083374023,-,Africa,BFA,Low income
Burkina Faso,2002,12680.897,19.257999420166016,3.27782629207946,16.59023666381836,-,Africa,BFA,Low income
Burkina Faso,2003,13082.532,19.99599838256836,3.579338023240625,17.736303329467773,-,Africa,BFA,Low income
Burkina Faso,2004,13500.533,20.756999969482425,3.898153735524531,18.87690544128418,-,Africa,BFA,Low income
Burkina Faso,2005,13932.123,21.53700065612793,4.754773190272847,20.01198005676269,-,Africa,BFA,Low income
Burkina Faso,2006,14373.707,22.339000701904297,5.985436499206598,21.141218185424805,-,Africa,BFA,Low income
Burkina Faso,2007,14816.307,22.996000289916992,7.185194711722599,22.27168655395508,-,Africa,BFA,Low income
Burkina Faso,2008,15258.093,23.53400039672852,8.359899555771173,23.40355682373047,-,Africa,BFA,Low income
Burkina Faso,2009,15710.066,24.078998565673828,9.53311050617815,24.531661987304688,-,Africa,BFA,Low income
Burkina Faso,2010,16176.498,24.632999420166016,10.70512799659452,25.65583610534668,-,Africa,BFA,Low income
Burkina Faso,2011,16661.908,25.196001052856445,11.87588313277229,26.775991439819336,-,Africa,BFA,Low income
Burkina Faso,2012,17172.287,25.766998291015625,13.04513413017983,27.89210319519043,-,Africa,BFA,Low income
Burkina Faso,2013,17695.409,26.34600067138672,14.21282135655003,29.004093170166016,-,Africa,BFA,Low income
Burkina Faso,2014,18229.461,26.93400001525879,15.37904886225236,30.111818313598636,-,Africa,BFA,Low income
Burkina Faso,2015,18777.487,27.529998779296875,16.54358212352753,31.21526908874512,-,Africa,BFA,Low income
Burkina Faso,2016,19334.856,28.13400077819824,17.70636240876966,32.31436538696289,-,Africa,BFA,Low income
Burkina Faso,2017,19894.407,28.742998123168945,18.86684867984827,33.40925216674805,-,Africa,BFA,Low income
Burkina Faso,2018,20438.288,29.357999801635746,20.02516011798036,34.49980926513672,-,Africa,BFA,Low income
Burkina Faso,2019,20961.952,29.98000144958496,21.18140485524971,35.585899353027344,-,Africa,BFA,Low income
Burkina Faso,2020,21478.69,30.60700035095215,22.33522430490524,36.66762161254883,-,Africa,BFA,Low income
Burkina Faso,2021,21995.243,31.2400016784668,23.48673187274681,37.74484252929688,-,Africa,BFA,Low income
Burkina Faso,2022,22509.038,31.876998901367188,24.63558717195854,38.81768035888672,-,Africa,BFA,Low income
Burkina Faso,2023,23025.776,32.52000045776367,25.78204660707092,39.88592147827149,-,Africa,BFA,Low income
Burkina Faso,2024,23548.781,33.16600036621094,25.8750194654032,40.94979095458984,-,Africa,BFA,Low income
Burundi,2004,7310.656,9.138999938964844,5.874839874235566,8.187793731689453,-,Africa,BDI,Low income
Burundi,2005,7587.299,9.375,5.923064942232903,8.184271812438965,-,Africa,BDI,Low income
Burundi,2006,7865.547,9.616999626159668,5.972516164838702,8.180662155151367,-,Africa,BDI,Low income
Burundi,2007,8161.874,9.86400032043457,6.022989050663789,8.176976203918457,-,Africa,BDI,Low income
Burundi,2008,8505.637,10.118000030517578,6.074892273741549,8.173185348510742,-,Africa,BDI,Low income
Burundi,2009,8947.646,10.375999450683594,6.087436728937203,7.407612323760986,-,Africa,BDI,Low income
Burundi,2010,9376.444,10.642000198364258,6.099128507637521,6.642350196838379,-,Africa,BDI,Low income
Burundi,2011,9717.978,10.914999961853027,6.109665122701261,5.877422332763672,-,Africa,BDI,Low income
Burundi,2012,10071.028,11.193999290466309,6.118762367407583,5.1128692626953125,-,Africa,BDI,Low income
Burundi,2013,10439.341,11.482000350952148,6.12687993608206,4.348654270172119,-,Africa,BDI,Low income
Burundi,2014,10799.785,11.776000022888184,6.133361378123652,3.5848560333251958,-,Africa,BDI,Low income
Burundi,2015,11047.58,12.07800006866455,6.138466528281405,2.821449041366577,-,Africa,BDI,Low income
Burundi,2016,11239.451,12.387999534606934,6.142083240953563,2.0584585666656494,-,Africa,BDI,Low income
Burundi,2017,11506.762,12.705999374389648,6.144099425649221,1.295899748802185,-,Africa,BDI,Low income
Burundi,2018,11859.446,13.031999588012695,6.144402105704772,1.0,-,Africa,BDI,Low income
Burundi,2019,12255.336,13.366000175476074,6.142879981879037,1.0,-,Africa,BDI,Low income
Burundi,2020,12617.036,13.708000183105469,6.195175743978188,1.0,-,Africa,BDI,Low income
Burundi,2021,12965.481,14.05799961090088,6.24869447577833,1.0,-,Africa,BDI,Low income
Burundi,2022,13321.097,14.416999816894531,6.303589741183877,1.0,-,Africa,BDI,Low income
Burundi,2023,13689.45,14.7839994430542,6.359707839002242,1.0,-,Africa,BDI,Low income
Burundi,2024,14047.786,15.15999984741211,,1.0,-,Africa,BDI,Low income
Cabo Verde,2012,511.955,62.82099914550781,,,40.96100101492742,Africa,CPV,Lower middle income
Cabo Verde,2013,512.225,63.31700134277344,,,41.06491089016134,Africa,CPV,Lower middle income
Cabo Verde,2014,512.326,63.810001373291016,,,41.16819445472592,Africa,CPV,Lower middle income
Cabo Verde,2015,512.394,64.30000305175781,,,41.27085142587113,Africa,CPV,Lower middle income
Cabo Verde,2016,512.554,64.78400421142578,,,41.37224992331506,Africa,CPV,Lower middle income
Cabo Verde,2017,512.893,65.26100158691406,,,41.47218125053351,Africa,CPV,Lower middle income
Cabo Verde,2018,513.415,65.73200225830078,,,41.57085521793066,Africa,CPV,Lower middle income
Cabo Verde,2019,514.104,66.19499969482422,60.12156110843925,7.35518741607666,41.6678512303982,Africa,CPV,Lower middle income
Cabo Verde,2020,514.679,66.6520004272461,60.27637304354487,7.301715850830078,41.7635943180545,Africa,CPV,Lower middle income
Cabo Verde,2021,516.649,67.10199737548828,60.42880974027222,7.24906587600708,41.85786835066067,Africa,CPV,Lower middle income
Cabo Verde,2022,519.741,67.54500579833984,60.57888028422407,7.197232246398926,41.95067912304556,Africa,CPV,Lower middle income
Cabo Verde,2023,522.331,67.98200225830078,60.72691324557967,7.146104335784912,42.0422296360401,Africa,CPV,Lower middle income
Cabo Verde,2024,524.877,68.41200256347656,60.87257577533674,7.09579610824585,42.13231410872698,Africa,CPV,Lower middle income
Cambodia,2008,14053.479,19.571001052856445,60.63044723320951,25.66196060180664,-,Western Pacific,KHM,Lower middle income
Cambodia,2009,14276.81,19.93000030517578,60.74774316051509,25.581531524658203,-,Western Pacific,KHM,Lower middle income
Cambodia,2010,14500.726,20.29400062561035,60.86667116078034,25.499982833862305,-,Western Pacific,KHM,Lower middle income
Cambodia,2011,14722.584,20.663000106811523,60.98723493973314,25.417312622070312,-,Western Pacific,KHM,Lower middle income
Cambodia,2012,14945.085,21.03700065612793,61.10943375574426,25.333518981933597,-,Western Pacific,KHM,Lower middle income
Cambodia,2013,15170.208,21.41499900817871,63.37891283627451,23.53628921508789,-,Western Pacific,KHM,Lower middle income
Cambodia,2014,15396.772,21.798999786376957,65.63185484314586,21.751806259155277,-,Western Pacific,KHM,Lower middle income
Cambodia,2015,15623.251,22.1879997253418,67.86756649407002,19.980573654174805,-,Western Pacific,KHM,Lower middle income
Cambodia,2016,15852.803,22.582000732421875,70.08568966163585,18.222864151000977,-,Western Pacific,KHM,Lower middle income
Cambodia,2017,16073.372,22.979999542236328,72.28565320116763,16.479089736938477,-,Western Pacific,KHM,Lower middle income
Cambodia,2018,16274.522,23.38800048828125,74.4682665408428,14.748779296875,-,Western Pacific,KHM,Lower middle income
Cambodia,2019,16481.304,23.80500030517578,76.63264173919875,13.032588958740234,91.08506486136847,Western Pacific,KHM,Lower middle income
Cambodia,2020,16725.474,24.23200035095215,78.77826443669927,11.330933570861816,91.12372367218907,Western Pacific,KHM,Lower middle income
Cambodia,2021,16974.305,24.66800117492676,80.90430629216162,9.644418716430664,91.16320068521802,Western Pacific,KHM,Lower middle income
Cambodia,2022,17201.724,25.11400032043457,83.01019945829124,7.973502159118652,91.2035825187669,Western Pacific,KHM,Lower middle income
Cambodia,2023,17423.88,25.56999969482422,85.09522325394465,6.318732738494873,91.24487136362364,Western Pacific,KHM,Lower middle income
Cambodia,2024,17638.801,26.03499984741211,87.15861416152723,4.680667877197266,91.286973236207,Western Pacific,KHM,Lower middle income
Cameroon,2013,21402.376,53.37299728393555,36.80374454117284,20.08442687988281,-,Africa,CMR,Lower middle income
Cameroon,2014,22059.893,53.97599792480469,36.895695045944,20.087337493896484,-,Africa,CMR,Lower middle income
Cameroon,2015,22763.414,54.57799911499024,36.98749165861388,20.09024810791016,-,Africa,CMR,Lower middle income
Cameroon,2016,23454.161,55.17900085449219,37.07913608547557,20.093151092529297,-,Africa,CMR,Lower middle income
Cameroon,2017,24128.601,55.777000427246094,37.17032265646262,20.096040725708008,-,Africa,CMR,Lower middle income
Cameroon,2018,24806.383,56.374000549316406,37.26135757571036,20.09892463684082,-,Africa,CMR,Lower middle income
Cameroon,2019,25506.095,56.96799850463867,37.35193409186231,20.10179328918457,-,Africa,CMR,Lower middle income
Cameroon,2020,26210.558,57.560001373291016,37.44220695364062,20.10465431213379,-,Africa,CMR,Lower middle income
Cameroon,2021,26915.758,58.14800262451172,37.53186937210246,20.107494354248047,-,Africa,CMR,Lower middle income
Cameroon,2022,27632.771,58.73299789428711,37.62107309263423,20.110321044921875,-,Africa,CMR,Lower middle income
Cameroon,2023,28372.687,59.31500244140625,37.70982107669914,20.11313247680664,-,Africa,CMR,Lower middle income
Cameroon,2024,29123.744,59.891998291015625,37.79780643338601,20.115917205810547,-,Africa,CMR,Lower middle income
Canada,2000,30891.803,79.4780044555664,,,-,Americas,CAN,High income
Canada,2001,31213.577,79.80999755859375,,,-,Americas,CAN,High income
Canada,2002,31535.577,79.88800048828125,,,-,Americas,CAN,High income
Canada,2003,31836.482,79.96699523925781,,,-,Americas,CAN,High income
Canada,2004,32132.678,80.04500579833984,,,-,Americas,CAN,High income
Canada,2005,32440.173,80.12200164794922,,,-,Americas,CAN,High income
Canada,2006,32759.171,80.21299743652344,,,-,Americas,CAN,High income
Canada,2007,33092.171,80.39600372314453,,,-,Americas,CAN,High income
Canada,2008,33449.085,80.5780029296875,,,-,Americas,CAN,High income
Canada,2009,33826.37,80.75799560546875,,,-,Americas,CAN,High income
Canada,2010,34196.899,80.93699645996094,,,-,Americas,CAN,High income
Canada,2011,34555.452,81.09600067138672,,,-,Americas,CAN,High income
Canada,2012,34922.516,81.13700103759766,,,-,Americas,CAN,High income
Canada,2013,35293.433,81.17799377441406,,,-,Americas,CAN,High income
Canada,2014,35634.264,81.2179946899414,,,-,Americas,CAN,High income
Canada,2015,35962.234,81.25900268554688,,,-,Americas,CAN,High income
Canada,2016,36353.343,81.30000305175781,,,-,Americas,CAN,High income
Canada,2017,36808.497,81.3499984741211,,,-,Americas,CAN,High income
Canada,2018,37295.005,81.41099548339844,,,-,Americas,CAN,High income
Canada,2019,37782.935,81.48200225830078,,,-,Americas,CAN,High income
Canada,2020,38171.902,81.56200408935547,,,-,Americas,CAN,High income
Canada,2021,38454.057,81.65299987792969,,,-,Americas,CAN,High income
Canada,2022,38821.259,81.75199890136719,,,-,Americas,CAN,High income
Canada,2023,39299.105,81.86199951171875,,,-,Americas,CAN,High income
Canada,2024,39742.43,81.9800033569336,,,-,Americas,CAN,High income
Cayman Islands,2000,39.674,100.0,,,-,Americas,CYM,High income
Cayman Islands,2001,41.089,100.0,,,-,Americas,CYM,High income
Cayman Islands,2002,42.514,100.0,,,-,Americas,CYM,High income
Cayman Islands,2003,43.934,100.0,,,-,Americas,CYM,High income
Cayman Islands,2004,45.352,100.0,,,-,Americas,CYM,High income
Cayman Islands,2005,46.788,100.0,,,-,Americas,CYM,High income
Cayman Islands,2006,48.232,100.0,,,-,Americas,CYM,High income
Cayman Islands,2007,49.687,100.0,,,-,Americas,CYM,High income
Cayman Islands,2008,51.151,100.0,,,-,Americas,CYM,High income
Cayman Islands,2009,52.618,100.0,,,-,Americas,CYM,High income
Cayman Islands,2010,54.099,100.0,,,-,Americas,CYM,High income
Cayman Islands,2011,55.606,100.0,,,-,Americas,CYM,High income
Cayman Islands,2012,57.136,100.0,,,-,Americas,CYM,High income
Cayman Islands,2013,58.655,100.0,,,-,Americas,CYM,High income
Cayman Islands,2014,60.16,100.0,,,-,Americas,CYM,High income
Cayman Islands,2015,61.642,100.0,,,-,Americas,CYM,High income
Cayman Islands,2016,63.1,100.0,,,-,Americas,CYM,High income
Cayman Islands,2017,64.535,100.0,,,-,Americas,CYM,High income
Cayman Islands,2018,65.941,100.0,,,-,Americas,CYM,High income
Cayman Islands,2019,67.327,100.0,,,-,Americas,CYM,High income
Cayman Islands,2020,68.684,100.0,,,-,Americas,CYM,High income
Cayman Islands,2021,70.108,100.0,,,-,Americas,CYM,High income
Cayman Islands,2022,71.591,100.0,,,-,Americas,CYM,High income
Cayman Islands,2023,73.038,100.0,,,-,Americas,CYM,High income
Cayman Islands,2024,74.457,100.0,,,-,Americas,CYM,High income
Central African Republic,2004,4192.826,37.96599960327149,15.76922857167989,80.9915542602539,-,Africa,CAF,Low income
Central African Republic,2005,4288.81,38.06900024414063,15.77616009587235,80.98181915283203,-,Africa,CAF,Low income
Central African Republic,2006,4377.579,38.19300079345703,15.78450512766275,80.97010040283203,-,Africa,CAF,Low income
Central African Republic,2007,4462.77,38.3390007019043,15.794330232346,80.95630645751953,-,Africa,CAF,Low income
Central African Republic,2008,4558.984,38.50600051879883,15.80556825651185,80.94052124023438,-,Africa,CAF,Low income
Central African Republic,2009,4529.047,38.69400024414063,16.22797290284494,79.49552154541016,-,Africa,CAF,Low income
Central African Republic,2010,4492.995,38.90399932861328,16.65721148493346,78.0439224243164,-,Africa,CAF,Low income
Central African Republic,2011,4565.021,39.1349983215332,17.09402188335346,76.58513641357422,-,Africa,CAF,Low income
Central African Republic,2012,4610.848,39.38800048828125,17.53932441055665,75.11835479736328,-,Africa,CAF,Low income
Central African Republic,2013,4642.419,39.66299819946289,17.99396148702128,73.64286041259766,-,Africa,CAF,Low income
Central African Republic,2014,4623.182,39.95899963378906,18.45862913965964,72.1581039428711,-,Africa,CAF,Low income
Central African Republic,2015,4629.32,40.277000427246094,18.93428993655331,70.6632308959961,-,Africa,CAF,Low income
Central African Republic,2016,4713.663,40.61800003051758,19.4219512093314,69.15736389160156,-,Africa,CAF,Low income
Central African Republic,2017,4793.511,40.97999954223633,19.92213056860403,67.64012908935547,-,Africa,CAF,Low income
Central African Republic,2018,4878.657,41.36399841308594,20.43582690150029,66.11064910888672,-,Africa,CAF,Low income
Central African Republic,2019,4944.703,41.77000045776367,20.96387847400532,64.56822967529297,-,Africa,CAF,Low income
Central African Republic,2020,5026.628,42.197998046875,21.50713018483449,63.01213455200195,-,Africa,CAF,Low income
Central African Republic,2021,5112.1,42.64799880981445,22.06642230056017,61.44166946411133,-,Africa,CAF,Low income
Central African Republic,2022,5098.039,43.119998931884766,22.17641442767579,61.33100128173828,-,Africa,CAF,Low income
Central African Republic,2023,5152.421,43.61399841308594,22.29153451016939,61.21517562866211,-,Africa,CAF,Low income
Central African Republic,2024,5330.69,44.130001068115234,22.41178070956667,61.09419250488281,-,Africa,CAF,Low income
Chad,2004,9920.036,21.768001556396484,14.65938799729796,64.88867950439453,-,Africa,TCD,Low income
Chad,2005,10328.092,21.80099868774414,14.67012697843841,64.88054656982422,-,Africa,TCD,Low income
Chad,2006,10706.424,21.833999633789062,14.68086717404241,64.8724136352539,-,Africa,TCD,Low income
Chad,2007,11081.66,21.868000030517575,14.6919323541218,64.8640365600586,-,Africa,TCD,Low income
Chad,2008,11476.296,21.900999069213867,14.70267224377567,64.85590362548828,-,Africa,TCD,Low income
Chad,2009,11893.754,21.93400001525879,15.58003223228952,63.14455795288086,-,Africa,TCD,Low income
Chad,2010,12312.575,21.98500061035156,16.46151120485892,61.43001937866211,-,Africa,TCD,Low income
Chad,2011,12754.997,22.054000854492188,17.34618819388207,59.71294403076172,-,Africa,TCD,Low income
Chad,2012,13210.998,22.142000198364254,18.23340007661724,57.993797302246094,-,Africa,TCD,Low income
Chad,2013,13691.079,22.24799919128418,19.12193554185786,56.2734489440918,-,Africa,TCD,Low income
Chad,2014,14188.678,22.371999740600582,20.0108724950082,54.55257034301758,-,Africa,TCD,Low income
Chad,2015,14647.621,22.51500129699707,20.89949760269178,52.83164596557617,-,Africa,TCD,Low income
Chad,2016,15114.655,22.677000045776367,21.78683828136723,51.11137771606445,-,Africa,TCD,Low income
Chad,2017,15622.759,22.857999801635746,22.67192371562846,49.3924560546875,-,Africa,TCD,Low income
Chad,2018,16156.531,23.05900001525879,23.55393458912046,47.67546081542969,-,Africa,TCD,Low income
Chad,2019,16685.223,23.27899932861328,24.43171338148292,45.961219787597656,-,Africa,TCD,Low income
Chad,2020,17224.679,23.520000457763672,25.30452800447435,44.25023651123047,-,Africa,TCD,Low income
Chad,2021,17828.273,23.7810001373291,26.17120009988353,42.543365478515625,-,Africa,TCD,Low income
Chad,2022,18455.316,24.0629997253418,26.20047328297027,42.51853561401367,-,Africa,TCD,Low income
Chad,2023,19319.064,24.36600112915039,26.23192701685435,42.49185562133789,-,Africa,TCD,Low income
Chad,2024,20299.123,24.69099998474121,26.26566341161367,42.46323776245117,-,Africa,TCD,Low income
China,2000,1291914.0450000002,35.87700271606445,,1.0,-,Western Pacific,CHN,Upper middle income
China,2001,1301171.32,37.09299850463867,,1.0,-,Western Pacific,CHN,Upper middle income
China,2002,1309433.74,38.42499923706055,,1.0,-,Western Pacific,CHN,Upper middle income
China,2003,1317181.451,39.7760009765625,,1.0,-,Western Pacific,CHN,Upper middle income
China,2004,1324845.7470000002,41.14400100708008,,1.0,-,Western Pacific,CHN,Upper middle income
China,2005,1332852.067,42.522003173828125,,1.0,-,Western Pacific,CHN,Upper middle income
China,2006,1340968.6700000002,43.86800003051758,,1.0,-,Western Pacific,CHN,Upper middle income
China,2007,1348820.506,45.19900131225586,,1.0,-,Western Pacific,CHN,Upper middle income
China,2008,1356907.2550000001,46.53900146484375,,1.0,-,Western Pacific,CHN,Upper middle income
China,2009,1365687.077,47.880001068115234,,1.0,-,Western Pacific,CHN,Upper middle income
China,2010,1374785.563,49.22600173950195,,1.0,-,Western Pacific,CHN,Upper middle income
China,2011,1383523.7400000002,50.51100158691406,,1.0,-,Western Pacific,CHN,Upper middle income
China,2012,1392866.825,51.76499938964844,,1.0,-,Western Pacific,CHN,Upper middle income
China,2013,1402424.915,53.01300430297852,,1.0,-,Western Pacific,CHN,Upper middle income
China,2014,1411424.7880000002,54.25900268554688,,1.0,-,Western Pacific,CHN,Upper middle income
China,2015,1419663.428,55.5,,1.0,-,Western Pacific,CHN,Upper middle income
China,2016,1427638.775,56.73600006103516,,1.0,-,Western Pacific,CHN,Upper middle income
China,2017,1435987.675,57.959999084472656,97.03880079002072,1.0,-,Western Pacific,CHN,Upper middle income
China,2018,1442668.261,59.152000427246094,97.07455926348962,1.0,-,Western Pacific,CHN,Upper middle income
China,2019,1447194.495,60.30799865722656,97.1092402130786,1.0,-,Western Pacific,CHN,Upper middle income
China,2020,1449769.5520000001,61.42799758911133,97.14284068420687,1.0,-,Western Pacific,CHN,Upper middle income
China,2021,1449995.6,62.51199722290039,97.17536164420083,1.0,-,Western Pacific,CHN,Upper middle income
China,2022,1448599.68,63.55999755859375,97.20680045383553,1.0,-,Western Pacific,CHN,Upper middle income
China,2023,1445902.078,64.56999969482422,97.23709890729542,1.0,-,Western Pacific,CHN,Upper middle income
China,2024,1442535.24,65.54399871826172,97.26631849692284,1.0,-,Western Pacific,CHN,Upper middle income
Colombia,2011,45259.614,78.33499908447266,68.46892762782751,27.47621726989746,-,Americas,COL,Upper middle income
Colombia,2012,45715.81,78.70100402832031,68.63490405670558,27.31330299377441,-,Americas,COL,Upper middle income
Colombia,2013,46151.584,79.06100463867188,68.79815834123909,27.153060913085938,-,Americas,COL,Upper middle income
Colombia,2014,46565.429,79.41500091552734,68.95868307306097,26.99549865722656,-,Americas,COL,Upper middle income
Colombia,2015,46969.94,79.76399993896484,69.11695299361064,26.840147018432617,-,Americas,COL,Upper middle income
Colombia,2016,47437.512,80.10800170898438,69.27294653236821,26.68703269958496,-,Americas,COL,Upper middle income
Colombia,2017,48131.078,80.44599914550781,69.42622259189613,26.536584854125977,-,Americas,COL,Upper middle income
Colombia,2018,49024.465,80.77799987792969,69.57677863279567,26.388805389404297,-,Americas,COL,Upper middle income
Colombia,2019,49907.985,81.10399627685547,69.72460862865229,26.24370384216309,-,Americas,COL,Upper middle income
Colombia,2020,50629.997,81.42500305175781,69.87017908812248,26.100818634033203,-,Americas,COL,Upper middle income
Colombia,2021,51188.173,81.73999786376953,70.0130203964746,25.960613250732425,-,Americas,COL,Upper middle income
Colombia,2022,51737.944,82.05000305175781,70.15360150831677,25.82262420654297,-,Americas,COL,Upper middle income
Colombia,2023,52321.152,82.35399627685547,70.29145388013795,25.68731689453125,-,Americas,COL,Upper middle income
Colombia,2024,52886.363,82.6520004272461,70.42659278826855,25.554670333862305,-,Americas,COL,Upper middle income
Comoros,2006,604.753,27.862998962402344,12.3800657469673,51.92226791381836,-,Africa,COM,Lower middle income
Comoros,2007,616.927,27.867000579833984,12.38015921236633,51.921688079833984,-,Africa,COM,Lower middle income
Comoros,2008,629.307,27.88599967956543,12.38060364630831,51.91892623901367,-,Africa,COM,Lower middle income
Comoros,2009,641.947,27.92099952697754,12.38142159897776,51.91383743286133,-,Africa,COM,Lower middle income
Comoros,2010,654.836,27.972999572753903,12.38263676424069,51.906280517578125,-,Africa,COM,Lower middle income
Comoros,2011,668.056,28.040000915527344,13.96955698617848,50.464820861816406,-,Africa,COM,Lower middle income
Comoros,2012,681.63,28.12300109863281,15.55758063316332,49.02301788330078,-,Africa,COM,Lower middle income
Comoros,2013,696.192,28.222999572753903,17.14695631645902,47.581329345703125,-,Africa,COM,Lower middle income
Comoros,2014,711.503,28.33799934387207,18.73782469204852,46.140567779541016,-,Africa,COM,Lower middle income
Comoros,2015,726.682,28.470001220703125,20.33047582322702,44.70109558105469,-,Africa,COM,Lower middle income
Comoros,2016,741.741,28.61899948120117,21.92513246826331,43.26352691650391,-,Africa,COM,Lower middle income
Comoros,2017,756.669,28.78400039672852,23.52196508762663,41.82852554321289,-,Africa,COM,Lower middle income
Comoros,2018,771.59,28.96500015258789,25.12118525785242,40.39666366577149,-,Africa,COM,Lower middle income
Comoros,2019,786.578,29.16400146484375,26.72312968282506,38.96844482421875,-,Africa,COM,Lower middle income
Comoros,2020,802.163,29.3799991607666,28.32796874580339,37.544532775878906,-,Africa,COM,Lower middle income
Comoros,2021,818.174,29.613000869750977,29.93592666649231,36.12553787231445,-,Africa,COM,Lower middle income
Comoros,2022,834.188,29.864002227783203,31.54730359698376,34.71207046508789,-,Africa,COM,Lower middle income
Comoros,2023,850.387,30.13199806213379,33.16225292043479,33.30476760864258,-,Africa,COM,Lower middle income
Comoros,2024,866.628,30.417999267578125,34.78109050235975,31.90425109863281,-,Africa,COM,Lower middle income
Congo,2011,4609.724,63.71200180053711,47.29612996982708,18.253162384033203,-,Africa,COG,Lower middle income
Congo,2012,4740.45,64.16899871826172,47.40718291444792,18.20537757873535,-,Africa,COG,Lower middle income
Congo,2013,4857.099,64.62699890136719,47.51848033754548,18.15748405456543,-,Africa,COG,Lower middle income
Congo,2014,4975.88,65.08499908447266,47.62977839120024,18.10959243774414,-,Africa,COG,Lower middle income
Congo,2015,5097.581,65.54299926757812,47.74107700340666,18.06169891357422,-,Africa,COG,Lower middle income
Congo,2016,5222.536,66.0009994506836,47.85237197142322,18.013809204101562,-,Africa,COG,Lower middle income
Congo,2017,5351.011,66.45899963378906,47.96367242460187,17.965911865234375,-,Africa,COG,Lower middle income
Congo,2018,5483.118,66.91600036621094,48.07472549167608,17.918127059936523,-,Africa,COG,Lower middle income
Congo,2019,5616.661,67.37300109863281,48.18578001996172,17.87034034729004,-,Africa,COG,Lower middle income
Cook Islands,2000,15.854,65.19100189208984,,,-,Western Pacific,COK,
Cook Islands,2001,15.235,66.9000015258789,,,-,Western Pacific,COK,
Cook Islands,2002,14.967,68.1760025024414,,,-,Western Pacific,COK,
Cook Islands,2003,15.027,69.14199829101562,,,-,Western Pacific,COK,
Cook Islands,2004,15.078,70.09400177001953,,,-,Western Pacific,COK,
Cook Islands,2005,15.132,71.0260009765625,,,-,Western Pacific,COK,
Cook Islands,2006,15.206,71.94100189208984,,,-,Western Pacific,COK,
Cook Islands,2007,15.495,72.4729995727539,,,-,Western Pacific,COK,
Cook Islands,2008,15.981,72.73600006103516,,,-,Western Pacific,COK,
Cook Islands,2009,16.475,72.99600219726562,,,-,Western Pacific,COK,
Cook Islands,2010,16.976,73.2550048828125,,,-,Western Pacific,COK,
Cook Islands,2011,17.455,73.51300048828125,,,-,Western Pacific,COK,
Cook Islands,2012,17.661,73.74800109863281,,,-,Western Pacific,COK,
Cook Islands,2013,17.605,73.96800231933594,,,-,Western Pacific,COK,
Cook Islands,2014,17.532,74.18599700927734,,,-,Western Pacific,COK,
Cook Islands,2015,17.446,74.40399932861328,,,-,Western Pacific,COK,
Cook Islands,2016,17.332,74.62000274658203,,,-,Western Pacific,COK,
Cook Islands,2017,17.047,74.83499908447266,,,-,Western Pacific,COK,
Cook Islands,2018,16.596,75.052001953125,,,-,Western Pacific,COK,
Cook Islands,2019,16.129,75.27200317382812,,,-,Western Pacific,COK,
Cook Islands,2020,15.643,75.4949951171875,,,-,Western Pacific,COK,
Cook Islands,2021,15.182,75.72000122070312,,,-,Western Pacific,COK,
Cook Islands,2022,14.723,75.947998046875,,,-,Western Pacific,COK,
Cook Islands,2023,14.222,76.177001953125,,,-,Western Pacific,COK,
Cook Islands,2024,13.729,76.40899658203125,,,-,Western Pacific,COK,
Costa Rica,2000,3937.739,59.052001953125,,,-,Americas,CRI,Upper middle income
Costa Rica,2001,4008.947,60.40999984741211,,,-,Americas,CRI,Upper middle income
Costa Rica,2002,4075.705,61.75299835205078,,,-,Americas,CRI,Upper middle income
Costa Rica,2003,4138.784,63.08000183105469,,,-,Americas,CRI,Upper middle income
Costa Rica,2004,4200.078,64.38800048828125,,,-,Americas,CRI,Upper middle income
Costa Rica,2005,4261.24,65.6719970703125,83.37773884442016,6.297611236572266,-,Americas,CRI,Upper middle income
Costa Rica,2006,4321.34,66.93500518798828,83.38815468216042,6.315329551696777,-,Americas,CRI,Upper middle income
Costa Rica,2007,4380.248,68.17399597167969,83.39837221168175,6.332711696624756,-,Americas,CRI,Upper middle income
Costa Rica,2008,4440.056,69.38999938964844,83.40840285239739,6.349767684936523,-,Americas,CRI,Upper middle income
Costa Rica,2009,4499.791,70.57499694824219,83.41817781225826,6.366389274597168,-,Americas,CRI,Upper middle income
Costa Rica,2010,4555.962,71.73600006103516,83.627405469148,6.2245283126831055,-,Americas,CRI,Upper middle income
Costa Rica,2011,4609.833,72.86800384521484,83.84135396702872,6.078519821166992,-,Americas,CRI,Upper middle income
Costa Rica,2012,4663.934,73.94599914550781,84.0594454847573,5.928300857543945,-,Americas,CRI,Upper middle income
Costa Rica,2013,4716.147,74.97000122070312,84.28134490469401,5.774115562438965,-,Americas,CRI,Upper middle income
Costa Rica,2014,4767.119,75.94100189208984,84.50670111958762,5.616255760192871,-,Americas,CRI,Upper middle income
Costa Rica,2015,4818.038,76.86199951171875,84.73523893541514,5.45498514175415,-,Americas,CRI,Upper middle income
Costa Rica,2016,4866.998,77.73500061035156,84.96667091307113,5.290564060211182,-,Americas,CRI,Upper middle income
Costa Rica,2017,4913.177,78.55999755859375,85.20069240125484,5.123218059539795,-,Americas,CRI,Upper middle income
Costa Rica,2018,4957.818,79.33999633789062,85.43706008284481,4.953195571899414,-,Americas,CRI,Upper middle income
Costa Rica,2019,4999.553,80.07599639892578,85.67551666182106,4.780707359313965,-,Americas,CRI,Upper middle income
Costa Rica,2020,5034.32,80.77099609375,85.9158680976464,4.60596227645874,-,Americas,CRI,Upper middle income
Costa Rica,2021,5059.988,81.42500305175781,85.936998507536,4.6032795906066895,-,Americas,CRI,Upper middle income
Costa Rica,2022,5081.765,82.04199981689453,85.95692963621454,4.600752830505371,-,Americas,CRI,Upper middle income
Costa Rica,2023,5105.525,82.62199401855469,85.97566777816493,4.598374843597412,-,Americas,CRI,Upper middle income
Costa Rica,2024,5129.91,83.16699981689453,85.99327537780617,4.596140861511231,-,Americas,CRI,Upper middle income
Côte d'Ivoire,2006,20546.802,45.652000427246094,14.77206432497091,50.12721633911133,-,Africa,CIV,Lower middle income
Côte d'Ivoire,2007,21030.558,46.07099914550781,14.84423648028804,50.07528305053711,-,Africa,CIV,Lower middle income
Côte d'Ivoire,2008,21514.439,46.49100112915039,14.91658054806335,50.023231506347656,-,Africa,CIV,Lower middle income
Côte d'Ivoire,2009,21997.94,46.90999984741211,14.98875104716914,49.97130584716797,-,Africa,CIV,Lower middle income
Côte d'Ivoire,2010,22488.065,47.33000183105469,15.06109550729717,49.91925048828125,-,Africa,CIV,Lower middle income
Côte d'Ivoire,2011,22982.0,47.7509994506836,15.70221771122529,48.70267105102539,-,Africa,CIV,Lower middle income
Côte d'Ivoire,2012,23467.078,48.172000885009766,16.34590483295978,47.48794555664063,-,Africa,CIV,Lower middle income
Côte d'Ivoire,2013,23939.775,48.59299850463867,16.99215679506143,46.27507019042969,-,Africa,CIV,Lower middle income
Côte d'Ivoire,2014,24527.395,49.01399993896485,17.64097336397437,45.06404876708984,-,Africa,CIV,Lower middle income
Côte d'Ivoire,2015,25246.342,49.44400024414063,18.29404087543125,43.85385894775391,-,Africa,CIV,Lower middle income
Côte d'Ivoire,2016,25989.405,49.88100051879883,18.95106290689387,42.6447868347168,-,Africa,CIV,Lower middle income
Côte d'Ivoire,2017,26733.372,50.32600021362305,19.6122945168208,41.436767578125,-,Africa,CIV,Lower middle income
Côte d'Ivoire,2018,27464.173,50.77900314331055,20.27781038270502,40.22985076904297,-,Africa,CIV,Lower middle income
Côte d'Ivoire,2019,28193.009,51.2390022277832,20.94748272957159,39.024200439453125,-,Africa,CIV,Lower middle income
Côte d'Ivoire,2020,28915.449,51.705997467041016,21.62137575327496,37.81985855102539,-,Africa,CIV,Lower middle income
Côte d'Ivoire,2021,29639.736,52.17999649047852,21.71745785274214,36.61687088012695,-,Africa,CIV,Lower middle income
Côte d'Ivoire,2022,30395.002,52.66100311279297,21.81495941731871,35.415287017822266,-,Africa,CIV,Lower middle income
Côte d'Ivoire,2023,31165.654,53.14900207519531,21.91387972971938,34.21514892578125,-,Africa,CIV,Lower middle income
Côte d'Ivoire,2024,31934.23,53.64400100708008,22.01421833935042,33.01650619506836,-,Africa,CIV,Lower middle income
Croatia,2004,4310.056,54.14699935913086,,,-,Europe,HRV,High income
Croatia,2005,4313.946,54.31500244140625,,,-,Europe,HRV,High income
Croatia,2006,4315.8,54.483001708984375,,,-,Europe,HRV,High income
Croatia,2007,4315.954,54.650997161865234,,,-,Europe,HRV,High income
Croatia,2008,4314.631,54.81900024414063,,,-,Europe,HRV,High income
Croatia,2009,4310.53,54.98699951171875,,,-,Europe,HRV,High income
Croatia,2010,4301.145,55.15499877929688,,,-,Europe,HRV,High income
Croatia,2011,4280.824,55.321998596191406,,,-,Europe,HRV,High income
Croatia,2012,4259.236,55.506004333496094,,,-,Europe,HRV,High income
Croatia,2013,4242.398,55.70600128173828,,,-,Europe,HRV,High income
Croatia,2014,4219.479,55.92300415039063,,,-,Europe,HRV,High income
Croatia,2015,4183.729,56.15500259399414,,,-,Europe,HRV,High income
Croatia,2016,4136.444,56.40299987792969,,,-,Europe,HRV,High income
Croatia,2017,4079.2,56.66699981689453,,,-,Europe,HRV,High income
Croatia,2018,4024.868,56.946998596191406,,,-,Europe,HRV,High income
Croatia,2019,3986.334,57.242000579833984,,,-,Europe,HRV,High income
Croatia,2020,3953.958,57.55299758911133,,,-,Europe,HRV,High income
Croatia,2021,3924.61,57.87799835205078,,,-,Europe,HRV,High income
Croatia,2022,3907.027,58.218997955322266,,,-,Europe,HRV,High income
Croatia,2023,3896.023,58.57499694824219,,,-,Europe,HRV,High income
Croatia,2024,3875.325,58.94499969482422,,,-,Europe,HRV,High income
Cuba,2008,11291.762,76.41300201416016,82.79432588180408,6.179408073425293,-,Americas,CUB,Upper middle income
Cuba,2009,11294.719,76.50499725341797,82.80651348001727,6.168044090270996,-,Americas,CUB,Upper middle income
Cuba,2010,11297.409,76.59700012207031,82.81870618687365,6.156673908233643,-,Americas,CUB,Upper middle income
Cuba,2011,11301.571,76.68899536132812,82.83089252077482,6.145310878753662,-,Americas,CUB,Upper middle income
Cuba,2012,11303.175,76.78099822998047,82.84308172164948,6.133944988250732,-,Americas,CUB,Upper middle income
Cuba,2013,11298.167,76.8270034790039,84.01482825659106,5.439573764801025,-,Americas,CUB,Upper middle income
Cuba,2014,11285.775,76.86100006103516,85.18449685295913,4.747825622558594,-,Americas,CUB,Upper middle income
Cuba,2015,11275.065,76.89599609375,86.35379468317174,4.057137966156006,-,Americas,CUB,Upper middle income
Cuba,2016,11265.612,76.93000030517578,87.52248175486973,3.367685079574585,-,Americas,CUB,Upper middle income
Cuba,2017,11247.829,76.97700500488281,88.69194795171417,2.678844690322876,-,Americas,CUB,Upper middle income
Cuba,2018,11227.118,77.03700256347656,89.86191303693701,1.9912701845169067,-,Americas,CUB,Upper middle income
Cuba,2019,11202.846,77.10899353027344,91.03200808893102,1.3056292533874512,-,Americas,CUB,Upper middle income
Cuba,2020,11176.354,77.19400024414062,92.20205484481605,1.0,-,Americas,CUB,Upper middle income
Cuba,2021,11122.168,77.29199981689453,93.37177537456007,1.0,-,Americas,CUB,Upper middle income
Cuba,2022,11059.82,77.4010009765625,93.37921852493167,1.0,-,Americas,CUB,Upper middle income
Cuba,2023,11019.931,77.52300262451172,93.38755335238686,1.0,-,Americas,CUB,Upper middle income
Cuba,2024,10979.783,77.6570053100586,93.39669908740188,1.0,-,Americas,CUB,Upper middle income
Curaçao,2000,145.529,90.7519989013672,,,-,Americas,CUW,High income
Curaçao,2001,144.751,91.01100158691406,,,-,Americas,CUW,High income
Curaçao,2002,145.901,90.89400482177734,,,-,Americas,CUW,High income
Curaçao,2003,147.911,90.7750015258789,,,-,Americas,CUW,High income
Curaçao,2004,149.797,90.65499877929688,,,-,Americas,CUW,High income
Curaçao,2005,151.313,90.53400421142578,,,-,Americas,CUW,High income
Curaçao,2006,152.505,90.41100311279295,,,-,Americas,CUW,High income
Curaçao,2007,153.666,90.28700256347656,,,-,Americas,CUW,High income
Curaçao,2008,154.775,90.16100311279295,,,-,Americas,CUW,High income
Curaçao,2009,155.825,90.03400421142578,,,-,Americas,CUW,High income
Curaçao,2010,156.879,89.90499877929688,,,-,Americas,CUW,High income
Curaçao,2011,158.566,89.7750015258789,,,-,Americas,CUW,High income
Curaçao,2012,160.89,89.65399932861328,,,-,Americas,CUW,High income
Curaçao,2013,163.109,89.54399871826172,,,-,Americas,CUW,High income
Curaçao,2014,165.027,89.44300079345703,,,-,Americas,CUW,High income
Curaçao,2015,166.612,89.35199737548828,,,-,Americas,CUW,High income
Curaçao,2016,167.782,89.2719955444336,,,-,Americas,CUW,High income
Curaçao,2017,168.516,89.2030029296875,,,-,Americas,CUW,High income
Cyprus,2000,947.667,68.64799499511719,,,-,Europe,CYP,High income
Cyprus,2001,964.127,68.76900482177734,,,-,Europe,CYP,High income
Cyprus,2002,981.44,68.69400024414062,,,-,Europe,CYP,High income
Cyprus,2003,999.59,68.5530014038086,,,-,Europe,CYP,High income
Cyprus,2004,1017.875,68.40999603271484,,,-,Europe,CYP,High income
Cyprus,2005,1036.151,68.26799774169922,,,-,Europe,CYP,High income
Cyprus,2006,1054.418,68.125,,,-,Europe,CYP,High income
Cyprus,2007,1072.714,67.98200225830078,,,-,Europe,CYP,High income
Cyprus,2008,1091.026,67.83900451660156,,,-,Europe,CYP,High income
Cyprus,2009,1109.371,67.69499969482422,,,-,Europe,CYP,High income
Cyprus,2010,1127.816,67.5510025024414,,,-,Europe,CYP,High income
Cyprus,2011,1146.493,67.40599822998047,,,-,Europe,CYP,High income
Cyprus,2012,1165.397,67.26100158691406,,,-,Europe,CYP,High income
Cyprus,2013,1183.895,67.13700103759766,,,-,Europe,CYP,High income
Cyprus,2014,1201.801,67.031005859375,,,-,Europe,CYP,High income
Cyprus,2015,1219.502,66.94599914550781,,,-,Europe,CYP,High income
Cyprus,2016,1237.112,66.8810043334961,,,-,Europe,CYP,High income
Cyprus,2017,1254.275,66.83599853515625,,,-,Europe,CYP,High income
Cyprus,2018,1270.737,66.80999755859375,,,-,Europe,CYP,High income
Cyprus,2019,1286.671,66.80500030517578,,,-,Europe,CYP,High income
Cyprus,2020,1302.247,66.82099914550781,,,-,Europe,CYP,High income
Cyprus,2021,1317.309,66.85600280761719,,,-,Europe,CYP,High income
Cyprus,2022,1331.37,66.91100311279297,,,-,Europe,CYP,High income
Cyprus,2023,1344.976,66.98699951171875,,,-,Europe,CYP,High income
Cyprus,2024,1358.282,67.08200073242188,,,-,Europe,CYP,High income
Czechia,2000,10236.804,73.98799896240234,,,-,Europe,CZE,High income
Czechia,2001,10231.936,73.87699890136719,,,-,Europe,CZE,High income
Czechia,2002,10239.468,73.80899810791016,,,-,Europe,CZE,High income
Czechia,2003,10248.912,73.73999786376953,,,-,Europe,CZE,High income
Czechia,2004,10261.45,73.6709976196289,,,-,Europe,CZE,High income
Czechia,2005,10280.153,73.60200500488281,,,-,Europe,CZE,High income
Czechia,2006,10304.588,73.53299713134766,,,-,Europe,CZE,High income
Czechia,2007,10337.543,73.46299743652344,,,-,Europe,CZE,High income
Czechia,2008,10378.292,73.39399719238281,,,-,Europe,CZE,High income
Czechia,2009,10420.985,73.3239974975586,,,-,Europe,CZE,High income
Czechia,2010,10464.035,73.2550048828125,,,-,Europe,CZE,High income
Czechia,2011,10495.511,73.18500518798828,,,-,Europe,CZE,High income
Czechia,2012,10507.335,73.1969985961914,,,-,Europe,CZE,High income
Czechia,2013,10511.163,73.29000091552734,,,-,Europe,CZE,High income
Czechia,2014,10517.226,73.38400268554688,,,-,Europe,CZE,High income
Czechia,2015,10524.416,73.47699737548828,,,-,Europe,CZE,High income
Czechia,2016,10531.948,73.56999969482422,,,-,Europe,CZE,High income
Czechia,2017,10541.342,73.67500305175781,,,-,Europe,CZE,High income
Czechia,2018,10548.937,73.79199981689453,,,-,Europe,CZE,High income
Czechia,2019,10554.875,73.9209976196289,,,-,Europe,CZE,High income
Czechia,2020,10550.129,74.06099700927734,,,-,Europe,CZE,High income
Czechia,2021,10530.683,74.21399688720703,,,-,Europe,CZE,High income
Czechia,2022,10673.213,74.37699890136719,,,-,Europe,CZE,High income
Czechia,2023,10809.716,74.552001953125,,,-,Europe,CZE,High income
Czechia,2024,10735.859,74.73799896240234,,,-,Europe,CZE,High income
Democratic People's Republic of Korea,2000,23665.91,59.41200256347656,,1.0,-,South-East Asia,PRK,Low income
Democratic People's Republic of Korea,2001,23815.358,59.49100112915039,,1.0,-,South-East Asia,PRK,Low income
Democratic People's Republic of Korea,2002,23943.973,59.57000350952149,,1.0,-,South-East Asia,PRK,Low income
Democratic People's Republic of Korea,2003,24090.38,59.64800262451172,,1.0,-,South-East Asia,PRK,Low income
Democratic People's Republic of Korea,2004,24254.943,59.72700119018555,,1.0,-,South-East Asia,PRK,Low income
Democratic People's Republic of Korea,2005,24396.433,59.80500030517578,,1.0,-,South-East Asia,PRK,Low income
Democratic People's Republic of Korea,2006,24524.507,59.88399887084961,,1.0,-,South-East Asia,PRK,Low income
Democratic People's Republic of Korea,2007,24646.383,59.96199798583984,,1.0,-,South-East Asia,PRK,Low income
Democratic People's Republic of Korea,2008,24764.618,60.03999710083008,,1.0,-,South-East Asia,PRK,Low income
Democratic People's Republic of Korea,2009,24878.332,60.19499969482422,,1.0,-,South-East Asia,PRK,Low income
Democratic People's Republic of Korea,2010,24987.258,60.37700271606445,,1.0,-,South-East Asia,PRK,Low income
Democratic People's Republic of Korea,2011,25097.874,60.55700302124024,,1.0,-,South-East Asia,PRK,Low income
Democratic People's Republic of Korea,2012,25211.728,60.73799896240234,,1.0,-,South-East Asia,PRK,Low income
Democratic People's Republic of Korea,2013,25329.451,60.917999267578125,,1.0,-,South-East Asia,PRK,Low income
Democratic People's Republic of Korea,2014,25451.262,61.09799575805664,,1.0,-,South-East Asia,PRK,Low income
Democratic People's Republic of Korea,2015,25575.35,61.277000427246094,,1.0,-,South-East Asia,PRK,Low income
Democratic People's Republic of Korea,2016,25698.326,61.47099685668945,,1.0,-,South-East Asia,PRK,Low income
Democratic People's Republic of Korea,2017,25817.709,61.67799758911133,,1.0,-,South-East Asia,PRK,Low income
Democratic People's Republic of Korea,2018,25931.147,61.89900207519531,,1.0,-,South-East Asia,PRK,Low income
Democratic People's Republic of Korea,2019,26037.632,62.13399887084961,,1.0,-,South-East Asia,PRK,Low income
Democratic People's Republic of Korea,2020,26136.312,62.38100051879883,,1.0,-,South-East Asia,PRK,Low income
Democratic People's Republic of Korea,2021,26232.534,62.64200210571289,,1.0,-,South-East Asia,PRK,Low income
Democratic People's Republic of Korea,2022,26328.845,62.91600036621094,,1.0,-,South-East Asia,PRK,Low income
Democratic People's Republic of Korea,2023,26418.204,63.2030029296875,,1.0,-,South-East Asia,PRK,Low income
Democratic People's Republic of Korea,2024,26498.823,63.50299835205078,,1.0,-,South-East Asia,PRK,Low income
Democratic Republic of the Congo,2014,78403.242,42.18000030517578,18.65458806390677,42.88778305053711,-,Africa,COD,Low income
Democratic Republic of the Congo,2015,81035.531,42.73999786376953,18.73850772253821,42.81129455566406,-,Africa,COD,Low income
Democratic Republic of the Congo,2016,83956.415,43.30699920654297,18.82347622111737,42.73385238647461,-,Africa,COD,Low income
Democratic Republic of the Congo,2017,87083.398,43.880001068115234,18.90934454360271,42.65558624267578,-,Africa,COD,Low income
Democratic Republic of the Congo,2018,90047.644,44.459999084472656,18.9962604433152,42.57636642456055,-,Africa,COD,Low income
Democratic Republic of the Congo,2019,92947.442,45.045997619628906,19.08407687195151,42.49632263183594,-,Africa,COD,Low income
Democratic Republic of the Congo,2020,95989.998,45.63800048828125,19.17279335972414,42.41546249389648,-,Africa,COD,Low income
Democratic Republic of the Congo,2021,99148.932,46.23500061035156,19.26225784484518,42.33391952514648,-,Africa,COD,Low income
Democratic Republic of the Congo,2022,102396.968,46.83699798583984,19.35247108368763,42.25169372558594,-,Africa,COD,Low income
Denmark,2004,5404.598,85.56600189208984,,,-,Europe,DNK,High income
Denmark,2005,5419.555,85.85600280761719,,,-,Europe,DNK,High income
Denmark,2006,5437.42,86.0979995727539,,,-,Europe,DNK,High income
Denmark,2007,5461.607,86.29299926757812,,,-,Europe,DNK,High income
Denmark,2008,5493.764,86.48699951171875,,,-,Europe,DNK,High income
Denmark,2009,5523.173,86.65399932861328,,,-,Europe,DNK,High income
Denmark,2010,5547.863,86.79500579833984,,,-,Europe,DNK,High income
Denmark,2011,5570.849,86.95700073242188,,,-,Europe,DNK,High income
Denmark,2012,5591.917,87.14200592041016,,,-,Europe,DNK,High income
Denmark,2013,5615.333,87.29199981689453,,,-,Europe,DNK,High income
Denmark,2014,5643.794,87.41000366210938,,,-,Europe,DNK,High income
Denmark,2015,5683.701,87.5260009765625,,,-,Europe,DNK,High income
Denmark,2016,5728.201,87.64199829101562,,,-,Europe,DNK,High income
Denmark,2017,5765.168,87.75699615478516,,,-,Europe,DNK,High income
Denmark,2018,5793.824,87.8740005493164,,,-,Europe,DNK,High income
Denmark,2019,5814.618,87.9939956665039,,,-,Europe,DNK,High income
Denmark,2020,5831.53,88.11600494384766,,,-,Europe,DNK,High income
Denmark,2021,5856.776,88.23999786376953,,,-,Europe,DNK,High income
Denmark,2022,5902.904,88.36699676513672,,,-,Europe,DNK,High income
Denmark,2023,5948.136,88.4949951171875,,,-,Europe,DNK,High income
Denmark,2024,5977.412,88.6259994506836,,,-,Europe,DNK,High income
Djibouti,2019,1088.709,77.91500091552734,50.32908224806782,27.44095230102539,-,Eastern Mediterranean,DJI,Lower middle income
Djibouti,2020,1105.188,78.06199645996094,50.40213863869904,27.36085700988769,-,Eastern Mediterranean,DJI,Lower middle income
Djibouti,2021,1121.248,78.21700286865234,50.47917592958685,27.27639579772949,-,Eastern Mediterranean,DJI,Lower middle income
Djibouti,2022,1137.096,78.37999725341797,50.56018951562562,27.187576293945312,-,Eastern Mediterranean,DJI,Lower middle income
Djibouti,2023,1152.944,78.552001953125,50.64567433894792,27.09385299682617,-,Eastern Mediterranean,DJI,Lower middle income
Djibouti,2024,1168.722,78.73200225830078,50.73513460614011,26.995773315429688,-,Eastern Mediterranean,DJI,Lower middle income
Dominican Republic,2008,9573.13,71.30000305175781,52.7842413641984,31.71651077270508,-,Americas,DOM,Upper middle income
Dominican Republic,2009,9695.265,72.54199981689453,52.98488526081537,31.512451171875,-,Americas,DOM,Upper middle income
Dominican Republic,2010,9820.175,73.75299835205078,53.18052076652648,31.31348419189453,-,Americas,DOM,Upper middle income
Dominican Republic,2011,9945.621,74.82699584960938,53.35402211899817,31.13702964782715,-,Americas,DOM,Upper middle income
Dominican Republic,2012,10070.411,75.802001953125,53.51153036643047,30.97683906555176,-,Americas,DOM,Upper middle income
Dominican Republic,2013,10193.833,76.7490005493164,52.93034009056903,31.69774436950684,-,Americas,DOM,Upper middle income
Dominican Republic,2014,10315.528,77.66999816894531,52.34844204009038,32.42267227172852,-,Americas,DOM,Upper middle income
Dominican Republic,2015,10434.829,78.56600189208984,51.76585493994659,33.1514778137207,-,Americas,DOM,Upper middle income
Dominican Republic,2016,10551.43,79.43599700927734,51.18226206979215,33.884334564208984,-,Americas,DOM,Upper middle income
Dominican Republic,2017,10666.843,80.2770004272461,50.59700994887113,34.62174224853516,-,Americas,DOM,Upper middle income
Dominican Republic,2018,10782.053,81.0739974975586,50.00733776357519,35.366188049316406,-,Americas,DOM,Upper middle income
Dominican Republic,2019,10894.043,81.82799530029297,49.41316837058881,36.11753463745117,-,Americas,DOM,Upper middle income
Dominican Republic,2020,11008.3,82.54000091552734,48.81443955814051,36.87561798095703,-,Americas,DOM,Upper middle income
Dominican Republic,2021,11123.476,83.21300506591797,48.2114426744226,37.63996505737305,-,Americas,DOM,Upper middle income
Dominican Republic,2022,11230.734,83.8479995727539,48.32485638436849,37.53488159179688,-,Americas,DOM,Upper middle income
Dominican Republic,2023,11331.265,84.44599914550781,48.43166029091049,37.43592071533203,-,Americas,DOM,Upper middle income
Dominican Republic,2024,11427.557,85.01100158691406,48.5325751783498,37.34241485595703,-,Americas,DOM,Upper middle income
Ecuador,2010,15076.695,62.69000244140625,83.85686576741226,5.214022159576416,-,Americas,ECU,Upper middle income
Ecuador,2011,15326.227,62.85099792480469,83.88150946891416,5.206676006317139,-,Americas,ECU,Upper middle income
Ecuador,2012,15572.194,62.98800277709961,83.90248017614354,5.200425148010254,-,Americas,ECU,Upper middle income
Ecuador,2013,15807.128,63.12500381469727,83.92345511275691,5.194169521331787,-,Americas,ECU,Upper middle income
Ecuador,2014,16035.124,63.26100158691406,83.9442764502854,5.187959671020508,-,Americas,ECU,Upper middle income
Ecuador,2015,16266.225,63.39799880981445,84.7449090456591,4.8657426834106445,-,Americas,ECU,Upper middle income
Ecuador,2016,16505.139,63.53399658203125,85.54418237268797,4.543971061706543,-,Americas,ECU,Upper middle income
Ecuador,2017,16759.519,63.66999816894531,86.34224430112337,4.222602367401123,-,Americas,ECU,Upper middle income
Ecuador,2018,17049.547,63.82099914550781,87.14112653960721,3.901040554046631,-,Americas,ECU,Upper middle income
Ecuador,2019,17340.021,63.98599624633789,87.94049794842154,3.579388380050659,-,Americas,ECU,Upper middle income
Ecuador,2020,17546.065,64.16600036621094,88.74029670066703,3.257673740386963,-,Americas,ECU,Upper middle income
Ecuador,2021,17682.454,64.36100006103516,89.54032536958168,2.9359607696533203,-,Americas,ECU,Upper middle income
Ecuador,2022,17823.897,64.56999969482422,90.34026182640643,2.6143531799316406,-,Americas,ECU,Upper middle income
Ecuador,2023,17980.083,64.79199981689453,91.13980828225996,2.29294490814209,-,Americas,ECU,Upper middle income
Ecuador,2024,18135.478,65.02899932861328,91.93901340756136,1.971725344657898,-,Americas,ECU,Upper middle income
Egypt,2000,73083.284,42.797000885009766,67.62325151876895,16.296566009521484,-,Eastern Mediterranean,EGY,Lower middle income
Egypt,2001,74652.029,42.84299850463867,68.66755701876718,15.70091152191162,-,Eastern Mediterranean,EGY,Lower middle income
Egypt,2002,76239.137,42.88899993896485,69.71038130726059,15.106374740600586,-,Eastern Mediterranean,EGY,Lower middle income
Egypt,2003,77853.548,42.93499755859375,70.75172231640741,14.512957572937012,-,Eastern Mediterranean,EGY,Lower middle income
Egypt,2004,79477.443,42.98099899291992,71.79157470878096,13.920665740966797,-,Eastern Mediterranean,EGY,Lower middle income
Egypt,2005,81101.004,43.027000427246094,72.82994125459982,13.329498291015623,-,Eastern Mediterranean,EGY,Lower middle income
Egypt,2006,82700.403,43.072998046875,73.86682419050105,12.739449501037598,-,Eastern Mediterranean,EGY,Lower middle income
Egypt,2007,84276.225,43.07799911499024,74.892783834901,12.156362533569336,-,Eastern Mediterranean,EGY,Lower middle income
Egypt,2008,85864.789,43.05799865722656,75.91322555765774,11.57666015625,-,Eastern Mediterranean,EGY,Lower middle income
Egypt,2009,87501.636,43.03900146484375,76.93451252564975,10.996349334716797,-,Eastern Mediterranean,EGY,Lower middle income
Egypt,2010,89196.072,43.01900100708008,77.95622875342445,10.41568374633789,-,Eastern Mediterranean,EGY,Lower middle income
Egypt,2011,91093.059,43.0,78.97875917041468,9.834432601928713,-,Eastern Mediterranean,EGY,Lower middle income
Egypt,2012,93161.001,42.94599914550781,79.99666600703964,9.255575180053713,-,Eastern Mediterranean,EGY,Lower middle income
Egypt,2013,95333.553,42.89300155639648,81.01644959817347,8.675332069396973,-,Eastern Mediterranean,EGY,Lower middle income
Egypt,2014,97528.654,42.8390007019043,82.0378307716699,8.09384822845459,-,Eastern Mediterranean,EGY,Lower middle income
Egypt,2015,99597.342,42.78499984741211,83.06094800771791,7.511056423187256,-,Eastern Mediterranean,EGY,Lower middle income
Egypt,2016,101644.589,42.73200225830078,84.08589931778754,6.926908016204834,-,Eastern Mediterranean,EGY,Lower middle income
Egypt,2017,103696.057,42.70499801635742,85.11435043301508,6.340933799743652,-,Eastern Mediterranean,EGY,Lower middle income
Egypt,2018,105682.094,42.70400238037109,86.14504514269872,5.754082202911377,-,Eastern Mediterranean,EGY,Lower middle income
Egypt,2019,107553.158,42.72999954223633,87.17675396790042,5.167315006256104,-,Eastern Mediterranean,EGY,Lower middle income
Egypt,2020,109315.124,42.78300094604492,88.20817918495145,4.58160924911499,-,Eastern Mediterranean,EGY,Lower middle income
Egypt,2021,110957.008,42.86199951171875,89.23800880849875,3.997925758361816,-,Eastern Mediterranean,EGY,Lower middle income
Egypt,2022,112618.25,42.96699905395508,90.26497874099928,3.417220115661621,-,Eastern Mediterranean,EGY,Lower middle income
Egypt,2023,114535.772,43.09999847412109,91.28777718831287,2.840545415878296,-,Eastern Mediterranean,EGY,Lower middle income
Egypt,2024,116538.258,43.257999420166016,92.3051773361228,2.570845365524292,-,Eastern Mediterranean,EGY,Lower middle income
El Salvador,2008,6029.297,63.678001403808594,90.6277163915556,2.7164227962493896,-,Americas,SLV,Upper middle income
El Salvador,2009,6048.279,64.56999969482422,90.69408670983596,2.70131778717041,-,Americas,SLV,Upper middle income
El Salvador,2010,6068.249,65.45199584960938,90.75972108071691,2.686373710632324,-,Americas,SLV,Upper middle income
El Salvador,2011,6090.127,66.32500457763672,90.82468171711643,2.671586751937866,-,Americas,SLV,Upper middle income
El Salvador,2012,6113.975,67.18699645996094,90.88882649080465,2.656982660293579,-,Americas,SLV,Upper middle income
El Salvador,2013,6138.839,68.03600311279297,90.70327769428592,2.6932222843170166,-,Americas,SLV,Upper middle income
El Salvador,2014,6162.955,68.8740005493164,90.50605635396292,2.7316856384277344,-,Americas,SLV,Upper middle income
El Salvador,2015,6183.676,69.70000457763672,90.29731820885868,2.7723493576049805,-,Americas,SLV,Upper middle income
El Salvador,2016,6200.8,70.5009994506836,90.07666357247932,2.81532883644104,-,Americas,SLV,Upper middle income
El Salvador,2017,6213.533,71.2750015258789,89.84449915900153,2.8605496883392334,-,Americas,SLV,Upper middle income
El Salvador,2018,6219.807,72.02299499511719,89.60137943394543,2.907909393310547,-,Americas,SLV,Upper middle income
El Salvador,2019,6222.318,72.74600219726562,89.34784872406956,2.957294225692749,-,Americas,SLV,Upper middle income
El Salvador,2020,6234.673,73.44400024414062,89.084384342325,3.0086216926574707,-,Americas,SLV,Upper middle income
El Salvador,2021,6255.782,74.11800384521484,88.81148716730924,3.061795473098755,-,Americas,SLV,Upper middle income
El Salvador,2022,6280.319,74.76699829101562,88.52961514892228,3.116731882095337,-,Americas,SLV,Upper middle income
El Salvador,2023,6309.624,75.39299774169922,88.23926850624235,3.173323631286621,-,Americas,SLV,Upper middle income
El Salvador,2024,6338.193,75.99600219726562,88.2411695341483,3.171187400817871,-,Americas,SLV,Upper middle income
Equatorial Guinea,2007,1036.044,61.09999847412109,23.63760224662932,53.72809982299805,-,Africa,GNQ,Upper middle income
Equatorial Guinea,2008,1084.53,62.744998931884766,23.73845863747698,53.68039321899414,-,Africa,GNQ,Upper middle income
Equatorial Guinea,2009,1135.673,64.35800170898438,23.83735284378162,53.63361740112305,-,Africa,GNQ,Upper middle income
Equatorial Guinea,2010,1189.085,65.94000244140625,23.93434766942013,53.587738037109375,-,Africa,GNQ,Upper middle income
Equatorial Guinea,2011,1241.835,67.48800659179688,24.02925739566591,53.5428466796875,-,Africa,GNQ,Upper middle income
Equatorial Guinea,2012,1293.483,69.0,24.12195961834642,53.499000549316406,-,Africa,GNQ,Upper middle income
Equatorial Guinea,2013,1346.218,69.54399871826172,24.15531254059042,53.48322296142578,-,Africa,GNQ,Upper middle income
Equatorial Guinea,2014,1399.828,70.08300018310547,24.18835879169644,53.46759414672852,-,Africa,GNQ,Upper middle income
Equatorial Guinea,2015,1453.923,70.61599731445312,24.22103765314116,53.4521369934082,-,Africa,GNQ,Upper middle income
Equatorial Guinea,2024,1892.516,,,,-,Africa,GNQ,Upper middle income
Estonia,2017,1317.425,68.71700286865234,,,-,Europe,EST,High income
Estonia,2018,1321.965,68.87999725341797,,,-,Europe,EST,High income
Estonia,2019,1326.822,69.05099487304688,,,-,Europe,EST,High income
Estonia,2020,1329.669,69.22900390625,,,-,Europe,EST,High income
Estonia,2021,1331.749,69.41499328613281,,,-,Europe,EST,High income
Estonia,2022,1350.091,69.60900115966797,,,-,Europe,EST,High income
Estonia,2023,1367.196,69.80999755859375,,,-,Europe,EST,High income
Estonia,2024,1360.546,70.01899719238281,,,-,Europe,EST,High income
Eswatini,2004,1073.159,22.166000366210938,21.23915468433085,45.04164505004883,-,Africa,SWZ,Lower middle income
Eswatini,2005,1079.022,22.038000106811523,21.19236786867396,45.071533203125,-,Africa,SWZ,Lower middle income
Eswatini,2006,1084.436,21.90999984741211,21.14558285963405,45.10141754150391,-,Africa,SWZ,Lower middle income
Eswatini,2007,1090.705,21.82900047302246,21.11597633922748,45.12033081054688,-,Africa,SWZ,Lower middle income
Eswatini,2008,1098.091,22.045000076293945,21.19492697388963,45.06990051269531,-,Africa,SWZ,Lower middle income
Eswatini,2009,1105.153,22.261999130249023,22.38110465751921,43.7977180480957,-,Africa,SWZ,Lower middle income
Eswatini,2010,1111.65,22.48000144958496,23.56100877463992,42.527713775634766,-,Africa,SWZ,Lower middle income
Eswatini,2011,1117.833,22.700000762939453,24.73491175534154,41.25969696044922,-,Africa,SWZ,Lower middle income
Eswatini,2012,1123.863,22.8489990234375,25.88048761732823,40.00912094116211,-,Africa,SWZ,Lower middle income
Eswatini,2013,1129.99,22.999000549316406,27.02181642116117,38.759986877441406,-,Africa,SWZ,Lower middle income
Eswatini,2014,1136.299,23.14900016784668,28.15857612368723,37.51251602172852,-,Africa,SWZ,Lower middle income
Eswatini,2015,1142.813,23.299999237060547,29.29102542740513,36.26651382446289,-,Africa,SWZ,Lower middle income
Eswatini,2016,1149.507,23.458999633789062,30.42082565277215,35.02067184448242,-,Africa,SWZ,Lower middle income
Eswatini,2017,1158.195,23.625,31.54738143308169,33.77530670166016,-,Africa,SWZ,Lower middle income
Eswatini,2018,1168.929,23.798999786376957,32.6705891549041,32.53035354614258,-,Africa,SWZ,Lower middle income
Eswatini,2019,1179.874,23.981000900268555,33.7900796022329,31.285951614379883,-,Africa,SWZ,Lower middle income
Eswatini,2020,1192.729,24.17100143432617,34.90548909653457,30.04222869873047,-,Africa,SWZ,Lower middle income
Eswatini,2021,1206.593,24.36899948120117,36.01645288795998,28.799318313598636,-,Africa,SWZ,Lower middle income
Eswatini,2022,1218.917,24.576000213623047,37.1227569943415,27.55719947814941,-,Africa,SWZ,Lower middle income
Eswatini,2023,1230.506,24.78999900817871,38.2237154756319,26.31632232666016,-,Africa,SWZ,Lower middle income
Eswatini,2024,1242.822,25.01300048828125,39.3192546303576,25.076509475708008,-,Africa,SWZ,Lower middle income
Ethiopia,2006,80703.49,15.898999214172363,,,-,Africa,ETH,Low income
Ethiopia,2007,83103.217,16.11600112915039,,,-,Africa,ETH,Low income
Ethiopia,2008,85543.668,16.510000228881836,,,-,Africa,ETH,Low income
Ethiopia,2009,88007.636,16.90999984741211,,,-,Africa,ETH,Low income
Ethiopia,2010,90538.514,17.319000244140625,8.369864355624255,41.586551666259766,-,Africa,ETH,Low income
Ethiopia,2011,93149.97,17.735000610351562,8.446136467835705,41.47650146484375,-,Africa,ETH,Low income
Ethiopia,2012,95798.767,18.15999984741211,8.52405945250925,41.36406707763672,-,Africa,ETH,Low income
Ethiopia,2013,98438.751,18.57499885559082,8.600148229091543,41.2542839050293,-,Africa,ETH,Low income
Ethiopia,2014,101115.61,18.99799919128418,8.677704039702173,41.14237976074219,-,Africa,ETH,Low income
Ethiopia,2015,103867.135,19.42799949645996,8.420753070316074,41.22842788696289,-,Africa,ETH,Low income
Ethiopia,2016,106718.162,19.86599922180176,8.15860884238309,41.32299423217773,-,Africa,ETH,Low income
Ethiopia,2017,109666.481,20.309999465942383,7.890767275856501,41.42683410644531,-,Africa,ETH,Low income
Ethiopia,2018,112664.152,20.762998580932617,7.617551003748965,41.53951644897461,-,Africa,ETH,Low income
Ethiopia,2019,115737.383,21.224998474121094,7.338754696832903,41.6613655090332,-,Africa,ETH,Low income
Ethiopia,2020,118917.671,21.69499969482422,7.054035050781735,41.79290008544922,-,Africa,ETH,Low income
Ethiopia,2021,122138.588,22.173999786376957,6.763339748201114,41.93423843383789,-,Africa,ETH,Low income
Ethiopia,2022,125384.287,22.661001205444336,6.466340945827053,42.08587265014648,-,Africa,ETH,Low income
Ethiopia,2023,128691.692,23.157001495361328,6.162971388272338,42.2479362487793,-,Africa,ETH,Low income
Ethiopia,2024,132059.767,23.660999298095703,5.852918084189985,42.42090225219727,-,Africa,ETH,Low income
Faroe Islands,2007,48.474,40.34099960327149,,,-,Europe,FRO,High income
Faroe Islands,2008,48.498,40.53600311279297,,,-,Europe,FRO,High income
Faroe Islands,2009,48.489,40.73100280761719,,,-,Europe,FRO,High income
Faroe Islands,2010,48.169,40.92599868774414,,,-,Europe,FRO,High income
Faroe Islands,2011,47.934,41.0880012512207,,,-,Europe,FRO,High income
Faroe Islands,2012,48.091,41.22500228881836,,,-,Europe,FRO,High income
Faroe Islands,2013,48.279,41.36299896240234,,,-,Europe,FRO,High income
Faroe Islands,2014,48.49,41.5009994506836,,,-,Europe,FRO,High income
Faroe Islands,2015,48.894,41.63800048828125,,,-,Europe,FRO,High income
Faroe Islands,2024,55.4,,,,-,Europe,FRO,High income
Fiji,2017,918.759,55.742000579833984,86.25522306462814,2.497547149658203,-,Western Pacific,FJI,Upper middle income
Fiji,2018,917.18,56.24799728393555,86.31081065264281,2.486700296401977,-,Western Pacific,FJI,Upper middle income
Fiji,2019,914.899,56.75,86.36596256484412,2.475935220718384,-,Western Pacific,FJI,Upper middle income
Fiji,2020,914.963,57.24700164794922,86.42056207392496,2.465280771255493,-,Western Pacific,FJI,Upper middle income
Fiji,2021,916.711,57.7400016784668,86.47472160864717,2.4547128677368164,-,Western Pacific,FJI,Upper middle income
Fiji,2022,919.422,58.229000091552734,86.52844229868273,2.4442296028137207,-,Western Pacific,FJI,Upper middle income
Fiji,2023,924.145,58.7130012512207,86.58161349001735,2.4338538646698,-,Western Pacific,FJI,Upper middle income
Fiji,2024,928.784,59.19200134277344,86.63423973961672,2.4235806465148926,-,Western Pacific,FJI,Upper middle income
Finland,2000,5176.202,82.18299865722656,,,-,Europe,FIN,High income
Finland,2001,5187.971,82.36799621582031,,,-,Europe,FIN,High income
Finland,2002,5200.546,82.50300598144531,,,-,Europe,FIN,High income
Finland,2003,5212.955,82.63800048828125,,,-,Europe,FIN,High income
Finland,2004,5228.148,82.7719955444336,,,-,Europe,FIN,High income
Finland,2005,5246.082,82.90499877929688,,,-,Europe,FIN,High income
Finland,2006,5266.247,83.03700256347656,,,-,Europe,FIN,High income
Finland,2007,5288.71,83.16799926757812,,,-,Europe,FIN,High income
Finland,2008,5313.377,83.29899597167969,,,-,Europe,FIN,High income
Finland,2009,5338.856,83.42900085449219,,,-,Europe,FIN,High income
Finland,2010,5363.35,83.77000427246094,,,-,Europe,FIN,High income
Finland,2011,5388.241,84.31299591064453,,,-,Europe,FIN,High income
Finland,2012,5413.971,84.84100341796875,,,-,Europe,FIN,High income
Finland,2013,5439.053,85.125,,,-,Europe,FIN,High income
Finland,2014,5461.684,85.17500305175781,,,-,Europe,FIN,High income
Finland,2015,5479.717,85.2249984741211,,,-,Europe,FIN,High income
Finland,2016,5495.469,85.2750015258789,,,-,Europe,FIN,High income
Finland,2017,5508.396,85.32500457763672,,,-,Europe,FIN,High income
Finland,2018,5515.736,85.38200378417969,,,-,Europe,FIN,High income
Finland,2019,5521.759,85.44599914550781,,,-,Europe,FIN,High income
Finland,2020,5529.612,85.51699829101562,,,-,Europe,FIN,High income
Finland,2021,5541.075,85.59600067138672,,,-,Europe,FIN,High income
Finland,2022,5569.299,85.68099975585938,,,-,Europe,FIN,High income
Finland,2023,5601.185,85.77299499511719,,,-,Europe,FIN,High income
Finland,2024,5617.31,85.87200164794922,,,-,Europe,FIN,High income
France,2000,59483.717,75.87100219726562,,,-,Europe,FRA,High income
France,2001,59905.128,76.12699890136719,,,-,Europe,FRA,High income
France,2002,60327.248,76.3800048828125,,,-,Europe,FRA,High income
France,2003,60741.126,76.63199615478516,,,-,Europe,FRA,High income
France,2004,61175.247,76.88300323486328,,,-,Europe,FRA,High income
France,2005,61625.032,77.1300048828125,,,-,Europe,FRA,High income
France,2006,62049.838,77.37699890136719,,,-,Europe,FRA,High income
France,2007,62432.439,77.62100219726562,,,-,Europe,FRA,High income
France,2008,62780.19,77.86800384521484,,,-,Europe,FRA,High income
France,2009,63106.463,78.11700439453125,,,-,Europe,FRA,High income
France,2010,63417.363,78.3689956665039,,,-,Europe,FRA,High income
France,2011,63733.777,78.62200164794922,,,-,Europe,FRA,High income
France,2012,64058.465,78.87799835205078,,,-,Europe,FRA,High income
France,2013,64387.734,79.13500213623047,,,-,Europe,FRA,High income
France,2014,64692.493,79.39399719238281,,,-,Europe,FRA,High income
France,2015,64916.336,79.65499877929688,,,-,Europe,FRA,High income
France,2016,65086.855,79.91699981689453,,,-,Europe,FRA,High income
France,2017,65284.776,80.18000030517578,,,-,Europe,FRA,High income
France,2018,65519.543,80.44400024414062,,,-,Europe,FRA,High income
France,2019,65729.459,80.70899963378906,,,-,Europe,FRA,High income
France,2020,65905.277,80.9749984741211,,,-,Europe,FRA,High income
France,2021,66083.548,81.24200439453125,,,-,Europe,FRA,High income
France,2022,66277.409,81.50900268554688,,,-,Europe,FRA,High income
France,2023,66438.822,81.7770004272461,,,-,Europe,FRA,High income
France,2024,66548.53,82.04399871826172,,,-,Europe,FRA,High income
French Guiana,2003,185.091,80.33200073242188,,,-,Americas,GUF,
French Guiana,2004,193.649,80.72799682617188,,,-,Americas,GUF,
French Guiana,2005,202.447,81.11600494384766,,,-,Americas,GUF,
French Guiana,2006,210.971,81.4990005493164,,,-,Americas,GUF,
French Guiana,2007,219.109,81.87100219726562,,,-,Americas,GUF,
French Guiana,2008,226.097,82.23199462890625,,,-,Americas,GUF,
French Guiana,2009,230.704,82.58300018310547,,,-,Americas,GUF,
French Guiana,2010,234.565,82.92400360107422,,,-,Americas,GUF,
French Guiana,2011,239.52,83.25499725341797,,,-,Americas,GUF,
French Guiana,2012,245.772,83.57499694824219,,,-,Americas,GUF,
French Guiana,2013,253.241,83.88700103759766,,,-,Americas,GUF,
French Guiana,2014,260.55,84.18899536132812,,,-,Americas,GUF,
French Guiana,2015,266.363,84.48200225830078,,,-,Americas,GUF,
French Guiana,2016,271.266,84.76599884033203,,,-,Americas,GUF,
French Guiana,2017,276.144,85.04199981689453,,,-,Americas,GUF,
French Guiana,2018,280.962,85.30999755859375,,,-,Americas,GUF,
French Guiana,2019,285.568,85.56900024414062,,,-,Americas,GUF,
French Guiana,2020,289.055,85.81999969482422,,,-,Americas,GUF,
French Guiana,2021,293.015,86.06299591064453,,,-,Americas,GUF,
French Guiana,2022,298.306,86.29900360107422,,,-,Americas,GUF,
French Guiana,2023,303.402,86.52799987792969,,,-,Americas,GUF,
French Guiana,2024,308.522,86.7490005493164,,,-,Americas,GUF,
French Polynesia,2000,240.337,56.0469970703125,,,-,Western Pacific,PYF,High income
French Polynesia,2001,244.097,55.96699523925781,,,-,Western Pacific,PYF,High income
French Polynesia,2002,247.775,55.887996673583984,,,-,Western Pacific,PYF,High income
French Polynesia,2003,251.637,56.242000579833984,,,-,Western Pacific,PYF,High income
French Polynesia,2004,255.654,56.83100128173828,,,-,Western Pacific,PYF,High income
French Polynesia,2005,259.507,57.41699981689453,,,-,Western Pacific,PYF,High income
French Polynesia,2006,263.223,58.00200271606445,,,-,Western Pacific,PYF,High income
French Polynesia,2007,266.438,58.584999084472656,,,-,Western Pacific,PYF,High income
French Polynesia,2008,268.379,59.16600036621094,,,-,Western Pacific,PYF,High income
French Polynesia,2009,269.481,59.74199676513672,,,-,Western Pacific,PYF,High income
French Polynesia,2010,270.58,60.31699752807617,,,-,Western Pacific,PYF,High income
French Polynesia,2011,271.727,60.88899993896485,,,-,Western Pacific,PYF,High income
French Polynesia,2012,273.084,61.45899963378906,,,-,Western Pacific,PYF,High income
French Polynesia,2013,274.728,61.58300018310547,,,-,Western Pacific,PYF,High income
French Polynesia,2014,276.387,61.63300323486328,,,-,Western Pacific,PYF,High income
French Polynesia,2015,277.866,61.68299865722656,,,-,Western Pacific,PYF,High income
French Polynesia,2016,279.178,61.73400115966797,,,-,Western Pacific,PYF,High income
French Polynesia,2017,280.087,61.78400039672852,,,-,Western Pacific,PYF,High income
French Polynesia,2018,279.815,61.83399963378906,,,-,Western Pacific,PYF,High income
French Polynesia,2019,279.034,61.89699935913086,,,-,Western Pacific,PYF,High income
French Polynesia,2020,279.209,61.97500228881836,,,-,Western Pacific,PYF,High income
French Polynesia,2021,279.792,62.06600189208984,,,-,Western Pacific,PYF,High income
French Polynesia,2022,280.378,62.16999816894531,,,-,Western Pacific,PYF,High income
French Polynesia,2023,281.118,62.28799819946289,,,-,Western Pacific,PYF,High income
French Polynesia,2024,281.807,62.41999816894531,,,-,Western Pacific,PYF,High income
Gabon,2017,2156.9,88.97599792480469,47.74914428079773,7.741589069366455,-,Africa,GAB,Upper middle income
Gabon,2018,2212.318,89.37000274658203,47.82049267595094,7.733504295349121,-,Africa,GAB,Upper middle income
Gabon,2019,2267.706,89.74099731445312,47.88767909564769,7.72588586807251,-,Africa,GAB,Upper middle income
Gabon,2020,2322.539,90.0919952392578,47.95124398541653,7.718677997589111,-,Africa,GAB,Upper middle income
Gabon,2021,2376.722,90.4229965209961,48.01118269601491,7.711889266967773,-,Africa,GAB,Upper middle income
Gabon,2022,2430.747,90.73500061035156,48.06768541364652,7.70548152923584,-,Africa,GAB,Upper middle income
Gabon,2023,2484.789,91.02899932861328,48.1209275492205,7.699444770812988,-,Africa,GAB,Upper middle income
Gabon,2024,2538.952,91.30699920654295,48.17127022344336,7.693740367889404,-,Africa,GAB,Upper middle income
Gambia,2012,2043.094,57.10499954223633,12.83587600894267,8.559334754943848,-,Africa,GMB,Low income
Gambia,2013,2103.82,57.81999969482422,12.84715738803414,8.56771183013916,-,Africa,GMB,Low income
Gambia,2014,2164.528,58.52799987792969,12.85832870896403,8.576004981994629,-,Africa,GMB,Low income
Gambia,2015,2224.529,59.22799682617188,12.86937350944766,8.584205627441406,-,Africa,GMB,Low income
Gambia,2016,2283.769,59.917999267578125,12.88026072876017,8.59228801727295,-,Africa,GMB,Low income
Gambia,2017,2342.189,60.5989990234375,12.89100622289886,8.600263595581055,-,Africa,GMB,Low income
Gambia,2018,2399.632,61.269996643066406,12.90159359816042,8.608122825622559,-,Africa,GMB,Low income
Gambia,2019,2456.844,61.93100357055664,12.91202315733236,8.615866661071777,-,Africa,GMB,Low income
Gambia,2020,2515.733,62.58199691772461,12.92229516094861,8.623491287231445,-,Africa,GMB,Low income
Gambia,2021,2576.01,63.22199630737305,12.93239333525061,8.630988121032715,-,Africa,GMB,Low income
Gambia,2022,2636.47,63.85200119018555,12.94233399749414,8.63836669921875,-,Africa,GMB,Low income
Gambia,2023,2697.845,64.47200012207031,12.95211677540686,8.6456298828125,-,Africa,GMB,Low income
Gambia,2024,2759.988,65.08000183105469,12.96171012106862,8.652750968933105,-,Africa,GMB,Low income
Georgia,2003,4085.483,52.82999801635742,,,-,Europe,GEO,Upper middle income
Georgia,2004,4056.073,53.21800231933594,,,-,Europe,GEO,Upper middle income
Georgia,2005,4026.131,53.6050033569336,,,-,Europe,GEO,Upper middle income
Georgia,2006,3996.591,53.99199676513672,,,-,Europe,GEO,Upper middle income
Georgia,2007,3967.59,54.378997802734375,,,-,Europe,GEO,Upper middle income
Georgia,2008,3941.195,54.76499938964844,,,-,Europe,GEO,Upper middle income
Georgia,2009,3918.941,55.150001525878906,,,-,Europe,GEO,Upper middle income
Georgia,2010,3895.925,55.53499984741211,,,-,Europe,GEO,Upper middle income
Georgia,2011,3868.724,55.91899871826172,,,-,Europe,GEO,Upper middle income
Georgia,2012,3839.208,56.303001403808594,,,-,Europe,GEO,Upper middle income
Georgia,2013,3809.125,56.685001373291016,,,-,Europe,GEO,Upper middle income
Georgia,2014,3792.916,57.06700134277344,91.52625470731452,1.4367948770523071,-,Europe,GEO,Upper middle income
Georgia,2015,3791.573,57.447998046875,91.55351303541131,1.4358710050582886,-,Europe,GEO,Upper middle income
Georgia,2016,3792.057,57.83699798583984,91.5813442266596,1.4349271059036257,-,Europe,GEO,Upper middle income
Georgia,2017,3792.859,58.23100280761719,91.60953362710184,1.4339711666107178,-,Europe,GEO,Upper middle income
Georgia,2018,3794.877,58.63199996948242,91.63822163854228,1.432999849319458,-,Europe,GEO,Upper middle income
Georgia,2019,3796.722,59.03900146484375,91.6673432350114,1.432010054588318,-,Europe,GEO,Upper middle income
Georgia,2020,3795.678,59.45299911499024,91.69695806117154,1.431010603904724,-,Europe,GEO,Upper middle income
Georgia,2021,3788.451,59.87200164794922,91.726940443447,1.4299890995025637,-,Europe,GEO,Upper middle income
Georgia,2022,3794.784,60.297000885009766,91.7573444423974,1.428960919380188,-,Europe,GEO,Upper middle income
Georgia,2023,3807.492,60.72700119018555,,,-,Europe,GEO,Upper middle income
Georgia,2024,3807.67,61.16200256347656,,,-,Europe,GEO,Upper middle income
Germany,2000,81797.258,74.96499633789062,,,-,Europe,DEU,High income
Germany,2001,81933.885,75.16999816894531,,,-,Europe,DEU,High income
Germany,2002,82068.326,75.3740005493164,,,-,Europe,DEU,High income
Germany,2003,82111.615,75.5770034790039,,,-,Europe,DEU,High income
Germany,2004,82092.708,75.77899932861328,,,-,Europe,DEU,High income
Germany,2005,82046.731,75.9800033569336,,,-,Europe,DEU,High income
Germany,2006,81701.971,76.17900085449219,,,-,Europe,DEU,High income
Germany,2007,81298.542,76.37799835205078,,,-,Europe,DEU,High income
Germany,2008,81110.777,76.57499694824219,,,-,Europe,DEU,High income
Germany,2009,80935.283,76.77099609375,,,-,Europe,DEU,High income
Germany,2010,80830.924,76.96600341796875,,,-,Europe,DEU,High income
Germany,2011,80857.874,77.16000366210938,,,-,Europe,DEU,High income
Germany,2012,80916.39,77.17000579833984,,,-,Europe,DEU,High income
Germany,2013,81041.582,77.18000030517578,,,-,Europe,DEU,High income
Germany,2014,81376.08,77.19000244140625,,,-,Europe,DEU,High income
Germany,2015,82077.55,77.20000457763672,,,-,Europe,DEU,High income
Germany,2016,82760.102,77.2239990234375,,,-,Europe,DEU,High income
Germany,2017,83104.007,77.26100158691406,,,-,Europe,DEU,High income
Germany,2018,83368.505,77.31199645996094,,,-,Europe,DEU,High income
Germany,2019,83559.186,77.3759994506836,,,-,Europe,DEU,High income
Germany,2020,83628.708,77.4530029296875,,,-,Europe,DEU,High income
Germany,2021,83697.083,77.54399871826172,,,-,Europe,DEU,High income
Germany,2022,84086.227,77.64800262451172,,,-,Europe,DEU,High income
Germany,2023,84548.231,77.76499938964844,,,-,Europe,DEU,High income
Germany,2024,84552.242,77.8949966430664,,,-,Europe,DEU,High income
Ghana,2011,26095.088,51.39399719238281,39.84986082517109,26.031312942504883,-,Africa,GHA,Lower middle income
Ghana,2012,26734.268,52.073001861572266,39.89457531738149,25.983612060546875,-,Africa,GHA,Lower middle income
Ghana,2013,27386.193,52.74800109863281,39.93902602622697,25.936189651489254,-,Africa,GHA,Lower middle income
Ghana,2014,28041.592,53.41899871826172,39.98321434295804,25.889047622680664,-,Africa,GHA,Lower middle income
Ghana,2015,28696.068,54.08599853515625,40.02713942417321,25.842185974121094,-,Africa,GHA,Lower middle income
Ghana,2016,29356.742,54.749000549316406,40.53793143606016,24.02228355407715,-,Africa,GHA,Lower middle income
Ghana,2017,30008.354,55.40699768066406,41.07339651529032,22.207984924316406,-,Africa,GHA,Lower middle income
Ghana,2018,30637.585,56.05999755859375,41.63325131673366,20.399227142333984,-,Africa,GHA,Lower middle income
Ghana,2019,31258.945,56.70700073242188,42.21706682029615,18.596010208129883,-,Africa,GHA,Lower middle income
Ghana,2020,31887.809,57.349002838134766,42.82466395547949,16.798206329345703,-,Africa,GHA,Lower middle income
Ghana,2021,32518.665,57.98500061035156,43.45557835260475,15.005802154541016,-,Africa,GHA,Lower middle income
Ghana,2022,33149.152,58.61499786376953,44.10946273145637,13.21873378753662,-,Africa,GHA,Lower middle income
Ghana,2023,33787.914,59.23799896240234,44.7857609368921,11.436963081359863,-,Africa,GHA,Lower middle income
Ghana,2024,34427.414,59.854000091552734,45.48407927454813,9.66039752960205,-,Africa,GHA,Lower middle income
Greece,2000,10782.635,72.71599578857422,,,-,Europe,GRC,High income
Greece,2001,10843.164,72.91300201416016,,,-,Europe,GRC,High income
Greece,2002,10890.285,73.3030014038086,,,-,Europe,GRC,High income
Greece,2003,10918.471,73.68900299072266,,,-,Europe,GRC,High income
Greece,2004,10947.365,74.072998046875,,,-,Europe,GRC,High income
Greece,2005,10981.334,74.4520034790039,,,-,Europe,GRC,High income
Greece,2006,11016.103,74.82699584960938,,,-,Europe,GRC,High income
Greece,2007,11045.737,75.19900512695312,,,-,Europe,GRC,High income
Greece,2008,11076.872,75.56800079345703,,,-,Europe,GRC,High income
Greece,2009,11108.069,75.93199920654297,,,-,Europe,GRC,High income
Greece,2010,11124.67,76.29199981689453,,,-,Europe,GRC,High income
Greece,2011,11108.844,76.64900207519531,,,-,Europe,GRC,High income
Greece,2012,11048.298,77.00399780273438,,,-,Europe,GRC,High income
Greece,2013,10967.54,77.35499572753906,,,-,Europe,GRC,High income
Greece,2014,10893.166,77.70199584960938,,,-,Europe,GRC,High income
Greece,2015,10820.903,78.0459976196289,,,-,Europe,GRC,High income
Greece,2016,10775.504,78.38700103759766,,,-,Europe,GRC,High income
Greece,2017,10753.533,78.7239990234375,,,-,Europe,GRC,High income
Greece,2018,10730.844,79.05799865722656,,,-,Europe,GRC,High income
Greece,2019,10718.576,79.38800048828125,,,-,Europe,GRC,High income
Greece,2020,10699.369,79.71500396728516,,,-,Europe,GRC,High income
Greece,2021,10579.561,80.03800201416016,,,-,Europe,GRC,High income
Greece,2022,10412.48,80.35699462890625,,,-,Europe,GRC,High income
Greece,2023,10242.908,80.6729965209961,,,-,Europe,GRC,High income
Greece,2024,10047.817,80.98400115966797,,,-,Europe,GRC,High income
Guadeloupe,2003,413.418,98.4000015258789,,,-,Americas,GLP,
Guadeloupe,2004,410.854,98.4000015258789,,,-,Americas,GLP,
Guadeloupe,2005,408.077,98.4000015258789,,,-,Americas,GLP,
Guadeloupe,2006,407.219,98.4000015258789,,,-,Americas,GLP,
Guadeloupe,2007,408.296,98.4010009765625,,,-,Americas,GLP,
Guadeloupe,2008,408.979,98.40299987792967,,,-,Americas,GLP,
Guadeloupe,2009,408.992,98.40599822998048,,,-,Americas,GLP,
Guadeloupe,2010,408.812,98.40999603271484,,,-,Americas,GLP,
Guadeloupe,2011,409.053,98.41400146484376,,,-,Americas,GLP,
Guadeloupe,2012,409.152,98.41999816894533,,,-,Americas,GLP,
Guadeloupe,2013,408.361,98.42699432373048,,,-,Americas,GLP,
Guadeloupe,2014,406.64,98.43399810791016,,,-,Americas,GLP,
Guadeloupe,2015,403.95,98.44300079345705,,,-,Americas,GLP,
Guadeloupe,2016,404.634,98.4520034790039,,,-,Americas,GLP,
Guadeloupe,2017,412.692,98.46299743652344,,,-,Americas,GLP,
Guadeloupe,2018,415.18,98.4739990234375,,,-,Americas,GLP,
Guadeloupe,2019,410.257,98.48600006103516,,,-,Americas,GLP,
Guadeloupe,2020,407.394,98.4990005493164,,,-,Americas,GLP,
Guadeloupe,2021,399.151,98.51200103759766,,,-,Americas,GLP,
Guadeloupe,2022,384.697,98.5260009765625,,,-,Americas,GLP,
Guadeloupe,2023,376.517,98.54199981689452,,,-,Americas,GLP,
Guadeloupe,2024,375.106,98.55699920654295,,,-,Americas,GLP,
Guam,2000,160.065,93.12899780273438,,1.79876971244812,91.20173334365086,Western Pacific,GUM,High income
Guam,2001,161.329,93.23300170898438,,1.7950408458709717,92.00740097276002,Western Pacific,GUM,High income
Guam,2002,162.315,93.33399963378906,,1.7913118600845337,92.81306860186919,Western Pacific,GUM,High income
Guam,2003,163.137,93.43499755859376,,1.7875828742980957,93.61873623097836,Western Pacific,GUM,High income
Guam,2004,163.81,93.53399658203124,,1.7838540077209473,94.42440386008752,Western Pacific,GUM,High income
Guam,2005,164.365,93.63099670410156,,1.7801250219345093,95.23007148919646,Western Pacific,GUM,High income
Guam,2006,164.839,93.72699737548828,,1.7763961553573608,96.03573911830563,Western Pacific,GUM,High income
Guam,2007,165.267,93.82200622558594,,1.7726671695709229,96.8414067474148,Western Pacific,GUM,High income
Guam,2008,165.693,93.91600036621094,,1.7689381837844849,97.64707437652396,Western Pacific,GUM,High income
Guam,2009,166.173,94.00799560546876,,1.7652093172073364,98.4527420056329,Western Pacific,GUM,High income
Guam,2010,166.522,94.0989990234375,,1.7614803314208984,>99,Western Pacific,GUM,High income
Guam,2011,166.543,94.18799591064452,,1.7577513456344604,>99,Western Pacific,GUM,High income
Guam,2012,166.331,94.2770004272461,,1.754022479057312,>99,Western Pacific,GUM,High income
Guam,2013,165.966,94.36399841308594,,1.750293493270874,>99,Western Pacific,GUM,High income
Guam,2014,165.486,94.44900512695312,,1.7465646266937256,>99,Western Pacific,GUM,High income
Guam,2015,164.905,94.53399658203124,,1.7428356409072876,>99,Western Pacific,GUM,High income
Guam,2016,164.233,94.61699676513672,,1.7391066551208496,>99,Western Pacific,GUM,High income
Guam,2017,163.49,94.69900512695312,,1.7353777885437012,>99,Western Pacific,GUM,High income
Guam,2018,162.679,94.77999877929688,,1.7316488027572632,>99,Western Pacific,GUM,High income
Guam,2019,161.808,94.85900115966795,,1.7279199361801147,>99,Western Pacific,GUM,High income
Guam,2020,162.158,94.93799591064452,,1.7241909503936768,>99,Western Pacific,GUM,High income
Guam,2021,163.73,95.01499938964844,,1.7204619646072388,>99,Western Pacific,GUM,High income
Guam,2022,165.18,95.09099578857422,,1.7167330980300903,>99,Western Pacific,GUM,High income
Guam,2023,166.506,95.16600036621094,,1.7167330980300903,>99,Western Pacific,GUM,High income
Guam,2024,167.777,95.24000549316406,,1.7167330980300903,>99,Western Pacific,GUM,High income
Guatemala,2011,14792.126,48.70100021362305,76.40238117507462,2.59185004234314,-,Americas,GTM,Upper middle income
Guatemala,2012,15089.647,49.0,76.44213572118385,2.5907323360443115,-,Americas,GTM,Upper middle income
Guatemala,2013,15387.337,49.31100082397461,76.48348508057737,2.5895700454711914,-,Americas,GTM,Upper middle income
Guatemala,2014,15681.725,49.63399887084961,76.52642867641006,2.588364362716675,-,Americas,GTM,Upper middle income
Guatemala,2015,15971.743,49.97100067138672,76.57123783218891,2.5871012210845947,-,Americas,GTM,Upper middle income
Guatemala,2016,16268.76,50.31899642944336,76.61750475964779,2.585802793502808,-,Americas,GTM,Upper middle income
Guatemala,2017,16567.357,50.68000030517578,76.66550579631294,2.584449291229248,-,Americas,GTM,Upper middle income
Guatemala,2018,16845.685,51.05400085449219,76.71523232434278,2.5830507278442383,-,Americas,GTM,Upper middle income
Guatemala,2019,17103.803,51.43899917602539,76.76642123386742,2.5816104412078857,-,Americas,GTM,Upper middle income
Guernsey,2000,60.269,,,,-,Europe,GGY,
Guernsey,2001,60.462,,,,-,Europe,GGY,
Guernsey,2002,60.584,,,,-,Europe,GGY,
Guernsey,2003,60.681,,,,-,Europe,GGY,
Guernsey,2004,60.776,,,,-,Europe,GGY,
Guernsey,2005,60.877,,,,-,Europe,GGY,
Guernsey,2006,60.986,,,,-,Europe,GGY,
Guernsey,2007,61.102,,,,-,Europe,GGY,
Guernsey,2008,61.228,,,,-,Europe,GGY,
Guernsey,2009,61.366,,,,-,Europe,GGY,
Guernsey,2010,61.513,,,,-,Europe,GGY,
Guernsey,2011,61.677,,,,-,Europe,GGY,
Guernsey,2012,61.856,,,,-,Europe,GGY,
Guernsey,2013,62.023,,,,-,Europe,GGY,
Guernsey,2014,62.158,,,,-,Europe,GGY,
Guernsey,2015,62.237,,,,-,Europe,GGY,
Guernsey,2016,62.191,,,,-,Europe,GGY,
Guernsey,2017,62.194,,,,-,Europe,GGY,
Guernsey,2018,62.431,,,,-,Europe,GGY,
Guernsey,2019,62.783,,,,-,Europe,GGY,
Guernsey,2020,63.105,,,,-,Europe,GGY,
Guernsey,2021,63.413,,,,-,Europe,GGY,
Guernsey,2022,63.725,,,,-,Europe,GGY,
Guernsey,2023,64.017,,,,-,Europe,GGY,
Guernsey,2024,64.28,,,,-,Europe,GGY,
Guinea,2014,11472.924,34.83599853515625,20.06777865962925,28.4746036529541,-,Africa,GIN,Lower middle income
Guinea,2015,11767.07,35.14099884033203,20.12898457838078,28.457874298095703,-,Africa,GIN,Lower middle income
Guinea,2016,12073.03,35.46000289916992,20.19300158383193,28.440370559692383,-,Africa,GIN,Lower middle income
Guinea,2017,12385.659,35.792999267578125,20.25982687857941,28.422103881835938,-,Africa,GIN,Lower middle income
Guinea,2018,12704.774,36.13999938964844,20.32946101462161,28.4030704498291,-,Africa,GIN,Lower middle income
Guinea,2019,13034.346,36.5,20.40170531605415,28.383319854736328,-,Africa,GIN,Lower middle income
Guinea,2020,13371.183,36.875,20.47695938167729,28.36274528503418,-,Africa,GIN,Lower middle income
Guinea,2021,13710.513,37.26399993896485,20.55502277098111,28.34140396118164,-,Africa,GIN,Lower middle income
Guinea,2022,14055.137,37.667999267578125,20.63609568412677,28.319242477416992,-,Africa,GIN,Lower middle income
Guinea-Bissau,2000,1234.741,36.24300003051758,,,-,Africa,GNB,Low income
Guinea-Bissau,2001,1261.273,36.62200164794922,,,-,Africa,GNB,Low income
Guinea-Bissau,2002,1289.307,37.00400161743164,,,-,Africa,GNB,Low income
Guinea-Bissau,2003,1318.806,37.38699722290039,,,-,Africa,GNB,Low income
Guinea-Bissau,2004,1349.563,37.77199935913086,1.0,98.89169311523438,-,Africa,GNB,Low income
Guinea-Bissau,2005,1381.585,38.15700149536133,1.0,98.88040161132812,-,Africa,GNB,Low income
Guinea-Bissau,2006,1415.303,38.54500198364258,1.0,98.8690185546875,-,Africa,GNB,Low income
Guinea-Bissau,2007,1450.986,38.93400192260742,1.0,98.85760498046876,-,Africa,GNB,Low income
Guinea-Bissau,2008,1488.054,39.32499694824219,1.0,98.84613037109376,-,Africa,GNB,Low income
Guinea-Bissau,2009,1526.377,39.71599960327149,1.463568136951526,97.23625946044922,-,Africa,GNB,Low income
Guinea-Bissau,2010,1566.347,40.11100006103516,2.958614822344221,94.69112396240234,-,Africa,GNB,Low income
Guinea-Bissau,2011,1608.076,40.507999420166016,4.457286822398999,92.14188385009766,-,Africa,GNB,Low income
Guinea-Bissau,2012,1651.417,40.90800094604492,5.959658285374402,89.58843994140625,-,Africa,GNB,Low income
Guinea-Bissau,2013,1695.973,41.310001373291016,7.465717605595901,87.03082275390625,-,Africa,GNB,Low income
Guinea-Bissau,2014,1741.122,41.71500015258789,8.975548291290039,84.46891021728516,-,Africa,GNB,Low income
Guinea-Bissau,2015,1786.457,42.12299728393555,10.48919059197673,81.90267944335938,-,Africa,GNB,Low income
Guinea-Bissau,2016,1831.893,42.53300094604492,12.00661879332567,79.3321533203125,-,Africa,GNB,Low income
Guinea-Bissau,2017,1877.072,42.94499969482422,13.52786075075909,76.75730895996094,-,Africa,GNB,Low income
Guinea-Bissau,2018,1922.168,43.36000061035156,15.05301775049851,74.17801666259766,-,Africa,GNB,Low income
Guinea-Bissau,2019,1967.696,43.777000427246094,16.58205035180162,71.59432983398438,-,Africa,GNB,Low income
Guinea-Bissau,2020,2013.255,44.19599914550781,18.11498541959599,69.0062255859375,-,Africa,GNB,Low income
Guinea-Bissau,2021,2058.841,44.617000579833984,19.65185048296393,66.4136734008789,-,Africa,GNB,Low income
Guinea-Bissau,2022,2105.529,45.04100036621094,19.68909239070299,66.36689758300781,-,Africa,GNB,Low income
Guinea-Bissau,2023,2153.339,45.46599960327149,19.72642306017578,66.32001495361328,-,Africa,GNB,Low income
Guinea-Bissau,2024,2201.352,45.89299774169922,19.76392875699093,66.27290344238281,-,Africa,GNB,Low income
Guyana,2008,754.606,27.10500144958496,75.8879034108277,13.183634757995604,-,Americas,GUY,High income
Guyana,2009,752.094,26.86899948120117,75.89168316283104,13.167494773864746,-,Americas,GUY,High income
Guyana,2010,749.256,26.63399887084961,75.89545413175397,13.151415824890137,-,Americas,GUY,High income
Guyana,2011,746.153,26.399999618530277,75.8992044699676,13.135409355163574,-,Americas,GUY,High income
Guyana,2012,746.288,26.399999618530277,75.89920545952279,13.135408401489258,-,Americas,GUY,High income
Guyana,2013,750.021,26.399999618530277,76.66101261844533,12.44784927368164,-,Americas,GUY,High income
Guyana,2014,754.229,26.41400146484375,77.42244262229765,11.761065483093262,-,Americas,GUY,High income
Guyana,2015,758.781,26.440998077392575,78.18328488416947,11.074753761291504,-,Americas,GUY,High income
Guyana,2016,763.548,26.48200035095215,78.94328948176025,10.388701438903809,-,Americas,GUY,High income
Guyana,2017,768.479,26.538000106811523,79.70217568492508,9.702682495117188,-,Americas,GUY,High income
Guyana,2018,791.556,26.60599899291992,80.45984173391476,9.01632022857666,-,Americas,GUY,High income
Guyana,2019,807.665,26.68899917602539,81.21592767367372,8.329450607299805,-,Americas,GUY,High income
Guyana,2020,807.481,26.785999298095703,81.97023242411466,7.641782760620117,-,Americas,GUY,High income
Guyana,2021,815.482,26.89700126647949,82.72252561092405,6.953047275543213,-,Americas,GUY,High income
Guyana,2022,821.637,27.02200126647949,83.47257727339046,6.262972354888916,-,Americas,GUY,High income
Guyana,2023,826.353,27.16200065612793,83.46251288339704,6.263687133789063,-,Americas,GUY,High income
Guyana,2024,831.087,27.316001892089844,83.45144444274294,6.264470100402832,-,Americas,GUY,High income
Haiti,2006,9216.562,43.604000091552734,24.18315206212705,40.39827728271485,-,Americas,HTI,Lower middle income
Haiti,2007,9373.296,44.57400131225586,24.32358455347465,40.3278694152832,-,Americas,HTI,Lower middle income
Haiti,2008,9530.774,45.55099868774414,24.46502950338171,40.256954193115234,-,Americas,HTI,Lower middle income
Haiti,2009,9689.581,46.52799987792969,24.60647513911837,40.18603897094727,-,Americas,HTI,Lower middle income
Haiti,2010,9803.294,47.50899887084961,24.74849932635135,40.11483383178711,-,Americas,HTI,Lower middle income
Haiti,2011,9914.904,48.492000579833984,24.4954541210102,36.66002655029297,-,Americas,HTI,Lower middle income
Haiti,2012,10069.771,49.47699737548828,24.23750412394729,33.2009391784668,-,Americas,HTI,Lower middle income
Haiti,2013,10222.362,50.459999084472656,23.97408351244542,29.73788070678711,-,Americas,HTI,Lower middle income
Haiti,2014,10373.235,51.44400024414063,23.70561459450237,26.270612716674805,-,Americas,HTI,Lower middle income
Haiti,2015,10523.242,52.42699813842773,23.43182188858218,22.79930305480957,-,Americas,HTI,Lower middle income
Haiti,2016,10671.457,53.39599990844727,23.15103912824661,19.325063705444336,-,Americas,HTI,Lower middle income
Haiti,2017,10817.754,54.34600067138672,22.86274619818433,15.848414421081545,-,Americas,HTI,Lower middle income
Haiti,2018,10962.362,55.27799606323242,22.56721536301964,12.369390487670898,-,Americas,HTI,Lower middle income
Haiti,2019,11105.163,56.19199752807617,22.26459073180205,8.888102531433105,-,Americas,HTI,Lower middle income
Haiti,2020,11243.848,57.0880012512207,22.37304282871205,8.80615234375,-,Americas,HTI,Lower middle income
Haiti,2021,11374.586,57.96399688720703,22.47907412524285,8.726028442382812,-,Americas,HTI,Lower middle income
Haiti,2022,11503.606,58.81999588012695,22.58268484784956,8.647736549377441,-,Americas,HTI,Lower middle income
Haiti,2023,11637.398,59.65599822998047,22.68387464250545,8.571273803710938,-,Americas,HTI,Lower middle income
Honduras,2006,7656.832,49.244998931884766,83.46549215260687,6.848750114440918,-,Americas,HND,Lower middle income
Honduras,2007,7834.798,49.90499877929688,83.51937745378466,6.866679191589356,-,Americas,HND,Lower middle income
Honduras,2008,8012.587,50.56599807739258,83.57334962906192,6.88463020324707,-,Americas,HND,Lower middle income
Honduras,2009,8189.899,51.22500228881836,83.62715542723942,6.902530193328857,-,Americas,HND,Lower middle income
Honduras,2010,8365.878,51.88500213623047,83.68104301734712,6.92045783996582,-,Americas,HND,Lower middle income
Honduras,2011,8540.583,52.54300308227539,83.83960134506395,6.312923431396484,-,Americas,HND,Lower middle income
Honduras,2012,8715.076,53.201995849609375,83.98974960410737,5.699831485748291,-,Americas,HND,Lower middle income
Honduras,2013,8889.278,53.858001708984375,84.1312042944168,5.081127643585205,-,Americas,HND,Lower middle income
Honduras,2014,9063.122,54.51400375366211,84.26420310715191,4.456866264343262,-,Americas,HND,Lower middle income
Honduras,2015,9237.305,55.16499710083008,84.38849248932054,3.827026128768921,-,Americas,HND,Lower middle income
Honduras,2016,9412.38,55.81300354003906,84.50425740392595,3.1916708946228027,-,Americas,HND,Lower middle income
Honduras,2017,9588.137,56.45700073242188,84.61151498890804,2.5508458614349365,-,Americas,HND,Lower middle income
Honduras,2018,9765.21,57.09599685668945,84.71031514119183,1.904605746269226,-,Americas,HND,Lower middle income
Honduras,2019,9943.633,57.72999954223633,84.80075665834151,1.2530121803283691,-,Americas,HND,Lower middle income
Honduras,2020,10119.64,58.3589973449707,84.88293467590067,1.0,-,Americas,HND,Lower middle income
Honduras,2021,10289.877,58.98200225830078,84.95693965656922,1.0,-,Americas,HND,Lower middle income
Honduras,2022,10463.872,59.60000228881836,84.96355828497664,1.0,-,Americas,HND,Lower middle income
Honduras,2023,10644.851,60.21199798583984,84.97011171173126,1.0,-,Americas,HND,Lower middle income
Honduras,2024,10825.703,60.817996978759766,84.97660129144289,1.0,-,Americas,HND,Lower middle income
Hungary,2000,10190.6,64.57499694824219,,,-,Europe,HUN,High income
Hungary,2001,10166.69,64.67000579833984,,,-,Europe,HUN,High income
Hungary,2002,10138.466,65.08100128173828,,,-,Europe,HUN,High income
Hungary,2003,10108.963,65.48899841308594,,,-,Europe,HUN,High income
Hungary,2004,10085.791,65.89599609375,,,-,Europe,HUN,High income
Hungary,2005,10065.706,66.36499786376953,,,-,Europe,HUN,High income
Hungary,2006,10049.943,66.89500427246094,,,-,Europe,HUN,High income
Hungary,2007,10034.082,67.4209976196289,,,-,Europe,HUN,High income
Hungary,2008,10016.657,67.94300079345703,,,-,Europe,HUN,High income
Hungary,2009,10001.378,68.45999908447266,,,-,Europe,HUN,High income
Hungary,2010,9979.129,68.91099548339844,,,-,Europe,HUN,High income
Hungary,2011,9946.676,69.35799407958984,,,-,Europe,HUN,High income
Hungary,2012,9916.623,69.6780014038086,,,-,Europe,HUN,High income
Hungary,2013,9889.346,69.9530029296875,,,-,Europe,HUN,High income
Hungary,2014,9862.842,70.22699737548828,,,-,Europe,HUN,High income
Hungary,2015,9839.211,70.5,,,-,Europe,HUN,High income
Hungary,2016,9810.532,70.77899932861328,,,-,Europe,HUN,High income
Hungary,2017,9785.604,71.06199645996094,,,-,Europe,HUN,High income
Hungary,2018,9774.394,71.35099792480469,,,-,Europe,HUN,High income
Hungary,2019,9770.346,71.64400482177734,,,-,Europe,HUN,High income
Hungary,2020,9749.457,71.94200134277344,,,-,Europe,HUN,High income
Hungary,2021,9707.85,72.24500274658203,,,-,Europe,HUN,High income
Hungary,2022,9684.306,72.552001953125,,,-,Europe,HUN,High income
Hungary,2023,9686.463,72.86399841308594,,,-,Europe,HUN,High income
Hungary,2024,9676.135,73.17900085449219,,,-,Europe,HUN,High income
Iceland,2000,281.28,92.4010009765625,,,-,Europe,ISL,High income
Iceland,2001,285.053,92.5320053100586,,,-,Europe,ISL,High income
Iceland,2002,287.607,92.66200256347656,,,-,Europe,ISL,High income
Iceland,2003,289.605,92.78900146484376,,,-,Europe,ISL,High income
Iceland,2004,292.168,92.91399383544922,,,-,Europe,ISL,High income
Iceland,2005,296.834,93.03699493408205,,,-,Europe,ISL,High income
Iceland,2006,303.874,93.15900421142578,,,-,Europe,ISL,High income
Iceland,2007,311.651,93.27799987792967,,,-,Europe,ISL,High income
Iceland,2008,317.514,93.39500427246094,,,-,Europe,ISL,High income
Iceland,2009,318.612,93.51099395751952,,,-,Europe,ISL,High income
Iceland,2010,318.158,93.5739974975586,,,-,Europe,ISL,High income
Iceland,2011,319.137,93.58699798583984,,,-,Europe,ISL,High income
Iceland,2012,320.841,93.5999984741211,,,-,Europe,ISL,High income
Iceland,2013,323.885,93.63300323486328,,,-,Europe,ISL,High income
Iceland,2014,327.512,93.66699981689452,,,-,Europe,ISL,High income
Iceland,2015,330.952,93.6999969482422,,,-,Europe,ISL,High income
Iceland,2016,335.574,93.73500061035156,,,-,Europe,ISL,High income
Iceland,2017,343.531,93.77300262451172,,,-,Europe,ISL,High income
Iceland,2018,352.854,93.81300354003906,,,-,Europe,ISL,High income
Iceland,2019,360.7,93.85499572753906,,,-,Europe,ISL,High income
Iceland,2020,366.614,93.8979949951172,,,-,Europe,ISL,High income
Iceland,2021,372.644,93.94400024414062,,,-,Europe,ISL,High income
Iceland,2022,380.356,93.99200439453124,,,-,Europe,ISL,High income
Iceland,2023,387.558,94.04199981689452,,,-,Europe,ISL,High income
Iceland,2024,393.396,94.09400177001952,,,-,Europe,ISL,High income
India,2000,1057922.733,27.667001724243164,,,-,South-East Asia,IND,Lower middle income
India,2001,1077898.575,27.917999267578125,,,-,South-East Asia,IND,Lower middle income
India,2002,1097600.38,28.244001388549805,,,-,South-East Asia,IND,Lower middle income
India,2003,1116803.006,28.571998596191406,,,-,South-East Asia,IND,Lower middle income
India,2004,1135991.513,28.90299797058105,,,-,South-East Asia,IND,Lower middle income
India,2005,1154676.322,29.23499870300293,,,-,South-East Asia,IND,Lower middle income
India,2006,1172878.89,29.569000244140625,,,-,South-East Asia,IND,Lower middle income
India,2007,1190676.021,29.90599822998047,,,-,South-East Asia,IND,Lower middle income
India,2008,1207930.964,30.246002197265625,,,-,South-East Asia,IND,Lower middle income
India,2009,1225524.753,30.58699989318848,,,-,South-East Asia,IND,Lower middle income
India,2010,1243481.564,30.93000030517578,54.19907925665299,3.1605913639068604,-,South-East Asia,IND,Lower middle income
India,2011,1261224.954,31.275999069213867,54.30463657445077,3.154156446456909,-,South-East Asia,IND,Lower middle income
India,2012,1278674.502,31.63400077819824,54.41385371294476,3.147500991821289,-,South-East Asia,IND,Lower middle income
India,2013,1295829.511,32.00300216674805,54.52642398753567,3.1406450271606445,-,South-East Asia,IND,Lower middle income
India,2014,1312277.191,32.38399887084961,54.64265845331598,3.1335601806640625,-,South-East Asia,IND,Lower middle income
India,2015,1328024.498,32.777000427246094,58.59710732410021,2.9417450428009038,-,South-East Asia,IND,Lower middle income
India,2016,1343944.296,33.18199920654297,62.53696512163116,2.750673532485962,-,South-East Asia,IND,Lower middle income
India,2017,1359657.4,33.599998474121094,66.46165627931161,2.560373544692993,-,South-East Asia,IND,Lower middle income
India,2018,1374659.064,34.029998779296875,70.37009156470893,2.370901107788086,-,South-East Asia,IND,Lower middle income
India,2019,1389030.312,34.47200012207031,74.26145830438,2.182300806045532,-,South-East Asia,IND,Lower middle income
India,2020,1402617.695,34.92599868774414,78.13494553144517,1.994615077972412,-,South-East Asia,IND,Lower middle income
India,2021,1414203.896,35.39299774169922,81.98988695061809,1.8078802824020384,-,South-East Asia,IND,Lower middle income
India,2022,1425423.212,35.87200164794922,85.82528098534071,1.622148871421814,-,South-East Asia,IND,Lower middle income
India,2023,1438069.596,36.3640022277832,89.64042017916903,1.4374547004699707,-,South-East Asia,IND,Lower middle income
India,2024,1450935.791,36.86699676513672,89.69186817000701,1.4334964752197266,-,South-East Asia,IND,Lower middle income
Indonesia,2006,233951.652,46.73799896240234,74.9387423437233,24.34513092041016,-,Western Pacific,IDN,Upper middle income
Indonesia,2007,237062.337,47.53499984741211,75.08752280256289,24.18623733520508,-,Western Pacific,IDN,Upper middle income
Indonesia,2008,240157.903,48.334999084472656,75.23686458103082,24.026744842529297,-,Western Pacific,IDN,Upper middle income
Indonesia,2009,243220.028,49.13400268554688,75.38601774270978,23.86745262145996,-,Western Pacific,IDN,Upper middle income
Indonesia,2010,246305.322,49.91399765014648,75.53162211837711,23.711950302124023,-,Western Pacific,IDN,Upper middle income
Indonesia,2011,249470.032,50.59499740600586,75.92297717466053,20.91947364807129,-,Western Pacific,IDN,Upper middle income
Indonesia,2012,252698.525,51.275997161865234,76.30096226594245,18.15739631652832,-,Western Pacific,IDN,Upper middle income
Indonesia,2013,255852.467,51.95500183105469,76.66525822892224,15.42598819732666,-,Western Pacific,IDN,Upper middle income
Indonesia,2014,258877.399,52.63500213623047,77.01636906438046,12.72478485107422,-,Western Pacific,IDN,Upper middle income
Indonesia,2015,261799.249,53.3129997253418,77.35385317340526,10.054113388061523,-,Western Pacific,IDN,Upper middle income
Indonesia,2016,264627.418,53.98899841308594,77.67776721622694,7.413843154907227,-,Western Pacific,IDN,Upper middle income
Indonesia,2017,267346.658,54.65899658203125,77.98770212664029,4.804008483886719,-,Western Pacific,IDN,Upper middle income
Indonesia,2018,269951.846,55.32500076293945,78.28404837617681,2.2241690158843994,-,Western Pacific,IDN,Upper middle income
Indonesia,2019,272489.381,55.9849967956543,78.56672787862026,1.0,-,Western Pacific,IDN,Upper middle income
Indonesia,2020,274814.866,56.64099884033203,78.83609332159938,1.0,-,Western Pacific,IDN,Upper middle income
Indonesia,2021,276758.053,57.290000915527344,79.09202688317437,1.0,-,Western Pacific,IDN,Upper middle income
Indonesia,2022,278830.529,57.93399810791016,79.3348726179178,1.0,-,Western Pacific,IDN,Upper middle income
Indonesia,2023,281190.067,58.571998596191406,79.56471697542251,1.0,-,Western Pacific,IDN,Upper middle income
Indonesia,2024,283487.931,59.20399856567383,79.7817434765757,1.0,-,Western Pacific,IDN,Upper middle income
Iran (Islamic Republic of),2000,66418.659,64.04199981689453,,,71.21721362713483,Eastern Mediterranean,IRN,Upper middle income
Iran (Islamic Republic of),2001,67452.005,64.75800323486328,,,73.16186807033853,Eastern Mediterranean,IRN,Upper middle income
Iran (Islamic Republic of),2002,68011.317,65.46800231933594,,,75.07109316818116,Eastern Mediterranean,IRN,Upper middle income
Iran (Islamic Republic of),2003,68769.34,66.1719970703125,,,76.94530285166188,Eastern Mediterranean,IRN,Upper middle income
Iran (Islamic Republic of),2004,70256.316,66.86900329589844,,,78.78455758983785,Eastern Mediterranean,IRN,Upper middle income
Iran (Islamic Republic of),2005,71828.455,67.55799865722656,,,80.58899885611389,Eastern Mediterranean,IRN,Upper middle income
Iran (Islamic Republic of),2006,73392.747,68.23899841308594,,,82.35918204870886,Eastern Mediterranean,IRN,Upper middle income
Iran (Islamic Republic of),2007,74602.648,68.86399841308594,,,84.08182431600132,Eastern Mediterranean,IRN,Upper middle income
Iran (Islamic Republic of),2008,75514.204,69.45800018310547,,,85.76742827696623,Eastern Mediterranean,IRN,Upper middle income
Iran (Islamic Republic of),2009,76457.825,70.04499816894531,,,87.4239521081559,Eastern Mediterranean,IRN,Upper middle income
Iran (Islamic Republic of),2010,77420.842,70.6259994506836,,,89.05210020854167,Eastern Mediterranean,IRN,Upper middle income
Iran (Islamic Republic of),2011,78383.598,71.20000457763672,,,90.6520854417585,Eastern Mediterranean,IRN,Upper middle income
Iran (Islamic Republic of),2012,79370.58,71.75499725341797,,,92.22232644181935,Eastern Mediterranean,IRN,Upper middle income
Iran (Islamic Republic of),2013,80414.686,72.29499816894531,,,93.76472510248114,Eastern Mediterranean,IRN,Upper middle income
Iran (Islamic Republic of),2014,81502.045,72.82999420166016,,,95.28159202038971,Eastern Mediterranean,IRN,Upper middle income
Iran (Islamic Republic of),2015,82619.362,73.35800170898438,,,96.77306779749503,Eastern Mediterranean,IRN,Upper middle income
Iran (Islamic Republic of),2016,83812.228,73.87999725341797,,,97.97959337694593,Eastern Mediterranean,IRN,Upper middle income
Iran (Islamic Republic of),2017,85026.754,74.39399719238281,,,98.81709480294356,Eastern Mediterranean,IRN,Upper middle income
Iran (Islamic Republic of),2018,86117.998,74.89799499511719,,,>99,Eastern Mediterranean,IRN,Upper middle income
Iran (Islamic Republic of),2019,87051.648,75.39099884033203,,,>99,Eastern Mediterranean,IRN,Upper middle income
Iran (Islamic Republic of),2020,87723.443,75.8740005493164,,,>99,Eastern Mediterranean,IRN,Upper middle income
Iran (Islamic Republic of),2021,88455.488,76.34500122070312,,,>99,Eastern Mediterranean,IRN,Upper middle income
Iran (Islamic Republic of),2022,89524.246,76.80699920654297,,,>99,Eastern Mediterranean,IRN,Upper middle income
Iran (Islamic Republic of),2023,90608.707,77.25700378417969,,,>99,Eastern Mediterranean,IRN,Upper middle income
Iran (Islamic Republic of),2024,91567.738,77.697998046875,,,>99,Eastern Mediterranean,IRN,Upper middle income
Iraq,2005,28407.448,68.76599884033203,89.4731988347743,6.651047706604004,-,Eastern Mediterranean,IRQ,Upper middle income
Iraq,2006,28616.515,68.81900024414062,89.48244472445661,6.644361972808838,-,Eastern Mediterranean,IRQ,Upper middle income
Iraq,2007,28391.607,68.87300109863281,89.49186672799476,6.637548446655273,-,Eastern Mediterranean,IRQ,Upper middle income
Iraq,2008,28971.036,68.927001953125,89.50129085484228,6.630732536315918,-,Eastern Mediterranean,IRQ,Upper middle income
Iraq,2009,30058.206,68.9800033569336,89.51053235225746,6.624051570892334,-,Eastern Mediterranean,IRQ,Upper middle income
Iraq,2010,31045.366,69.1030044555664,90.24501068132098,5.978841781616211,-,Eastern Mediterranean,IRQ,Upper middle income
Iraq,2011,32161.424,69.26799774169922,90.98180571182976,5.332612991333008,-,Eastern Mediterranean,IRQ,Upper middle income
Iraq,2012,33654.842,69.43199920654297,91.7134491706017,4.690763473510742,-,Eastern Mediterranean,IRQ,Upper middle income
Iraq,2013,35281.989,69.5949935913086,92.43999973081092,4.053240776062012,-,Eastern Mediterranean,IRQ,Upper middle income
Iraq,2014,36550.059,69.75799560546875,93.16159079055213,3.4199554920196533,-,Eastern Mediterranean,IRQ,Upper middle income
Iraq,2015,37560.535,69.9209976196289,93.87822773428375,2.7909023761749268,-,Eastern Mediterranean,IRQ,Upper middle income
Iraq,2016,38469.627,70.09400177001953,94.59059154221768,2.1657285690307617,-,Eastern Mediterranean,IRQ,Upper middle income
Iraq,2017,39337.353,70.27799987792969,95.29828028423972,1.544799566268921,-,Eastern Mediterranean,IRQ,Upper middle income
Iraq,2018,40265.624,70.4729995727539,96.00078787219728,1.0,-,Eastern Mediterranean,IRQ,Upper middle income
Iraq,2019,41192.171,70.6780014038086,96.69759411368524,1.0,-,Eastern Mediterranean,IRQ,Upper middle income
Iraq,2020,42116.605,70.89300537109375,97.38824123012508,1.0,-,Eastern Mediterranean,IRQ,Upper middle income
Iraq,2021,43071.211,71.1189956665039,97.3898941612653,1.0,-,Eastern Mediterranean,IRQ,Upper middle income
Iraq,2022,44070.551,71.35400390625,97.39160703851356,1.0,-,Eastern Mediterranean,IRQ,Upper middle income
Iraq,2023,45074.049,71.5989990234375,97.3933955383378,1.0,-,Eastern Mediterranean,IRQ,Upper middle income
Iraq,2024,46042.015,71.85299682617188,97.39525339165074,1.0,-,Eastern Mediterranean,IRQ,Upper middle income
Ireland,2000,3802.585,59.15499877929688,,,-,Europe,IRL,High income
Ireland,2001,3862.981,59.39900207519531,,,-,Europe,IRL,High income
Ireland,2002,3928.443,59.64900207519531,,,-,Europe,IRL,High income
Ireland,2003,3992.935,59.92500305175781,,,-,Europe,IRL,High income
Ireland,2004,4066.064,60.20200347900391,,,-,Europe,IRL,High income
Ireland,2005,4155.284,60.47700119018555,,,-,Europe,IRL,High income
Ireland,2006,4268.778,60.73799896240234,,,-,Europe,IRL,High income
Ireland,2007,4393.513,60.93999862670898,,,-,Europe,IRL,High income
Ireland,2008,4485.999,61.1410026550293,,,-,Europe,IRL,High income
Ireland,2009,4533.752,61.34200286865234,,,-,Europe,IRL,High income
Ireland,2010,4559.08,61.54199981689453,,,-,Europe,IRL,High income
Ireland,2011,4579.602,61.742000579833984,,,-,Europe,IRL,High income
Ireland,2012,4600.132,61.94199752807617,,,-,Europe,IRL,High income
Ireland,2013,4624.686,62.1410026550293,,,-,Europe,IRL,High income
Ireland,2014,4658.239,62.33999633789063,,,-,Europe,IRL,High income
Ireland,2015,4702.487,62.53799819946289,,,-,Europe,IRL,High income
Ireland,2016,4753.503,62.73699951171875,,,-,Europe,IRL,High income
Ireland,2017,4810.261,62.946998596191406,,,-,Europe,IRL,High income
Ireland,2018,4872.556,63.16999816894531,,,-,Europe,IRL,High income
Ireland,2019,4933.491,63.40500259399414,,,-,Europe,IRL,High income
Ireland,2020,4982.606,63.65299987792969,,,-,Europe,IRL,High income
Ireland,2021,5028.426,63.9119987487793,,,-,Europe,IRL,High income
Ireland,2022,5110.016,64.1830062866211,,,-,Europe,IRL,High income
Ireland,2023,5196.63,64.46600341796875,,,-,Europe,IRL,High income
Ireland,2024,5255.017,64.76000213623047,,,-,Europe,IRL,High income
Italy,2000,57272.196,67.22200012207031,,,-,Europe,ITA,High income
Italy,2001,57305.76,67.28199768066406,,,-,Europe,ITA,High income
Italy,2002,57420.628,67.38200378417969,,,-,Europe,ITA,High income
Italy,2003,57739.699,67.5009994506836,,,-,Europe,ITA,High income
Italy,2004,58176.738,67.6199951171875,,,-,Europe,ITA,High income
Italy,2005,58519.693,67.73799896240234,,,-,Europe,ITA,High income
Italy,2006,58754.433,67.85600280761719,,,-,Europe,ITA,High income
Italy,2007,59108.72,67.9739990234375,,,-,Europe,ITA,High income
Italy,2008,59561.684,68.09200286865234,,,-,Europe,ITA,High income
Italy,2009,59904.01,68.20899963378906,,,-,Europe,ITA,High income
Italy,2010,60164.213,68.32699584960938,,,-,Europe,ITA,High income
Italy,2011,60367.88,68.44400024414062,,,-,Europe,ITA,High income
Italy,2012,60531.515,68.68399810791016,,,-,Europe,ITA,High income
Italy,2013,60653.868,68.97900390625,,,-,Europe,ITA,High income
Italy,2014,60664.171,69.27200317382812,,,-,Europe,ITA,High income
Italy,2015,60575.316,69.56499481201172,,,-,Europe,ITA,High income
Italy,2016,60478.107,69.85499572753906,,,-,Europe,ITA,High income
Italy,2017,60390.318,70.14399719238281,,,-,Europe,ITA,High income
Italy,2018,60277.499,70.43799591064453,,,-,Europe,ITA,High income
Italy,2019,60130.136,70.73600006103516,,,-,Europe,ITA,High income
Italy,2020,59912.769,71.03899383544922,,,-,Europe,ITA,High income
Italy,2021,59729.35,71.34600067138672,,,-,Europe,ITA,High income
Italy,2022,59619.115,71.6570053100586,,,-,Europe,ITA,High income
Italy,2023,59499.453,71.9729995727539,,,-,Europe,ITA,High income
Italy,2024,59342.867,72.29199981689453,,,-,Europe,ITA,High income
Jamaica,2016,2809.915,55.09799575805664,,1.9228614568710327,-,Americas,JAM,Upper middle income
Jamaica,2017,2815.764,55.37800216674805,,1.923025608062744,-,Americas,JAM,Upper middle income
Jamaica,2018,2820.097,55.67399978637695,70.3412286090108,1.923198699951172,-,Americas,JAM,Upper middle income
Jamaica,2019,2823.271,55.9849967956543,70.34617628556362,1.9233826398849487,-,Americas,JAM,Upper middle income
Jamaica,2020,2830.739,56.31100082397461,70.3513644485195,1.9235731363296509,-,Americas,JAM,Upper middle income
Jamaica,2021,2837.682,56.65199661254883,70.35679057177967,1.923773169517517,-,Americas,JAM,Upper middle income
Jamaica,2022,2839.144,57.007999420166016,70.36245653983892,1.923980474472046,-,Americas,JAM,Upper middle income
Jamaica,2023,2839.786,57.37799835205078,70.36834057974256,1.924202561378479,-,Americas,JAM,Upper middle income
Jamaica,2024,2839.175,57.762001037597656,70.37445519476594,1.924422025680542,-,Americas,JAM,Upper middle income
Japan,2000,127027.789,78.64900207519531,,1.0,-,Western Pacific,JPN,High income
Japan,2001,127260.148,79.98999786376953,,1.0,-,Western Pacific,JPN,High income
Japan,2002,127484.598,81.64700317382812,,1.0,-,Western Pacific,JPN,High income
Japan,2003,127671.251,83.19599914550781,,1.0,-,Western Pacific,JPN,High income
Japan,2004,127815.774,84.63999938964844,,1.0,-,Western Pacific,JPN,High income
Japan,2005,127913.33,85.9780044555664,,1.0,-,Western Pacific,JPN,High income
Japan,2006,127997.247,87.11799621582031,,1.0,-,Western Pacific,JPN,High income
Japan,2007,128087.682,88.14600372314453,,1.0,-,Western Pacific,JPN,High income
Japan,2008,128155.99,89.1030044555664,,1.0,-,Western Pacific,JPN,High income
Japan,2009,128192.47,89.98899841308594,,1.0,-,Western Pacific,JPN,High income
Japan,2010,128185.275,90.81199645996094,,1.0,-,Western Pacific,JPN,High income
Japan,2011,128096.432,91.06900024414062,,1.0,-,Western Pacific,JPN,High income
Japan,2012,127928.285,91.14800262451172,,1.0,-,Western Pacific,JPN,High income
Japan,2013,127723.645,91.22599792480467,,1.0,-,Western Pacific,JPN,High income
Japan,2014,127486.605,91.3040008544922,,1.0,-,Western Pacific,JPN,High income
Japan,2015,127275.872,91.3810043334961,,1.0,-,Western Pacific,JPN,High income
Japan,2016,127159.951,91.45700073242188,,1.0,-,Western Pacific,JPN,High income
Japan,2017,127064.69,91.53500366210938,,1.0,-,Western Pacific,JPN,High income
Japan,2018,126913.432,91.61599731445312,,1.0,-,Western Pacific,JPN,High income
Japan,2019,126699.424,91.69800567626952,,1.0,-,Western Pacific,JPN,High income
Japan,2020,126304.543,91.78199768066406,,1.0,-,Western Pacific,JPN,High income
Japan,2021,125679.338,91.86699676513672,,1.0,-,Western Pacific,JPN,High income
Japan,2022,124997.578,91.95500183105467,,1.0,-,Western Pacific,JPN,High income
Japan,2023,124370.947,92.04299926757812,,1.0,-,Western Pacific,JPN,High income
Japan,2024,123753.041,92.13400268554688,,1.0,-,Western Pacific,JPN,High income
Jordan,2012,7587.127,88.18499755859375,,,-,Eastern Mediterranean,JOR,Lower middle income
Jordan,2013,7991.809,89.125,,,-,Eastern Mediterranean,JOR,Lower middle income
Jordan,2014,8791.71,90.0,,,-,Eastern Mediterranean,JOR,Lower middle income
Jordan,2015,9544.729,90.25599670410156,,,-,Eastern Mediterranean,JOR,Lower middle income
Jordan,2016,10006.367,90.50599670410156,,,-,Eastern Mediterranean,JOR,Lower middle income
Jordan,2017,10234.226,90.74700164794922,,,-,Eastern Mediterranean,JOR,Lower middle income
Jordan,2018,10462.306,90.97899627685548,,,-,Eastern Mediterranean,JOR,Lower middle income
Jordan,2019,10671.891,91.20299530029295,,,-,Eastern Mediterranean,JOR,Lower middle income
Jordan,2020,10865.228,91.41799926757812,,,-,Eastern Mediterranean,JOR,Lower middle income
Kazakhstan,2000,15501.103,56.09800338745117,,1.0,30.63163723950143,Europe,KAZ,Upper middle income
Kazakhstan,2001,15575.55,56.17100143432617,,1.0,30.99071619222983,Europe,KAZ,Upper middle income
Kazakhstan,2002,15656.677,56.24399948120117,,1.0,31.24264200404476,Europe,KAZ,Upper middle income
Kazakhstan,2003,15747.38,56.31700134277344,,1.0,31.43116248695037,Europe,KAZ,Upper middle income
Kazakhstan,2004,15850.159,56.38999938964844,,1.0,31.62000461468924,Europe,KAZ,Upper middle income
Kazakhstan,2005,15968.117,56.46299743652344,,1.0,31.80917108756135,Europe,KAZ,Upper middle income
Kazakhstan,2006,16103.716,56.5359992980957,,1.0,31.99866725546303,Europe,KAZ,Upper middle income
Kazakhstan,2007,16257.214,56.6089973449707,,1.0,32.18847958184733,Europe,KAZ,Upper middle income
Kazakhstan,2008,16426.525,56.68200302124024,,1.0,32.37862322607893,Europe,KAZ,Upper middle income
Kazakhstan,2009,16619.846,56.755001068115234,,1.0,32.56908411286312,Europe,KAZ,Upper middle income
Kazakhstan,2010,16836.81,56.82700347900391,,1.0,32.7593294137586,Europe,KAZ,Upper middle income
Kazakhstan,2011,17066.002,56.900001525878906,99.0,1.0,32.95043849654311,Europe,KAZ,Upper middle income
Kazakhstan,2012,17306.106,56.97299957275391,99.0,1.0,33.14186904895771,Europe,KAZ,Upper middle income
Kazakhstan,2013,17556.502,57.04600143432617,99.0,1.0,33.33362650043267,Europe,KAZ,Upper middle income
Kazakhstan,2014,17816.285,57.11800003051758,99.0,1.0,33.52515496869719,Europe,KAZ,Upper middle income
Kazakhstan,2015,18084.169,57.19100189208984,99.0,1.0,33.71755866409431,Europe,KAZ,Upper middle income
Kazakhstan,2016,18363.6,57.26399993896485,99.0,1.0,33.91028493254186,Europe,KAZ,Upper middle income
Kazakhstan,2017,18651.931,57.33600234985352,99.0,1.0,34.10277578387314,Europe,KAZ,Upper middle income
Kazakhstan,2018,18932.727,57.428001403808594,99.0,1.0,34.30679950412038,Europe,KAZ,Upper middle income
Kazakhstan,2019,19209.555,57.540000915527344,99.0,1.0,34.52248932050166,Europe,KAZ,Upper middle income
Kazakhstan,2020,19482.117,57.670997619628906,,1.0,34.74941339257582,Europe,KAZ,Upper middle income
Kazakhstan,2021,19743.603,57.82099914550781,,1.0,34.98769853363476,Europe,KAZ,Upper middle income
Kazakhstan,2022,20034.609,57.9900016784668,,1.0,35.23747367409091,Europe,KAZ,Upper middle income
Kazakhstan,2023,20330.104,58.17899703979492,,1.0,35.49942764252288,Europe,KAZ,Upper middle income
Kazakhstan,2024,20592.571,58.387001037597656,,1.0,35.77313210125148,Europe,KAZ,Upper middle income
Kenya,2011,42758.461,23.9689998626709,15.18027764713583,42.26023864746094,-,Africa,KEN,Lower middle income
Kenya,2012,43888.303,24.376001358032227,15.18490803161461,42.20748901367188,-,Africa,KEN,Lower middle income
Kenya,2013,44986.791,24.79400062561035,15.18966372677526,42.15331268310547,-,Africa,KEN,Lower middle income
Kenya,2014,46051.44,25.22099876403809,15.19452213040617,42.09797286987305,-,Africa,KEN,Lower middle income
Kenya,2015,47088.526,25.65799903869629,15.19949294180149,42.04133987426758,-,Africa,KEN,Lower middle income
Kenya,2016,48139.687,26.104999542236328,19.76908398852887,40.26702499389648,-,Africa,KEN,Lower middle income
Kenya,2017,49197.766,26.562000274658203,24.36915394353819,38.48662567138672,-,Africa,KEN,Lower middle income
Kenya,2018,50207.107,27.030000686645508,29.00081304453965,36.699832916259766,-,Africa,KEN,Lower middle income
Kenya,2019,51202.827,27.50700187683105,33.66486880163753,34.906776428222656,-,Africa,KEN,Lower middle income
Kenya,2020,52217.334,27.99499893188477,38.36257066917298,33.10700225830078,-,Africa,KEN,Lower middle income
Kenya,2021,53219.166,28.493000030517575,43.09480935892169,31.30049514770508,-,Africa,KEN,Lower middle income
Kenya,2022,54252.461,29.001998901367188,47.8628220257221,29.4869327545166,-,Africa,KEN,Lower middle income
Kenya,2023,55339.003,29.51999855041504,52.66715027215848,27.66649055480957,-,Africa,KEN,Lower middle income
Kenya,2024,56432.944,30.048999786376957,57.50931489817597,25.838666915893555,-,Africa,KEN,Lower middle income
Kiribati,2013,113.838,49.92699813842773,61.65839602268345,,-,Western Pacific,KIR,Lower middle income
Kiribati,2014,115.326,50.77300262451172,61.71058455540707,,-,Western Pacific,KIR,Lower middle income
Kiribati,2015,116.815,51.61899948120117,61.76277059657253,14.029967308044434,-,Western Pacific,KIR,Lower middle income
Kiribati,2016,118.478,52.45000076293945,61.81403342711415,13.987345695495604,-,Western Pacific,KIR,Lower middle income
Kiribati,2017,120.275,53.262001037597656,61.86412362441062,13.94569969177246,-,Western Pacific,KIR,Lower middle income
Kiribati,2018,122.084,54.05700302124024,61.9131634829011,13.90492820739746,-,Western Pacific,KIR,Lower middle income
Kiribati,2019,123.921,54.834999084472656,61.96115649131922,13.865025520324709,-,Western Pacific,KIR,Lower middle income
Kiribati,2020,126.099,55.593997955322266,62.00797734180293,13.82609748840332,-,Western Pacific,KIR,Lower middle income
Kiribati,2021,128.377,56.33500289916992,62.05368362538766,13.78809928894043,-,Western Pacific,KIR,Lower middle income
Kiribati,2022,130.469,57.05799865722656,62.09828441330806,13.751016616821287,-,Western Pacific,KIR,Lower middle income
Kiribati,2023,132.53,57.762001037597656,62.14171062629227,13.71491241455078,-,Western Pacific,KIR,Lower middle income
Kiribati,2024,134.518,58.447998046875,62.18402877824295,,-,Western Pacific,KIR,Lower middle income
"Kosovo (under United Nations 
Security Council Resolution 1244/99)",2010,1788.743,,87.38155179071178,2.754821300506592,-,,XKX,Upper middle income
"Kosovo (under United Nations 
Security Council Resolution 1244/99)",2011,1791.949,,87.44143541088421,2.756267786026001,-,,XKX,Upper middle income
"Kosovo (under United Nations 
Security Council Resolution 1244/99)",2012,1806.532,,87.49383357853509,2.757533311843872,-,,XKX,Upper middle income
"Kosovo (under United Nations 
Security Council Resolution 1244/99)",2013,1817.167,,87.54623174618595,2.7587990760803223,-,,XKX,Upper middle income
"Kosovo (under United Nations 
Security Council Resolution 1244/99)",2014,1808.98,,87.59862991383685,2.7600646018981934,-,,XKX,Upper middle income
"Kosovo (under United Nations 
Security Council Resolution 1244/99)",2015,1779.02,,87.65102808148772,2.761330366134644,-,,XKX,Upper middle income
"Kosovo (under United Nations 
Security Council Resolution 1244/99)",2016,1761.764,,87.7034262491386,2.7625961303710938,-,,XKX,Upper middle income
"Kosovo (under United Nations 
Security Council Resolution 1244/99)",2017,1768.119,,87.76330986931103,2.764042615890503,-,,XKX,Upper middle income
"Kosovo (under United Nations 
Security Council Resolution 1244/99)",2018,1767.741,,87.8157080369619,2.765308141708374,-,,XKX,Upper middle income
"Kosovo (under United Nations 
Security Council Resolution 1244/99)",2019,1755.042,,,,-,,XKX,Upper middle income
"Kosovo (under United Nations 
Security Council Resolution 1244/99)",2020,1751.417,,,,-,,XKX,Upper middle income
"Kosovo (under United Nations 
Security Council Resolution 1244/99)",2021,1741.446,,,,-,,XKX,Upper middle income
"Kosovo (under United Nations 
Security Council Resolution 1244/99)",2022,1717.946,,,,-,,XKX,Upper middle income
Kyrgyzstan,2006,5282.453,35.28900146484375,87.12679742580939,2.203597068786621,-,Europe,KGZ,Lower middle income
Kyrgyzstan,2007,5313.368,35.2869987487793,87.12662514360943,2.203618049621582,-,Europe,KGZ,Lower middle income
Kyrgyzstan,2008,5342.52,35.28499984741211,87.12645211820184,2.20363998413086,-,Europe,KGZ,Lower middle income
Kyrgyzstan,2009,5398.007,35.28400039672852,87.12636677404147,2.2036497592926025,-,Europe,KGZ,Lower middle income
Kyrgyzstan,2010,5491.761,35.305999755859375,87.12826531850486,2.20341420173645,-,Europe,KGZ,Lower middle income
Kyrgyzstan,2011,5594.535,35.35200119018555,87.85474205937902,2.026831865310669,-,Europe,KGZ,Lower middle income
Kyrgyzstan,2012,5696.519,35.42300033569336,88.58249011434867,1.850135445594788,-,Europe,KGZ,Lower middle income
Kyrgyzstan,2013,5797.289,35.51700210571289,89.31090613917924,1.6734222173690796,-,Europe,KGZ,Lower middle income
Kyrgyzstan,2014,5898.319,35.63500213623047,90.03961151252959,1.4967703819274902,-,Europe,KGZ,Lower middle income
Kyrgyzstan,2015,6001.882,35.777000427246094,90.76816420162928,1.3202502727508545,-,Europe,KGZ,Lower middle income
Kyrgyzstan,2016,6108.462,35.944000244140625,91.4961607166399,1.1439390182495115,-,Europe,KGZ,Lower middle income
Kyrgyzstan,2017,6220.15,36.1349983215332,92.22308625323288,1.0,-,Europe,KGZ,Lower middle income
Kyrgyzstan,2018,6341.732,36.35100173950195,92.94852836419706,1.0,-,Europe,KGZ,Lower middle income
Kyrgyzstan,2019,6494.035,36.59099960327149,93.67198965162346,1.0,-,Europe,KGZ,Lower middle income
Kyrgyzstan,2020,6664.14,36.85599899291992,94.39303677609152,1.0,-,Europe,KGZ,Lower middle income
Kyrgyzstan,2021,6820.479,37.14599990844727,95.11120252597271,1.0,-,Europe,KGZ,Lower middle income
Kyrgyzstan,2022,6955.788,37.46100234985352,95.82601836489022,1.0,-,Europe,KGZ,Lower middle income
Kyrgyzstan,2023,7073.516,37.80099868774414,96.53702118818012,1.0,-,Europe,KGZ,Lower middle income
Kyrgyzstan,2024,7186.009,38.16600036621094,97.243727448442,1.0,-,Europe,KGZ,Lower middle income
Lao People's Democratic Republic,2011,6426.59,30.65999984741211,51.76485757881128,11.697094917297363,-,Western Pacific,LAO,Lower middle income
Lao People's Democratic Republic,2012,6518.978,31.26400184631348,51.94923291570626,11.679699897766112,-,Western Pacific,LAO,Lower middle income
Lao People's Democratic Republic,2013,6611.385,31.87200164794922,52.13482440513571,11.662199020385742,-,Western Pacific,LAO,Lower middle income
Lao People's Democratic Republic,2014,6703.172,32.48699951171875,52.32255724896944,11.644487380981444,-,Western Pacific,LAO,Lower middle income
Lao People's Democratic Republic,2015,6801.645,33.10799789428711,52.51211968084535,11.62660789489746,-,Western Pacific,LAO,Lower middle income
Lao People's Democratic Republic,2016,6908.802,33.73600006103516,53.81247231735429,10.814873695373535,-,Western Pacific,LAO,Lower middle income
Lao People's Democratic Republic,2017,7018.147,34.36800003051758,55.09651657262537,10.001972198486328,-,Western Pacific,LAO,Lower middle income
Lao People's Democratic Republic,2018,7128.045,35.003997802734375,56.36408604689088,9.18789291381836,-,Western Pacific,LAO,Lower middle income
Lao People's Democratic Republic,2019,7237.636,35.64500045776367,57.61526428520553,8.372593879699707,-,Western Pacific,LAO,Lower middle income
Lao People's Democratic Republic,2020,7346.533,36.28999710083008,58.849607575321,7.556095600128174,-,Western Pacific,LAO,Lower middle income
Lao People's Democratic Republic,2021,7453.194,36.939002990722656,60.06695574053402,6.738378524780273,-,Western Pacific,LAO,Lower middle income
Lao People's Democratic Republic,2022,7559.007,37.59199905395508,61.26713208519331,5.919445514678955,-,Western Pacific,LAO,Lower middle income
Lao People's Democratic Republic,2023,7664.993,38.24700164794922,62.44958805343817,5.099351406097412,-,Western Pacific,LAO,Lower middle income
Lao People's Democratic Republic,2024,7769.819,38.90599822998047,63.61459615380573,4.278025150299072,-,Western Pacific,LAO,Lower middle income
Latvia,2000,2368.313,68.06700134277344,,,-,Europe,LVA,High income
Latvia,2001,2338.301,67.94999694824219,,,-,Europe,LVA,High income
Latvia,2002,2311.351,67.8499984741211,,,-,Europe,LVA,High income
Latvia,2003,2288.984,67.79999542236328,,,-,Europe,LVA,High income
Latvia,2004,2264.174,67.9000015258789,,,-,Europe,LVA,High income
Latvia,2005,2239.784,68.0,,,-,Europe,LVA,High income
Latvia,2006,2219.032,67.96699523925781,,,-,Europe,LVA,High income
Latvia,2007,2200.776,67.9000015258789,,,-,Europe,LVA,High income
Latvia,2008,2177.711,67.83399963378906,,,-,Europe,LVA,High income
Latvia,2009,2142.043,67.81399536132812,,,-,Europe,LVA,High income
Latvia,2010,2097.831,67.84099578857422,,,-,Europe,LVA,High income
Latvia,2011,2059.941,67.86900329589844,,,-,Europe,LVA,High income
Latvia,2012,2034.633,67.8969955444336,,,-,Europe,LVA,High income
Latvia,2013,2013.01,67.92500305175781,,,-,Europe,LVA,High income
Latvia,2014,1994.149,67.9520034790039,,,-,Europe,LVA,High income
Latvia,2015,1977.867,67.97999572753906,,,-,Europe,LVA,High income
Latvia,2016,1959.863,68.02099609375,,,-,Europe,LVA,High income
Latvia,2017,1942.594,68.07500457763672,,,-,Europe,LVA,High income
Latvia,2018,1927.588,68.14200592041016,,,-,Europe,LVA,High income
Latvia,2019,1914.263,68.22200012207031,,,-,Europe,LVA,High income
Latvia,2020,1901.123,68.31500244140625,,,-,Europe,LVA,High income
Latvia,2021,1885.587,68.4209976196289,,,-,Europe,LVA,High income
Latvia,2022,1881.063,68.54000091552734,,,-,Europe,LVA,High income
Latvia,2023,1882.396,68.6709976196289,,,-,Europe,LVA,High income
Latvia,2024,1871.871,68.81500244140625,,,-,Europe,LVA,High income
Lesotho,2000,2003.913,19.54800033569336,,,-,Africa,LSO,Lower middle income
Lesotho,2001,2000.853,20.06700134277344,,,-,Africa,LSO,Lower middle income
Lesotho,2002,1994.679,20.597000122070312,,,-,Africa,LSO,Lower middle income
Lesotho,2003,1985.059,21.137001037597656,,,-,Africa,LSO,Lower middle income
Lesotho,2004,1971.129,21.689001083374023,,,-,Africa,LSO,Lower middle income
Lesotho,2005,1953.076,22.249000549316406,,,-,Africa,LSO,Lower middle income
Lesotho,2006,1945.063,22.81999969482422,,,-,Africa,LSO,Lower middle income
Lesotho,2007,1953.268,23.304000854492188,,,-,Africa,LSO,Lower middle income
Lesotho,2008,1966.541,23.79599952697754,1.0,68.67942810058594,-,Africa,LSO,Lower middle income
Lesotho,2009,1980.883,24.292999267578125,1.0,68.66553497314453,-,Africa,LSO,Lower middle income
Lesotho,2010,1996.251,24.79800033569336,1.0,68.65142059326172,-,Africa,LSO,Lower middle income
Lesotho,2011,2014.009,25.310001373291016,1.0,68.63711547851562,-,Africa,LSO,Lower middle income
Lesotho,2012,2034.354,25.703998565673828,1.0,68.62610626220703,-,Africa,LSO,Lower middle income
Lesotho,2013,2056.504,26.10099983215332,1.0,66.84137725830078,-,Africa,LSO,Lower middle income
Lesotho,2014,2080.089,26.50200080871582,1.713488525878785,65.04977416992188,-,Africa,LSO,Lower middle income
Lesotho,2015,2104.611,26.90800094604492,3.608032027841851,63.25114822387695,-,Africa,LSO,Lower middle income
Lesotho,2016,2130.422,27.316999435424805,5.506319938857024,61.44549179077149,-,Africa,LSO,Lower middle income
Lesotho,2017,2157.11,27.729999542236328,7.408463109085912,59.63266372680664,-,Africa,LSO,Lower middle income
Lesotho,2018,2183.603,28.152999877929688,9.314961774088458,57.81208419799805,-,Africa,LSO,Lower middle income
Lesotho,2019,2209.405,28.584999084472656,11.22586769418379,55.98359680175781,-,Africa,LSO,Lower middle income
Lesotho,2020,2235.727,29.02800178527832,13.14146667869651,54.14677810668945,-,Africa,LSO,Lower middle income
Lesotho,2021,2261.542,29.48000144958496,15.06172636922663,52.30155563354492,-,Africa,LSO,Lower middle income
Lesotho,2022,2286.11,29.94300079345703,16.98694967193079,50.44747924804688,-,Africa,LSO,Lower middle income
Lesotho,2023,2311.472,30.41499900817871,18.91708662112989,48.58451461791992,-,Africa,LSO,Lower middle income
Lesotho,2024,2337.423,30.89700126647949,20.85235673938481,46.71230316162109,-,Africa,LSO,Lower middle income
Liberia,2000,2928.117,44.330997467041016,,99.0,-,Africa,LBR,Low income
Liberia,2001,3015.338,44.67300033569336,,99.0,-,Africa,LBR,Low income
Liberia,2002,3094.782,45.01700210571289,,99.0,-,Africa,LBR,Low income
Liberia,2003,3119.532,45.36100006103516,,99.0,-,Africa,LBR,Low income
Liberia,2004,3156.892,45.70600128173828,,99.0,-,Africa,LBR,Low income
Liberia,2005,3301.015,46.05099868774414,,99.0,-,Africa,LBR,Low income
Liberia,2006,3490.787,46.39599990844727,,99.0,-,Africa,LBR,Low income
Liberia,2007,3669.05,46.742000579833984,1.0,99.0,-,Africa,LBR,Low income
Liberia,2008,3821.003,47.0880012512207,1.0,99.0,-,Africa,LBR,Low income
Liberia,2009,3943.028,47.44499969482422,1.0,99.0,-,Africa,LBR,Low income
Liberia,2010,4058.89,47.8129997253418,1.0,99.0,-,Africa,LBR,Low income
Liberia,2011,4221.178,48.192996978759766,1.0,99.0,-,Africa,LBR,Low income
Liberia,2012,4373.043,48.58300018310547,1.0,99.0,-,Africa,LBR,Low income
Liberia,2013,4470.239,48.98500061035156,1.168575924187074,97.41785430908205,-,Africa,LBR,Low income
Liberia,2014,4564.293,49.39699935913086,1.406157970887531,94.78125,-,Africa,LBR,Low income
Liberia,2015,4659.431,49.81999969482422,1.647175158210366,92.12769317626952,-,Africa,LBR,Low income
Liberia,2016,4755.608,50.253997802734375,1.89175630994273,89.45652770996094,-,Africa,LBR,Low income
Liberia,2017,4848.925,50.696998596191406,2.139975958771034,86.76727294921875,-,Africa,LBR,Low income
Liberia,2018,4944.726,51.1510009765625,2.392002092933327,84.05917358398438,-,Africa,LBR,Low income
Liberia,2019,5043.721,51.61499786376953,2.647928511754222,81.33170318603516,-,Africa,LBR,Low income
Liberia,2020,5149.463,52.0890007019043,2.907872458876204,78.58427429199219,-,Africa,LBR,Low income
Liberia,2021,5259.323,52.573001861572266,3.171951473015563,75.8162841796875,-,Africa,LBR,Low income
Liberia,2022,5373.294,53.06500244140625,3.440189081202437,73.02751922607422,-,Africa,LBR,Low income
Liberia,2023,5493.031,53.56699752807617,3.463687053041675,72.9312515258789,-,Africa,LBR,Low income
Liberia,2024,5612.817,54.07699966430664,3.487559519953213,72.83345794677734,-,Africa,LBR,Low income
Libya,2018,6849.055,80.10200500488281,95.59,,-,Eastern Mediterranean,LBY,Upper middle income
Libya,2019,6951.033,80.39299774169922,95.59,,-,Eastern Mediterranean,LBY,Upper middle income
Libya,2020,7045.399,80.69099426269531,95.59,,-,Eastern Mediterranean,LBY,Upper middle income
Libya,2021,7135.175,80.9939956665039,95.59,,-,Eastern Mediterranean,LBY,Upper middle income
Libya,2022,7223.805,81.302001953125,95.59,,-,Eastern Mediterranean,LBY,Upper middle income
Libya,2023,7305.659,81.60600280761719,95.59,,-,Eastern Mediterranean,LBY,Upper middle income
Libya,2024,7381.023,81.90699768066406,95.59,,-,Eastern Mediterranean,LBY,Upper middle income
Liechtenstein,2000,33.113,15.130000114440918,,,-,Europe,LIE,High income
Liechtenstein,2001,33.444,14.961999893188477,,,-,Europe,LIE,High income
Liechtenstein,2002,33.742,14.905999183654783,,,-,Europe,LIE,High income
Liechtenstein,2003,34.06,14.84999942779541,,,-,Europe,LIE,High income
Liechtenstein,2004,34.389,14.794999122619627,,,-,Europe,LIE,High income
Liechtenstein,2005,34.691,14.738999366760254,,,-,Europe,LIE,High income
Liechtenstein,2006,34.975,14.684000968933104,,,-,Europe,LIE,High income
Liechtenstein,2007,35.226,14.629000663757324,,,-,Europe,LIE,High income
Liechtenstein,2008,35.444,14.574000358581545,,,-,Europe,LIE,High income
Liechtenstein,2009,35.717,14.519000053405762,,,-,Europe,LIE,High income
Liechtenstein,2010,35.999,14.46399974822998,,,-,Europe,LIE,High income
Liechtenstein,2011,36.27,14.40999984741211,,,-,Europe,LIE,High income
Liechtenstein,2012,36.596,14.366999626159668,,,-,Europe,LIE,High income
Liechtenstein,2013,36.91,14.33400058746338,,,-,Europe,LIE,High income
Liechtenstein,2014,37.163,14.313000679016112,,,-,Europe,LIE,High income
Liechtenstein,2015,37.4,14.303000450134276,,,-,Europe,LIE,High income
Liechtenstein,2016,37.615,14.303000450134276,,,-,Europe,LIE,High income
Liechtenstein,2017,37.85,14.315000534057615,,,-,Europe,LIE,High income
Liechtenstein,2018,38.129,14.338000297546388,,,-,Europe,LIE,High income
Liechtenstein,2019,38.44,14.371000289916992,,,-,Europe,LIE,High income
Liechtenstein,2020,38.767,14.416000366210938,,,-,Europe,LIE,High income
Liechtenstein,2021,39.044,14.47100067138672,,,-,Europe,LIE,High income
Liechtenstein,2022,39.317,14.538000106811523,,,-,Europe,LIE,High income
Liechtenstein,2023,39.598,14.617000579833984,,,-,Europe,LIE,High income
Liechtenstein,2024,39.87,14.707000732421877,,,-,Europe,LIE,High income
Lithuania,2017,2829.313,67.51599884033203,,,90.65606547685587,Europe,LTU,High income
Lithuania,2018,2802.478,67.67900085449219,,,90.69241774792562,Europe,LTU,High income
Lithuania,2019,2795.058,67.8550033569336,,,90.7316667126183,Europe,LTU,High income
Lithuania,2020,2795.765,68.0459976196289,,,90.77425575683081,Europe,LTU,High income
Lithuania,2021,2794.488,68.2490005493164,,,90.81952609647462,Europe,LTU,High income
Lithuania,2022,2816.919,68.46500396728516,,,90.8676955214148,Europe,LTU,High income
Lithuania,2023,2854.099,68.69400024414062,,,90.91876422819999,Europe,LTU,High income
Lithuania,2024,2859.11,68.93600463867188,,,90.97273006233938,Europe,LTU,High income
Luxembourg,2000,436.132,84.21599578857422,,,-,Europe,LUX,High income
Luxembourg,2001,441.752,84.8429946899414,,,-,Europe,LUX,High income
Luxembourg,2002,446.389,85.29899597167969,,,-,Europe,LUX,High income
Luxembourg,2003,451.838,85.74299621582031,,,-,Europe,LUX,High income
Luxembourg,2004,458.296,86.17699432373047,,,-,Europe,LUX,High income
Luxembourg,2005,465.363,86.5979995727539,,,-,Europe,LUX,High income
Luxembourg,2006,472.866,87.00900268554688,,,-,Europe,LUX,High income
Luxembourg,2007,480.27,87.40900421142578,,,-,Europe,LUX,High income
Luxembourg,2008,488.99,87.80000305175781,,,-,Europe,LUX,High income
Luxembourg,2009,498.187,88.1780014038086,,,-,Europe,LUX,High income
Luxembourg,2010,507.41,88.5469970703125,,,-,Europe,LUX,High income
Luxembourg,2011,518.584,88.906005859375,,,-,Europe,LUX,High income
Luxembourg,2012,530.947,89.2490005493164,,,-,Europe,LUX,High income
Luxembourg,2013,543.354,89.5739974975586,,,-,Europe,LUX,High income
Luxembourg,2014,556.279,89.88400268554688,,,-,Europe,LUX,High income
Luxembourg,2015,569.536,90.1790008544922,,,-,Europe,LUX,High income
Luxembourg,2016,583.506,90.45999908447266,,,-,Europe,LUX,High income
Luxembourg,2017,596.495,90.7270050048828,,,-,Europe,LUX,High income
Luxembourg,2018,608.101,90.9810028076172,,,-,Europe,LUX,High income
Luxembourg,2019,620.163,91.2229995727539,,,-,Europe,LUX,High income
Luxembourg,2020,630.597,91.45299530029295,,,-,Europe,LUX,High income
Luxembourg,2021,640.274,91.6719970703125,,,-,Europe,LUX,High income
Luxembourg,2022,653.313,91.8810043334961,,,-,Europe,LUX,High income
Luxembourg,2023,665.098,92.0780029296875,,,-,Europe,LUX,High income
Luxembourg,2024,673.036,92.26599884033205,,,-,Europe,LUX,High income
Madagascar,2000,16516.338,27.121002197265625,23.70901933568325,36.22959518432617,-,Africa,MDG,Low income
Madagascar,2001,17032.939,27.39099884033203,23.78060480944401,36.17634963989258,-,Africa,MDG,Low income
Madagascar,2002,17549.913,27.66300201416016,23.85272046052243,36.12271499633789,-,Africa,MDG,Low income
Madagascar,2003,18071.854,27.935998916625977,23.77739066157818,35.23588943481445,-,Africa,MDG,Low income
Madagascar,2004,18606.608,28.211000442504883,23.70097398070801,34.351051330566406,-,Africa,MDG,Low income
Madagascar,2005,19159.707,28.81399917602539,23.70700896285401,33.408172607421875,-,Africa,MDG,Low income
Madagascar,2006,19730.909,29.42500114440918,23.71152655418669,32.46907043457031,-,Africa,MDG,Low income
Madagascar,2007,20318.583,30.042999267578125,23.71420307602094,31.534029006958008,-,Africa,MDG,Low income
Madagascar,2008,20923.84,30.669998168945312,23.71547118095869,30.60280036926269,-,Africa,MDG,Low income
Madagascar,2009,21547.28,31.301000595092773,23.71403264975421,29.676326751708984,-,Africa,MDG,Low income
Madagascar,2010,22183.34,31.937997817993164,23.71033200237716,28.75433921813965,-,Africa,MDG,Low income
Madagascar,2011,22822.3,32.58000183105469,23.70407918552817,27.83707427978516,-,Africa,MDG,Low income
Madagascar,2012,23462.438,33.22700119018555,23.69522916183686,26.924596786499023,-,Africa,MDG,Low income
Madagascar,2013,24109.29,33.87799835205078,23.68350492336008,26.01712226867676,-,Africa,MDG,Low income
Madagascar,2014,24764.348,34.53400039672852,23.66910201589494,25.11455726623535,-,Africa,MDG,Low income
Madagascar,2015,25426.702,35.19300079345703,23.65152184775792,24.21724319458008,-,Africa,MDG,Low income
Madagascar,2016,26099.952,35.85599899291992,23.63096158793147,23.325092315673828,-,Africa,MDG,Low income
Madagascar,2017,26788.375,36.52199935913086,23.60716692680209,22.438278198242188,-,Africa,MDG,Low income
Madagascar,2018,27494.926,37.19100189208984,23.58010813897312,21.55685043334961,-,Africa,MDG,Low income
Madagascar,2019,28219.554,37.86100006103516,23.54933219492498,20.681079864501957,-,Africa,MDG,Low income
Madagascar,2020,28953.556,38.53400039672852,23.51525178507871,19.81075859069824,-,Africa,MDG,Low income
Madagascar,2021,29691.083,39.20700073242188,23.47721240976215,18.94626235961914,-,Africa,MDG,Low income
Madagascar,2022,30437.261,39.88199996948242,23.43563028614037,18.087366104125977,-,Africa,MDG,Low income
Madagascar,2023,31195.932,40.555999755859375,23.38987230372317,17.234424591064453,-,Africa,MDG,Low income
Madagascar,2024,31964.956,41.23099899291992,23.52715741305128,17.16265869140625,-,Africa,MDG,Low income
Malawi,2000,11315.942,14.609999656677246,15.48391261439997,8.66139030456543,-,Africa,MWI,Low income
Malawi,2001,11593.058,14.697999954223633,15.46997046510078,9.341164588928224,-,Africa,MWI,Low income
Malawi,2002,11880.44,14.78600025177002,15.45563866518875,10.02048397064209,-,Africa,MWI,Low income
Malawi,2003,12181.574,14.875000953674316,15.44111377436486,10.699258804321287,-,Africa,MWI,Low income
Malawi,2004,12500.737,14.96399974822998,15.42619573600834,11.37756633758545,-,Africa,MWI,Low income
Malawi,2005,12840.031,15.053998947143556,15.4110752425455,12.055323600769045,-,Africa,MWI,Low income
Malawi,2006,13198.701,15.143999099731444,15.39555683239506,12.732611656188965,-,Africa,MWI,Low income
Malawi,2007,13576.343,15.234999656677246,15.37982790684813,13.40933322906494,-,Africa,MWI,Low income
Malawi,2008,13976.417,15.32599925994873,15.3636969843302,14.085579872131348,-,Africa,MWI,Low income
Malawi,2009,14395.788,15.429000854492188,15.34935159998368,14.760160446166992,-,Africa,MWI,Low income
Malawi,2010,14826.463,15.544000625610352,15.33671209607258,15.432981491088867,-,Africa,MWI,Low income
Malawi,2011,15265.022,15.67199993133545,15.32587636407355,16.10384750366211,-,Africa,MWI,Low income
Malawi,2012,15709.577,15.812000274658203,15.31658409766482,16.772756576538086,-,Africa,MWI,Low income
Malawi,2013,16161.816,15.965999603271484,15.3091019061543,17.439393997192383,-,Africa,MWI,Low income
Malawi,2014,16621.538,16.131999969482422,15.30299362335104,18.10388565063477,-,Africa,MWI,Low income
Malawi,2015,17085.587,16.312999725341797,15.29868821008003,18.76578521728516,-,Africa,MWI,Low income
Malawi,2016,17557.739,16.506000518798828,15.29558451010685,19.425331115722656,-,Africa,MWI,Low income
Malawi,2017,18039.715,16.714000701904297,15.29409840827913,20.082061767578125,-,Africa,MWI,Low income
Malawi,2018,18528.081,16.937000274658203,15.29412926512091,20.73586654663086,-,Africa,MWI,Low income
Malawi,2019,19025.752,17.173999786376953,15.29541721596607,21.386754989624023,-,Africa,MWI,Low income
Malawi,2020,19533.888,17.427000045776367,15.29818566458322,22.034358978271484,-,Africa,MWI,Low income
Malawi,2021,20047.258,17.69499969482422,15.30217404299183,22.67867851257324,-,Africa,MWI,Low income
Malawi,2022,20568.728,17.979999542236328,15.3075884595618,23.319337844848636,-,Africa,MWI,Low income
Malawi,2023,21104.482,18.279998779296875,15.35366538825468,23.279376983642575,-,Africa,MWI,Low income
Malawi,2024,21655.286,18.59800148010254,15.40250831305031,23.23701286315918,-,Africa,MWI,Low income
Maldives,2000,282.019,27.70599937438965,,,-,South-East Asia,MDV,Upper middle income
Maldives,2001,286.767,28.85900115966797,,,-,South-East Asia,MDV,Upper middle income
Maldives,2002,291.616,30.0419979095459,,,-,South-East Asia,MDV,Upper middle income
Maldives,2003,296.491,31.251998901367188,,,-,South-East Asia,MDV,Upper middle income
Maldives,2004,301.413,32.4900016784668,,,-,South-East Asia,MDV,Upper middle income
Maldives,2005,306.429,33.75,,,-,South-East Asia,MDV,Upper middle income
Maldives,2006,313.851,34.79399871826172,,,-,South-East Asia,MDV,Upper middle income
Maldives,2007,324.479,35.20000076293945,,,-,South-East Asia,MDV,Upper middle income
Maldives,2008,336.17,35.61000061035156,,,-,South-East Asia,MDV,Upper middle income
Maldives,2009,348.275,36.020999908447266,,,-,South-East Asia,MDV,Upper middle income
Maldives,2010,360.792,36.43400192260742,,,-,South-East Asia,MDV,Upper middle income
Maldives,2011,373.674,36.849002838134766,,,-,South-East Asia,MDV,Upper middle income
Maldives,2012,386.818,37.266998291015625,,,-,South-East Asia,MDV,Upper middle income
Maldives,2013,400.07,37.685001373291016,95.76719740123586,2.449890375137329,-,South-East Asia,MDV,Upper middle income
Maldives,2014,413.617,38.10599899291992,95.77605211150752,2.4364354610443115,-,South-East Asia,MDV,Upper middle income
Maldives,2015,428.154,38.52899932861328,95.78495716696952,2.4229085445404053,-,South-East Asia,MDV,Upper middle income
Maldives,2016,443.308,38.95399856567383,95.79389514330312,2.4093267917633057,-,South-East Asia,MDV,Upper middle income
Maldives,2017,458.287,39.37999725341797,95.80286660918648,2.395700454711914,-,South-East Asia,MDV,Upper middle income
Maldives,2018,473.099,39.80799865722656,95.81187206061604,2.3820183277130127,-,South-East Asia,MDV,Upper middle income
Maldives,2019,487.731,40.23799896240234,95.82091802275934,2.368273973464966,-,South-East Asia,MDV,Upper middle income
Maldives,2020,502.118,40.66899871826172,95.82998621559584,2.3544962406158447,-,South-East Asia,MDV,Upper middle income
Maldives,2021,516.154,41.10200119018555,95.83909689393516,2.3406543731689453,-,South-East Asia,MDV,Upper middle income
Maldives,2022,524.106,41.5359992980957,,,-,South-East Asia,MDV,Upper middle income
Maldives,2023,525.994,41.97100067138672,,,-,South-East Asia,MDV,Upper middle income
Maldives,2024,527.799,42.40700149536133,,,-,South-East Asia,MDV,Upper middle income
Mali,2014,18020.267,39.19599914550781,16.17723660745147,30.030799865722656,-,Africa,MLI,Low income
Mali,2015,18593.022,39.99100112915039,16.32036931721071,30.04292297363281,-,Africa,MLI,Low income
Mali,2016,19191.289,40.78300094604492,16.46296094312059,30.05500221252441,-,Africa,MLI,Low income
Mali,2017,19813.011,41.571998596191406,16.60501336808711,30.067033767700195,-,Africa,MLI,Low income
Mali,2018,20442.03,42.35599899291992,16.74616388218222,30.07899475097656,-,Africa,MLI,Low income
Mali,2019,21068.405,43.13600158691406,16.88659636535173,30.09088897705078,-,Africa,MLI,Low income
Mali,2020,21713.836,43.90900039672852,17.02576714857319,30.102678298950195,-,Africa,MLI,Low income
Mali,2021,22388.63,44.677001953125,17.16403833973123,30.114391326904297,-,Africa,MLI,Low income
Mali,2022,23072.64,45.4370002746582,17.30086935212167,30.125980377197266,-,Africa,MLI,Low income
Malta,2000,399.895,92.36800384521484,,,-,Europe,MLT,High income
Malta,2001,402.784,92.64099884033205,,,-,Europe,MLT,High income
Malta,2002,405.565,92.9050064086914,,,-,Europe,MLT,High income
Malta,2003,408.226,93.15999603271484,,,-,Europe,MLT,High income
Malta,2004,410.798,93.40699768066406,,,-,Europe,MLT,High income
Malta,2005,413.32,93.64500427246094,,,-,Europe,MLT,High income
Malta,2006,415.454,93.78399658203124,,,-,Europe,MLT,High income
Malta,2007,417.197,93.85700225830078,,,-,Europe,MLT,High income
Malta,2008,418.969,93.9290008544922,,,-,Europe,MLT,High income
Malta,2009,420.795,94.0009994506836,,,-,Europe,MLT,High income
Malta,2010,422.651,94.0719985961914,,,-,Europe,MLT,High income
Malta,2011,424.628,94.14099884033205,,,-,Europe,MLT,High income
Malta,2012,426.611,94.21099853515624,,,-,Europe,MLT,High income
Malta,2013,428.452,94.27899932861328,,,-,Europe,MLT,High income
Malta,2014,434.485,94.34700012207033,,,-,Europe,MLT,High income
Malta,2015,444.981,94.41400146484376,,,-,Europe,MLT,High income
Malta,2016,455.269,94.4800033569336,,,-,Europe,MLT,High income
Malta,2017,467.902,94.54600524902344,,,-,Europe,MLT,High income
Malta,2018,484.558,94.61199951171876,,,-,Europe,MLT,High income
Malta,2019,504.015,94.6780014038086,,,-,Europe,MLT,High income
Malta,2020,518.207,94.74400329589844,,,-,Europe,MLT,High income
Malta,2021,524.376,94.80999755859376,,,-,Europe,MLT,High income
Malta,2022,528.192,94.875,,,-,Europe,MLT,High income
Malta,2023,532.956,94.94100189208984,,,-,Europe,MLT,High income
Malta,2024,539.607,95.0060043334961,,,-,Europe,MLT,High income
Marshall Islands,2013,50.681,74.94599914550781,84.89183174793857,2.426346778869629,-,Western Pacific,MHL,Upper middle income
Marshall Islands,2014,49.796,75.38400268554688,84.91897904860237,2.4153971672058105,-,Western Pacific,MHL,Upper middle income
Marshall Islands,2015,48.8,75.81099700927734,84.94543887191189,2.404728412628174,-,Western Pacific,MHL,Upper middle income
Marshall Islands,2016,47.709,76.22799682617188,84.97128533620948,2.3943028450012207,-,Western Pacific,MHL,Upper middle income
Marshall Islands,2017,46.529,76.63400268554688,84.9964541948983,2.3841474056243896,-,Western Pacific,MHL,Upper middle income
Marshall Islands,2018,45.285,77.03099822998047,85.02105763350608,2.374225378036499,-,Western Pacific,MHL,Upper middle income
Marshall Islands,2019,44.007,77.41699981689453,85.04498033222735,2.364577293395996,-,Western Pacific,MHL,Upper middle income
Marshall Islands,2020,42.706,77.79399871826172,85.06835142300238,2.355147123336792,-,Western Pacific,MHL,Upper middle income
Marshall Islands,2021,41.367,78.16200256347656,85.0911570671975,2.3459508419036865,-,Western Pacific,MHL,Upper middle income
Martinique,2003,408.406,89.49199676513672,,,-,Americas,MTQ,
Martinique,2004,405.096,89.41699981689453,,,-,Americas,MTQ,
Martinique,2005,401.847,89.34199523925781,,,-,Americas,MTQ,
Martinique,2006,400.45,89.26599884033203,,,-,Americas,MTQ,
Martinique,2007,400.807,89.1989974975586,,,-,Americas,MTQ,
Martinique,2008,400.696,89.13999938964844,,,-,Americas,MTQ,
Martinique,2009,399.521,89.09100341796875,,,-,Americas,MTQ,
Martinique,2010,397.384,89.05000305175781,,,-,Americas,MTQ,
Martinique,2011,394.565,89.01799774169922,,,-,Americas,MTQ,
Martinique,2012,391.731,88.9949951171875,,,-,Americas,MTQ,
Martinique,2013,389.466,88.98100280761719,,,-,Americas,MTQ,
Martinique,2014,387.014,88.97699737548828,,,-,Americas,MTQ,
Martinique,2015,383.731,88.98100280761719,,,-,Americas,MTQ,
Martinique,2016,378.886,88.9949951171875,,,-,Americas,MTQ,
Martinique,2017,371.502,89.01799774169922,,,-,Americas,MTQ,
Martinique,2018,364.089,89.04899597167969,,,-,Americas,MTQ,
Martinique,2019,359.611,89.09000396728516,,,-,Americas,MTQ,
Martinique,2020,356.615,89.13999938964844,,,-,Americas,MTQ,
Martinique,2021,353.278,89.197998046875,,,-,Americas,MTQ,
Martinique,2022,349.459,89.26499938964844,,,-,Americas,MTQ,
Martinique,2023,346.002,89.34100341796875,,,-,Americas,MTQ,
Martinique,2024,343.195,89.42499542236328,,,-,Americas,MTQ,
Mauritania,2009,3284.448,45.68600082397461,53.71170539826122,21.029815673828125,-,Africa,MRT,Lower middle income
Mauritania,2010,3390.965,46.5880012512207,53.95930127801162,20.79428482055664,-,Africa,MRT,Lower middle income
Mauritania,2011,3502.811,47.49300003051758,54.20771777541069,20.55797576904297,-,Africa,MRT,Lower middle income
Mauritania,2012,3619.034,48.400001525878906,54.45668403464459,20.321142196655277,-,Africa,MRT,Lower middle income
Mauritania,2013,3734.318,49.305999755859375,54.7053772985813,20.08456802368164,-,Africa,MRT,Lower middle income
Mauritania,2014,3848.514,50.2030029296875,53.19172869723287,20.090255737304688,-,Africa,MRT,Lower middle income
Mauritania,2015,3965.959,51.0890007019043,51.69835235795389,20.10860824584961,-,Africa,MRT,Lower middle income
Mauritania,2016,4086.657,51.96200180053711,50.22419148506967,20.139928817749023,-,Africa,MRT,Lower middle income
Mauritania,2017,4210.6,52.82400131225586,48.76938437196638,20.18352699279785,-,Africa,MRT,Lower middle income
Mauritania,2018,4337.685,53.6719970703125,47.33247515047391,20.23992347717285,-,Africa,MRT,Lower middle income
Mauritania,2019,4467.708,54.50699996948242,45.91326843479432,20.308652877807617,-,Africa,MRT,Lower middle income
Mauritania,2020,4600.131,55.32699966430664,44.51051813304492,20.38994407653809,-,Africa,MRT,Lower middle income
Mauritania,2021,4734.874,56.13300323486328,43.12401105229981,20.48333740234375,-,Africa,MRT,Lower middle income
Mauritania,2022,4875.637,56.92300033569336,41.75240928632856,20.589017868041992,-,Africa,MRT,Lower middle income
Mauritania,2023,5022.441,57.69900131225586,40.39589425549045,20.70631217956543,-,Africa,MRT,Lower middle income
Mauritania,2024,5169.395,58.45800018310547,40.70401353548532,20.5500602722168,-,Africa,MRT,Lower middle income
Mauritius,2000,1216.629,42.66999816894531,,,-,Africa,MUS,Upper middle income
Mauritius,2001,1225.801,42.55900192260742,,,-,Africa,MUS,Upper middle income
Mauritius,2002,1234.085,42.44700241088867,,,-,Africa,MUS,Upper middle income
Mauritius,2003,1242.099,42.334999084472656,,,-,Africa,MUS,Upper middle income
Mauritius,2004,1249.8,42.22299957275391,,,-,Africa,MUS,Upper middle income
Mauritius,2005,1257.215,42.11199951171875,,,97.81285711414473,Africa,MUS,Upper middle income
Mauritius,2006,1263.781,42.0,,,97.81031543190784,Africa,MUS,Upper middle income
Mauritius,2007,1269.518,41.88899993896485,,,97.80779327756835,Africa,MUS,Upper middle income
Mauritius,2008,1274.635,41.777000427246094,,,97.80524881114921,Africa,MUS,Upper middle income
Mauritius,2009,1278.972,41.66600036621094,,,97.80272482765054,Africa,MUS,Upper middle income
Mauritius,2010,1282.709,41.55500030517578,,,97.82045547405463,Africa,MUS,Upper middle income
Mauritius,2011,1286.267,41.44400024414063,,,97.83816745240354,Africa,MUS,Upper middle income
Mauritius,2012,1289.17,41.33200073242188,,,97.85582743697306,Africa,MUS,Upper middle income
Mauritius,2013,1290.984,41.22200012207031,,,97.87351688432571,Africa,MUS,Upper middle income
Mauritius,2014,1292.005,41.11100006103516,,,97.89115893280858,Africa,MUS,Upper middle income
Mauritius,2015,1292.275,41.0,,,97.90878064119372,Africa,MUS,Upper middle income
Mauritius,2016,1291.803,40.90999984741211,,,97.92687171618066,Africa,MUS,Upper middle income
Mauritius,2017,1290.655,40.84099960327149,,,97.94543689693195,Africa,MUS,Upper middle income
Mauritius,2018,1288.833,40.792999267578125,,,97.96447864504263,Africa,MUS,Upper middle income
Mauritius,2019,1286.27,40.76599884033203,,,97.98402084719787,Africa,MUS,Upper middle income
Mauritius,2020,1283.223,40.7599983215332,,,98.00405242419669,Africa,MUS,Upper middle income
Mauritius,2021,1279.623,40.775001525878906,,,98.02458212463655,Africa,MUS,Upper middle income
Mauritius,2022,1276.13,40.810001373291016,,,98.0455945754419,Africa,MUS,Upper middle income
Mauritius,2023,1273.588,40.867000579833984,,,98.06715310306411,Africa,MUS,Upper middle income
Mauritius,2024,1271.169,40.94400024414063,,,98.0892014704018,Africa,MUS,Upper middle income
Mayotte,2006,184.992,50.185001373291016,,,-,Africa,MYT,
Mayotte,2007,190.761,50.137001037597656,,,-,Africa,MYT,
Mayotte,2008,196.406,49.78100204467773,,,-,Africa,MYT,
Mayotte,2009,201.895,49.36800003051758,,,-,Africa,MYT,
Mayotte,2010,207.422,48.95400238037109,,,-,Africa,MYT,
Mayotte,2011,212.978,48.54100036621094,,,-,Africa,MYT,
Mayotte,2012,218.992,48.12799835205078,,,-,Africa,MYT,
Mayotte,2013,226.623,47.71500015258789,,,-,Africa,MYT,
Mayotte,2014,235.775,47.33599853515625,,,-,Africa,MYT,
Mayotte,2015,245.579,46.98899841308594,,,-,Africa,MYT,
Mayotte,2016,255.872,46.676002502441406,,,-,Africa,MYT,
Mayotte,2017,265.164,46.39500045776367,,,-,Africa,MYT,
Mayotte,2018,269.69,46.14799880981445,,,-,Africa,MYT,
Mayotte,2019,274.911,45.93299865722656,,,-,Africa,MYT,
Mayotte,2020,284.37,45.7509994506836,,,-,Africa,MYT,
Mayotte,2021,294.421,45.60200119018555,,,-,Africa,MYT,
Mayotte,2022,305.269,45.48600006103516,,,-,Africa,MYT,
Mayotte,2023,316.015,45.40299987792969,,,-,Africa,MYT,
Mexico,2009,111999.721,77.52000427246094,87.29243348660664,,-,Americas,MEX,Upper middle income
Mexico,2010,113623.895,77.81500244140625,87.32272509188897,,-,Americas,MEX,Upper middle income
Mexico,2011,115243.504,78.11100006103516,87.3531193354241,2.997856616973877,-,Americas,MEX,Upper middle income
Mexico,2012,116818.208,78.40499877929688,87.3833077317923,2.988554716110229,-,Americas,MEX,Upper middle income
Mexico,2013,118343.573,78.6989974975586,87.41349690123747,2.9792518615722656,-,Americas,MEX,Upper middle income
Mexico,2014,119784.261,78.99299621582031,88.58659376929106,2.9699435234069824,-,Americas,MEX,Upper middle income
Mexico,2015,121072.306,79.28500366210938,89.7524980409246,2.960702419281006,-,Americas,MEX,Upper middle income
Mexico,2016,122251.351,79.57699584960938,90.9114154965582,2.951464891433716,-,Americas,MEX,Upper middle income
Mexico,2017,123400.057,79.86699676513672,92.0632451735366,2.9422848224639893,-,Americas,MEX,Upper middle income
Mexico,2018,124573.711,80.15599822998047,93.20809577925544,2.9331371784210205,-,Americas,MEX,Upper middle income
Mexico,2019,125762.982,80.44400024414062,94.34599806644589,2.9240269660949707,-,Americas,MEX,Upper middle income
Mexico,2020,126799.054,80.73099517822266,95.47699904569176,,-,Americas,MEX,Upper middle income
Mexico,2021,127648.148,81.01599884033203,96.6011218497961,,-,Americas,MEX,Upper middle income
Mexico,2022,128613.117,81.30000305175781,97.71843351220642,,-,Americas,MEX,Upper middle income
Mexico,2023,129739.759,81.58200073242188,98.79085680215292,,-,Americas,MEX,Upper middle income
Mexico,2024,130861.007,81.86199951171875,98.78670389732588,,-,Americas,MEX,Upper middle income
Micronesia (Federated States of),2000,112.044,22.32999992370605,,,-,Western Pacific,FSM,Lower middle income
Micronesia (Federated States of),2001,112.365,22.32999992370605,,,-,Western Pacific,FSM,Lower middle income
Micronesia (Federated States of),2002,112.448,22.32999992370605,,,-,Western Pacific,FSM,Lower middle income
Micronesia (Federated States of),2003,112.285,22.32999992370605,,,-,Western Pacific,FSM,Lower middle income
Micronesia (Federated States of),2004,111.925,22.32999992370605,,,-,Western Pacific,FSM,Lower middle income
Micronesia (Federated States of),2005,111.412,22.32999992370605,,,-,Western Pacific,FSM,Lower middle income
Micronesia (Federated States of),2006,110.729,22.323999404907227,,68.7719955444336,-,Western Pacific,FSM,Lower middle income
Micronesia (Federated States of),2007,109.88,22.316999435424805,,68.7719955444336,-,Western Pacific,FSM,Lower middle income
Micronesia (Federated States of),2008,108.936,22.31100082397461,,68.7719955444336,-,Western Pacific,FSM,Lower middle income
Micronesia (Federated States of),2009,107.957,22.30500030517578,,68.7719955444336,-,Western Pacific,FSM,Lower middle income
Micronesia (Federated States of),2010,107.54,22.297998428344727,,68.7719955444336,-,Western Pacific,FSM,Lower middle income
Micronesia (Federated States of),2011,107.698,22.30500030517578,,68.7719955444336,-,Western Pacific,FSM,Lower middle income
Micronesia (Federated States of),2012,107.89,22.323999404907227,,68.7719955444336,-,Western Pacific,FSM,Lower middle income
Micronesia (Federated States of),2013,108.121,22.35500144958496,,68.7719955444336,-,Western Pacific,FSM,Lower middle income
Micronesia (Federated States of),2014,108.396,22.39900016784668,,68.7719955444336,-,Western Pacific,FSM,Lower middle income
Micronesia (Federated States of),2015,108.716,22.45599937438965,,,-,Western Pacific,FSM,Lower middle income
Micronesia (Federated States of),2016,109.075,22.5260009765625,,,-,Western Pacific,FSM,Lower middle income
Micronesia (Federated States of),2017,109.481,22.607999801635746,,,-,Western Pacific,FSM,Lower middle income
Micronesia (Federated States of),2018,109.909,22.702999114990234,,,-,Western Pacific,FSM,Lower middle income
Micronesia (Federated States of),2019,110.282,22.812000274658203,,,-,Western Pacific,FSM,Lower middle income
Micronesia (Federated States of),2020,110.916,22.933000564575195,,,-,Western Pacific,FSM,Lower middle income
Micronesia (Federated States of),2021,111.624,23.06800079345703,,,-,Western Pacific,FSM,Lower middle income
Micronesia (Federated States of),2022,112.114,23.21700096130371,,,-,Western Pacific,FSM,Lower middle income
Micronesia (Federated States of),2023,112.63,23.378999710083008,,,-,Western Pacific,FSM,Lower middle income
Micronesia (Federated States of),2024,113.16,23.55500030517578,,,-,Western Pacific,FSM,Lower middle income
Mongolia,2004,2542.793,61.44300079345703,59.21829812766309,39.30632019042969,-,Western Pacific,MNG,Upper middle income
Mongolia,2005,2563.461,62.49399948120117,59.69196547881619,38.813812255859375,-,Western Pacific,MNG,Upper middle income
Mongolia,2006,2584.756,63.53499984741211,60.16112739787368,38.325984954833984,-,Western Pacific,MNG,Upper middle income
Mongolia,2007,2607.965,64.56400299072266,60.62487864674177,37.843788146972656,-,Western Pacific,MNG,Upper middle income
Mongolia,2008,2634.424,65.58100128173828,61.08322407894657,37.3672103881836,-,Western Pacific,MNG,Upper middle income
Mongolia,2009,2665.326,66.57999420166016,63.58890129215214,33.334930419921875,-,Western Pacific,MNG,Upper middle income
Mongolia,2010,2701.732,67.56700134277344,66.02750664489089,29.39726829528809,-,Western Pacific,MNG,Upper middle income
Mongolia,2011,2745.18,67.96299743652344,68.19347365505571,25.74562263488769,-,Western Pacific,MNG,Upper middle income
Mongolia,2012,2795.459,68.02999877929688,70.2275369201566,22.22452545166016,-,Western Pacific,MNG,Upper middle income
Mongolia,2013,2851.881,68.09700012207031,72.25741537008501,18.7094669342041,-,Western Pacific,MNG,Upper middle income
Mongolia,2014,2913.039,68.16300201416016,74.2828463666792,15.200645446777344,-,Western Pacific,MNG,Upper middle income
Mongolia,2015,2976.526,68.22999572753906,76.30437880231413,11.697629928588867,-,Western Pacific,MNG,Upper middle income
Mongolia,2016,3040.812,68.2969970703125,78.3217350619757,8.200644493103027,-,Western Pacific,MNG,Upper middle income
Mongolia,2017,3104.364,68.36299896240234,80.33472661472481,4.709774494171143,-,Western Pacific,MNG,Upper middle income
Mongolia,2018,3167.706,68.44499969482422,82.34580767837411,1.2245702743530271,-,Western Pacific,MNG,Upper middle income
Mongolia,2019,3232.113,68.54299926757812,84.35348307525541,1.0,-,Western Pacific,MNG,Upper middle income
Mongolia,2020,3290.785,68.65699768066406,86.35624485386212,1.0,-,Western Pacific,MNG,Upper middle income
Mongolia,2021,3339.674,68.78500366210938,86.36594728113701,1.0,-,Western Pacific,MNG,Upper middle income
Mongolia,2022,3386.015,68.93000030517578,86.3769386578343,1.0,-,Western Pacific,MNG,Upper middle income
Mongolia,2023,3431.932,69.08900451660156,86.3889894575957,1.0,-,Western Pacific,MNG,Upper middle income
Mongolia,2024,3475.54,69.26300048828125,86.40217172872848,1.0,-,Western Pacific,MNG,Upper middle income
Montenegro,2006,633.871,62.803001403808594,,1.0,-,Europe,MNE,Upper middle income
Montenegro,2007,633.379,63.13899612426758,,1.0,-,Europe,MNE,Upper middle income
Montenegro,2008,632.845,63.47500228881836,,1.0,-,Europe,MNE,Upper middle income
Montenegro,2009,632.438,63.80799865722656,,1.0,-,Europe,MNE,Upper middle income
Montenegro,2010,632.088,64.13999938964844,,1.0,-,Europe,MNE,Upper middle income
Montenegro,2011,632.688,64.47200012207031,,1.0,-,Europe,MNE,Upper middle income
Montenegro,2012,633.54,64.80400085449219,,1.0,-,Europe,MNE,Upper middle income
Montenegro,2013,633.202,65.13700103759766,,1.0,-,Europe,MNE,Upper middle income
Montenegro,2014,631.375,65.47100067138672,99.0,1.0,-,Europe,MNE,Upper middle income
Montenegro,2015,628.145,65.80599975585938,99.0,1.0,-,Europe,MNE,Upper middle income
Montenegro,2016,624.249,66.14099884033203,99.0,1.0,-,Europe,MNE,Upper middle income
Montenegro,2017,620.114,66.47699737548828,99.0,1.0,-,Europe,MNE,Upper middle income
Montenegro,2018,615.795,66.81299591064453,99.0,1.0,-,Europe,MNE,Upper middle income
Montenegro,2019,611.667,67.1500015258789,99.0,1.0,-,Europe,MNE,Upper middle income
Montenegro,2020,607.935,67.48800659179688,99.0,1.0,-,Europe,MNE,Upper middle income
Montenegro,2021,603.851,67.82600402832031,99.0,1.0,-,Europe,MNE,Upper middle income
Montenegro,2022,614.648,68.16400146484375,99.0,1.0,-,Europe,MNE,Upper middle income
Montenegro,2023,633.552,68.50200653076172,,1.0,-,Europe,MNE,Upper middle income
Montenegro,2024,638.479,68.83999633789062,,1.0,-,Europe,MNE,Upper middle income
Montserrat,2005,4.547,9.340999603271484,,,-,Americas,MSR,
Montserrat,2006,4.582,9.30299949645996,,,-,Americas,MSR,
Montserrat,2007,4.623,9.264999389648438,,,-,Americas,MSR,
Montserrat,2008,4.677,9.22700023651123,,,-,Americas,MSR,
Montserrat,2009,4.735,9.1899995803833,,,-,Americas,MSR,
Montserrat,2010,4.794,9.151999473571776,,,-,Americas,MSR,
Montserrat,2011,4.822,9.114999771118164,,,-,Americas,MSR,
Montserrat,2012,4.796,9.085000038146973,,,-,Americas,MSR,
Montserrat,2013,4.753,9.063000679016112,,,-,Americas,MSR,
Montserrat,2014,4.711,9.04800033569336,,,-,Americas,MSR,
Montserrat,2015,4.673,9.041000366210938,,,-,Americas,MSR,
Montserrat,2016,4.638,9.041000366210938,,,-,Americas,MSR,
Montserrat,2017,4.603,9.04800033569336,,,-,Americas,MSR,
Montserrat,2018,4.569,9.063000679016112,,,-,Americas,MSR,
Montserrat,2019,4.54,9.086000442504885,,,-,Americas,MSR,
Montserrat,2020,4.508,9.114999771118164,,,-,Americas,MSR,
Montserrat,2021,4.479,9.152999877929688,,,-,Americas,MSR,
Montserrat,2022,4.453,9.197999954223633,,,-,Americas,MSR,
Montserrat,2023,4.42,9.25100040435791,,,-,Americas,MSR,
Montserrat,2024,4.389,9.312000274658203,,,-,Americas,MSR,
Mozambique,2005,20304.569,29.999000549316406,11.20718904438631,60.74984359741211,-,Africa,MOZ,Low income
Mozambique,2006,20787.087,30.1820011138916,11.2314055906134,60.74992370605469,-,Africa,MOZ,Low income
Mozambique,2007,21287.635,30.36400032043457,11.25548950690132,60.75,-,Africa,MOZ,Low income
Mozambique,2008,21819.036,30.83199882507324,11.31741861595836,60.75020217895508,-,Africa,MOZ,Low income
Mozambique,2009,22391.745,31.327999114990234,11.38305409223422,60.75041580200195,-,Africa,MOZ,Low income
Mozambique,2010,22999.235,31.830001831054688,11.66500114925058,58.0224838256836,-,Africa,MOZ,Low income
Mozambique,2011,23649.039,32.33599853515625,11.94873334953159,55.29186248779297,-,Africa,MOZ,Low income
Mozambique,2012,24337.846,32.84600067138672,12.2342660031337,52.55851745605469,-,Africa,MOZ,Low income
Mozambique,2013,25051.611,33.36000061035156,12.52161324998853,49.82241439819336,-,Africa,MOZ,Low income
Mozambique,2014,25788.475,33.87799835205078,12.81079044744171,47.08352279663086,-,Africa,MOZ,Low income
Mozambique,2015,26547.572,34.400001525878906,13.10181353783927,44.3418083190918,-,Africa,MOZ,Low income
Mozambique,2016,27337.105,34.92599868774414,13.3946958139741,41.59724426269531,-,Africa,MOZ,Low income
Mozambique,2017,28166.393,35.45500183105469,13.68930982142079,38.84981918334961,-,Africa,MOZ,Low income
Mozambique,2018,29018.644,35.987998962402344,13.98581150139062,36.09948348999024,-,Africa,MOZ,Low income
Mozambique,2019,29884.38,36.52799987792969,14.28464909274848,33.346126556396484,-,Africa,MOZ,Low income
Mozambique,2020,30783.688,37.07400131225586,14.5857034163669,30.589717864990234,-,Africa,MOZ,Low income
Mozambique,2021,31707.8,37.62800216674805,14.88929152096291,27.83014678955078,-,Africa,MOZ,Low income
Mozambique,2022,32656.246,38.1870002746582,15.19499526397358,25.06746482849121,-,Africa,MOZ,Low income
Mozambique,2023,33635.16,38.75299835205078,15.50313621685829,22.301538467407227,-,Africa,MOZ,Low income
Mozambique,2024,34631.766,39.32600021362305,15.81373757107039,19.53232765197754,-,Africa,MOZ,Low income
Myanmar,2010,49024.382,28.88500022888184,74.22874212522862,5.353973865509033,-,South-East Asia,MMR,Lower middle income
Myanmar,2011,49419.82,29.07499885559082,74.25223674287909,5.347198486328125,-,South-East Asia,MMR,Lower middle income
Myanmar,2012,49837.446,29.26599884033203,74.27585307056049,5.340390205383301,-,South-East Asia,MMR,Lower middle income
Myanmar,2013,50262.658,29.457000732421875,74.29946659955542,5.333585739135742,-,South-East Asia,MMR,Lower middle income
Myanmar,2014,50681.634,29.649999618530277,74.32333517123429,5.326700210571289,-,South-East Asia,MMR,Lower middle income
Myanmar,2015,51089.056,29.857999801635746,74.34905187508005,5.3192877769470215,-,South-East Asia,MMR,Lower middle income
Myanmar,2016,51495.696,30.08199882507324,74.37674800425324,5.311304092407227,-,South-East Asia,MMR,Lower middle income
Myanmar,2017,51894.938,30.32200050354004,74.40642342269913,5.302749156951904,-,South-East Asia,MMR,Lower middle income
Myanmar,2018,52272.247,30.57900047302246,74.43820268414008,5.293585300445557,-,South-East Asia,MMR,Lower middle income
Myanmar,2019,52640.713,30.851999282836918,74.47195347213716,5.283860206604004,-,South-East Asia,MMR,Lower middle income
Myanmar,2020,53016.522,31.141000747680664,74.50768548466579,5.273561000823975,-,South-East Asia,MMR,Lower middle income
Myanmar,2021,53387.102,31.447999954223636,74.54564750652082,5.262614727020264,-,South-East Asia,MMR,Lower middle income
Myanmar,2022,53756.787,31.7710018157959,74.58558878897253,5.251096725463867,-,South-East Asia,MMR,Lower middle income
Myanmar,2023,54133.798,32.11199951171875,74.62774754151445,5.238947868347168,-,South-East Asia,MMR,Lower middle income
Myanmar,2024,54500.091,32.470001220703125,74.67201275832483,5.226186752319336,-,South-East Asia,MMR,Lower middle income
Namibia,2009,2077.394,40.60100173950195,41.66403841637563,12.468015670776367,-,Africa,NAM,Upper middle income
Namibia,2010,2109.811,41.615997314453125,42.01861924411583,12.410247802734377,-,Africa,NAM,Upper middle income
Namibia,2011,2146.325,42.637001037597656,42.37529711509158,12.352137565612791,-,Africa,NAM,Upper middle income
Namibia,2012,2194.654,43.69300079345703,42.7442001945095,12.292038917541504,-,Africa,NAM,Upper middle income
Namibia,2013,2252.508,44.75600051879883,43.11555160381676,12.231534957885742,-,Africa,NAM,Upper middle income
Namibia,2014,2312.139,45.82600021362305,43.48934514720084,12.170639038085938,-,Africa,NAM,Upper middle income
Namibia,2015,2374.3,46.900001525878906,43.86454057888108,12.10950756072998,-,Africa,NAM,Upper middle income
Namibia,2016,2439.213,47.96099853515625,44.23519097381271,12.049121856689451,-,Africa,NAM,Upper middle income
Namibia,2017,2506.853,49.00499725341797,44.59990270775915,11.989702224731444,-,Africa,NAM,Upper middle income
Nauru,2000,10.168,100.0,,,-,Western Pacific,NRU,High income
Nauru,2001,10.13,100.0,,,-,Western Pacific,NRU,High income
Nauru,2002,10.082,100.0,,,-,Western Pacific,NRU,High income
Nauru,2003,10.059,100.0,,,-,Western Pacific,NRU,High income
Nauru,2004,10.06,100.0,,,-,Western Pacific,NRU,High income
Nauru,2005,10.049,100.0,,,-,Western Pacific,NRU,High income
Nauru,2006,10.034,100.0,,,-,Western Pacific,NRU,High income
Nauru,2019,11.587,100.0,90.78747699386987,1.6722389459609983,-,Western Pacific,NRU,High income
Nauru,2020,11.643,100.0,90.78747699386987,1.6722389459609983,-,Western Pacific,NRU,High income
Nauru,2021,11.709,100.0,90.78747699386987,1.6722389459609983,-,Western Pacific,NRU,High income
Nauru,2022,11.801,100.0,90.78747699386987,1.6722389459609983,-,Western Pacific,NRU,High income
Nauru,2023,11.875,100.0,90.78747699386987,1.6722389459609983,-,Western Pacific,NRU,High income
Nauru,2024,11.947,100.0,90.78747699386987,1.6722389459609983,-,Western Pacific,NRU,High income
Nepal,2005,26309.458,15.14900016784668,45.95655792208373,1.0229336023330688,-,South-East Asia,NPL,Lower middle income
Nepal,2006,26565.425,15.462000846862791,46.06034880619735,1.022663116455078,-,South-East Asia,NPL,Lower middle income
Nepal,2007,26788.492,15.781000137329102,46.1661277831132,1.0223897695541382,-,South-East Asia,NPL,Lower middle income
Nepal,2008,26990.037,16.10500144958496,46.27356403622662,1.0221139192581177,-,South-East Asia,NPL,Lower middle income
Nepal,2009,27173.035,16.43400001525879,46.38265933051733,1.021831512451172,-,South-East Asia,NPL,Lower middle income
Nepal,2010,27341.952,16.76799964904785,47.90152263223363,1.006763219833374,-,South-East Asia,NPL,Lower middle income
Nepal,2011,27464.494,17.107999801635742,49.41237494283494,1.0,-,South-East Asia,NPL,Lower middle income
Nepal,2012,27534.915,17.45800018310547,50.9160981581311,1.0,-,South-East Asia,NPL,Lower middle income
Nepal,2013,27589.996,17.815000534057617,52.41143704360211,1.0,-,South-East Asia,NPL,Lower middle income
Nepal,2014,27672.37,18.1820011138916,53.89885814393504,1.0,-,South-East Asia,NPL,Lower middle income
Nepal,2015,27823.629,18.55699920654297,55.37742619663128,1.0,-,South-East Asia,NPL,Lower middle income
Nepal,2016,27955.462,18.941999435424805,56.84725132503529,1.0,-,South-East Asia,NPL,Lower middle income
Nepal,2017,28011.258,19.336000442504883,58.30767757484076,1.0,-,South-East Asia,NPL,Lower middle income
Nepal,2018,28079.689,19.739999771118164,59.75850323983426,1.0,-,South-East Asia,NPL,Lower middle income
Nepal,2019,28414.064,20.152999877929688,61.1991080943679,1.0,-,South-East Asia,NPL,Lower middle income
Nepal,2020,28966.574,20.576000213623047,62.62926421249509,1.0,-,South-East Asia,NPL,Lower middle income
Nepal,2021,29475.01,21.007999420166016,64.04837205784247,1.0,-,South-East Asia,NPL,Lower middle income
Nepal,2022,29715.436,21.451000213623047,65.45631523778151,1.0,-,South-East Asia,NPL,Lower middle income
Nepal,2023,29694.614,21.902999877929688,66.85236281380217,1.0,-,South-East Asia,NPL,Lower middle income
Nepal,2024,29651.054,22.36600112915039,68.2363305442225,1.0,-,South-East Asia,NPL,Lower middle income
Netherlands (Kingdom of the),2000,16058.76,76.79499816894531,,,-,Europe,NLD,High income
Netherlands (Kingdom of the),2001,16182.705,77.83000183105469,,,-,Europe,NLD,High income
Netherlands (Kingdom of the),2002,16288.051,79.11299896240234,,,-,Europe,NLD,High income
Netherlands (Kingdom of the),2003,16366.912,80.34099578857422,,,-,Europe,NLD,High income
Netherlands (Kingdom of the),2004,16425.566,81.51399993896484,,,-,Europe,NLD,High income
Netherlands (Kingdom of the),2005,16465.71,82.6300048828125,,,-,Europe,NLD,High income
Netherlands (Kingdom of the),2006,16493.852,83.63600158691406,,,-,Europe,NLD,High income
Netherlands (Kingdom of the),2007,16531.357,84.53900146484375,,,-,Europe,NLD,High income
Netherlands (Kingdom of the),2008,16597.258,85.4020004272461,,,-,Europe,NLD,High income
Netherlands (Kingdom of the),2009,16684.15,86.28800201416016,,,-,Europe,NLD,High income
Netherlands (Kingdom of the),2010,16771.235,87.13399505615234,,,-,Europe,NLD,High income
Netherlands (Kingdom of the),2011,16851.057,87.8790054321289,,,-,Europe,NLD,High income
Netherlands (Kingdom of the),2012,16915.194,88.58799743652344,,,-,Europe,NLD,High income
Netherlands (Kingdom of the),2013,16967.063,89.18700408935547,,,-,Europe,NLD,High income
Netherlands (Kingdom of the),2014,17030.089,89.69000244140625,,,-,Europe,NLD,High income
Netherlands (Kingdom of the),2015,17107.433,90.1729965209961,,,-,Europe,NLD,High income
Netherlands (Kingdom of the),2016,17204.693,90.63500213623048,,,-,Europe,NLD,High income
Netherlands (Kingdom of the),2017,17315.37,91.0770034790039,,,-,Europe,NLD,High income
Netherlands (Kingdom of the),2018,17421.28,91.48999786376952,,,-,Europe,NLD,High income
Netherlands (Kingdom of the),2019,17537.507,91.8759994506836,,,-,Europe,NLD,High income
Netherlands (Kingdom of the),2020,17636.731,92.23600006103516,,,-,Europe,NLD,High income
Netherlands (Kingdom of the),2021,17730.564,92.5719985961914,,,-,Europe,NLD,High income
Netherlands (Kingdom of the),2022,17904.421,92.88600158691406,,,-,Europe,NLD,High income
Netherlands (Kingdom of the),2023,18092.524,93.1790008544922,,,-,Europe,NLD,High income
Netherlands (Kingdom of the),2024,18228.742,93.4530029296875,,,-,Europe,NLD,High income
New Caledonia,2003,236.678,62.98699951171875,,,-,Western Pacific,NCL,High income
New Caledonia,2004,240.852,63.34099578857422,,,-,Western Pacific,NCL,High income
New Caledonia,2005,244.381,63.96500015258789,,,-,Western Pacific,NCL,High income
New Caledonia,2006,247.547,64.63800048828125,,,-,Western Pacific,NCL,High income
New Caledonia,2007,250.725,65.30599975585938,,,-,Western Pacific,NCL,High income
New Caledonia,2008,253.825,65.96900177001953,,,-,Western Pacific,NCL,High income
New Caledonia,2009,257.25,66.6240005493164,,,-,Western Pacific,NCL,High income
New Caledonia,2010,261.582,67.10199737548828,,,-,Western Pacific,NCL,High income
New Caledonia,2011,266.543,67.56500244140625,,,-,Western Pacific,NCL,High income
New Caledonia,2012,271.633,68.02399444580078,,,-,Western Pacific,NCL,High income
New Caledonia,2013,276.822,68.47900390625,,,-,Western Pacific,NCL,High income
New Caledonia,2014,281.224,68.93099975585938,,,-,Western Pacific,NCL,High income
New Caledonia,2015,283.168,69.3790054321289,,,-,Western Pacific,NCL,High income
New Caledonia,2016,283.423,69.82099914550781,,,-,Western Pacific,NCL,High income
New Caledonia,2017,283.546,70.2560043334961,,,-,Western Pacific,NCL,High income
New Caledonia,2018,283.541,70.68299865722656,,,-,Western Pacific,NCL,High income
New Caledonia,2019,283.606,71.10400390625,,,-,Western Pacific,NCL,High income
New Caledonia,2020,284.176,71.51799774169922,,,-,Western Pacific,NCL,High income
New Caledonia,2021,285.214,71.92500305175781,,,-,Western Pacific,NCL,High income
New Caledonia,2022,287.123,72.32499694824219,,,-,Western Pacific,NCL,High income
New Caledonia,2023,289.87,72.71900177001953,,,-,Western Pacific,NCL,High income
New Caledonia,2024,292.639,73.10600280761719,,,-,Western Pacific,NCL,High income
New Zealand,2012,4411.676,86.16100311279297,,,91.29641926370932,Western Pacific,NZL,High income
New Zealand,2013,4453.851,86.22100067138672,,,91.29641926370932,Western Pacific,NZL,High income
New Zealand,2014,4522.983,86.28099822998047,,,91.29641926370932,Western Pacific,NZL,High income
New Zealand,2015,4614.029,86.34100341796875,,,91.29641926370932,Western Pacific,NZL,High income
New Zealand,2016,4714.77,86.4000015258789,,,91.29641926370934,Western Pacific,NZL,High income
New Zealand,2017,4812.752,86.46600341796875,,,91.18337971370295,Western Pacific,NZL,High income
New Zealand,2018,4900.847,86.53800201416016,,,91.07034016369653,Western Pacific,NZL,High income
New Zealand,2019,4989.403,86.61500549316406,,,90.95730061369011,Western Pacific,NZL,High income
New Zealand,2020,5069.895,86.6989974975586,,,90.84426106368372,Western Pacific,NZL,High income
New Zealand,2021,5107.697,86.78900146484375,,,90.7312215136773,Western Pacific,NZL,High income
New Zealand,2022,5131.734,86.88399505615234,,,90.6181819636709,Western Pacific,NZL,High income
New Zealand,2023,5172.836,86.98500061035156,,,90.50514241366449,Western Pacific,NZL,High income
New Zealand,2024,5213.944,87.09099578857422,,,90.39210286365807,Western Pacific,NZL,High income
Niger,2000,11509.63,16.18600082397461,8.45028083634116,20.44565200805664,-,Africa,NER,Low income
Niger,2001,11920.647,16.260000228881836,8.471606377682383,20.429643630981445,-,Africa,NER,Low income
Niger,2002,12349.144,16.255001068115234,8.470165929220002,20.430721282958984,-,Africa,NER,Low income
Niger,2003,12796.984,16.250999450683594,8.469012680238437,20.43158721923828,-,Africa,NER,Low income
Niger,2004,13265.836,16.246999740600586,8.467860149211042,20.432451248168945,-,Africa,NER,Low income
Niger,2005,13756.192,16.242000579833984,9.148567652920736,20.684799194335938,-,Africa,NER,Low income
Niger,2006,14268.581,16.237998962402344,9.829642240715634,20.93683433532715,-,Africa,NER,Low income
Niger,2007,14803.61,16.233999252319336,10.51079660817371,21.18877220153809,-,Africa,NER,Low income
Niger,2008,15361.915,16.229000091552734,11.19178218036884,21.44078063964844,-,Africa,NER,Low income
Niger,2009,15943.675,16.225000381469727,11.87310500209592,21.69252014160156,-,Africa,NER,Low income
Niger,2010,16548.835,16.22100067138672,12.55450716360635,21.94416236877441,-,Africa,NER,Low income
Niger,2011,17176.283,16.215999603271484,13.23576992463533,22.195844650268555,-,Africa,NER,Low income
Niger,2012,17836.769,16.211999893188477,13.91734166568236,22.44728279113769,-,Africa,NER,Low income
Niger,2013,18519.898,16.20800018310547,14.59899157279451,22.698633193969727,-,Africa,NER,Low income
Niger,2014,19215.909,16.2189998626709,15.28355612459219,22.948413848876957,-,Africa,NER,Low income
Niger,2015,19939.498,16.246999740600586,15.97094601337606,23.19698905944824,-,Africa,NER,Low income
Niger,2016,20685.753,16.290000915527344,16.66031631911046,23.44511604309082,-,Africa,NER,Low income
Niger,2017,21435.446,16.350000381469727,17.3515401860951,23.693195343017575,-,Africa,NER,Low income
Niger,2018,22188.069,16.424999237060547,18.04381253687981,23.94193649291992,-,Africa,NER,Low income
Niger,2019,22947.757,16.517000198364258,18.73696656264081,24.19178771972656,-,Africa,NER,Low income
Niger,2020,23717.613,16.625999450683594,19.43049377078594,24.4433650970459,-,Africa,NER,Low income
Niger,2021,24502.14,16.750999450683594,20.12377101505885,24.6972770690918,-,Africa,NER,Low income
Niger,2022,25311.973,16.893999099731445,20.81653852576965,24.9540958404541,-,Africa,NER,Low income
Niger,2023,26159.867,17.054000854492188,21.50816376643607,25.214439392089844,-,Africa,NER,Low income
Niger,2024,27032.412,17.231998443603516,21.52590494400523,25.478933334350582,-,Africa,NER,Low income
Nigeria,2011,171379.598,44.365997314453125,29.67697942983435,38.89636993408203,-,Africa,NGA,Lower middle income
Nigeria,2012,176200.625,45.24599838256836,29.81172790032164,38.82792663574219,-,Africa,NGA,Lower middle income
Nigeria,2013,181049.443,46.11800003051758,29.9452523656095,38.760101318359375,-,Africa,NGA,Lower middle income
Nigeria,2014,185896.915,46.98199844360352,30.07755076710516,38.692901611328125,-,Africa,NGA,Lower middle income
Nigeria,2015,190671.878,47.8380012512207,30.20862454700719,38.62632369995117,-,Africa,NGA,Lower middle income
Nigeria,2016,195443.7,48.68299865722656,30.33801552372771,38.56059646606445,-,Africa,NGA,Lower middle income
Nigeria,2017,200254.579,49.51900100708008,30.46602625792855,38.49557495117188,-,Africa,NGA,Lower middle income
Nigeria,2018,204938.755,50.34400177001953,30.59235472607407,38.43140411376953,-,Africa,NGA,Lower middle income
Nigeria,2019,209485.641,51.15699768066406,30.71684302391988,38.36817169189453,-,Africa,NGA,Lower middle income
Nigeria,2020,213996.181,51.95800018310547,30.83949689136654,38.30586624145508,-,Africa,NGA,Lower middle income
Nigeria,2021,218529.286,52.74599838256836,30.96015754876833,38.24457931518555,-,Africa,NGA,Lower middle income
Nigeria,2022,223150.896,53.52099990844727,31.07882900480623,38.18429946899414,-,Africa,NGA,Lower middle income
Nigeria,2023,227882.945,54.282997131347656,31.19550879576647,38.125030517578125,-,Africa,NGA,Lower middle income
Nigeria,2024,232679.478,55.02999877929688,31.30989238536525,38.066932678222656,-,Africa,NGA,Lower middle income
Niue,2000,2.047,33.069000244140625,,30.32162094116211,-,Western Pacific,NIU,
Niue,2001,1.988,33.44499969482422,,29.368846893310547,-,Western Pacific,NIU,
Niue,2002,1.942,33.874000549316406,,28.416074752807617,-,Western Pacific,NIU,
Niue,2003,1.908,34.31699752807617,,27.46330070495605,-,Western Pacific,NIU,
Niue,2004,1.869,34.763999938964844,,26.51052665710449,-,Western Pacific,NIU,
Niue,2005,1.827,35.21200180053711,,25.55775260925293,-,Western Pacific,NIU,
Niue,2006,1.798,35.66299819946289,,24.604978561401367,-,Western Pacific,NIU,
Niue,2007,1.784,36.3640022277832,,23.652204513549805,-,Western Pacific,NIU,
Niue,2008,1.78,37.13100051879883,,22.69943046569824,-,Western Pacific,NIU,
Niue,2009,1.777,37.902000427246094,,21.74665641784668,-,Western Pacific,NIU,
Niue,2010,1.768,38.68000030517578,,20.79388427734375,-,Western Pacific,NIU,
Niue,2011,1.757,39.46500015258789,,19.841110229492188,-,Western Pacific,NIU,
Niue,2012,1.757,40.255001068115234,,18.888336181640625,-,Western Pacific,NIU,
Niue,2013,1.762,41.03499984741211,,17.935562133789062,-,Western Pacific,NIU,
Niue,2014,1.769,41.80699920654297,,16.9827880859375,-,Western Pacific,NIU,
Niue,2015,1.779,42.56800079345703,,16.030014038085938,-,Western Pacific,NIU,
Niue,2016,1.782,43.31800079345703,,15.077239990234377,-,Western Pacific,NIU,
Niue,2017,1.78,44.05699920654297,,14.124466896057127,-,Western Pacific,NIU,
Niue,2018,1.786,44.78499984741211,,13.171692848205566,-,Western Pacific,NIU,
Niue,2019,1.793,45.5,,12.218918800354004,-,Western Pacific,NIU,
Niue,2020,1.799,46.20199966430664,,11.26614475250244,-,Western Pacific,NIU,
Niue,2021,1.813,46.8910026550293,,10.313371658325195,-,Western Pacific,NIU,
Niue,2022,1.821,47.56700134277344,,9.360597610473633,-,Western Pacific,NIU,
Niue,2023,1.817,48.229000091552734,,8.40782356262207,-,Western Pacific,NIU,
Niue,2024,1.819,48.87699890136719,,7.455049991607666,-,Western Pacific,NIU,
North Macedonia,2000,2057.253,58.547996520996094,99.0,1.0,-,Europe,MKD,Upper middle income
North Macedonia,2001,2066.301,58.3390007019043,99.0,1.0,-,Europe,MKD,Upper middle income
North Macedonia,2002,2074.484,58.130001068115234,99.0,1.0,-,Europe,MKD,Upper middle income
North Macedonia,2003,2081.411,57.920997619628906,99.0,1.0,-,Europe,MKD,Upper middle income
North Macedonia,2004,2086.581,57.71099853515625,99.0,1.0,-,Europe,MKD,Upper middle income
North Macedonia,2005,2089.807,57.53200149536133,99.0,1.0,-,Europe,MKD,Upper middle income
North Macedonia,2006,2089.233,57.382999420166016,99.0,1.0,-,Europe,MKD,Upper middle income
North Macedonia,2007,2081.972,57.26399993896485,99.0,1.0,-,Europe,MKD,Upper middle income
North Macedonia,2008,2070.834,57.17499923706055,99.0,1.0,-,Europe,MKD,Upper middle income
North Macedonia,2009,2060.599,57.11699676513672,99.0,1.0,-,Europe,MKD,Upper middle income
North Macedonia,2010,2051.505,57.0890007019043,99.0,1.0,-,Europe,MKD,Upper middle income
North Macedonia,2011,2040.446,57.09199905395508,99.0,1.0,-,Europe,MKD,Upper middle income
North Macedonia,2012,2027.289,57.12500381469727,99.0,1.0,-,Europe,MKD,Upper middle income
North Macedonia,2013,2013.28,57.18899917602539,99.0,1.0,-,Europe,MKD,Upper middle income
North Macedonia,2014,1997.833,57.28399658203125,99.0,1.0,-,Europe,MKD,Upper middle income
North Macedonia,2015,1980.366,57.407997131347656,99.0,1.0,-,Europe,MKD,Upper middle income
North Macedonia,2016,1961.259,57.5629997253418,99.0,1.0,-,Europe,MKD,Upper middle income
North Macedonia,2017,1940.879,57.74800109863281,99.0,1.0,-,Europe,MKD,Upper middle income
North Macedonia,2018,1919.728,57.9630012512207,99.0,1.0,-,Europe,MKD,Upper middle income
North Macedonia,2019,1897.641,58.20800018310547,99.0,1.0,-,Europe,MKD,Upper middle income
North Macedonia,2020,1872.015,58.48199844360352,99.0,1.0,-,Europe,MKD,Upper middle income
North Macedonia,2021,1851.108,58.7859992980957,99.0,1.0,-,Europe,MKD,Upper middle income
North Macedonia,2022,1840.233,59.11800384521485,99.0,1.0,-,Europe,MKD,Upper middle income
North Macedonia,2023,1831.802,59.47899627685547,99.0,1.0,-,Europe,MKD,Upper middle income
North Macedonia,2024,1823.009,59.86800384521485,99.0,1.0,-,Europe,MKD,Upper middle income
Northern Mariana Islands,2000,68.356,90.1520004272461,,9.363859176635742,82.55865192376291,Western Pacific,MNP,High income
Northern Mariana Islands,2001,67.984,90.23500061035156,,9.10515308380127,83.13791798434681,Western Pacific,MNP,High income
Northern Mariana Islands,2002,66.778,90.31599426269533,,8.84644603729248,83.71718404493095,Western Pacific,MNP,High income
Northern Mariana Islands,2003,65.421,90.39800262451172,,8.587738990783691,84.29645010551485,Western Pacific,MNP,High income
Northern Mariana Islands,2004,63.938,90.47799682617188,,8.329032897949219,84.87571616609898,Western Pacific,MNP,High income
Northern Mariana Islands,2005,62.354,90.55799865722656,,8.07032585144043,85.45498222668289,Western Pacific,MNP,High income
Northern Mariana Islands,2006,60.682,90.63800048828124,,7.811619281768799,86.03424828726679,Western Pacific,MNP,High income
Northern Mariana Islands,2007,58.941,90.71599578857422,,7.552912712097168,86.61351434785092,Western Pacific,MNP,High income
Northern Mariana Islands,2008,57.15,90.79499816894533,,7.294206142425537,87.19278040843483,Western Pacific,MNP,High income
Northern Mariana Islands,2009,55.325,90.87200164794922,,7.035499572753906,87.77204646901896,Western Pacific,MNP,High income
Northern Mariana Islands,2010,54.091,90.9489974975586,,6.776792526245117,88.35131252960286,Western Pacific,MNP,High income
Northern Mariana Islands,2011,53.608,91.02799987792967,,6.518085956573486,88.930578590187,Western Pacific,MNP,High income
Northern Mariana Islands,2012,53.234,91.10800170898438,,6.259379386901856,89.5098446507709,Western Pacific,MNP,High income
Northern Mariana Islands,2013,52.758,91.18999481201172,,6.000672817230225,90.08911071135503,Western Pacific,MNP,High income
Northern Mariana Islands,2014,52.178,91.2729949951172,,5.741966247558594,90.66837677193894,Western Pacific,MNP,High income
Northern Mariana Islands,2015,51.514,91.35700225830078,,5.483259677886963,91.24764283252307,Western Pacific,MNP,High income
Northern Mariana Islands,2016,50.773,91.44300079345705,,5.224552631378174,91.82690889310697,Western Pacific,MNP,High income
Northern Mariana Islands,2017,49.959,91.52999877929688,,4.965846061706543,92.4061749536911,Western Pacific,MNP,High income
Northern Mariana Islands,2018,49.077,91.61800384521484,,4.707139492034912,92.98544101427501,Western Pacific,MNP,High income
Northern Mariana Islands,2019,48.129,91.70800018310548,,4.448432922363281,93.56470707485914,Western Pacific,MNP,High income
Northern Mariana Islands,2020,47.528,91.79800415039062,,4.18972635269165,94.14397313544305,Western Pacific,MNP,High income
Northern Mariana Islands,2021,46.979,91.88999938964844,,3.93101954460144,94.72323919602718,Western Pacific,MNP,High income
Northern Mariana Islands,2022,46.078,91.98300170898438,,3.6723127365112314,95.30250525661108,Western Pacific,MNP,High income
Northern Mariana Islands,2023,45.143,92.07599639892578,,3.6723127365112314,95.30250525661108,Western Pacific,MNP,High income
Northern Mariana Islands,2024,44.278,92.17100524902344,,3.6723127365112314,95.30250525661108,Western Pacific,MNP,High income
Norway,2000,4490.867,76.02000427246094,,,-,Europe,NOR,High income
Norway,2001,4513.657,76.37799835205078,,,-,Europe,NOR,High income
Norway,2002,4538.014,76.73300170898438,,,-,Europe,NOR,High income
Norway,2003,4564.669,77.08399963378906,,,-,Europe,NOR,High income
Norway,2004,4591.743,77.39899444580078,,,-,Europe,NOR,High income
Norway,2005,4623.124,77.67500305175781,,,-,Europe,NOR,High income
Norway,2006,4660.494,77.94999694824219,,,-,Europe,NOR,High income
Norway,2007,4709.01,78.23400115966797,,,-,Europe,NOR,High income
Norway,2008,4768.101,78.5260009765625,,,-,Europe,NOR,High income
Norway,2009,4828.623,78.81500244140625,,,-,Europe,NOR,High income
Norway,2010,4889.162,79.10199737548828,,,-,Europe,NOR,High income
Norway,2011,4952.968,79.45500183105469,,,-,Europe,NOR,High income
Norway,2012,5018.458,79.8740005493164,,,-,Europe,NOR,High income
Norway,2013,5080.124,80.28600311279297,,,-,Europe,NOR,High income
Norway,2014,5137.395,80.69200134277344,,,-,Europe,NOR,High income
Norway,2015,5189.771,81.09099578857422,,,-,Europe,NOR,High income
Norway,2016,5235.983,81.48500061035156,,,-,Europe,NOR,High income
Norway,2017,5276.802,81.87100219726562,,,-,Europe,NOR,High income
Norway,2018,5311.752,82.24800109863281,,,-,Europe,NOR,High income
Norway,2019,5347.73,82.61600494384766,,,-,Europe,NOR,High income
Norway,2020,5379.274,82.9739990234375,,,-,Europe,NOR,High income
Norway,2021,5408.091,83.322998046875,,,-,Europe,NOR,High income
Norway,2022,5456.801,83.66400146484375,,,-,Europe,NOR,High income
Norway,2023,5519.167,83.99500274658203,,,-,Europe,NOR,High income
Norway,2024,5576.66,84.31800079345703,,,-,Europe,NOR,High income
occupied Palestinian territory*,2000,3151.793,71.96900177001953,,,96.5443173727067,Eastern Mediterranean,PSE,Lower middle income
occupied Palestinian territory*,2001,3242.285,72.18899536132812,,,96.55924908855064,Eastern Mediterranean,PSE,Lower middle income
occupied Palestinian territory*,2002,3322.364,72.40899658203125,,,96.57418049964748,Eastern Mediterranean,PSE,Lower middle income
occupied Palestinian territory*,2003,3398.07,72.62699890136719,,,96.58897508063536,Eastern Mediterranean,PSE,Lower middle income
occupied Palestinian territory*,2004,3475.177,72.84500122070312,,,96.6493126143785,Eastern Mediterranean,PSE,Lower middle income
occupied Palestinian territory*,2005,3557.401,73.06100463867188,,,96.70824701627247,Eastern Mediterranean,PSE,Lower middle income
occupied Palestinian territory*,2006,3645.096,73.2760009765625,,,96.7658598112161,Eastern Mediterranean,PSE,Lower middle income
occupied Palestinian territory*,2007,3736.691,73.49099731445312,,,96.82221981438845,Eastern Mediterranean,PSE,Lower middle income
occupied Palestinian territory*,2008,3829.041,73.70399475097656,,,96.87721326261571,Eastern Mediterranean,PSE,Lower middle income
occupied Palestinian territory*,2009,3921.246,73.9229965209961,,,96.93126643424972,Eastern Mediterranean,PSE,Lower middle income
occupied Palestinian territory*,2010,4016.916,74.14900207519531,,,96.98437198993577,Eastern Mediterranean,PSE,Lower middle income
occupied Palestinian territory*,2011,4115.908,74.38099670410156,,,97.03641937497828,Eastern Mediterranean,PSE,Lower middle income
occupied Palestinian territory*,2012,4215.313,74.61900329589844,,,97.08736213046382,Eastern Mediterranean,PSE,Lower middle income
occupied Palestinian territory*,2013,4315.261,74.86299896240234,,,97.13713916663089,Eastern Mediterranean,PSE,Lower middle income
occupied Palestinian territory*,2014,4415.882,75.11299896240234,94.93441356655096,1.0,97.18571210913274,Eastern Mediterranean,PSE,Lower middle income
occupied Palestinian territory*,2015,4521.565,75.36799621582031,94.93246413810442,1.0,97.23298521157389,Eastern Mediterranean,PSE,Lower middle income
occupied Palestinian territory*,2016,4632.739,75.62799835205078,94.93048081413086,1.0,97.27892163902003,Eastern Mediterranean,PSE,Lower middle income
occupied Palestinian territory*,2017,4742.743,75.89399719238281,94.92844570840214,1.0,97.24225942156336,Eastern Mediterranean,PSE,Lower middle income
occupied Palestinian territory*,2018,4850.592,76.16400146484375,94.9263818739604,1.0,97.18929391311248,Eastern Mediterranean,PSE,Lower middle income
occupied Palestinian territory*,2019,4957.768,76.44000244140625,94.92427040878506,1.0,97.13417406994279,Eastern Mediterranean,PSE,Lower middle income
occupied Palestinian territory*,2020,5069.692,76.718994140625,94.92214153143192,1.0,97.07679237556356,Eastern Mediterranean,PSE,Lower middle income
occupied Palestinian territory*,2021,5185.336,77.00300598144531,94.9199692128036,1.0,97.01711861837529,Eastern Mediterranean,PSE,Lower middle income
occupied Palestinian territory*,2022,5305.27,77.29100036621094,94.91776497987652,1.0,96.95508877062402,Eastern Mediterranean,PSE,Lower middle income
occupied Palestinian territory*,2023,5409.202,77.58200073242188,94.9155451121788,1.0,96.89066097949079,Eastern Mediterranean,PSE,Lower middle income
occupied Palestinian territory*,2024,5495.443,77.87700653076172,94.91329175572696,1.0,96.8908990517411,Eastern Mediterranean,PSE,Lower middle income
Oman,2013,3833.913,78.88200378417969,97.4,,-,Eastern Mediterranean,OMN,High income
Oman,2014,4002.439,80.14500427246094,97.4,,-,Eastern Mediterranean,OMN,High income
Oman,2015,4184.895,81.3499984741211,97.4,,-,Eastern Mediterranean,OMN,High income
Oman,2016,4390.877,82.5,97.4,,-,Eastern Mediterranean,OMN,High income
Oman,2017,4537.396,83.56000518798828,97.4,,-,Eastern Mediterranean,OMN,High income
Oman,2018,4597.877,84.53900146484375,97.4,,-,Eastern Mediterranean,OMN,High income
Oman,2019,4591.241,85.44300079345703,97.4,,-,Eastern Mediterranean,OMN,High income
Oman,2020,4522.497,86.2760009765625,97.4,,-,Eastern Mediterranean,OMN,High income
Oman,2021,4500.424,87.04399871826172,97.4,,-,Eastern Mediterranean,OMN,High income
Pakistan,2007,184493.231,34.387001037597656,51.92489309598654,9.901931762695312,-,Eastern Mediterranean,PAK,Lower middle income
Pakistan,2008,189499.113,34.59000015258789,52.01454003045919,9.88862133026123,-,Eastern Mediterranean,PAK,Lower middle income
Pakistan,2009,194376.534,34.79300308227539,52.10418968581589,9.8753080368042,-,Eastern Mediterranean,PAK,Lower middle income
Pakistan,2010,199239.047,34.99700164794922,52.19428137332473,9.861928939819336,-,Eastern Mediterranean,PAK,Lower middle income
Pakistan,2011,203746.065,35.20199966430664,52.28481108484354,9.84848690032959,-,Eastern Mediterranean,PAK,Lower middle income
Pakistan,2012,207667.125,35.40800094604492,55.2884607336004,9.025510787963867,-,Eastern Mediterranean,PAK,Lower middle income
Pakistan,2013,211073.978,35.612998962402344,58.27964037522325,8.204939842224121,-,Eastern Mediterranean,PAK,Lower middle income
Pakistan,2014,214264.647,35.819000244140625,61.25914089146874,7.386669635772705,-,Eastern Mediterranean,PAK,Lower middle income
Pakistan,2015,217290.883,36.0260009765625,64.2268813789495,6.570703983306885,-,Eastern Mediterranean,PAK,Lower middle income
Pakistan,2016,220138.869,36.23400115966797,67.1827613890558,5.757077693939209,-,Eastern Mediterranean,PAK,Lower middle income
Pakistan,2017,223273.967,36.44200134277344,70.12643900956844,4.94582462310791,-,Eastern Mediterranean,PAK,Lower middle income
Pakistan,2018,226928.892,36.66600036621094,73.0616875750348,4.136543273925781,-,Eastern Mediterranean,PAK,Lower middle income
Pakistan,2019,230800.899,36.90699768066406,75.98731032461231,3.329481601715088,-,Eastern Mediterranean,PAK,Lower middle income
Pakistan,2020,235001.746,37.165000915527344,78.90180220528042,2.5249431133270264,-,Eastern Mediterranean,PAK,Lower middle income
Pakistan,2021,239477.801,37.43999862670898,81.80367526299081,1.7232073545455933,-,Eastern Mediterranean,PAK,Lower middle income
Pakistan,2022,243700.667,37.73099899291992,84.6913149772191,1.0,-,Eastern Mediterranean,PAK,Lower middle income
Pakistan,2023,247504.495,38.040000915527344,84.72803577643954,1.0,-,Eastern Mediterranean,PAK,Lower middle income
Pakistan,2024,251269.164,38.3650016784668,84.76666164672756,1.0,-,Eastern Mediterranean,PAK,Lower middle income
Palau,2000,19.178,70.33799743652344,,,95.63026845179452,Western Pacific,PLW,High income
Palau,2001,19.352,70.09300231933594,,,95.61961169392168,Western Pacific,PLW,High income
Palau,2002,19.503,69.84700012207031,,,95.60891009379687,Western Pacific,PLW,High income
Palau,2003,19.659,69.5999984741211,,,95.59817028875261,Western Pacific,PLW,High income
Palau,2004,19.82,70.38300323486328,,,95.63222655763894,Western Pacific,PLW,High income
Palau,2005,19.819,71.1520004272461,,,95.66566841922804,Western Pacific,PLW,High income
Palau,2006,19.593,71.91000366210938,,,95.6986344959618,Western Pacific,PLW,High income
Palau,2007,19.302,72.65499877929688,,,95.73103949587065,Western Pacific,PLW,High income
Palau,2008,19.009,73.38899993896484,,,95.7629623052915,Western Pacific,PLW,High income
Palau,2009,18.709,74.10900115966797,,,-,Western Pacific,PLW,High income
Palau,2010,18.396,74.81700134277344,,,-,Western Pacific,PLW,High income
Palau,2011,18.078,75.51100158691406,,,-,Western Pacific,PLW,High income
Palau,2012,17.765,76.19400024414062,,,-,Western Pacific,PLW,High income
Palau,2013,17.648,76.86199951171875,,,-,Western Pacific,PLW,High income
Palau,2014,17.715,77.51700592041016,,,-,Western Pacific,PLW,High income
Palau,2015,17.77,78.15899658203125,,,-,Western Pacific,PLW,High income
Palau,2016,17.797,78.7750015258789,,,-,Western Pacific,PLW,High income
Palau,2017,17.812,79.36499786376953,,,-,Western Pacific,PLW,High income
Palau,2018,17.814,79.93000030517578,,,-,Western Pacific,PLW,High income
Palau,2019,17.798,80.47000122070312,,,-,Western Pacific,PLW,High income
Palau,2020,17.792,80.98799896240234,,,-,Western Pacific,PLW,High income
Palau,2021,17.783,81.48300170898438,,,-,Western Pacific,PLW,High income
Palau,2022,17.759,81.95600128173828,,,-,Western Pacific,PLW,High income
Palau,2023,17.727,82.40799713134766,,,-,Western Pacific,PLW,High income
Palau,2024,17.695,82.83899688720703,,,-,Western Pacific,PLW,High income
Papua New Guinea,2012,8081.39,12.982000350952148,35.12421876228918,40.34598159790039,-,Western Pacific,PNG,Lower middle income
Papua New Guinea,2013,8302.698,12.977999687194824,35.12287310279365,40.347076416015625,-,Western Pacific,PNG,Lower middle income
Papua New Guinea,2014,8523.441,12.98799991607666,35.12623321326171,40.34434509277344,-,Western Pacific,PNG,Lower middle income
Papua New Guinea,2015,8743.246,13.011999130249023,35.13429403893362,40.33779525756836,-,Western Pacific,PNG,Lower middle income
Papua New Guinea,2016,8961.718,13.050000190734863,35.1470597497192,40.32741928100586,-,Western Pacific,PNG,Lower middle income
Papua New Guinea,2017,9178.714,13.101999282836914,35.16452668936195,40.31322479248047,-,Western Pacific,PNG,Lower middle income
Papua New Guinea,2018,9394.513,13.168999671936035,35.18703097245962,40.29493713378906,-,Western Pacific,PNG,Lower middle income
Papua New Guinea,2019,9609.01,13.249999046325684,35.21423971899153,40.27282333374024,-,Western Pacific,PNG,Lower middle income
Papua New Guinea,2020,9815.746,13.345000267028809,35.24615176258596,40.24688720703125,-,Western Pacific,PNG,Lower middle income
Papua New Guinea,2021,10012.896,13.456000328063965,35.28343546516424,40.216590881347656,-,Western Pacific,PNG,Lower middle income
Papua New Guinea,2022,10203.169,13.58199977874756,35.32576089573281,40.18219375610352,-,Western Pacific,PNG,Lower middle income
Papua New Guinea,2023,10389.635,13.722999572753906,35.37312092839944,40.14370727539063,-,Western Pacific,PNG,Lower middle income
Papua New Guinea,2024,10576.502,13.879999160766602,35.42585805592473,40.10084915161133,-,Western Pacific,PNG,Lower middle income
Paraguay,2012,5897.008,59.90700149536133,79.85441527021382,2.3207926750183105,-,Americas,PRY,Upper middle income
Paraguay,2013,5982.445,60.19700241088867,79.89246513213854,2.3193931579589844,-,Americas,PRY,Upper middle income
Paraguay,2014,6069.811,60.474002838134766,79.92881512959053,2.318049430847168,-,Americas,PRY,Upper middle income
Paraguay,2015,6159.103,60.75,79.9650308518683,2.31671404838562,-,Americas,PRY,Upper middle income
Paraguay,2016,6249.126,61.0260009765625,80.00124883844559,2.315375566482544,-,Americas,PRY,Upper middle income
Paraguay,2017,6338.66,61.29999923706055,80.03719797027381,2.314054489135742,-,Americas,PRY,Upper middle income
Paraguay,2018,6427.382,61.584999084472656,80.0745938637412,2.312676429748535,-,Americas,PRY,Upper middle income
Paraguay,2019,6515.058,61.878997802734375,80.11317487111594,2.3112497329711914,-,Americas,PRY,Upper middle income
Paraguay,2020,6603.739,62.18299865722656,80.15306360264087,2.3097801208496094,-,Americas,PRY,Upper middle income
Peru,2009,28896.811,76.24099731445312,,,-,Americas,PER,Upper middle income
Peru,2010,29086.019,76.43000030517578,,,-,Americas,PER,Upper middle income
Peru,2011,29304.086,76.61700439453125,,,-,Americas,PER,Upper middle income
Peru,2012,29550.366,76.80400085449219,,,-,Americas,PER,Upper middle income
Peru,2013,29817.919,76.98899841308594,,,-,Americas,PER,Upper middle income
Peru,2014,30115.826,77.17300415039062,,,-,Americas,PER,Upper middle income
Peru,2015,30457.6,77.35700225830078,,,-,Americas,PER,Upper middle income
Peru,2016,30866.494,77.53900146484375,,,-,Americas,PER,Upper middle income
Peru,2017,31324.637,77.72000122070312,,,-,Americas,PER,Upper middle income
Peru,2018,31897.584,77.9070053100586,,,-,Americas,PER,Upper middle income
Peru,2019,32449.303,78.0989990234375,,,-,Americas,PER,Upper middle income
Peru,2020,32838.579,78.29700469970703,,,-,Americas,PER,Upper middle income
Peru,2021,33155.882,78.5,,,-,Americas,PER,Upper middle income
Peru,2022,33475.438,78.70800018310547,,,-,Americas,PER,Upper middle income
Peru,2023,33845.617,78.9219970703125,,,-,Americas,PER,Upper middle income
Peru,2024,34217.848,79.13899993896484,,,-,Americas,PER,Upper middle income
Philippines,2011,98248.614,45.522003173828125,72.57563279006582,11.42817497253418,-,Western Pacific,PHL,Lower middle income
Philippines,2012,100175.512,45.71200180053711,72.60216620113167,11.409780502319336,-,Western Pacific,PHL,Lower middle income
Philippines,2013,102076.336,45.90299987792969,72.62883917639256,11.39128875732422,-,Western Pacific,PHL,Lower middle income
Philippines,2014,103767.13,46.09299850463867,72.65537141681548,11.372895240783691,-,Western Pacific,PHL,Lower middle income
Philippines,2015,105312.992,46.28400039672852,72.682044674144,11.354402542114258,-,Western Pacific,PHL,Lower middle income
Philippines,2016,106735.719,46.47499847412109,75.44830359937797,10.029870986938477,-,Western Pacific,PHL,Lower middle income
Philippines,2017,108119.693,46.68199920654297,78.20884467362019,8.709795951843262,-,Western Pacific,PHL,Lower middle income
Philippines,2018,109465.287,46.90699768066406,80.96291211045188,7.394764900207519,-,Western Pacific,PHL,Lower middle income
Philippines,2019,110804.683,47.14899826049805,83.70940755810568,6.085597515106201,-,Western Pacific,PHL,Lower middle income
Philippines,2020,112081.264,47.40800094604492,86.44734493859957,4.783041000366211,-,Western Pacific,PHL,Lower middle income
Philippines,2021,113100.95,47.68399810791016,89.17575240016717,3.4878265857696533,-,Western Pacific,PHL,Lower middle income
Philippines,2022,113964.338,47.97700119018555,91.8936481578766,2.2006964683532715,-,Western Pacific,PHL,Lower middle income
Philippines,2023,114891.199,48.28700256347656,94.60004821955184,1.0,-,Western Pacific,PHL,Lower middle income
Philippines,2024,115843.67,48.6140022277832,97.29397603517384,1.0,-,Western Pacific,PHL,Lower middle income
Poland,2000,38258.071,61.71600341796875,,,-,Europe,POL,High income
Poland,2001,38247.357,61.7609977722168,,,-,Europe,POL,High income
Poland,2002,38229.408,61.7869987487793,,,-,Europe,POL,High income
Poland,2003,38203.524,61.676002502441406,,,-,Europe,POL,High income
Poland,2004,38167.572,61.56399917602539,,,-,Europe,POL,High income
Poland,2005,38124.379,61.45199966430664,,,-,Europe,POL,High income
Poland,2006,38071.167,61.34099960327149,,,-,Europe,POL,High income
Poland,2007,38020.421,61.22900390625,,,-,Europe,POL,High income
Poland,2008,37995.902,61.115997314453125,,,-,Europe,POL,High income
Poland,2009,38002.155,61.00400161743164,,,-,Europe,POL,High income
Poland,2010,38095.351,60.891998291015625,,,-,Europe,POL,High income
Poland,2011,38208.643,60.77999877929688,,,-,Europe,POL,High income
Poland,2012,38247.868,60.65400314331055,,,-,Europe,POL,High income
Poland,2013,38259.262,60.52899932861328,,,-,Europe,POL,High income
Poland,2014,38265.113,60.40299987792969,,,-,Europe,POL,High income
Poland,2015,38266.314,60.27799987792969,,,-,Europe,POL,High income
Poland,2016,38263.265,60.178001403808594,,,-,Europe,POL,High income
Poland,2017,38254.959,60.1050033569336,,,-,Europe,POL,High income
Poland,2018,38241.071,60.05799865722656,,,-,Europe,POL,High income
Poland,2019,38225.885,60.0369987487793,,,-,Europe,POL,High income
Poland,2020,38171.012,60.042999267578125,,,-,Europe,POL,High income
Poland,2021,38040.302,60.07500457763672,,,-,Europe,POL,High income
Poland,2022,38385.739,60.13399887084961,,,-,Europe,POL,High income
Poland,2023,38762.844,60.21800231933594,,,-,Europe,POL,High income
Poland,2024,38539.201,60.32999801635742,,,-,Europe,POL,High income
Portugal,2000,10283.204,54.39900207519531,,,-,Europe,PRT,High income
Portugal,2001,10354.325,55.04400253295898,,,-,Europe,PRT,High income
Portugal,2002,10413.044,55.66600036621094,,,-,Europe,PRT,High income
Portugal,2003,10454.245,56.28700256347656,,,-,Europe,PRT,High income
Portugal,2004,10481.381,56.90699768066406,,,-,Europe,PRT,High income
Portugal,2005,10502.994,57.52199935913086,,,-,Europe,PRT,High income
Portugal,2006,10524.12,58.137001037597656,,,-,Europe,PRT,High income
Portugal,2007,10546.825,58.749000549316406,,,-,Europe,PRT,High income
Portugal,2008,10564.081,59.35900115966797,,,-,Europe,PRT,High income
Portugal,2009,10576.267,59.9640007019043,,,-,Europe,PRT,High income
Portugal,2010,10578.66,60.56699752807617,,,-,Europe,PRT,High income
Portugal,2011,10557.052,61.16699981689453,,,-,Europe,PRT,High income
Portugal,2012,10513.15,61.76300048828125,,,-,Europe,PRT,High income
Portugal,2013,10458.298,62.35200119018555,,,-,Europe,PRT,High income
Portugal,2014,10406.199,62.93600082397461,,,-,Europe,PRT,High income
Portugal,2015,10370.267,63.51399993896485,,,-,Europe,PRT,High income
Portugal,2016,10346.372,64.08599853515625,,,-,Europe,PRT,High income
Portugal,2017,10330.844,64.6520004272461,,,-,Europe,PRT,High income
Portugal,2018,10325.353,65.21099853515625,,,-,Europe,PRT,High income
Portugal,2019,10343.213,65.76399993896484,,,-,Europe,PRT,High income
Portugal,2020,10370.519,66.30999755859375,,,-,Europe,PRT,High income
Portugal,2021,10390.956,66.8489990234375,,,-,Europe,PRT,High income
Portugal,2022,10417.073,67.38099670410156,,,-,Europe,PRT,High income
Portugal,2023,10430.738,67.90599822998047,,,-,Europe,PRT,High income
Portugal,2024,10425.292,68.42300415039062,,,-,Europe,PRT,High income
Puerto Rico,2000,3809.866,94.38700103759766,,1.0,-,Americas,PRI,High income
Puerto Rico,2001,3813.013,94.33300018310548,,1.0,-,Americas,PRI,High income
Puerto Rico,2002,3810.713,94.27799987792967,,1.0,-,Americas,PRI,High income
Puerto Rico,2003,3806.043,94.2239990234375,,1.0,-,Americas,PRI,High income
Puerto Rico,2004,3798.657,94.16799926757812,,1.0,-,Americas,PRI,High income
Qatar,2000,644.989,96.31100463867188,99.0,,-,Eastern Mediterranean,QAT,High income
Qatar,2001,677.925,96.50599670410156,99.0,,-,Eastern Mediterranean,QAT,High income
Qatar,2002,711.205,96.69200134277344,99.0,,-,Eastern Mediterranean,QAT,High income
Qatar,2003,744.682,96.86800384521484,99.0,,-,Eastern Mediterranean,QAT,High income
Qatar,2004,773.332,97.08999633789062,99.0,,-,Eastern Mediterranean,QAT,High income
Qatar,2005,825.408,97.39599609375,99.0,,-,Eastern Mediterranean,QAT,High income
Qatar,2006,972.831,97.67100524902344,99.0,,-,Eastern Mediterranean,QAT,High income
Qatar,2007,1208.595,97.91699981689452,99.0,,-,Eastern Mediterranean,QAT,High income
Qatar,2008,1426.938,98.13899993896484,99.0,,-,Eastern Mediterranean,QAT,High income
Qatar,2009,1586.05,98.33599853515624,99.0,,-,Eastern Mediterranean,QAT,High income
Qatar,2010,1709.229,98.5009994506836,99.0,,-,Eastern Mediterranean,QAT,High income
Qatar,2011,1810.95,98.6020050048828,99.0,,-,Eastern Mediterranean,QAT,High income
Qatar,2012,1907.117,98.6969985961914,99.0,,-,Eastern Mediterranean,QAT,High income
Qatar,2013,2032.641,98.78500366210938,99.0,,-,Eastern Mediterranean,QAT,High income
Qatar,2014,2218.372,98.86800384521484,99.0,,-,Eastern Mediterranean,QAT,High income
Qatar,2015,2427.331,98.94499969482422,99.0,,-,Eastern Mediterranean,QAT,High income
Qatar,2016,2599.372,99.01499938964844,99.0,,-,Eastern Mediterranean,QAT,High income
Qatar,2017,2706.709,99.0780029296875,99.0,,-,Eastern Mediterranean,QAT,High income
Qatar,2018,2761.142,99.13500213623048,99.0,,-,Eastern Mediterranean,QAT,High income
Qatar,2019,2797.921,99.18800354003906,99.0,,-,Eastern Mediterranean,QAT,High income
Qatar,2020,2803.375,99.23500061035156,99.0,,-,Eastern Mediterranean,QAT,High income
Qatar,2021,2814.982,99.27799987792967,99.0,,-,Eastern Mediterranean,QAT,High income
Qatar,2022,2892.455,99.31800079345705,99.0,,-,Eastern Mediterranean,QAT,High income
Qatar,2023,2979.082,99.35399627685548,99.0,,-,Eastern Mediterranean,QAT,High income
Qatar,2024,3048.423,99.38700103759766,99.0,,-,Eastern Mediterranean,QAT,High income
Republic of Moldova,2000,4234.967,44.5890007019043,,,24.63561465051715,Europe,MDA,Upper middle income
Republic of Moldova,2001,4189.77,44.18899917602539,,,24.41461271120971,Europe,MDA,Upper middle income
Republic of Moldova,2002,4142.93,43.78899765014648,,,24.19361032853575,Europe,MDA,Upper middle income
Republic of Moldova,2003,4095.419,43.38899993896485,,,23.97261009477013,Europe,MDA,Upper middle income
Republic of Moldova,2004,4046.669,42.98999786376953,,,23.75215931986311,Europe,MDA,Upper middle income
Republic of Moldova,2005,3988.669,42.77499771118164,,,24.5056005251314,Europe,MDA,Upper middle income
Republic of Moldova,2006,3921.316,42.74399948120117,,,26.88358845115825,Europe,MDA,Upper middle income
Republic of Moldova,2007,3851.396,42.7130012512207,,,29.44655390130555,Europe,MDA,Upper middle income
Republic of Moldova,2008,3779.504,42.68199920654297,86.99840882225,6.468208312988281,32.010103912426,Europe,MDA,Upper middle income
Republic of Moldova,2009,3706.21,42.6510009765625,86.99496208049744,6.46946382522583,34.57423801047985,Europe,MDA,Upper middle income
Republic of Moldova,2010,3631.992,42.619998931884766,86.99152212088369,6.470712661743164,37.1389603683203,Europe,MDA,Upper middle income
Republic of Moldova,2011,3557.266,42.5890007019043,86.98807827937264,6.471965312957764,39.70426870837697,Europe,MDA,Upper middle income
Republic of Moldova,2012,3482.626,42.55799865722656,86.98463563757143,6.473217010498047,42.27016257638959,Europe,MDA,Upper middle income
Republic of Moldova,2013,3408.738,42.527000427246094,86.98119482488627,6.474466323852539,44.83664302763089,Europe,MDA,Upper middle income
Republic of Moldova,2014,3342.709,42.49599838256836,86.97775104137939,6.475718975067139,47.40370758948636,Europe,MDA,Upper middle income
Republic of Moldova,2015,3287.164,42.48999786376953,86.97708367275456,6.475962162017822,49.98339915699538,Europe,MDA,Upper middle income
Republic of Moldova,2016,3237.794,42.51100158691406,86.97941921539338,6.47511100769043,52.57595600418095,Europe,MDA,Upper middle income
Republic of Moldova,2017,3193.497,42.55699920654297,,,55.17967775752839,Europe,MDA,Upper middle income
Republic of Moldova,2018,3153.773,42.62900161743164,,,57.79431696933043,Europe,MDA,Upper middle income
Republic of Moldova,2019,3112.562,42.72600173950195,,,60.4186923809178,Europe,MDA,Upper middle income
Republic of Moldova,2020,3069.131,42.849002838134766,,,63.05252774649961,Europe,MDA,Upper middle income
Republic of Moldova,2021,3023.778,42.99800109863281,,,65.69507996149889,Europe,MDA,Upper middle income
Republic of Moldova,2022,3039.985,43.17300033569336,,,68.1989052162706,Europe,MDA,Upper middle income
Republic of Moldova,2023,3067.07,43.37300109863281,,,70.4619832411552,Europe,MDA,Upper middle income
Republic of Moldova,2024,3034.961,43.5989990234375,,,72.7274016179368,Europe,MDA,Upper middle income
Réunion,2003,790.561,94.73199462890624,,,-,Africa,REU,
Réunion,2004,797.0,95.58399963378906,,,-,Africa,REU,
Réunion,2005,800.224,96.302001953125,,,-,Africa,REU,
Réunion,2006,806.679,96.9070053100586,,,-,Africa,REU,
Réunion,2007,818.729,97.41600036621094,,,-,Africa,REU,
Réunion,2008,830.488,97.84400177001952,,,-,Africa,REU,
Réunion,2009,838.467,98.20100402832033,,,-,Africa,REU,
Réunion,2010,844.471,98.5009994506836,,,-,Africa,REU,
Réunion,2011,846.782,98.74299621582033,,,-,Africa,REU,
Réunion,2012,845.058,98.94000244140624,,,-,Africa,REU,
Réunion,2013,847.596,99.0999984741211,,,-,Africa,REU,
Réunion,2014,858.67,99.23099517822266,,,-,Africa,REU,
Réunion,2015,865.012,99.33900451660156,,,-,Africa,REU,
Réunion,2016,862.86,99.4290008544922,,,-,Africa,REU,
Réunion,2017,858.754,99.50299835205078,,,-,Africa,REU,
Réunion,2018,856.942,99.56399536132812,,,-,Africa,REU,
Réunion,2019,857.327,99.61599731445312,,,-,Africa,REU,
Réunion,2020,861.446,99.65900421142578,,,-,Africa,REU,
Réunion,2021,868.079,99.6959991455078,,,-,Africa,REU,
Réunion,2022,871.54,99.72599792480467,,,-,Africa,REU,
Réunion,2023,874.883,99.75299835205078,,,-,Africa,REU,
Réunion,2024,878.591,99.7750015258789,,,-,Africa,REU,
Romania,2014,19968.174,53.89999771118164,,,-,Europe,ROU,High income
Romania,2015,19871.019,53.88699722290039,,,-,Europe,ROU,High income
Romania,2016,19777.051,53.89999771118164,,,-,Europe,ROU,High income
Romania,2017,19689.401,53.935997009277344,,,-,Europe,ROU,High income
Romania,2018,19597.872,53.99800109863281,,,-,Europe,ROU,High income
Romania,2019,19501.542,54.08400344848633,,,-,Europe,ROU,High income
Romania,2020,19392.469,54.19399642944336,,,-,Europe,ROU,High income
Romania,2021,19248.161,54.32900238037109,,,-,Europe,ROU,High income
Romania,2022,19166.772,54.48899841308594,,,-,Europe,ROU,High income
Romania,2023,19118.479,54.67200469970703,,,-,Europe,ROU,High income
Romania,2024,19015.088,54.87999725341797,,,-,Europe,ROU,High income
Russian Federation,2018,146430.146,74.43299865722656,,,66.81773878250793,Europe,RUS,High income
Russian Federation,2019,146533.067,74.58699798583984,,,66.90798130781292,Europe,RUS,High income
Russian Federation,2020,146371.299,74.75399780273438,,,67.00584269555127,Europe,RUS,High income
Russian Federation,2021,145836.175,74.93399810791016,,,67.11132612715946,Europe,RUS,High income
Russian Federation,2022,145579.899,75.1259994506836,,,67.22383455776747,Europe,RUS,High income
Russian Federation,2023,145440.5,75.33100128173828,,,67.34396904361233,Europe,RUS,High income
Russian Federation,2024,144820.423,75.5479965209961,,,67.47112641141435,Europe,RUS,High income
Rwanda,2000,8213.931,14.925999641418455,1.0,99.0,-,Africa,RWA,Low income
Rwanda,2001,8287.094,15.828999519348145,1.0,99.0,-,Africa,RWA,Low income
Rwanda,2002,8400.18,16.777000427246094,1.0,99.0,-,Africa,RWA,Low income
Rwanda,2003,8586.875,16.90399932861328,1.160162179117218,98.68147277832033,-,Africa,RWA,Low income
Rwanda,2004,8816.844,16.908000946044922,1.597393203189081,96.06057739257812,-,Africa,RWA,Low income
Rwanda,2005,9054.528,16.91200065612793,2.580059215458867,92.69241333007812,-,Africa,RWA,Low income
Rwanda,2006,9299.246,16.91699981689453,3.562836398621657,89.32418060302734,-,Africa,RWA,Low income
Rwanda,2007,9549.933,16.92099952697754,4.545557739900565,85.95603942871094,-,Africa,RWA,Low income
Rwanda,2008,9804.269,16.924999237060547,5.528304951943855,82.58789825439453,-,Africa,RWA,Low income
Rwanda,2009,10060.432,16.93000030517578,6.51117337524973,79.21968841552734,-,Africa,RWA,Low income
Rwanda,2010,10317.553,16.93400001525879,7.493975958177018,75.85157012939453,-,Africa,RWA,Low income
Rwanda,2011,10573.733,16.937999725341797,8.476804216706062,72.48346710205078,-,Africa,RWA,Low income
Rwanda,2012,10829.901,16.94300079345703,9.459763711355734,69.11528015136719,-,Africa,RWA,Low income
Rwanda,2013,11093.34,16.94700050354004,10.44264711384211,65.7471923828125,-,Africa,RWA,Low income
Rwanda,2014,11364.757,16.96700096130371,11.42733248441728,62.37788391113281,-,Africa,RWA,Low income
Rwanda,2015,11640.022,17.003999710083008,12.41408859064837,59.00733947753906,-,Africa,RWA,Low income
Rwanda,2016,11919.183,17.055999755859375,13.40284682951083,55.63575744628906,-,Africa,RWA,Low income
Rwanda,2017,12202.06,17.125,14.39399468667711,52.26303482055664,-,Africa,RWA,Low income
Rwanda,2018,12487.996,17.211000442504883,15.38769809711081,48.88922119140625,-,Africa,RWA,Low income
Rwanda,2019,12776.103,17.312999725341797,16.38399554425817,45.514434814453125,-,Africa,RWA,Low income
Rwanda,2020,13065.837,17.43199920654297,17.383173962464,42.13865280151367,-,Africa,RWA,Low income
Rwanda,2021,13355.26,17.5679988861084,18.38539787230413,38.76192855834961,-,Africa,RWA,Low income
Rwanda,2022,13651.03,17.72100067138672,18.40585288966099,38.7513313293457,-,Africa,RWA,Low income
Rwanda,2023,13954.471,17.892000198364258,18.42871442269218,38.73948669433594,-,Africa,RWA,Low income
Rwanda,2024,14256.567,18.08100128173828,18.45398190000559,38.72639846801758,-,Africa,RWA,Low income
Saint Helena,2002,5.85,40.17900085449219,,,-,Africa,SHN,
Saint Helena,2003,5.753,40.08699798583984,,,-,Africa,SHN,
Saint Helena,2004,5.651,39.99400329589844,,4.5,-,Africa,SHN,
Saint Helena,2005,5.543,39.9010009765625,,4.5,-,Africa,SHN,
Saint Helena,2006,5.433,39.80900192260742,,4.5,-,Africa,SHN,
Saint Helena,2007,5.322,39.71699905395508,,4.5,-,Africa,SHN,
Saint Helena,2008,5.272,39.624000549316406,,4.5,-,Africa,SHN,
Saint Helena,2009,5.296,39.552001953125,,4.5,-,Africa,SHN,
Saint Helena,2010,5.329,39.5,,4.5,-,Africa,SHN,
Saint Helena,2011,5.364,39.46799850463867,,4.5,-,Africa,SHN,
Saint Helena,2012,5.403,39.45600128173828,,4.5,-,Africa,SHN,
Saint Helena,2013,5.435,39.4640007019043,,,-,Africa,SHN,
Saint Helena,2014,5.466,39.492000579833984,,,-,Africa,SHN,
Saint Helena,2015,5.505,39.53999710083008,,,-,Africa,SHN,
Saint Helena,2016,5.517,39.60799789428711,,,-,Africa,SHN,
Saint Helena,2017,5.501,39.69599914550781,,,-,Africa,SHN,
Saint Helena,2018,5.481,39.80500030517578,,,-,Africa,SHN,
Saint Helena,2019,5.458,39.93299865722656,,,-,Africa,SHN,
Saint Helena,2020,5.43,40.08199691772461,,,-,Africa,SHN,
Saint Helena,2021,5.39,40.2509994506836,,,-,Africa,SHN,
Saint Helena,2022,5.343,40.44100189208984,,,-,Africa,SHN,
Saint Helena,2023,5.289,40.6510009765625,,,-,Africa,SHN,
Saint Helena,2024,5.237,40.88100051879883,,,-,Africa,SHN,
Saint Lucia,2000,158.616,27.77400016784668,,,-,Americas,LCA,Upper middle income
Saint Lucia,2001,160.237,27.472999572753903,,,-,Americas,LCA,Upper middle income
Saint Lucia,2002,161.641,26.328998565673828,,,-,Americas,LCA,Upper middle income
Saint Lucia,2003,162.976,25.21600151062012,,,-,Americas,LCA,Upper middle income
Saint Lucia,2004,164.239,24.132999420166016,,,-,Americas,LCA,Upper middle income
Saint Lucia,2005,165.45,23.084999084472656,,,-,Americas,LCA,Upper middle income
Saint Lucia,2008,168.808,20.130998611450195,87.34330974625291,5.219231128692627,-,Americas,LCA,Upper middle income
Saint Lucia,2009,169.869,19.21299934387207,87.33650814618633,5.223814964294434,-,Americas,LCA,Upper middle income
Saint Lucia,2010,170.906,18.44999885559082,87.33084776063936,5.227632999420166,-,Americas,LCA,Upper middle income
Saint Lucia,2011,171.801,18.44999885559082,87.33084799974607,5.227632522583008,-,Americas,LCA,Upper middle income
Saint Lucia,2012,172.587,18.44999885559082,87.33085247342142,5.227627754211426,-,Americas,LCA,Upper middle income
Saint Lucia,2013,173.369,18.46099853515625,87.33092708952469,5.2275800704956055,-,Americas,LCA,Upper middle income
Saint Lucia,2014,174.138,18.48200035095215,87.33108521986489,5.22747278213501,-,Americas,LCA,Upper middle income
Saint Lucia,2015,174.905,18.51499938964844,87.33133473378065,5.227302551269531,-,Americas,LCA,Upper middle income
Saint Lucia,2016,175.646,18.558000564575195,87.33165408987898,5.227087020874023,-,Americas,LCA,Upper middle income
Saint Vincent and the Grenadines,2000,113.545,45.18600082397461,,,-,Americas,VCT,Upper middle income
Saint Vincent and the Grenadines,2001,113.501,45.54800033569336,,,-,Americas,VCT,Upper middle income
Saint Vincent and the Grenadines,2002,113.347,45.91400146484375,,,-,Americas,VCT,Upper middle income
Saint Vincent and the Grenadines,2003,113.141,46.28300094604492,,,-,Americas,VCT,Upper middle income
Saint Vincent and the Grenadines,2004,112.835,46.65600204467773,,,-,Americas,VCT,Upper middle income
Saint Vincent and the Grenadines,2005,112.45,47.03199768066406,,,-,Americas,VCT,Upper middle income
Saint Vincent and the Grenadines,2006,112.014,47.4119987487793,,,-,Americas,VCT,Upper middle income
Saint Vincent and the Grenadines,2007,111.531,47.79399871826172,,,-,Americas,VCT,Upper middle income
Saint Vincent and the Grenadines,2008,111.028,48.18000030517578,,,-,Americas,VCT,Upper middle income
Saint Vincent and the Grenadines,2009,110.508,48.56900024414063,,,-,Americas,VCT,Upper middle income
Saint Vincent and the Grenadines,2010,109.959,48.96099853515625,,,-,Americas,VCT,Upper middle income
Saint Vincent and the Grenadines,2011,109.349,49.35599899291992,,,-,Americas,VCT,Upper middle income
Saint Vincent and the Grenadines,2012,108.736,49.753997802734375,,,-,Americas,VCT,Upper middle income
Saint Vincent and the Grenadines,2013,108.135,50.15399932861328,,,-,Americas,VCT,Upper middle income
Saint Vincent and the Grenadines,2014,107.535,50.55800247192383,,,-,Americas,VCT,Upper middle income
Saint Vincent and the Grenadines,2015,106.96,50.96399688720703,,,-,Americas,VCT,Upper middle income
Saint Vincent and the Grenadines,2016,106.349,51.37299728393555,,,-,Americas,VCT,Upper middle income
Saint Vincent and the Grenadines,2017,105.663,51.78400421142578,,,-,Americas,VCT,Upper middle income
Saint Vincent and the Grenadines,2018,104.926,52.197998046875,,,-,Americas,VCT,Upper middle income
Samoa,2009,191.513,20.299999237060547,,65.59320831298828,-,Western Pacific,WSM,Lower middle income
Samoa,2010,193.023,20.078001022338867,,65.65184783935547,-,Western Pacific,WSM,Lower middle income
Samoa,2011,194.713,19.85700035095215,,65.7102279663086,-,Western Pacific,WSM,Lower middle income
Samoa,2012,196.498,19.623998641967773,,65.77177429199219,-,Western Pacific,WSM,Lower middle income
Samoa,2013,198.268,19.38500022888184,,65.83490753173828,-,Western Pacific,WSM,Lower middle income
Samoa,2014,200.037,19.14900016784668,,58.771583557128906,-,Western Pacific,WSM,Lower middle income
Samoa,2015,201.782,18.91400146484375,,51.69466781616211,-,Western Pacific,WSM,Lower middle income
Samoa,2016,203.499,18.68099975585937,55.39592601972306,44.60407257080078,-,Western Pacific,WSM,Lower middle income
Samoa,2017,205.415,18.45199966430664,62.50033718132034,37.49966430664063,-,Western Pacific,WSM,Lower middle income
Samoa,2018,207.582,18.243000030517575,69.62017925928745,30.37981986999512,-,Western Pacific,WSM,Lower middle income
Samoa,2019,209.78,18.05599975585937,72.02740980583968,23.24605369567871,-,Western Pacific,WSM,Lower middle income
Samoa,2020,211.944,17.888999938964844,72.00348307354062,16.10037612915039,-,Western Pacific,WSM,Lower middle income
Samoa,2021,213.779,17.742000579833984,71.98242120645945,8.944480895996094,-,Western Pacific,WSM,Lower middle income
Samoa,2022,215.261,17.615999221801758,71.96436850637116,1.780061960220337,-,Western Pacific,WSM,Lower middle income
Samoa,2023,216.663,17.507999420166016,71.94889689297138,1.0,-,Western Pacific,WSM,Lower middle income
Samoa,2024,218.019,17.420000076293945,71.93628643508958,1.0,-,Western Pacific,WSM,Lower middle income
Sao Tome and Principe,2008,173.793,62.68000030517578,38.65076523497857,48.54125213623047,-,Africa,STP,Lower middle income
Sao Tome and Principe,2009,177.853,63.823001861572266,38.46053993169194,48.76568222045898,-,Africa,STP,Lower middle income
Sao Tome and Principe,2010,181.802,64.95199584960938,38.27264706501826,48.98735809326172,-,Africa,STP,Lower middle income
Sao Tome and Principe,2011,185.649,66.06400299072266,38.08758184005649,49.2056999206543,-,Africa,STP,Lower middle income
Sao Tome and Principe,2012,189.439,67.15999603271484,37.90517969228607,49.4208984375,-,Africa,STP,Lower middle income
Sao Tome and Principe,2013,193.148,68.20800018310547,39.82383677951835,46.99569320678711,-,Africa,STP,Lower middle income
Sao Tome and Principe,2014,196.767,69.21300506591797,41.83089546016746,44.48617172241211,-,Africa,STP,Lower middle income
Sao Tome and Principe,2015,200.291,70.17400360107422,43.92118745681896,41.897117614746094,-,Africa,STP,Lower middle income
Sao Tome and Principe,2016,203.689,71.09199523925781,46.08937204768597,39.23356246948242,-,Africa,STP,Lower middle income
Sao Tome and Principe,2017,206.97,71.96800231933594,48.33027458864113,36.500370025634766,-,Africa,STP,Lower middle income
Sao Tome and Principe,2018,210.187,72.8030014038086,50.63887065626582,33.70228576660156,-,Africa,STP,Lower middle income
Sao Tome and Principe,2019,213.392,73.5979995727539,53.01031221983821,30.843868255615234,-,Africa,STP,Lower middle income
Sao Tome and Principe,2020,217.435,74.35399627685547,55.4398993652874,27.929553985595703,-,Africa,STP,Lower middle income
Sao Tome and Principe,2021,221.961,75.072998046875,57.92330499685149,24.963462829589844,-,Africa,STP,Lower middle income
Sao Tome and Principe,2022,226.305,75.75499725341797,58.05790516135318,24.86566925048828,-,Africa,STP,Lower middle income
Sao Tome and Principe,2023,230.871,76.4010009765625,58.18540584824704,24.77303123474121,-,Africa,STP,Lower middle income
Sao Tome and Principe,2024,235.536,77.01399993896484,58.3063896970837,24.68512916564941,-,Africa,STP,Lower middle income
Saudi Arabia,2016,30717.808,83.4010009765625,98.39166874488964,,-,Eastern Mediterranean,SAU,High income
Saudi Arabia,2017,30782.402,83.62200164794922,98.39650778083366,,-,Eastern Mediterranean,SAU,High income
Saudi Arabia,2018,30365.121,83.84400177001953,98.40136547366274,,-,Eastern Mediterranean,SAU,High income
Saudi Arabia,2019,30472.811,84.06500244140625,98.40620042345812,,-,Eastern Mediterranean,SAU,High income
Saudi Arabia,2020,30991.207,84.28700256347656,98.41106049473797,,-,Eastern Mediterranean,SAU,High income
Saudi Arabia,2021,31328.375,84.50800323486328,98.41589866120916,,-,Eastern Mediterranean,SAU,High income
Saudi Arabia,2022,32175.352,84.72899627685547,98.42073385922409,,-,Eastern Mediterranean,SAU,High income
Saudi Arabia,2023,33264.292,84.94999694824219,98.42556894039744,,-,Eastern Mediterranean,SAU,High income
Saudi Arabia,2024,33962.757,85.17100524902344,98.43040523340554,,-,Eastern Mediterranean,SAU,High income
Senegal,2011,12958.897,44.1879997253418,19.27209651278424,68.58853912353516,-,Africa,SEN,Lower middle income
Senegal,2012,13310.495,44.60300064086914,19.40242529588905,68.41630554199219,-,Africa,SEN,Lower middle income
Senegal,2013,13710.849,45.01900100708008,19.53306931073249,68.24365234375,-,Africa,SEN,Lower middle income
Senegal,2014,14152.102,45.43600082397461,19.66402675571137,68.07058715820312,-,Africa,SEN,Lower middle income
Senegal,2015,14593.331,45.86199951171875,19.7978095221302,67.89378356933594,-,Africa,SEN,Lower middle income
Senegal,2016,15034.521,46.29600143432617,20.65482309636733,63.809043884277344,-,Africa,SEN,Lower middle income
Senegal,2017,15475.002,46.7400016784668,21.49657679006803,59.7722053527832,-,Africa,SEN,Lower middle income
Senegal,2018,15914.498,47.19200134277344,22.32194382808022,55.7855110168457,-,Africa,SEN,Lower middle income
Senegal,2019,16352.922,47.65299987792969,23.13065858945027,51.85018157958984,-,Africa,SEN,Lower middle income
Senegal,2020,16789.219,48.12200164794922,23.9219521612095,47.967918395996094,-,Africa,SEN,Lower middle income
Senegal,2021,17220.867,48.59999847412109,24.69551603020539,44.14007568359375,-,Africa,SEN,Lower middle income
Senegal,2022,17651.103,49.08599853515625,25.45061979086795,40.36823272705078,-,Africa,SEN,Lower middle income
Senegal,2023,18077.573,49.57900238037109,26.1866218001331,36.65374374389648,-,Africa,SEN,Lower middle income
Senegal,2024,18501.984,50.08000183105469,26.90321399591303,32.997947692871094,-,Africa,SEN,Lower middle income
Serbia,2006,7511.394,54.1050033569336,98.12752070635742,1.4529647827148438,-,Europe,SRB,Upper middle income
Serbia,2007,7482.989,54.32799911499024,98.12791268331424,1.4536371231079102,-,Europe,SRB,Upper middle income
Serbia,2008,7454.279,54.54999923706055,98.128303789597,1.4543054103851318,-,Europe,SRB,Upper middle income
Serbia,2009,7425.347,54.772003173828125,98.12869591808348,1.4549728631973269,-,Europe,SRB,Upper middle income
Serbia,2010,7395.864,54.99299621582031,98.12908271079937,1.4556407928466797,-,Europe,SRB,Upper middle income
Serbia,2011,7364.859,55.21500015258789,98.12947487858926,1.456308126449585,-,Europe,SRB,Upper middle income
Serbia,2012,7324.623,55.35600280761719,98.12972184446728,1.45673406124115,-,Europe,SRB,Upper middle income
Serbia,2013,7276.18,55.46900177001953,98.12992240387965,1.4570728540420532,-,Europe,SRB,Upper middle income
Serbia,2014,7227.203,55.58300018310547,98.13011899229087,1.4574203491210938,-,Europe,SRB,Upper middle income
Serbia,2015,7177.253,55.69599914550781,,,-,Europe,SRB,Upper middle income
Serbia,2016,7126.083,55.80999755859375,,,-,Europe,SRB,Upper middle income
Serbia,2017,7073.507,55.94199752807617,,,-,Europe,SRB,Upper middle income
Serbia,2018,7020.019,56.09199905395508,,,-,Europe,SRB,Upper middle income
Serbia,2019,6966.153,56.26000213623047,,,-,Europe,SRB,Upper middle income
Serbia,2020,6907.812,56.44599914550781,,,-,Europe,SRB,Upper middle income
Serbia,2021,6835.43,56.6510009765625,,,-,Europe,SRB,Upper middle income
Serbia,2022,6791.213,56.87300109863281,,,-,Europe,SRB,Upper middle income
Serbia,2023,6773.201,57.11299896240234,,,-,Europe,SRB,Upper middle income
Serbia,2024,6736.216,57.371002197265625,,,-,Europe,SRB,Upper middle income
Sierra Leone,2004,5355.717,36.59600067138672,10.72275495617392,43.93259048461914,-,Africa,SLE,Low income
Sierra Leone,2005,5501.712,36.91900253295898,10.77126870916386,43.90268325805664,-,Africa,SLE,Low income
Sierra Leone,2006,5624.466,37.303001403808594,10.82894341120597,43.867130279541016,-,Africa,SLE,Low income
Sierra Leone,2007,5749.352,37.68899917602539,10.88691952548627,43.83138656616211,-,Africa,SLE,Low income
Sierra Leone,2008,5894.722,38.07699966430664,10.94519520059032,43.79545974731445,-,Africa,SLE,Low income
Sierra Leone,2009,6055.646,38.46599960327149,11.46945979551686,45.6434326171875,-,Africa,SLE,Low income
Sierra Leone,2010,6222.714,38.85599899291992,11.98873821005587,47.492713928222656,-,Africa,SLE,Low income
Sierra Leone,2011,6387.251,39.24799728393555,12.50314159692847,49.343223571777344,-,Africa,SLE,Low income
Sierra Leone,2012,6551.08,39.641998291015625,13.01263087980129,51.19497299194336,-,Africa,SLE,Low income
Sierra Leone,2013,6714.051,40.0359992980957,13.51693041617697,53.04813766479492,-,Africa,SLE,Low income
Sierra Leone,2014,6876.385,40.43199920654297,14.01626327521638,54.90255737304688,-,Africa,SLE,Low income
Sierra Leone,2015,7037.655,40.82899856567383,14.51048479841443,56.7583236694336,-,Africa,SLE,Low income
Sierra Leone,2016,7205.328,41.22800064086914,14.99967312829913,58.615360260009766,-,Africa,SLE,Low income
Sierra Leone,2017,7379.299,41.6359977722168,15.48442535139612,60.473140716552734,-,Africa,SLE,Low income
Sierra Leone,2018,7554.563,42.05500030517578,15.96473262426713,62.33156967163086,-,Africa,SLE,Low income
Sierra Leone,2019,7731.991,42.48400115966797,16.44029964312459,64.19078063964844,-,Africa,SLE,Low income
Sierra Leone,2020,7912.558,42.92300033569336,16.91092840420247,66.05081939697266,-,Africa,SLE,Low income
Sierra Leone,2021,8094.602,43.37199783325195,17.37642261949639,67.9117431640625,-,Africa,SLE,Low income
Sierra Leone,2022,8276.807,43.83100128173828,17.83658256002381,69.77361297607422,-,Africa,SLE,Low income
Sierra Leone,2023,8460.512,44.29999923706055,18.29121324911563,71.636474609375,-,Africa,SLE,Low income
Sierra Leone,2024,8642.022,44.77899932861328,18.7401149239473,73.5003890991211,-,Africa,SLE,Low income
Slovakia,2000,5379.999,56.233001708984375,,,-,Europe,SVK,High income
Slovakia,2001,5379.437,56.16300201416016,,,-,Europe,SVK,High income
Slovakia,2002,5377.688,56.01300048828125,,,-,Europe,SVK,High income
Slovakia,2003,5376.196,55.86299896240234,,,-,Europe,SVK,High income
Slovakia,2004,5376.038,55.71299743652344,,,-,Europe,SVK,High income
Slovakia,2005,5376.695,55.56300354003906,,,-,Europe,SVK,High income
Slovakia,2006,5376.846,55.4119987487793,,,-,Europe,SVK,High income
Slovakia,2007,5376.999,55.2609977722168,,,-,Europe,SVK,High income
Slovakia,2008,5379.12,55.11100387573242,,,-,Europe,SVK,High income
Slovakia,2009,5385.073,54.959999084472656,,,-,Europe,SVK,High income
Slovakia,2010,5391.851,54.685001373291016,,,-,Europe,SVK,High income
Slovakia,2011,5398.109,54.42000198364258,,,-,Europe,SVK,High income
Slovakia,2012,5404.871,54.28000259399414,,,-,Europe,SVK,High income
Slovakia,2013,5410.422,54.1400032043457,,,-,Europe,SVK,High income
Slovakia,2014,5415.23,54.00000381469727,,,-,Europe,SVK,High income
Slovakia,2015,5420.278,53.88899993896485,,,-,Europe,SVK,High income
Slovakia,2016,5427.259,53.805999755859375,,,-,Europe,SVK,High income
Slovakia,2017,5435.7,53.7509994506836,,,-,Europe,SVK,High income
Slovakia,2018,5443.232,53.72599792480469,,,-,Europe,SVK,High income
Slovakia,2019,5450.626,53.72899627685547,,,-,Europe,SVK,High income
Slovakia,2020,5455.024,53.7599983215332,,,-,Europe,SVK,High income
Slovakia,2021,5442.759,53.82000350952149,,,-,Europe,SVK,High income
Slovakia,2022,5473.197,53.90899658203125,,,-,Europe,SVK,High income
Slovakia,2023,5518.055,54.02699661254883,,,-,Europe,SVK,High income
Slovakia,2024,5506.76,54.1719970703125,,,-,Europe,SVK,High income
Slovenia,2000,1986.816,50.753997802734375,,,-,Europe,SVN,High income
Slovenia,2001,1989.679,50.77999877929688,,,-,Europe,SVN,High income
Slovenia,2002,1991.572,50.85700225830078,,,-,Europe,SVN,High income
Slovenia,2003,1992.49,51.08199691772461,,,-,Europe,SVN,High income
Slovenia,2004,1993.545,51.30799865722656,,,-,Europe,SVN,High income
Slovenia,2005,1996.914,51.53300094604492,,,-,Europe,SVN,High income
Slovenia,2006,2003.114,51.75799560546875,,,-,Europe,SVN,High income
Slovenia,2007,2014.158,51.98299789428711,,,-,Europe,SVN,High income
Slovenia,2008,2025.085,52.20900344848633,,,-,Europe,SVN,High income
Slovenia,2009,2035.608,52.43300247192383,,,-,Europe,SVN,High income
Slovenia,2010,2044.612,52.657997131347656,,,-,Europe,SVN,High income
Slovenia,2011,2048.804,52.882999420166016,,,-,Europe,SVN,High income
Slovenia,2012,2053.321,53.108001708984375,,,-,Europe,SVN,High income
Slovenia,2013,2056.441,53.33200073242188,,,-,Europe,SVN,High income
Slovenia,2014,2058.401,53.55700302124024,,,-,Europe,SVN,High income
Slovenia,2015,2059.947,53.78100204467773,,,-,Europe,SVN,High income
Slovenia,2016,2061.373,54.02000045776367,,,-,Europe,SVN,High income
Slovenia,2017,2062.41,54.27299880981445,,,-,Europe,SVN,High income
Slovenia,2018,2069.481,54.54099655151367,,,-,Europe,SVN,High income
Slovenia,2019,2083.439,54.821998596191406,,,-,Europe,SVN,High income
Slovenia,2020,2102.419,55.11800003051758,,,-,Europe,SVN,High income
Slovenia,2021,2113.494,55.427001953125,,,-,Europe,SVN,High income
Slovenia,2022,2115.228,55.75100326538086,,,-,Europe,SVN,High income
Slovenia,2023,2118.396,56.0880012512207,,,-,Europe,SVN,High income
Slovenia,2024,2118.697,56.4379997253418,,,-,Europe,SVN,High income
Solomon Islands,2009,518.141,19.588998794555664,,,-,Western Pacific,SLB,Lower middle income
Solomon Islands,2010,532.968,20.04800033569336,,,-,Western Pacific,SLB,Lower middle income
Solomon Islands,2011,552.945,20.507999420166016,37.07172978007285,28.391021728515625,-,Western Pacific,SLB,Lower middle income
Solomon Islands,2012,573.606,20.970001220703125,37.26699633720938,28.32740020751953,-,Western Pacific,SLB,Lower middle income
Solomon Islands,2013,594.945,21.433000564575195,37.46268516780159,28.263641357421875,-,Western Pacific,SLB,Lower middle income
Solomon Islands,2014,616.908,21.895999908447266,37.6583726612223,28.199886322021484,-,Western Pacific,SLB,Lower middle income
Solomon Islands,2015,639.415,22.36000061035156,37.85448340241147,28.1359920501709,-,Western Pacific,SLB,Lower middle income
Solomon Islands,2016,662.379,22.822999954223636,38.05017300166441,28.07223320007324,-,Western Pacific,SLB,Lower middle income
Solomon Islands,2017,685.672,23.285999298095703,38.2458612482129,28.00847625732422,-,Western Pacific,SLB,Lower middle income
Solomon Islands,2018,709.101,23.749000549316406,38.44154830992573,27.944721221923828,-,Western Pacific,SLB,Lower middle income
Solomon Islands,2019,728.147,24.209999084472656,38.63639308283943,27.881237030029297,-,Western Pacific,SLB,Lower middle income
Solomon Islands,2020,744.498,24.670000076293945,,,-,Western Pacific,SLB,Lower middle income
Solomon Islands,2021,762.591,25.12800025939941,,,-,Western Pacific,SLB,Lower middle income
Solomon Islands,2022,781.066,25.583999633789062,,,-,Western Pacific,SLB,Lower middle income
Somalia,2000,8838.713,33.24700164794922,,1.0,-,Eastern Mediterranean,SOM,Low income
Somalia,2001,9198.493,33.617000579833984,,1.0,-,Eastern Mediterranean,SOM,Low income
Somalia,2002,9550.063,33.98999786376953,,1.0,-,Eastern Mediterranean,SOM,Low income
Somalia,2003,9909.157,34.75600051879883,,1.0,-,Eastern Mediterranean,SOM,Low income
Somalia,2004,10280.998,35.53099822998047,,1.0,-,Eastern Mediterranean,SOM,Low income
Somalia,2005,10644.228,36.31100082397461,,1.0,-,Eastern Mediterranean,SOM,Low income
Somalia,2006,10975.502,37.09999847412109,,1.0,-,Eastern Mediterranean,SOM,Low income
Somalia,2007,11322.582,34.40399932861328,,1.0,-,Eastern Mediterranean,SOM,Low income
Somalia,2008,11663.084,36.01100158691406,,1.0,-,Eastern Mediterranean,SOM,Low income
Somalia,2009,11961.201,37.64500045776367,,1.0,-,Eastern Mediterranean,SOM,Low income
Somalia,2010,12261.756,39.30999755859375,,1.0,-,Eastern Mediterranean,SOM,Low income
Somalia,2011,12348.83,41.0,,1.0,-,Eastern Mediterranean,SOM,Low income
Somalia,2012,12461.16,41.55799865722656,,1.0,-,Eastern Mediterranean,SOM,Low income
Somalia,2013,12869.594,42.117000579833984,30.15974671898455,1.0,-,Eastern Mediterranean,SOM,Low income
Somalia,2014,13339.491,42.67900085449219,30.23551025084755,1.0,-,Eastern Mediterranean,SOM,Low income
Somalia,2015,13806.963,43.244998931884766,30.31181454511393,1.0,-,Eastern Mediterranean,SOM,Low income
Somalia,2016,14348.74,43.81600189208984,30.38879095797301,1.0,-,Eastern Mediterranean,SOM,Low income
Somalia,2017,14916.629,44.39099884033203,30.46630627735688,1.0,-,Eastern Mediterranean,SOM,Low income
Somalia,2018,15452.487,44.97100067138672,28.48138557846297,5.749122142791748,-,Eastern Mediterranean,SOM,Low income
Somalia,2019,16030.971,45.55400085449219,26.49279015342814,16.348447799682617,-,Eastern Mediterranean,SOM,Low income
Somalia,2020,16651.191,46.14099884033203,24.50061200291005,26.93484878540039,-,Eastern Mediterranean,SOM,Low income
Somalia,2021,17271.431,46.73100280761719,22.50469018039328,37.508296966552734,-,Eastern Mediterranean,SOM,Low income
Somalia,2022,17801.897,47.323997497558594,20.50499038712609,48.06870269775391,-,Eastern Mediterranean,SOM,Low income
Somalia,2023,18358.615,47.92000198364258,18.5014847931715,58.61595916748047,-,Eastern Mediterranean,SOM,Low income
Somalia,2024,19009.151,48.51900100708008,16.49413857973444,69.14997863769531,-,Eastern Mediterranean,SOM,Low income
South Africa,2003,48500.348,58.44600296020508,,,-,Africa,ZAF,Upper middle income
South Africa,2004,48991.421,58.99300003051758,,,-,Africa,ZAF,Upper middle income
South Africa,2005,49490.033,59.5359992980957,,,-,Africa,ZAF,Upper middle income
South Africa,2006,49998.277,60.07699966430664,,,-,Africa,ZAF,Upper middle income
South Africa,2007,50528.584,60.615997314453125,,,-,Africa,ZAF,Upper middle income
South Africa,2008,51114.599,61.15400314331055,,,-,Africa,ZAF,Upper middle income
South Africa,2009,51728.516,61.6870002746582,,,-,Africa,ZAF,Upper middle income
South Africa,2010,52344.051,62.21799850463867,,,-,Africa,ZAF,Upper middle income
South Africa,2011,52995.205,62.746002197265625,,,-,Africa,ZAF,Upper middle income
South Africa,2012,53782.567,63.27199935913086,43.34615365067656,12.613155364990234,-,Africa,ZAF,Upper middle income
South Africa,2013,54678.791,63.792999267578125,43.47679014368449,12.572315216064451,-,Africa,ZAF,Upper middle income
South Africa,2014,55594.838,64.31199645996094,43.60692890503343,12.531625747680664,-,Africa,ZAF,Upper middle income
South Africa,2015,56723.537,64.8280029296875,43.73631216026863,12.49117660522461,-,Africa,ZAF,Upper middle income
South Africa,2016,57259.551,65.34100341796875,43.86494574798942,12.450958251953123,-,Africa,ZAF,Upper middle income
South Africa,2017,57635.162,65.8499984741211,43.99257316928806,12.41105842590332,-,Africa,ZAF,Upper middle income
South Africa,2018,58613.001,66.3550033569336,44.11919950242815,12.371468544006348,-,Africa,ZAF,Upper middle income
South Africa,2019,59587.885,66.85600280761719,44.24482389959378,12.332192420959473,-,Africa,ZAF,Upper middle income
South Africa,2020,60562.381,67.35399627685547,44.36969551621249,12.293149948120115,-,Africa,ZAF,Upper middle income
South Africa,2021,61502.603,67.84700012207031,,,-,Africa,ZAF,Upper middle income
South Africa,2022,62378.41,68.33499908447266,,,-,Africa,ZAF,Upper middle income
South Africa,2023,63212.384,68.81900024414062,,,-,Africa,ZAF,Upper middle income
South Africa,2024,64007.187,69.2979965209961,,,-,Africa,ZAF,Upper middle income
South Sudan,2016,10830.102,19.09199905395508,21.5394293102913,10.456713676452637,-,Africa,SSD,Low income
South Sudan,2017,10259.154,19.34600067138672,21.58077870380148,10.465399742126465,-,Africa,SSD,Low income
South Sudan,2018,10122.977,19.614999771118164,21.62457017979016,10.474596977233888,-,Africa,SSD,Low income
South Sudan,2019,10423.384,19.89900016784668,21.67080288781739,10.4843111038208,-,Africa,SSD,Low income
South Sudan,2020,10698.467,20.198999404907227,21.71964155362717,10.494566917419434,-,Africa,SSD,Low income
South Sudan,2021,10865.78,20.513999938964844,21.77092272136192,10.505331039428713,-,Africa,SSD,Low income
South Sudan,2022,11021.177,20.84600067138672,21.82496904002483,10.51668930053711,-,Africa,SSD,Low income
South Sudan,2023,11483.374,21.19499969482422,21.88178402907225,10.528621673583984,-,Africa,SSD,Low income
South Sudan,2024,11943.408,21.559999465942383,21.94120404374096,10.54110050201416,-,Africa,SSD,Low income
Spain,2000,41019.774,76.26199340820312,,,-,Europe,ESP,High income
Spain,2001,41245.599,76.34300231933594,,,-,Europe,ESP,High income
Spain,2002,41755.704,76.53300476074219,,,-,Europe,ESP,High income
Spain,2003,42506.543,76.77799987792969,,,-,Europe,ESP,High income
Spain,2004,43234.566,77.0219955444336,,,-,Europe,ESP,High income
Spain,2005,43958.885,77.26300048828125,,,-,Europe,ESP,High income
Spain,2006,44695.448,77.50199890136719,,,-,Europe,ESP,High income
Spain,2007,45516.507,77.74000549316406,,,-,Europe,ESP,High income
Spain,2008,46235.054,77.97599792480469,,,-,Europe,ESP,High income
Spain,2009,46635.18,78.20999908447266,,,-,Europe,ESP,High income
Spain,2010,46840.471,78.44200134277344,,,-,Europe,ESP,High income
Spain,2011,46998.043,78.6729965209961,,,-,Europe,ESP,High income
Spain,2012,47018.323,78.9020004272461,,,-,Europe,ESP,High income
Spain,2013,46860.389,79.13299560546875,,,-,Europe,ESP,High income
Spain,2014,46720.188,79.36599731445312,,,-,Europe,ESP,High income
Spain,2015,46683.686,79.60199737548828,,,-,Europe,ESP,High income
Spain,2016,46732.771,79.83999633789062,,,-,Europe,ESP,High income
Spain,2017,46868.596,80.08000183105469,,,-,Europe,ESP,High income
Spain,2018,47092.821,80.32099914550781,,,-,Europe,ESP,High income
Spain,2019,47435.119,80.56500244140625,,,-,Europe,ESP,High income
Spain,2020,47679.489,80.80999755859375,,,-,Europe,ESP,High income
Spain,2021,47735.664,81.05599975585938,,,-,Europe,ESP,High income
Spain,2022,47828.382,81.30400085449219,,,-,Europe,ESP,High income
Spain,2023,47911.579,81.552001953125,,,-,Europe,ESP,High income
Spain,2024,47910.526,81.802001953125,,,-,Europe,ESP,High income
Sri Lanka,2013,21358.827,18.197999954223636,87.6082594022434,7.209450721740723,-,South-East Asia,LKA,Lower middle income
Sri Lanka,2014,21547.456,18.218000411987305,87.60967064810218,7.208694934844971,-,South-East Asia,LKA,Lower middle income
Sri Lanka,2015,21729.971,18.256000518798828,87.61235886363305,7.20725154876709,-,South-East Asia,LKA,Lower middle income
Sri Lanka,2016,21910.772,18.31100082397461,87.61625110641559,7.2051615715026855,-,South-East Asia,LKA,Lower middle income
Sri Lanka,2017,22087.522,18.38400077819824,87.6214038529129,7.202401161193848,-,South-East Asia,LKA,Lower middle income
Sri Lanka,2018,22253.118,18.47599983215332,87.62790609221503,7.19891357421875,-,South-East Asia,LKA,Lower middle income
Sri Lanka,2019,22410.552,18.584999084472656,87.63561206985955,7.194779396057129,-,South-East Asia,LKA,Lower middle income
Sri Lanka,2020,22561.807,18.713001251220703,87.64466223268488,7.189923286437988,-,South-East Asia,LKA,Lower middle income
Sri Lanka,2021,22700.372,18.86000061035156,87.65504964390203,7.184352874755859,-,South-East Asia,LKA,Lower middle income
Sri Lanka,2022,22834.965,19.025999069213867,87.66678121411884,7.178060531616211,-,South-East Asia,LKA,Lower middle income
Sri Lanka,2023,22971.617,19.211000442504883,87.6798542724408,7.171050071716309,-,South-East Asia,LKA,Lower middle income
Sri Lanka,2024,23103.565,19.416000366210938,87.69434780821568,7.163273334503174,-,South-East Asia,LKA,Lower middle income
Sudan,2008,33623.98,32.91899871826172,26.50096308272123,,-,Eastern Mediterranean,SDN,Low income
Sudan,2009,34569.113,32.99300003051758,26.50096308272123,,-,Eastern Mediterranean,SDN,Low income
Sudan,2010,35414.399,33.0890007019043,26.50096308272123,57.62921142578125,-,Eastern Mediterranean,SDN,Low income
Sudan,2011,36140.806,33.207000732421875,26.50096308272123,57.62921142578125,-,Eastern Mediterranean,SDN,Low income
Sudan,2012,36923.178,33.34600067138672,26.50096308272123,57.62921142578125,-,Eastern Mediterranean,SDN,Low income
Sudan,2013,37785.849,33.50699996948242,24.75225407090375,57.62921142578125,-,Eastern Mediterranean,SDN,Low income
Sudan,2014,38823.318,33.689002990722656,23.00354505908672,57.62921142578125,-,Eastern Mediterranean,SDN,Low income
Sudan,2015,40024.431,33.89400100708008,21.25483604726924,57.62921142578125,-,Eastern Mediterranean,SDN,Low income
Sudan,2016,41259.892,34.121002197265625,19.50612703545221,57.62921142578125,-,Eastern Mediterranean,SDN,Low income
Sudan,2017,42714.306,34.369998931884766,17.75741802363473,57.62921142578125,-,Eastern Mediterranean,SDN,Low income
Sudan,2018,44230.596,34.641998291015625,16.00870901181725,57.62921142578125,-,Eastern Mediterranean,SDN,Low income
Sudan,2019,45548.175,34.935997009277344,14.26000000000022,,-,Eastern Mediterranean,SDN,Low income
Sudan,2020,46789.231,35.25299835205078,12.51129098818274,,-,Eastern Mediterranean,SDN,Low income
Sudan,2021,48066.924,35.59299850463867,10.76258197636571,,-,Eastern Mediterranean,SDN,Low income
Sudan,2022,49383.346,35.95600128173828,10.76258197636571,,-,Eastern Mediterranean,SDN,Low income
Sudan,2023,50042.791,36.34200286865234,10.76258197636571,,-,Eastern Mediterranean,SDN,Low income
Sudan,2024,50448.963,36.75199890136719,10.76258197636571,,-,Eastern Mediterranean,SDN,Low income
Suriname,2014,575.373,66.08899688720703,72.0988773557058,11.06757926940918,-,Americas,SUR,Upper middle income
Suriname,2015,581.627,66.05599975585938,72.09625059657183,11.06619930267334,-,Americas,SUR,Upper middle income
Suriname,2016,587.757,66.04000091552734,72.09497730682884,11.065528869628906,-,Americas,SUR,Upper middle income
Suriname,2017,593.713,66.04100036621094,72.09505820669014,11.065569877624512,-,Americas,SUR,Upper middle income
Suriname,2018,599.513,66.05999755859375,72.09657117725943,11.066364288330078,-,Americas,SUR,Upper middle income
Suriname,2019,605.768,66.09500122070312,72.09935574106488,11.067829132080078,-,Americas,SUR,Upper middle income
Suriname,2020,612.317,66.14900207519531,72.10365563406013,11.070086479187012,-,Americas,SUR,Upper middle income
Suriname,2021,617.896,66.21900177001953,72.10922495347582,11.073017120361328,-,Americas,SUR,Upper middle income
Suriname,2022,623.164,66.30699920654297,72.11623020721075,11.07669734954834,-,Americas,SUR,Upper middle income
Sweden,2000,8872.101,84.0260009765625,,,-,Europe,SWE,High income
Sweden,2001,8896.022,84.07099914550781,,,-,Europe,SWE,High income
Sweden,2002,8925.047,84.13299560546875,,,-,Europe,SWE,High income
Sweden,2003,8958.431,84.19599914550781,,,-,Europe,SWE,High income
Sweden,2004,8993.808,84.25800323486328,,,-,Europe,SWE,High income
Sweden,2005,9029.771,84.31900024414062,,,-,Europe,SWE,High income
Sweden,2006,9080.623,84.43000030517578,,,-,Europe,SWE,High income
Sweden,2007,9148.274,84.58799743652344,,,-,Europe,SWE,High income
Sweden,2008,9219.9,84.7459945678711,,,-,Europe,SWE,High income
Sweden,2009,9298.74,84.9020004272461,,,-,Europe,SWE,High income
Sweden,2010,9378.232,85.05599975585938,,,-,Europe,SWE,High income
Sweden,2011,9449.259,85.2969970703125,,,-,Europe,SWE,High income
Sweden,2012,9519.487,85.6199951171875,,,-,Europe,SWE,High income
Sweden,2013,9600.62,85.93599700927734,,,-,Europe,SWE,High income
Sweden,2014,9696.433,86.24699401855469,,,-,Europe,SWE,High income
Sweden,2015,9799.481,86.5530014038086,,,-,Europe,SWE,High income
Sweden,2016,9923.28,86.85200500488281,,,-,Europe,SWE,High income
Sweden,2017,10057.862,87.14600372314453,,,-,Europe,SWE,High income
Sweden,2018,10175.405,87.43099975585938,,,-,Europe,SWE,High income
Sweden,2019,10279.125,87.70800018310547,,,-,Europe,SWE,High income
Sweden,2020,10353.686,87.97699737548828,,,-,Europe,SWE,High income
Sweden,2021,10416.131,88.23799896240234,,,-,Europe,SWE,High income
Sweden,2022,10487.338,88.49199676513672,,,-,Europe,SWE,High income
Sweden,2023,10551.494,88.73799896240234,,,-,Europe,SWE,High income
Sweden,2024,10606.999,88.97599792480469,,,-,Europe,SWE,High income
Switzerland,2001,7226.391,73.375,,,-,Europe,CHE,High income
Switzerland,2002,7278.752,73.4010009765625,,,-,Europe,CHE,High income
Switzerland,2003,7333.447,73.42699432373047,,,-,Europe,CHE,High income
Switzerland,2004,7384.194,73.4520034790039,,,-,Europe,CHE,High income
Switzerland,2005,7431.823,73.4780044555664,,,-,Europe,CHE,High income
Switzerland,2006,7478.509,73.50399780273438,,,-,Europe,CHE,High income
Switzerland,2007,7545.381,73.52999877929688,,,-,Europe,CHE,High income
Switzerland,2008,7641.728,73.55599975585938,,,-,Europe,CHE,High income
Switzerland,2009,7737.645,73.58100128173828,,,-,Europe,CHE,High income
Switzerland,2010,7825.753,73.60699462890625,,,-,Europe,CHE,High income
Switzerland,2011,7914.372,73.63099670410156,,,-,Europe,CHE,High income
Switzerland,2012,7998.926,73.65299987792969,,,-,Europe,CHE,High income
Switzerland,2013,8091.202,73.67399597167969,,,-,Europe,CHE,High income
Switzerland,2014,8190.235,73.69599914550781,,,-,Europe,CHE,High income
Switzerland,2015,8283.934,73.71800231933594,,,-,Europe,CHE,High income
Switzerland,2016,8374.901,73.73899841308594,,,-,Europe,CHE,High income
Switzerland,2017,8453.628,73.76100158691406,,,-,Europe,CHE,High income
Switzerland,2018,8516.344,73.7969970703125,,,-,Europe,CHE,High income
Switzerland,2019,8577.524,73.8489990234375,,,-,Europe,CHE,High income
Switzerland,2020,8640.582,73.91500091552734,,,-,Europe,CHE,High income
Switzerland,2021,8707.023,73.99600219726562,,,-,Europe,CHE,High income
Switzerland,2022,8792.182,74.09200286865234,,,-,Europe,CHE,High income
Switzerland,2023,8870.561,74.2020034790039,,,-,Europe,CHE,High income
Switzerland,2024,8921.981,74.32699584960938,,,-,Europe,CHE,High income
Syrian Arab Republic,2012,22759.763,53.55500030517578,84.19975476965402,5.1233625411987305,-,Eastern Mediterranean,SYR,Low income
Syrian Arab Republic,2013,21666.917,52.52899932861328,84.13067647740014,5.158027172088623,-,Eastern Mediterranean,SYR,Low income
Syrian Arab Republic,2014,20273.659,51.5,84.06139586471383,5.192793846130371,-,Eastern Mediterranean,SYR,Low income
Syrian Arab Republic,2015,19424.618,52.167999267578125,84.10637136819727,5.170223712921143,-,Eastern Mediterranean,SYR,Low income
Syrian Arab Republic,2016,19193.834,52.834999084472656,84.15127910162128,5.147688388824463,-,Eastern Mediterranean,SYR,Low income
Syrian Arab Republic,2017,19224.668,53.50000381469727,84.19605289425931,5.125219345092773,-,Eastern Mediterranean,SYR,Low income
Syrian Arab Republic,2018,19577.845,54.16200256347656,84.2406234537835,5.102853298187256,-,Eastern Mediterranean,SYR,Low income
Syrian Arab Republic,2019,20353.534,54.82100296020508,84.28499508176812,5.08058500289917,-,Eastern Mediterranean,SYR,Low income
Syrian Arab Republic,2020,21049.429,55.47500228881836,84.32902608196648,5.05849027633667,-,Eastern Mediterranean,SYR,Low income
Syrian Arab Republic,2021,21628.839,56.124000549316406,84.37272308410571,5.036561489105225,-,Eastern Mediterranean,SYR,Low income
Syrian Arab Republic,2022,22462.173,56.76900100708008,84.41615382815627,5.014764308929443,-,Eastern Mediterranean,SYR,Low income
Syrian Arab Republic,2023,23594.623,57.40900039672852,84.45924133894485,4.993143558502197,-,Eastern Mediterranean,SYR,Low income
Syrian Arab Republic,2024,24672.76,58.04399871826172,84.50199405577158,4.971689701080322,-,Eastern Mediterranean,SYR,Low income
Tajikistan,2006,7057.566,26.511999130249023,72.38524132910516,8.621516227722168,-,Europe,TJK,Lower middle income
Tajikistan,2007,7194.477,26.513999938964844,72.3856870374702,8.621332168579102,-,Europe,TJK,Lower middle income
Tajikistan,2008,7338.403,26.51599884033203,72.38612988139451,8.6211519241333,-,Europe,TJK,Lower middle income
Tajikistan,2009,7490.23,26.51799964904785,72.3865691268931,8.620976448059082,-,Europe,TJK,Lower middle income
Tajikistan,2010,7652.141,26.51999855041504,72.38701352492131,8.620793342590332,-,Europe,TJK,Lower middle income
Tajikistan,2011,7824.785,26.520999908447266,72.41936742691371,8.059504508972168,-,Europe,TJK,Lower middle income
Tajikistan,2012,8014.084,26.545000076293945,72.4566553237257,7.496485710144043,-,Europe,TJK,Lower middle income
Tajikistan,2013,8216.724,26.589000701904297,72.49800566703261,6.932448387145996,-,Europe,TJK,Lower middle income
Tajikistan,2014,8425.552,26.655000686645508,72.54364507267455,6.367687702178955,-,Europe,TJK,Lower middle income
Tajikistan,2015,8643.84,26.74199867248535,72.59314615647078,5.802737236022949,-,Europe,TJK,Lower middle income
Tajikistan,2016,8865.631,26.851001739501957,72.64650581884214,5.237996578216553,58.77697401421123,Europe,TJK,Lower middle income
Tajikistan,2017,9085.946,26.98200035095215,72.7035050659006,4.673938274383545,58.77609131000889,Europe,TJK,Lower middle income
Tajikistan,2018,9307.333,27.13400077819824,72.76373085567914,4.111068248748779,58.77506697731811,Europe,TJK,Lower middle income
Tajikistan,2019,9529.966,27.30900001525879,72.82735669914914,3.5497887134552,58.77388646291831,Europe,TJK,Lower middle income
Tajikistan,2020,9749.31,27.506000518798828,72.865084565205,3.5447628498077397,58.77255711655858,Europe,TJK,Lower middle income
Tajikistan,2021,9966.908,27.72599983215332,72.90721532189004,3.5391533374786377,58.77107056769432,Europe,TJK,Lower middle income
Tajikistan,2022,10182.222,27.968002319335938,72.95356123497564,3.5329794883728027,58.76943745703716,Europe,TJK,Lower middle income
Tajikistan,2023,10389.799,28.233999252319336,73.00450461486292,3.5261919498443604,58.76764345593724,Europe,TJK,Lower middle income
Tajikistan,2024,10590.927,28.52300071716309,,,58.76569298549153,Europe,TJK,Lower middle income
Thailand,2010,68579.447,43.85600280761719,79.26427647385945,8.924922943115234,-,South-East Asia,THA,Upper middle income
Thailand,2011,69007.208,44.697998046875,79.29306663420057,8.948869705200195,-,South-East Asia,THA,Upper middle income
Thailand,2012,69436.098,45.44499969482422,79.31860662908252,8.970115661621094,-,South-East Asia,THA,Upper middle income
Thailand,2013,69845.114,46.19300079345703,79.34417741636122,8.991394996643066,-,South-East Asia,THA,Upper middle income
Thailand,2014,70216.367,46.94300079345703,79.36982009738783,9.01272678375244,-,South-East Asia,THA,Upper middle income
Thailand,2015,70540.795,47.69400024414063,80.90444892410302,8.186775207519531,-,South-East Asia,THA,Upper middle income
Thailand,2016,70859.841,48.447998046875,82.43742080724935,7.35289716720581,-,South-East Asia,THA,Upper middle income
Thailand,2017,71160.187,49.20000076293945,83.96856934342473,6.510985851287842,-,South-East Asia,THA,Upper middle income
Thailand,2018,71376.079,49.948997497558594,85.49786749693305,5.661070823669434,-,South-East Asia,THA,Upper middle income
Thailand,2019,71522.271,50.69199752807617,87.02524520659239,4.803189277648926,-,South-East Asia,THA,Upper middle income
Thailand,2020,71641.484,51.43000030517578,88.55075297368026,3.9374313354492183,-,South-East Asia,THA,Upper middle income
Thailand,2021,71727.332,52.16299819946289,90.0744024891774,3.06388258934021,-,South-East Asia,THA,Upper middle income
Thailand,2022,71735.329,52.88899993896485,91.59616351373889,2.1826484203338623,-,South-East Asia,THA,Upper middle income
Thailand,2023,71702.435,53.608001708984375,93.11606693463806,1.29383385181427,-,South-East Asia,THA,Upper middle income
Thailand,2024,71668.011,54.31999969482422,94.63412521798806,1.0,-,South-East Asia,THA,Upper middle income
Timor-Leste,2012,1134.885,28.42799949645996,27.80902935552984,7.327715396881103,-,South-East Asia,TLS,Lower middle income
Timor-Leste,2013,1158.695,28.77899932861328,27.88166954057428,7.310783863067627,-,South-East Asia,TLS,Lower middle income
Timor-Leste,2014,1181.903,29.13300132751465,27.9549292524852,7.293713569641113,-,South-East Asia,TLS,Lower middle income
Timor-Leste,2015,1205.131,29.489999771118164,28.02881016515213,7.276495456695557,-,South-East Asia,TLS,Lower middle income
Timor-Leste,2016,1228.312,29.850000381469727,28.10331289955392,7.259129524230957,-,South-East Asia,TLS,Lower middle income
Timor-Leste,2017,1251.703,30.21199989318848,28.17822975422168,7.241667747497559,-,South-East Asia,TLS,Lower middle income
Timor-Leste,2018,1275.959,30.577999114990234,28.25397232457581,7.224018573760986,-,South-East Asia,TLS,Lower middle income
Timor-Leste,2019,1300.945,30.94700050354004,28.33033799931792,7.20621919631958,-,South-East Asia,TLS,Lower middle income
Timor-Leste,2020,1326.053,31.31999969482422,28.40753046801985,7.188228607177734,-,South-East Asia,TLS,Lower middle income
Togo,2004,5696.508,34.7239990234375,7.417252254023734,76.75252532958984,-,Africa,TGO,Low income
Togo,2005,5844.631,35.185001373291016,7.490268058816698,76.67210388183594,-,Africa,TGO,Low income
Togo,2006,6010.668,35.64899826049805,7.563759136370752,76.59114837646484,-,Africa,TGO,Low income
Togo,2007,6188.344,36.11600112915039,7.637726032079558,76.50967407226562,-,Africa,TGO,Low income
Togo,2008,6368.812,36.58699798583984,7.712325589563303,76.42749786376953,-,Africa,TGO,Low income
Togo,2009,6551.865,37.05799865722656,8.54856998383997,76.22669982910156,-,Africa,TGO,Low income
Togo,2010,6732.59,37.53300094604492,9.38653502431975,76.02245330810547,-,Africa,TGO,Low income
Togo,2011,6916.474,38.03200149536133,10.2294687501472,75.8110580444336,-,Africa,TGO,Low income
Togo,2012,7100.736,38.545997619628906,11.07598809508184,75.5939712524414,-,Africa,TGO,Low income
Togo,2013,7285.442,39.06100082397461,11.92384745432661,75.37371826171875,-,Africa,TGO,Low income
Togo,2014,7472.45,39.57900238037109,12.7733793788636,75.14990997314453,-,Africa,TGO,Low income
Togo,2015,7663.195,40.09999847412109,13.62459552135928,74.9225082397461,-,Africa,TGO,Low income
Togo,2016,7858.289,40.62800216674805,14.47817558868109,74.6906967163086,-,Africa,TGO,Low income
Togo,2017,8057.14,41.1619987487793,15.33397506463204,74.45462799072266,-,Africa,TGO,Low income
Togo,2018,8258.778,41.70199966430664,16.1920139894035,74.21424102783203,-,Africa,TGO,Low income
Togo,2019,8463.068,42.24799728393555,17.05231393886351,73.96949005126953,-,Africa,TGO,Low income
Togo,2020,8669.72,42.79999923706055,17.14668508754869,73.85558319091797,-,Africa,TGO,Low income
Togo,2021,8878.379,43.358001708984375,17.24208212105798,73.74043273925781,-,Africa,TGO,Low income
Togo,2022,9089.738,43.92100143432617,17.3383339865729,73.62425994873047,-,Africa,TGO,Low income
Togo,2023,9304.337,44.4900016784668,17.43561197598169,73.50684356689453,-,Africa,TGO,Low income
Tokelau,2000,1.845,0.0,,,-,Western Pacific,TKL,
Tokelau,2001,1.864,0.0,,,-,Western Pacific,TKL,
Tokelau,2002,1.839,0.0,,,-,Western Pacific,TKL,
Tokelau,2003,1.774,0.0,,,-,Western Pacific,TKL,
Tokelau,2004,1.705,0.0,,,-,Western Pacific,TKL,
Tokelau,2005,1.631,0.0,,,-,Western Pacific,TKL,
Tokelau,2006,1.569,0.0,,,-,Western Pacific,TKL,
Tokelau,2007,1.552,0.0,,,-,Western Pacific,TKL,
Tokelau,2008,1.563,0.0,,,-,Western Pacific,TKL,
Tokelau,2009,1.574,0.0,,,-,Western Pacific,TKL,
Tokelau,2010,1.585,0.0,,,-,Western Pacific,TKL,
Tokelau,2011,1.599,0.0,,,-,Western Pacific,TKL,
Tokelau,2012,1.659,0.0,,,-,Western Pacific,TKL,
Tokelau,2013,1.726,0.0,,,-,Western Pacific,TKL,
Tokelau,2014,1.728,0.0,,,-,Western Pacific,TKL,
Tokelau,2015,1.698,0.0,,,-,Western Pacific,TKL,
Tokelau,2016,1.677,0.0,,,-,Western Pacific,TKL,
Tokelau,2017,1.742,0.0,,,-,Western Pacific,TKL,
Tokelau,2018,1.878,0.0,,,-,Western Pacific,TKL,
Tokelau,2019,2.014,0.0,,,-,Western Pacific,TKL,
Tokelau,2020,2.128,0.0,,,-,Western Pacific,TKL,
Tokelau,2021,2.205,0.0,,,-,Western Pacific,TKL,
Tokelau,2022,2.29,0.0,,,-,Western Pacific,TKL,
Tokelau,2023,2.397,0.0,,,-,Western Pacific,TKL,
Tokelau,2024,2.506,0.0,,,-,Western Pacific,TKL,
Tonga,2000,102.677,23.012001037597656,,,-,Western Pacific,TON,Upper middle income
Tonga,2001,103.288,23.041000366210938,,,-,Western Pacific,TON,Upper middle income
Tonga,2002,103.874,23.069000244140625,,,-,Western Pacific,TON,Upper middle income
Tonga,2003,104.464,23.097999572753903,,,-,Western Pacific,TON,Upper middle income
Tonga,2004,105.071,23.12700080871582,,,-,Western Pacific,TON,Upper middle income
Tonga,2005,105.671,23.154998779296875,,,-,Western Pacific,TON,Upper middle income
Tonga,2006,106.253,23.18400001525879,,,-,Western Pacific,TON,Upper middle income
Tonga,2007,106.726,23.227001190185547,,,-,Western Pacific,TON,Upper middle income
Tonga,2008,107.02,23.2810001373291,,,-,Western Pacific,TON,Upper middle income
Tonga,2009,107.203,23.334999084472656,,,-,Western Pacific,TON,Upper middle income
Tonga,2010,107.4,23.388999938964844,,,-,Western Pacific,TON,Upper middle income
Tonga,2011,107.57,23.44300079345703,,,-,Western Pacific,TON,Upper middle income
Tonga,2012,107.46,23.434999465942383,,,-,Western Pacific,TON,Upper middle income
Tonga,2013,107.078,23.381999969482425,80.94803023355377,,-,Western Pacific,TON,Upper middle income
Tonga,2014,106.609,23.328001022338867,80.94481917037528,,-,Western Pacific,TON,Upper middle income
Tonga,2015,106.095,23.274999618530277,80.9416731814865,1.917170524597168,-,Western Pacific,TON,Upper middle income
Tonga,2016,105.524,23.222000122070312,80.93852341114963,1.915941834449768,-,Western Pacific,TON,Upper middle income
Tonga,2017,105.356,23.16900062561035,80.93537368628188,1.914713144302368,-,Western Pacific,TON,Upper middle income
Tonga,2018,105.567,23.130998611450195,80.933119237672,1.9138275384902956,-,Western Pacific,TON,Upper middle income
Tonga,2019,105.669,23.10700035095215,80.93169271257538,1.9132713079452517,-,Western Pacific,TON,Upper middle income
Tonga,2020,105.704,23.0989990234375,80.93121876932682,1.9130840301513672,-,Western Pacific,TON,Upper middle income
Tonga,2021,105.49,23.10400009155273,80.9315138927034,1.9132025241851809,-,Western Pacific,TON,Upper middle income
Tonga,2022,105.042,23.125,80.93276013709048,1.913691520690918,-,Western Pacific,TON,Upper middle income
Tonga,2023,104.597,23.15999984741211,80.9348412682763,1.9145015478134155,-,Western Pacific,TON,Upper middle income
Tonga,2024,104.175,23.209999084472656,80.9378068387942,,-,Western Pacific,TON,Upper middle income
Trinidad and Tobago,2018,1470.518,53.18400192260742,84.11353466427607,7.275752544403076,-,Americas,TTO,High income
Trinidad and Tobago,2019,1484.894,53.1870002746582,84.11362148403607,7.2758355140686035,-,Americas,TTO,High income
Trinidad and Tobago,2020,1481.024,53.2140007019043,84.11441548710563,7.276571273803711,-,Americas,TTO,High income
Trinidad and Tobago,2021,1487.717,53.26499938964844,84.1159142646612,7.277962207794189,-,Americas,TTO,High income
Trinidad and Tobago,2022,1495.921,53.34000015258789,84.11812128954138,7.280004501342773,-,Americas,TTO,High income
Trinidad and Tobago,2023,1502.932,53.438995361328125,84.1210307333147,7.282704353332519,-,Americas,TTO,High income
Trinidad and Tobago,2024,1507.782,53.56199645996094,84.12464514815959,7.2860589027404785,-,Americas,TTO,High income
Tunisia,2006,10346.41,65.52400207519531,85.95418996580376,6.1268181800842285,-,Eastern Mediterranean,TUN,Lower middle income
Tunisia,2007,10441.702,65.80899810791016,86.0415169878872,6.084633827209473,-,Eastern Mediterranean,TUN,Lower middle income
Tunisia,2008,10542.635,66.0929946899414,86.12853809497379,6.042596817016602,-,Eastern Mediterranean,TUN,Lower middle income
Tunisia,2009,10650.681,66.3759994506836,86.21525679257287,6.000704288482666,-,Eastern Mediterranean,TUN,Lower middle income
Tunisia,2010,10765.98,66.65699768066406,86.30136067006738,5.959109306335449,-,Eastern Mediterranean,TUN,Lower middle income
Tunisia,2011,10886.035,66.93800354003906,86.82404975801883,5.569535732269287,-,Eastern Mediterranean,TUN,Lower middle income
Tunisia,2012,11009.647,67.21800231933594,87.33662228718224,5.1869306564331055,-,Eastern Mediterranean,TUN,Lower middle income
Tunisia,2013,11141.361,67.49500274658203,87.83862378200908,4.811480522155762,-,Eastern Mediterranean,TUN,Lower middle income
Tunisia,2014,11274.288,67.77200317382812,88.33091761872309,4.442780494689941,-,Eastern Mediterranean,TUN,Lower middle income
Tunisia,2015,11402.264,68.05599975585938,88.81503804666914,4.0802178382873535,-,Eastern Mediterranean,TUN,Lower middle income
Tunisia,2016,11528.674,68.34600067138672,89.29041616997738,3.7241244316101074,-,Eastern Mediterranean,TUN,Lower middle income
Tunisia,2017,11650.498,68.64200592041016,89.75673301742209,3.374722719192505,-,Eastern Mediterranean,TUN,Lower middle income
Tunisia,2018,11765.514,68.94499969482422,90.21384240610772,3.032177448272705,-,Eastern Mediterranean,TUN,Lower middle income
Tunisia,2019,11875.081,69.25399780273438,90.66123103114974,2.696779489517212,-,Eastern Mediterranean,TUN,Lower middle income
Tunisia,2020,11974.057,69.56800079345703,91.09844536264744,2.368782997131348,-,Eastern Mediterranean,TUN,Lower middle income
Tunisia,2021,12048.622,69.88800048828125,91.52533828188623,2.0483531951904297,-,Eastern Mediterranean,TUN,Lower middle income
Tunisia,2022,12119.334,70.21399688720703,91.94159892420684,1.735704779624939,-,Eastern Mediterranean,TUN,Lower middle income
Tunisia,2023,12200.431,70.54399871826172,92.34675052866442,1.4310417175292969,-,Eastern Mediterranean,TUN,Lower middle income
Tunisia,2024,12277.109,70.8800048828125,92.74070455903616,1.2688918113708496,-,Eastern Mediterranean,TUN,Lower middle income
Türkiye,2000,65425.961,64.74099731445312,,,-,Europe,TUR,Upper middle income
Türkiye,2001,66245.128,65.34000396728516,,,-,Europe,TUR,Upper middle income
Türkiye,2002,67048.795,65.9739990234375,,,-,Europe,TUR,Upper middle income
Türkiye,2003,67831.73,66.60199737548828,,,-,Europe,TUR,Upper middle income
Türkiye,2004,68592.617,67.2249984741211,,,-,Europe,TUR,Upper middle income
Türkiye,2005,69329.557,67.83999633789062,,,-,Europe,TUR,Upper middle income
Türkiye,2006,70045.349,68.44999694824219,,,-,Europe,TUR,Upper middle income
Türkiye,2007,70750.586,69.0530014038086,,,-,Europe,TUR,Upper middle income
Türkiye,2008,71562.338,69.6510009765625,,,-,Europe,TUR,Upper middle income
Türkiye,2009,72464.848,70.24099731445312,,,-,Europe,TUR,Upper middle income
Türkiye,2010,73346.769,70.82499694824219,,,-,Europe,TUR,Upper middle income
Türkiye,2011,74215.203,71.4020004272461,,,-,Europe,TUR,Upper middle income
Türkiye,2012,75197.198,71.9739990234375,,,-,Europe,TUR,Upper middle income
Türkiye,2013,76403.031,72.531005859375,,,-,Europe,TUR,Upper middle income
Türkiye,2014,78036.154,73.07699584960938,,,-,Europe,TUR,Upper middle income
Türkiye,2015,80014.226,73.61100006103516,,,-,Europe,TUR,Upper middle income
Türkiye,2016,81652.088,74.13399505615234,,,-,Europe,TUR,Upper middle income
Türkiye,2017,83083.662,74.64399719238281,,,-,Europe,TUR,Upper middle income
Türkiye,2018,84415.969,75.14299774169922,,,-,Europe,TUR,Upper middle income
Türkiye,2019,85357.672,75.62999725341797,,,-,Europe,TUR,Upper middle income
Türkiye,2020,86091.692,76.10499572753906,,,-,Europe,TUR,Upper middle income
Türkiye,2021,86686.253,76.56900024414062,,,-,Europe,TUR,Upper middle income
Türkiye,2022,87058.473,77.0219955444336,,,-,Europe,TUR,Upper middle income
Türkiye,2023,87270.501,77.46299743652344,,,-,Europe,TUR,Upper middle income
Türkiye,2024,87473.805,77.89299774169922,,,-,Europe,TUR,Upper middle income
Turkmenistan,2000,4582.677,45.91299819946289,70.74570004263377,22.934967041015625,-,Europe,TKM,Upper middle income
Turkmenistan,2001,4675.409,46.137001037597656,72.58038223250742,21.47041702270508,-,Europe,TKM,Upper middle income
Turkmenistan,2002,4769.465,46.36199951171875,74.4092279691524,20.012346267700195,-,Europe,TKM,Upper middle income
Turkmenistan,2003,4863.865,46.58699798583984,76.2320187766655,18.560991287231445,-,Europe,TKM,Upper middle income
Turkmenistan,2004,4958.093,46.8120002746582,78.04875486619089,17.116352081298828,-,Europe,TKM,Upper middle income
Turkmenistan,2005,5052.257,47.05199813842773,79.86175448174066,15.675926208496094,-,Europe,TKM,Upper middle income
Turkmenistan,2006,5147.105,47.30800247192383,81.67053885049192,14.240245819091797,-,Europe,TKM,Upper middle income
Turkmenistan,2007,5244.046,47.580997467041016,83.47459557813913,12.809885025024414,-,Europe,TKM,Upper middle income
Turkmenistan,2008,5345.029,47.86800003051758,85.2729018338564,11.38596534729004,-,Europe,TKM,Upper middle income
Turkmenistan,2009,5451.592,48.172000885009766,87.06518568090803,9.968801498413086,-,Europe,TKM,Upper middle income
Turkmenistan,2010,5564.356,48.49100112915039,88.85059013034233,8.559334754943848,-,Europe,TKM,Upper middle income
Turkmenistan,2011,5683.417,48.82499694824219,90.6285119340262,7.158235549926758,-,Europe,TKM,Upper middle income
Turkmenistan,2012,5808.546,49.17499923706055,92.39840629832432,5.766111850738525,-,Europe,TKM,Upper middle income
Turkmenistan,2013,5939.341,49.54100036621094,94.1596214977269,4.383686065673828,-,Europe,TKM,Upper middle income
Turkmenistan,2014,6075.283,49.92100143432617,95.9114493605648,3.011735677719116,-,Europe,TKM,Upper middle income
Turkmenistan,2015,6215.77,50.31700134277344,97.65336675783168,1.6508499383926392,-,Europe,TKM,Upper middle income
Turkmenistan,2016,6360.041,50.72800064086914,99.0,1.0,-,Europe,TKM,Upper middle income
Turkmenistan,2017,6507.061,51.15299987792969,99.0,1.0,-,Europe,TKM,Upper middle income
Turkmenistan,2018,6655.524,51.59299850463867,99.0,1.0,69.00297105331967,Europe,TKM,Upper middle income
Turkmenistan,2019,6803.944,52.047996520996094,99.0,1.0,69.17399640737635,Europe,TKM,Upper middle income
Turkmenistan,2020,6949.912,52.5160026550293,99.0,1.0,69.34990871669939,Europe,TKM,Upper middle income
Turkmenistan,2021,7092.043,52.99800109863281,99.0,1.0,69.53107967397146,Europe,TKM,Upper middle income
Turkmenistan,2022,7230.193,53.49399948120117,99.0,1.0,69.71751669386026,Europe,TKM,Upper middle income
Turkmenistan,2023,7364.438,54.00299835205078,99.0,1.0,69.90883805450586,Europe,TKM,Upper middle income
Turkmenistan,2024,7494.498,54.52399826049805,99.0,1.0,70.10466993033414,Europe,TKM,Upper middle income
Turks and Caicos Islands,2000,18.73,84.55000305175781,,,-,Americas,TCA,High income
Turks and Caicos Islands,2001,19.576,85.36199951171875,,,-,Americas,TCA,High income
Turks and Caicos Islands,2002,20.597,86.00699615478516,,,-,Americas,TCA,High income
Turks and Caicos Islands,2003,21.727,86.60800170898438,,,-,Americas,TCA,High income
Turks and Caicos Islands,2004,22.856,87.18799591064453,,,-,Americas,TCA,High income
Turks and Caicos Islands,2005,23.988,87.7449951171875,,,-,Americas,TCA,High income
Turks and Caicos Islands,2006,25.123,88.28099822998047,,,-,Americas,TCA,High income
Turks and Caicos Islands,2007,26.27,88.7969970703125,,,-,Americas,TCA,High income
Turks and Caicos Islands,2008,27.427,89.29399871826172,,,-,Americas,TCA,High income
Turks and Caicos Islands,2009,28.588,89.77000427246094,,,-,Americas,TCA,High income
Turks and Caicos Islands,2010,29.739,90.22799682617188,,,-,Americas,TCA,High income
Turks and Caicos Islands,2011,30.846,90.66799926757812,,,-,Americas,TCA,High income
Turks and Caicos Islands,2012,32.127,91.08999633789062,,,-,Americas,TCA,High income
Turks and Caicos Islands,2013,33.653,91.48300170898438,,,-,Americas,TCA,High income
Turks and Caicos Islands,2014,35.05,91.85100555419922,,,-,Americas,TCA,High income
Turks and Caicos Islands,2015,36.605,92.19499969482422,,,-,Americas,TCA,High income
Turks and Caicos Islands,2016,38.315,92.51699829101562,94.87584779201283,1.0,-,Americas,TCA,High income
Turks and Caicos Islands,2017,39.913,92.81700134277344,94.8956284288832,1.0,-,Americas,TCA,High income
Turks and Caicos Islands,2018,41.559,93.0979995727539,94.91414593924593,1.0,-,Americas,TCA,High income
Turks and Caicos Islands,2019,43.166,93.36000061035156,94.93141961156888,1.0,-,Americas,TCA,High income
Turks and Caicos Islands,2020,44.386,93.6050033569336,94.94757033245996,1.0,-,Americas,TCA,High income
Turks and Caicos Islands,2021,45.243,93.83399963378906,94.96266159078472,1.0,-,Americas,TCA,High income
Turks and Caicos Islands,2022,45.847,94.0469970703125,94.97670049523188,1.0,-,Americas,TCA,High income
Turks and Caicos Islands,2023,46.198,94.24700164794922,94.98988823988664,1.0,-,Americas,TCA,High income
Turks and Caicos Islands,2024,46.535,94.43299865722656,95.00215129918092,1.0,-,Americas,TCA,High income
Tuvalu,2016,10.93,60.64500045776367,94.1324764996547,1.0,-,Western Pacific,TUV,Upper middle income
Tuvalu,2017,10.869,61.52999877929688,94.10060722985963,1.0,-,Western Pacific,TUV,Upper middle income
Tuvalu,2018,10.751,62.387001037597656,94.0697488690131,1.0,-,Western Pacific,TUV,Upper middle income
Tuvalu,2019,10.581,63.21500015258789,94.03992629554187,1.0,-,Western Pacific,TUV,Upper middle income
Tuvalu,2020,10.399,64.01399993896484,94.01115558713396,1.0,-,Western Pacific,TUV,Upper middle income
Tuvalu,2021,10.194,64.78499603271484,93.98338905859131,1.0,-,Western Pacific,TUV,Upper middle income
Tuvalu,2022,9.992,65.5270004272461,93.95666918796827,1.0,-,Western Pacific,TUV,Upper middle income
Tuvalu,2023,9.816,66.24100494384766,93.93095543315611,1.0,-,Western Pacific,TUV,Upper middle income
Tuvalu,2024,9.646,66.9280014038086,93.90621698239296,1.0,-,Western Pacific,TUV,Upper middle income
Uganda,2000,24000.15,14.78600025177002,4.930787616320688,70.98511505126953,-,Africa,UGA,Low income
Uganda,2001,24745.676,15.20099925994873,5.696574041356706,69.86637878417969,-,Africa,UGA,Low income
Uganda,2002,25532.87,15.625999450683594,6.466174212041842,68.7452621459961,-,Africa,UGA,Low income
Uganda,2003,26352.124,16.06100082397461,7.239693316985188,67.62174224853516,-,Africa,UGA,Low income
Uganda,2004,27154.515,16.506999969482422,8.017333728902958,66.4956283569336,-,Africa,UGA,Low income
Uganda,2005,27963.289,16.959999084472656,8.798808104776981,65.36748504638672,-,Africa,UGA,Low income
Uganda,2006,28794.003,17.42500114440918,9.584711743656582,64.23653411865234,-,Africa,UGA,Low income
Uganda,2007,29653.43,17.89900016784668,10.37484670414383,63.10320281982422,-,Africa,UGA,Low income
Uganda,2008,30539.553,18.38400077819824,11.16953167073005,61.96714401245117,-,Africa,UGA,Low income
Uganda,2009,31451.151,18.87800025939941,11.96865105293054,60.82863235473633,-,Africa,UGA,Low income
Uganda,2010,32390.802,19.382999420166016,12.77253726984188,59.68732833862305,-,Africa,UGA,Low income
Uganda,2011,33354.543,19.89800071716309,13.58118468530195,58.54335021972656,-,Africa,UGA,Low income
Uganda,2012,34337.438,20.423999786376957,14.39482219476312,57.39651107788086,-,Africa,UGA,Low income
Uganda,2013,35337.042,20.95800018310547,15.21318110776819,56.24724197387695,-,Africa,UGA,Low income
Uganda,2014,36395.539,21.503999710083008,16.03687294035124,55.09488677978516,-,Africa,UGA,Low income
Uganda,2015,37531.446,22.059999465942383,16.86575320772359,53.939720153808594,-,Africa,UGA,Low income
Uganda,2016,38799.152,22.623998641967773,17.69964861908464,52.782039642333984,-,Africa,UGA,Low income
Uganda,2017,40177.388,23.19599914550781,18.53864309993768,51.62181091308594,-,Africa,UGA,Low income
Uganda,2018,41565.831,23.77400016784668,19.38252742524517,50.4593391418457,-,Africa,UGA,Low income
Uganda,2019,42999.637,24.36100006103516,20.23181564260851,49.29410552978516,-,Africa,UGA,Low income
Uganda,2020,44457.152,24.95400047302246,21.0861403059689,48.126583099365234,-,Africa,UGA,Low income
Uganda,2021,45910.93,25.55299949645996,21.94556671043154,46.95674896240234,-,Africa,UGA,Low income
Uganda,2022,47312.719,26.15900039672852,22.8103172943314,45.7844123840332,-,Africa,UGA,Low income
Uganda,2023,48656.601,26.770999908447266,23.68030218416698,44.60972213745117,-,Africa,UGA,Low income
Uganda,2024,50015.092,27.38899803161621,24.55558472175668,43.43265914916992,-,Africa,UGA,Low income
Ukraine,2013,46126.77,68.875,,,-,Europe,UKR,Upper middle income
Ukraine,2014,45972.38,68.9679946899414,,,-,Europe,UKR,Upper middle income
Ukraine,2015,45784.896,69.06099700927734,95.24311728009091,,-,Europe,UKR,Upper middle income
Ukraine,2016,45616.832,69.15399932861328,95.25320701030684,,-,Europe,UKR,Upper middle income
Ukraine,2017,45436.041,69.24600219726562,95.26319095236188,,-,Europe,UKR,Upper middle income
Ukraine,2018,45208.907,69.35199737548828,95.2746905604243,,-,Europe,UKR,Upper middle income
Ukraine,2019,44957.458,69.4729995727539,95.28782245164416,,-,Europe,UKR,Upper middle income
Ukraine,2020,44680.014,69.60800170898438,95.30246762008623,,-,Europe,UKR,Upper middle income
Ukraine,2021,44298.64,69.75700378417969,95.31863622596184,,-,Europe,UKR,Upper middle income
Ukraine,2022,41048.766,69.91899871826172,95.3362107034396,,-,Europe,UKR,Upper middle income
Ukraine,2023,37732.836,70.09500122070312,95.35530753783486,,-,Europe,UKR,Upper middle income
Ukraine,2024,37860.221,70.28399658203125,95.3758104907106,,-,Europe,UKR,Upper middle income
United Kingdom,2000,59057.338,78.6510009765625,,,-,Europe,GBR,High income
United Kingdom,2001,59288.09,78.7509994506836,,,-,Europe,GBR,High income
United Kingdom,2002,59540.763,79.0469970703125,,,-,Europe,GBR,High income
United Kingdom,2003,59820.385,79.33899688720703,,,-,Europe,GBR,High income
United Kingdom,2004,60169.967,79.62899780273438,,,-,Europe,GBR,High income
United Kingdom,2005,60596.108,79.91500091552734,,,-,Europe,GBR,High income
United Kingdom,2006,61051.094,80.1989974975586,,,-,Europe,GBR,High income
United Kingdom,2007,61535.855,80.47900390625,,,-,Europe,GBR,High income
United Kingdom,2008,62027.306,80.75699615478516,,,-,Europe,GBR,High income
United Kingdom,2009,62506.226,81.03099822998047,,,-,Europe,GBR,High income
United Kingdom,2010,63006.483,81.302001953125,,,-,Europe,GBR,High income
United Kingdom,2011,63509.285,81.56999969482422,,,-,Europe,GBR,High income
United Kingdom,2012,63960.484,81.83699798583984,,,-,Europe,GBR,High income
United Kingdom,2013,64389.388,82.10199737548828,,,-,Europe,GBR,High income
United Kingdom,2014,64865.916,82.36499786376953,,,-,Europe,GBR,High income
United Kingdom,2015,65382.11,82.6259994506836,,,-,Europe,GBR,High income
United Kingdom,2016,65893.358,82.88600158691406,,,-,Europe,GBR,High income
United Kingdom,2017,66354.471,83.14300537109375,,,-,Europe,GBR,High income
United Kingdom,2018,66752.475,83.39800262451172,,,-,Europe,GBR,High income
United Kingdom,2019,67110.958,83.6520004272461,,,-,Europe,GBR,High income
United Kingdom,2020,67351.861,83.90299987792969,,,-,Europe,GBR,High income
United Kingdom,2021,67668.792,84.1520004272461,,,-,Europe,GBR,High income
United Kingdom,2022,68179.315,84.39800262451172,,,-,Europe,GBR,High income
United Kingdom,2023,68682.962,84.64199829101562,,,-,Europe,GBR,High income
United Kingdom,2024,69138.192,84.88400268554688,,,-,Europe,GBR,High income
United Republic of Tanzania,2010,44758.488,28.11400032043457,,23.522220611572266,-,Africa,TZA,Lower middle income
United Republic of Tanzania,2011,46029.367,28.797998428344727,,23.457334518432617,-,Africa,TZA,Lower middle income
United Republic of Tanzania,2012,47374.26,29.49300193786621,,23.391416549682617,-,Africa,TZA,Lower middle income
United Republic of Tanzania,2013,48824.128,30.19599914550781,,23.324729919433597,-,Africa,TZA,Lower middle income
United Republic of Tanzania,2014,50351.512,30.904001235961918,,23.25757598876953,-,Africa,TZA,Lower middle income
United Republic of Tanzania,2015,52020.962,31.617000579833984,,20.08072662353516,-,Africa,TZA,Lower middle income
United Republic of Tanzania,2016,53824.013,32.33300018310547,,16.920446395874023,-,Africa,TZA,Lower middle income
United Republic of Tanzania,2017,55652.89,33.05299758911133,17.1109913751942,13.77678108215332,-,Africa,TZA,Lower middle income
United Republic of Tanzania,2018,57437.145,33.7760009765625,17.1612797158064,10.64992332458496,-,Africa,TZA,Lower middle income
United Republic of Tanzania,2019,59174.891,34.5,17.21163725372093,7.540049076080322,-,Africa,TZA,Lower middle income
United Republic of Tanzania,2020,60972.798,35.22700119018555,17.26220333432711,4.447147369384766,-,Africa,TZA,Lower middle income
United Republic of Tanzania,2021,62830.412,35.95399856567383,17.3127690800854,1.3713589906692505,-,Africa,TZA,Lower middle income
United Republic of Tanzania,2022,64711.821,36.68199920654297,17.36340477632552,1.0,-,Africa,TZA,Lower middle income
United Republic of Tanzania,2023,66617.606,37.40900039672852,17.4139704434129,1.0,-,Africa,TZA,Lower middle income
United Republic of Tanzania,2024,68560.157,38.1359977722168,17.46453722653056,1.0,-,Africa,TZA,Lower middle income
United States Virgin Islands,2006,107.45,93.86100006103516,,,93.60623871893368,Americas,VIR,High income
United States Virgin Islands,2007,107.229,94.0530014038086,,,93.60623871893368,Americas,VIR,High income
United States Virgin Islands,2008,106.96,94.23900604248048,,,93.60623871893368,Americas,VIR,High income
United States Virgin Islands,2009,106.759,94.41900634765624,,,93.60623871893368,Americas,VIR,High income
United States Virgin Islands,2010,106.311,94.59400177001952,,,93.60623871893368,Americas,VIR,High income
United States Virgin Islands,2011,105.391,94.76100158691406,,,93.60623871893368,Americas,VIR,High income
United States Virgin Islands,2012,104.298,94.91899871826172,,,93.60623871893368,Americas,VIR,High income
United States Virgin Islands,2013,103.157,95.06999969482422,,,93.60623871893368,Americas,VIR,High income
United States Virgin Islands,2014,101.999,95.21300506591795,,,93.60623871893368,Americas,VIR,High income
United States Virgin Islands,2015,100.248,,,,-,Americas,VIR,High income
United States Virgin Islands,2016,97.787,95.4800033569336,,,-,Americas,VIR,High income
United States Virgin Islands,2017,95.118,95.6030044555664,,,-,Americas,VIR,High income
United States Virgin Islands,2018,92.302,95.72100067138672,,,-,Americas,VIR,High income
United States Virgin Islands,2019,89.373,95.83200073242188,,,-,Americas,VIR,High income
United States Virgin Islands,2020,87.707,95.93899536132812,,,-,Americas,VIR,High income
United States Virgin Islands,2021,87.223,96.04000091552734,,,-,Americas,VIR,High income
United States Virgin Islands,2022,86.507,96.13600158691406,,,-,Americas,VIR,High income
United States Virgin Islands,2023,85.701,96.2270050048828,,,-,Americas,VIR,High income
United States Virgin Islands,2024,84.905,96.31400299072266,,,-,Americas,VIR,High income
United States of America,2000,281484.131,79.05699920654297,,,-,Americas,USA,High income
United States of America,2001,284279.639,79.23400115966797,,,-,Americas,USA,High income
United States of America,2002,287084.338,79.40899658203125,,,-,Americas,USA,High income
United States of America,2003,289908.1,79.58300018310547,,,-,Americas,USA,High income
United States of America,2004,292786.253,79.75699615478516,,,-,Americas,USA,High income
United States of America,2005,295716.664,79.9280014038086,,,-,Americas,USA,High income
United States of America,2006,298730.209,80.0989990234375,,,-,Americas,USA,High income
United States of America,2007,301844.226,80.26900482177734,,,-,Americas,USA,High income
United States of America,2008,304970.333,80.43800354003906,,,-,Americas,USA,High income
United States of America,2009,308023.454,80.60600280761719,,,-,Americas,USA,High income
United States of America,2010,311062.79,80.77200317382812,,,>99,Americas,USA,High income
United States of America,2011,314105.078,80.94400024414062,,,>99,Americas,USA,High income
United States of America,2012,317115.355,81.11900329589844,,,>99,Americas,USA,High income
United States of America,2013,320110.759,81.29900360107422,,,>99,Americas,USA,High income
United States of America,2014,323115.377,81.48300170898438,,,>99,Americas,USA,High income
United States of America,2015,326126.497,81.6709976196289,,,>99,Americas,USA,High income
United States of America,2016,329179.427,81.86199951171875,,,>99,Americas,USA,High income
United States of America,2017,332204.66,82.05799865722656,,,>99,Americas,USA,High income
United States of America,2018,335056.497,82.2560043334961,,,>99,Americas,USA,High income
United States of America,2019,337790.067,82.45899963378906,,,>99,Americas,USA,High income
United States of America,2020,339436.159,82.66400146484375,,,>99,Americas,USA,High income
United States of America,2021,340161.441,82.87300109863281,,,>99,Americas,USA,High income
United States of America,2022,341534.046,83.08399963378906,,,>99,Americas,USA,High income
United States of America,2023,343477.335,83.2979965209961,,,>99,Americas,USA,High income
United States of America,2024,345426.571,83.51499938964844,,,>99,Americas,USA,High income
Uzbekistan,2018,32373.49,50.47800064086914,81.62800853572399,18.28739547729492,-,Europe,UZB,Lower middle income
Uzbekistan,2019,32964.701,50.43299865722656,81.62222447151977,18.29325485229492,-,Europe,UZB,Lower middle income
Uzbekistan,2020,33586.372,50.41600036621094,81.6200334315822,18.29547500610352,-,Europe,UZB,Lower middle income
Uzbekistan,2021,34243.696,50.427001953125,81.6214486701763,18.29404067993164,-,Europe,UZB,Lower middle income
Uzbekistan,2022,34938.955,50.46599960327149,81.62646515645852,18.288959503173828,-,Europe,UZB,Lower middle income
Uzbekistan,2023,35652.307,50.53200149536133,81.63495091244572,18.280363082885746,-,Europe,UZB,Lower middle income
Uzbekistan,2024,36361.859,50.6259994506836,81.6470390969804,18.26811790466309,-,Europe,UZB,Lower middle income
Vanuatu,2000,186.281,21.67300033569336,,,-,Western Pacific,VUT,Lower middle income
Vanuatu,2001,191.031,21.953001022338867,,,-,Western Pacific,VUT,Lower middle income
Vanuatu,2002,195.863,22.23500061035156,,,-,Western Pacific,VUT,Lower middle income
Vanuatu,2003,200.746,22.520999908447266,,,-,Western Pacific,VUT,Lower middle income
Vanuatu,2004,205.711,22.80900001525879,,,-,Western Pacific,VUT,Lower middle income
Vanuatu,2005,210.76,23.0989990234375,,,-,Western Pacific,VUT,Lower middle income
Vanuatu,2006,215.923,23.392000198364254,,,-,Western Pacific,VUT,Lower middle income
Vanuatu,2007,221.276,23.687000274658203,41.14326625041404,26.038070678710938,-,Western Pacific,VUT,Lower middle income
Vanuatu,2008,226.896,23.98500061035156,41.2280280991281,26.004566192626957,-,Western Pacific,VUT,Lower middle income
Vanuatu,2009,232.731,24.286001205444336,41.31364433892468,25.97072410583496,-,Western Pacific,VUT,Lower middle income
Vanuatu,2010,238.248,24.46199989318848,41.36370439097306,25.9509391784668,-,Western Pacific,VUT,Lower middle income
Vanuatu,2011,243.474,24.56100082397461,41.39186346183722,25.939807891845703,-,Western Pacific,VUT,Lower middle income
Vanuatu,2012,248.883,24.660999298095703,41.93079154893834,25.92680931091309,-,Western Pacific,VUT,Lower middle income
Vanuatu,2013,254.482,24.76099967956543,42.46897997543875,25.91329002380371,-,Western Pacific,VUT,Lower middle income
Vanuatu,2014,260.24,24.86100006103516,43.00643152933675,25.899246215820312,-,Western Pacific,VUT,Lower middle income
Vanuatu,2015,266.101,24.961000442504883,43.54314684829402,25.884679794311523,-,Western Pacific,VUT,Lower middle income
Vanuatu,2016,272.087,25.062000274658203,44.07938949003645,25.869464874267575,-,Western Pacific,VUT,Lower middle income
Vanuatu,2017,278.507,25.163000106811523,44.61488698099362,25.853723526000977,-,Western Pacific,VUT,Lower middle income
Vanuatu,2018,285.259,25.27400016784668,45.15222542637691,25.836145401000977,-,Western Pacific,VUT,Lower middle income
Vanuatu,2019,291.985,25.393999099731445,45.69103947003666,25.816789627075195,-,Western Pacific,VUT,Lower middle income
Vanuatu,2020,298.858,25.525001525878903,46.231733449971,25.795307159423828,-,Western Pacific,VUT,Lower middle income
Vanuatu,2021,305.868,25.665000915527344,46.77368744423548,25.771896362304688,-,Western Pacific,VUT,Lower middle income
Vanuatu,2022,313.046,25.81599998474121,47.31729269423729,25.746198654174805,-,Western Pacific,VUT,Lower middle income
Vanuatu,2023,320.409,25.97599983215332,47.86194619950496,25.718416213989254,-,Western Pacific,VUT,Lower middle income
Vanuatu,2024,327.777,26.14699935913086,48.4080200366429,25.688188552856445,-,Western Pacific,VUT,Lower middle income
Viet Nam,2005,81088.313,27.28100204467773,84.31646940211894,1.5416690111160278,-,Western Pacific,VNM,Lower middle income
Viet Nam,2006,82167.897,27.88800048828125,84.37885457532923,1.5371679067611694,-,Western Pacific,VNM,Lower middle income
Viet Nam,2007,83633.375,28.503999710083008,84.44216741816511,1.5325970649719238,-,Western Pacific,VNM,Lower middle income
Viet Nam,2008,85175.788,29.12800025939941,84.50629907772665,1.5279709100723269,-,Western Pacific,VNM,Lower middle income
Viet Nam,2009,86460.018,29.761999130249023,84.5714597401586,1.5232689380645752,-,Western Pacific,VNM,Lower middle income
Viet Nam,2010,87455.152,30.417001724243164,84.8843758391916,1.5445425510406494,-,Western Pacific,VNM,Lower middle income
Viet Nam,2011,88468.314,31.079998016357425,85.19838552251139,1.5650171041488647,-,Western Pacific,VNM,Lower middle income
Viet Nam,2012,89510.356,31.751998901367188,85.51359540957762,1.5846728086471558,-,Western Pacific,VNM,Lower middle income
Viet Nam,2013,90573.104,32.42900085449219,85.82960017751168,1.6035287380218506,-,Western Pacific,VNM,Lower middle income
Viet Nam,2014,91679.578,33.11499786376953,86.1468118263042,1.6215428113937378,-,Western Pacific,VNM,Lower middle income
Viet Nam,2015,92823.254,33.80900192260742,86.46513658894862,1.6387057304382324,-,Western Pacific,VNM,Lower middle income
Viet Nam,2016,94000.117,34.5099983215332,86.7844759948413,1.6550140380859375,-,Western Pacific,VNM,Lower middle income
Viet Nam,2017,95176.977,35.2130012512207,87.10430593236923,1.670523166656494,-,Western Pacific,VNM,Lower middle income
Viet Nam,2018,96237.319,35.91899871826172,87.42473674423313,1.6852117776870728,-,Western Pacific,VNM,Lower middle income
Viet Nam,2019,97173.776,36.62799835205078,87.74577204016859,1.699073076248169,-,Western Pacific,VNM,Lower middle income
Viet Nam,2020,98079.191,37.34000015258789,88.06741429674943,1.7121013402938845,-,Western Pacific,VNM,Lower middle income
Viet Nam,2021,98935.098,38.05199813842773,88.38934340233368,1.724340558052063,-,Western Pacific,VNM,Lower middle income
Viet Nam,2022,99680.655,38.76599884033203,88.71177626952064,1.735755205154419,-,Western Pacific,VNM,Lower middle income
Viet Nam,2023,100352.192,39.47999954223633,89.03449729677031,1.7463783025741575,-,Western Pacific,VNM,Lower middle income
Viet Nam,2024,100987.686,40.19499969482422,89.11002235433625,1.7355051040649414,-,Western Pacific,VNM,Lower middle income
Wallis and Futuna Islands,2002,15.024,0.0,,,-,Western Pacific,WLF,
Wallis and Futuna Islands,2003,15.053,0.0,,,-,Western Pacific,WLF,
Wallis and Futuna Islands,2004,14.891,0.0,,,-,Western Pacific,WLF,
Wallis and Futuna Islands,2005,14.61,0.0,,,-,Western Pacific,WLF,
Wallis and Futuna Islands,2006,14.313,0.0,,,-,Western Pacific,WLF,
Wallis and Futuna Islands,2007,13.999,0.0,,,-,Western Pacific,WLF,
Wallis and Futuna Islands,2008,13.684,0.0,,,-,Western Pacific,WLF,
Wallis and Futuna Islands,2009,13.409,0.0,,,-,Western Pacific,WLF,
Wallis and Futuna Islands,2010,13.164,0.0,,,-,Western Pacific,WLF,
Wallis and Futuna Islands,2011,12.919,0.0,,,-,Western Pacific,WLF,
Wallis and Futuna Islands,2012,12.687,0.0,,,-,Western Pacific,WLF,
Wallis and Futuna Islands,2013,12.475,0.0,,,-,Western Pacific,WLF,
Wallis and Futuna Islands,2014,12.301,0.0,,,-,Western Pacific,WLF,
Wallis and Futuna Islands,2015,12.16,0.0,,,-,Western Pacific,WLF,
Wallis and Futuna Islands,2016,12.033,0.0,,,-,Western Pacific,WLF,
Wallis and Futuna Islands,2017,11.918,0.0,,,-,Western Pacific,WLF,
Wallis and Futuna Islands,2018,11.8,0.0,,,-,Western Pacific,WLF,
Wallis and Futuna Islands,2019,11.686,0.0,,,-,Western Pacific,WLF,
Wallis and Futuna Islands,2020,11.616,0.0,,,-,Western Pacific,WLF,
Wallis and Futuna Islands,2021,11.568,0.0,,,-,Western Pacific,WLF,
Wallis and Futuna Islands,2022,11.478,0.0,,,-,Western Pacific,WLF,
Wallis and Futuna Islands,2023,11.37,0.0,,,-,Western Pacific,WLF,
Wallis and Futuna Islands,2024,11.277,0.0,,,-,Western Pacific,WLF,
Yemen,2007,24318.082,30.05099868774414,43.89270366428742,28.800655364990234,-,Eastern Mediterranean,YEM,Low income
Yemen,2008,25111.941,30.619001388549805,44.10061256997258,28.644296646118164,-,Eastern Mediterranean,YEM,Low income
Yemen,2009,25927.724,31.194002151489254,44.31108381782412,28.48600959777832,-,Eastern Mediterranean,YEM,Low income
Yemen,2010,26754.387,31.775999069213867,44.52411603012489,28.32579803466797,-,Eastern Mediterranean,YEM,Low income
Yemen,2011,27582.897,32.36399841308594,44.73934544804966,28.1639347076416,-,Eastern Mediterranean,YEM,Low income
Yemen,2012,28433.647,32.95800018310547,46.27011308738383,26.39288711547852,-,Eastern Mediterranean,YEM,Low income
Yemen,2013,29312.952,33.55900192260742,47.78578581483415,24.64044189453125,-,Eastern Mediterranean,YEM,Low income
Yemen,2014,30226.309,34.165000915527344,49.28541681618151,22.907400131225582,-,Eastern Mediterranean,YEM,Low income
Yemen,2015,31159.379,34.777000427246094,50.76909541195668,21.19380569458008,-,Eastern Mediterranean,YEM,Low income
Yemen,2016,32109.01,35.39400100708008,52.23625557129861,19.50016975402832,-,Eastern Mediterranean,YEM,Low income
Yemen,2017,33090.921,36.01599884033203,53.68668745162812,17.826732635498047,-,Eastern Mediterranean,YEM,Low income
Yemen,2018,34085.182,36.641998291015625,55.11990039487254,16.17391586303711,-,Eastern Mediterranean,YEM,Low income
Yemen,2019,35111.408,37.27299880981445,56.53597001824789,14.541783332824709,-,Eastern Mediterranean,YEM,Low income
Yemen,2020,36134.863,37.90800094604492,57.93444164769807,12.930713653564451,-,Eastern Mediterranean,YEM,Low income
Yemen,2021,37140.23,38.545997619628906,59.31491840200287,11.341014862060549,-,Eastern Mediterranean,YEM,Low income
Yemen,2022,38222.876,39.1879997253418,60.67747528018658,9.77275276184082,-,Eastern Mediterranean,YEM,Low income
Yemen,2023,39390.799,39.83100128173828,62.02136020387876,8.226351737976074,-,Eastern Mediterranean,YEM,Low income
Yemen,2024,40583.164,40.47699737548828,63.34688926891921,6.701740741729736,-,Eastern Mediterranean,YEM,Low income
Zambia,2008,13021.324,38.37099838256836,16.71389877946147,53.01805114746094,-,Africa,ZMB,Lower middle income
Zambia,2009,13490.389,38.86100006103516,16.80942671206073,52.87204360961914,-,Africa,ZMB,Lower middle income
Zambia,2010,13965.594,39.35499954223633,16.90573510467374,52.72484588623047,-,Africa,ZMB,Lower middle income
Zambia,2011,14437.796,39.85100173950195,17.00243277345872,52.57704925537109,-,Africa,ZMB,Lower middle income
Zambia,2012,14913.629,40.354000091552734,17.1004945751899,52.42716979980469,-,Africa,ZMB,Lower middle income
Zambia,2013,15398.997,40.8650016784668,17.20011654410621,52.94816589355469,-,Africa,ZMB,Lower middle income
Zambia,2014,15895.315,41.38199996948242,17.30090828805004,53.47506713867188,-,Africa,ZMB,Lower middle income
Zambia,2015,16399.089,41.90700149536133,17.40325945325836,54.0074577331543,-,Africa,ZMB,Lower middle income
Zambia,2016,16914.423,42.4379997253418,17.50678103413546,54.54605102539063,-,Africa,ZMB,Lower middle income
Zambia,2017,17441.32,42.97600173950195,17.61166684970372,55.09072494506836,-,Africa,ZMB,Lower middle income
Zambia,2018,17973.569,43.52099990844727,17.71791649867829,55.64162826538086,-,Africa,ZMB,Lower middle income
Zambia,2019,18513.839,44.071998596191406,17.82533656984837,56.19916915893555,-,Africa,ZMB,Lower middle income
Zambia,2020,19059.395,44.628997802734375,17.93392711642834,56.76347351074219,-,Africa,ZMB,Lower middle income
Zambia,2021,19603.607,45.19200134277344,18.04368565415104,57.33468627929688,-,Africa,ZMB,Lower middle income
Zambia,2022,20152.938,45.76100158691406,18.15461635195139,57.912933349609375,-,Africa,ZMB,Lower middle income
Zambia,2023,20723.965,46.334999084472656,18.26651964201546,58.49856948852539,-,Africa,ZMB,Lower middle income
Zambia,2024,21314.956,46.91399765014648,18.37939836949424,58.37343215942383,-,Africa,ZMB,Lower middle income
Zimbabwe,2000,11892.055,33.757999420166016,,,-,Africa,ZWE,Lower middle income
Zimbabwe,2001,11971.901,34.16999816894531,,,-,Africa,ZWE,Lower middle income
Zimbabwe,2002,12087.653,34.584999084472656,,,-,Africa,ZWE,Lower middle income
Zimbabwe,2003,12232.323,34.479000091552734,,,-,Africa,ZWE,Lower middle income
Zimbabwe,2004,12365.896,34.29399871826172,,,-,Africa,ZWE,Lower middle income
Zimbabwe,2005,12483.432,34.11000061035156,,,-,Africa,ZWE,Lower middle income
Zimbabwe,2006,12636.445,33.926002502441406,,,-,Africa,ZWE,Lower middle income
Zimbabwe,2007,12804.058,33.74300003051758,,,-,Africa,ZWE,Lower middle income
