country,year,population_thousands,%_urban,at_least_basic,safely_managed,wastewater_treated,septic_tanks,sewer_connections,who_regions,iso3,income_groupings
Afghanistan,2000,20130.327,22.077999114990234,22.29827328465496,10.13209195465264,<1,5.552077190425254,2.245347401678117,Eastern Mediterranean,AFG,Low income
Afghanistan,2001,20284.307,22.16900062561035,22.30952453099626,10.1314904990878,<1,5.572430717945202,2.252812224525284,Eastern Mediterranean,AFG,Low income
Afghanistan,2002,21378.117,22.26099967956543,23.73470944491725,10.85396714674696,<1,5.593007411773651,2.283756244276413,Eastern Mediterranean,AFG,Low income
Afghanistan,2003,22733.049,22.352998733520508,25.16011650554698,11.57633456800602,<1,5.613584758473102,2.314531346829569,Eastern Mediterranean,AFG,Low income
Afghanistan,2004,23560.654,22.5,26.592743290922,12.29813097108255,<1,5.646462958359039,2.349497039938116,Eastern Mediterranean,AFG,Low income
Afghanistan,2005,24404.567,22.702999114990234,28.03291737292318,13.01924921495464,<1,5.691866719552492,2.388580354453672,Eastern Mediterranean,AFG,Low income
Afghanistan,2006,25424.094,22.90699958801269,29.47371135371707,13.74011750390868,<1,5.737493792957379,2.427367751893004,Eastern Mediterranean,AFG,Low income
Afghanistan,2007,25909.852,23.113000869750977,30.87531749008476,14.42998728533452,<1,5.783568920660992,2.465933352228654,Eastern Mediterranean,AFG,Low income
Afghanistan,2008,26482.622,23.31999969482422,32.27372020674881,15.11708388032144,<1,5.829866973371418,2.504195507370653,Eastern Mediterranean,AFG,Low income
Afghanistan,2009,27466.101,23.527999877929688,33.66910808923027,15.80149384057111,<1,5.876389109812583,2.542151887254626,Eastern Mediterranean,AFG,Low income
Afghanistan,2010,28284.089,23.73699951171875,35.06166687632158,16.42052952741425,<1,6.225351614289501,2.579799326451858,Eastern Mediterranean,AFG,Low income
Afghanistan,2011,29347.708,23.947999954223636,36.4517450288191,17.03628019769895,<1,6.57713902727427,2.617208533851302,Eastern Mediterranean,AFG,Low income
Afghanistan,2012,30560.034,24.15999984741211,37.83938551483214,17.64882282653147,<1,6.93154272212296,2.654301419153469,Eastern Mediterranean,AFG,Low income
Afghanistan,2013,31622.704,24.37299919128418,39.22478375323887,18.2582306633078,1.017611782063816,7.2885804734634,2.691075529279709,Eastern Mediterranean,AFG,Low income
Afghanistan,2014,32792.523,24.58699989318848,40.60813625530921,18.86457763340183,1.035068566902495,7.64826928677702,2.727528155677643,Eastern Mediterranean,AFG,Low income
Afghanistan,2015,33831.764,24.803001403808597,41.9898186307368,19.46793018090125,1.052324745064936,8.010884037742699,2.763725799515571,Eastern Mediterranean,AFG,Low income
Afghanistan,2016,34700.612,25.020000457763672,43.36986419373071,20.06837175648362,1.069354606115476,8.376193420282965,2.799594208504005,Eastern Mediterranean,AFG,Low income
Afghanistan,2017,35688.935,25.25,44.7508111861658,20.66591388416449,1.086446672606623,8.747441073364138,2.835939001806462,Eastern Mediterranean,AFG,Low income
Afghanistan,2018,36743.039,25.49499893188477,46.13354350810789,21.26065226791977,1.103640944219587,9.125394312368588,2.87285692624627,Eastern Mediterranean,AFG,Low income
Afghanistan,2019,37856.121,25.75399780273437,47.51839020578435,21.85270434191848,1.120904767920368,9.510026314823259,2.910240988407519,Eastern Mediterranean,AFG,Low income
Afghanistan,2020,39068.979,26.025999069213867,48.90568131202471,22.44219827078142,1.138206406113921,9.901288703778798,2.947988233517944,Eastern Mediterranean,AFG,Low income
Afghanistan,2021,40000.412,26.31399917602539,50.29664032597314,23.02925935643939,1.155608014535517,10.30027485460363,2.986253732574486,Eastern Mediterranean,AFG,Low income
Afghanistan,2022,40578.842,26.61600112915039,51.69143977041689,23.61403871239637,1.173053867589269,10.70666139776133,3.024867931498382,Eastern Mediterranean,AFG,Low income
Afghanistan,2023,41454.761,26.93299865722656,53.0909369400519,24.19668911273232,1.1905584153647,11.12098626596233,3.063853759058793,Eastern Mediterranean,AFG,Low income
Afghanistan,2024,42647.492,27.26499938964844,54.49579936460862,24.77737741537217,1.208112783877162,11.5435039617081,3.103170078471669,Eastern Mediterranean,AFG,Low income
Albania,2000,3166.148,41.740997314453125,89.4886699063414,22.87998737302019,14.63587090130933,15.37239878557626,70.61808818086203,Europe,ALB,Upper middle income
Albania,2001,3147.943,42.43499755859375,90.03095576329194,23.47597433388576,14.504201900177,15.45221979894077,69.98321212896687,Europe,ALB,Upper middle income
Albania,2002,3134.092,43.5009994506836,90.60551524268678,24.03673659919418,14.41252781730215,15.44947069473213,69.54143860033275,Europe,ALB,Upper middle income
Albania,2003,3118.088,44.573001861572266,91.16545286696643,24.57677109117848,14.32456139782836,15.4582533953702,69.1175458068579,Europe,ALB,Upper middle income
Albania,2004,3098.657,45.6510009765625,91.71065208982596,25.09591031856658,14.24033018132083,15.4786808246612,68.71166653342081,Europe,ALB,Upper middle income
Albania,2005,3076.159,46.73100280761719,92.32297892735002,25.87143400047012,14.17249931100485,14.7098163034248,68.321867143032,Europe,ALB,Upper middle income
Albania,2006,3050.809,47.81500244140625,92.92140903635284,26.65914384194457,14.10816134050107,13.85309948237458,67.94922927022577,Europe,ALB,Upper middle income
Albania,2007,3022.887,48.902000427246094,93.5057448871061,27.42442167901206,14.04723148496842,13.01790908511322,67.5933083308062,Europe,ALB,Upper middle income
Albania,2008,2992.93,49.99100112915039,94.07581584377104,28.1672349725576,13.98961948324992,12.20452481372876,67.25363556659879,Europe,ALB,Upper middle income
Albania,2009,2961.479,51.07600021362305,94.63115627327154,28.8882629544635,13.93466338931169,11.41408326022265,66.92699972972683,Europe,ALB,Upper middle income
Albania,2010,2928.722,52.16299819946289,95.17216111089228,29.58671586058123,13.88303683032751,10.64545042298987,66.61660881064245,Europe,ALB,Upper middle income
Albania,2011,2911.504,53.24699783325195,95.69849062301242,30.26324332655992,13.83417540656101,9.899477678121928,66.31972588886583,Europe,ALB,Upper middle income
Albania,2012,2910.004,54.32999801635742,96.21027200680898,30.91755960383539,13.7883075917168,9.175778992892866,66.03742010684795,Europe,ALB,Upper middle income
Albania,2013,2907.573,55.387001037597656,96.70656078739582,34.3284106450858,15.88298916945095,8.477777961118896,65.7554182868536,Europe,ALB,Upper middle income
Albania,2014,2903.749,56.42300415039063,97.18801710204538,37.74912236645392,17.95883446486999,7.804039418230063,65.47605923237957,Europe,ALB,Upper middle income
Albania,2015,2898.632,57.43399810791016,97.65496804417344,41.17939196508129,20.01527388618463,7.154393373514434,65.1965722487869,Europe,ALB,Upper middle income
Albania,2016,2897.867,58.420997619628906,98.10790147588322,44.61811375524834,22.05233542600747,6.527963943804497,64.9170174079091,Europe,ALB,Upper middle income
Albania,2017,2898.242,59.382999420166016,98.54729642968094,48.06461131560279,24.0696240864593,5.924115182679038,64.63630376417392,Europe,ALB,Upper middle income
Albania,2018,2894.231,60.31900024414063,98.97364661587238,51.51828220116052,26.06658438825461,5.342169268211855,64.35330071589375,Europe,ALB,Upper middle income
Albania,2019,2885.01,61.22900390625,99.0,54.81327267158992,28.04276630609617,4.781329191049489,64.06745885800859,Europe,ALB,Upper middle income
Albania,2020,2871.954,62.11199951171875,99.0,58.03696908704366,29.99735655874066,4.240867231632638,63.77761238952495,Europe,ALB,Upper middle income
Albania,2021,2849.635,62.968997955322266,99.0,60.98849861383036,31.89984011562377,4.183600775171683,63.48383102458629,Europe,ALB,Upper middle income
Albania,2022,2827.608,63.79899978637695,99.0,63.93184749193246,33.77571549442249,4.128138229674884,63.18493338345269,Europe,ALB,Upper middle income
Albania,2023,2811.655,64.6030044555664,99.0,66.60009996035484,36.08450532383598,4.074413233025577,63.69359854944737,Europe,ALB,Upper middle income
Albania,2024,2791.765,65.3800048828125,99.0,69.27833753465916,38.41049213132965,4.022492468236505,64.18518315211672,Europe,ALB,Upper middle income
Algeria,2000,30903.893,59.91899871826172,84.480825904855,58.85287095264881,46.87231172274237,17.4045257516304,69.18462362990033,Africa,DZA,Upper middle income
Algeria,2001,31331.221,60.71199798583984,84.75992580518214,59.19370462787092,47.59830004574925,16.75792377551728,70.24497509403162,Africa,DZA,Upper middle income
Algeria,2002,31750.835,61.50100326538086,85.03280397497126,59.52863523137792,48.31816382105922,16.11610531134255,71.29563305448343,Africa,DZA,Upper middle income
Algeria,2003,32175.818,62.28400039672852,85.29916618886178,59.85737641465619,49.03132950139729,15.47947522302696,72.33581911867671,Africa,DZA,Upper middle income
Algeria,2004,32628.286,63.060997009277344,85.55906985256348,60.17998435803175,49.73785191919113,14.8479852884395,73.36562268100718,Africa,DZA,Upper middle income
Algeria,2005,33109.249,63.83000183105469,85.81225705695184,60.49620737344487,50.43719209588541,14.22201251565994,74.38432085498502,Africa,DZA,Upper middle income
Algeria,2006,33623.506,64.59300231933594,86.05913365314771,60.80643506344606,51.1300169839337,13.60108313347969,75.39284502906112,Africa,DZA,Upper middle income
Algeria,2007,34189.416,65.3479995727539,86.29943722543183,61.11041601341855,51.8157894532002,12.98556079754099,76.39047696677075,Africa,DZA,Upper middle income
Algeria,2008,34816.961,66.09700012207031,86.53356341200343,61.40852909945764,52.49516554116293,12.3749830987285,77.37813010654881,Africa,DZA,Upper middle income
Algeria,2009,35490.445,66.82599639892578,86.75948332998593,61.69881211145415,53.16419176524828,11.77210490787139,78.35045161213326,Africa,DZA,Upper middle income
Algeria,2010,36188.236,67.54000091552734,86.9781345697396,61.98216774031689,53.82446879467738,11.17579074468895,79.30966180902615,Africa,DZA,Upper middle income
Algeria,2011,36903.376,68.23600006103516,87.18923756039544,62.25832433280795,54.47528793569041,10.5865149052737,80.25484135391432,Africa,DZA,Upper middle income
Algeria,2012,37646.166,68.91500091552734,87.09353875950526,62.31126691515168,54.91743419148884,10.00395183310252,81.1866460782584,Africa,DZA,Upper middle income
Algeria,2013,38414.171,69.57600402832031,86.98687854301745,62.35397499994156,55.34500681197663,9.428164284471936,82.10496756968483,Africa,DZA,Upper middle income
Algeria,2014,39205.031,70.22100067138672,86.86984736458118,62.38698227630395,55.75878944051113,8.858645137264807,83.01079443986669,Africa,DZA,Upper middle income
Algeria,2015,40019.529,70.8479995727539,86.74252065165312,62.41031814986601,56.15849471767221,8.295645239879002,83.90365080713059,Africa,DZA,Upper middle income
Algeria,2016,40850.721,71.45899963378906,86.60548403661059,62.42451020249138,56.54490438405629,7.738666219560636,84.7845298866155,Africa,DZA,Upper middle income
Algeria,2017,41689.299,72.052001953125,86.45882363268106,62.42959903491391,56.91774492398548,7.187949601744246,85.6529629301349,Africa,DZA,Upper middle income
Algeria,2018,42505.035,72.62899780273438,86.30309077828393,62.42608409961805,57.27777233368531,6.643007919554504,86.50991312549662,Africa,DZA,Upper middle income
Algeria,2019,43294.546,73.18900299072266,86.13850372324714,62.4141337621656,57.62498804578404,6.103895775720311,87.35529036113857,Africa,DZA,Upper middle income
Algeria,2020,44042.091,73.73300170898438,85.96547312450393,62.39411281766654,57.95987383949289,5.570315773763262,88.18967997669155,Africa,DZA,Upper middle income
Algeria,2021,44761.099,74.26100158691406,85.78430294856062,62.36627944596044,58.28266431332097,5.04214999933524,89.01331989607624,Africa,DZA,Upper middle income
Algeria,2022,45477.389,74.77200317382812,85.82628584067409,62.41009702016294,58.39930341679418,4.955068867885294,89.18136732693,Africa,DZA,Upper middle income
Algeria,2023,46164.219,75.26799774169922,85.86704339705821,62.45263338792856,58.51252283393513,4.870544977954975,89.34448828631822,Africa,DZA,Upper middle income
Algeria,2024,46814.308,75.74800109863281,85.90648613254632,62.49379767171064,58.62209064151998,4.788746979457288,89.50234816413804,Africa,DZA,Upper middle income
American Samoa,2000,56.855,88.58699798583984,62.29351637662459,42.87264390438829,19.09207257574075,45.20785510009532,35.44743565300291,Western Pacific,ASM,High income
American Samoa,2001,57.053,88.49099731445312,62.28561554053288,42.83874566973205,19.63124379213028,45.14049551529175,36.44849182032567,Western Pacific,ASM,High income
American Samoa,2002,57.062,88.39399719238281,62.27771470444118,42.80484743507582,20.17041500851968,45.07313593048818,37.4495479876482,Western Pacific,ASM,High income
American Samoa,2003,56.971,88.2969970703125,62.26981386834947,42.77094920041959,20.70958622490921,45.00577634568461,38.45060415497096,Western Pacific,ASM,High income
American Samoa,2004,56.818,88.197998046875,62.26191303225776,42.73705096576336,21.24875744129861,44.93841676088104,39.45166032229349,Western Pacific,ASM,High income
American Samoa,2005,56.617,88.0999984741211,62.25401219616604,42.70315273110712,21.78792865768813,44.87105717607747,40.45271648961625,Western Pacific,ASM,High income
American Samoa,2006,56.374,88.0,62.24611136007434,42.66925449645089,22.32709987407766,44.8036975912739,41.45377265693901,Western Pacific,ASM,High income
American Samoa,2007,56.113,87.9000015258789,62.23821052398263,42.63535626179466,22.86627109046706,44.73633800647033,42.45482882426154,Western Pacific,ASM,High income
American Samoa,2008,55.828,87.79900360107422,62.23030968789092,42.60145802713842,23.40544230685659,44.66897842166676,43.4558849915843,Western Pacific,ASM,High income
American Samoa,2009,55.528,87.6969985961914,62.22240885179921,42.56755979248219,23.94461352324598,44.6016188368632,44.45694115890683,Western Pacific,ASM,High income
American Samoa,2010,55.228,87.59400177001953,62.21450801570749,42.53366155782596,24.48378473963551,44.53425925205963,45.45799732622959,Western Pacific,ASM,High income
American Samoa,2011,54.895,87.50199890136719,62.20660717961579,42.49976332316972,25.02295595602504,44.46689966725606,46.45905349355235,Western Pacific,ASM,High income
American Samoa,2012,54.489,87.41999816894531,62.19870634352408,42.46586508851349,25.56212717241444,44.39954008245249,47.46010966087488,Western Pacific,ASM,High income
American Samoa,2013,54.006,87.3479995727539,62.19080550743237,42.43196685385725,26.10129838880396,44.33218049764892,48.46116582819764,Western Pacific,ASM,High income
American Samoa,2014,53.466,87.28799438476562,62.18290467134066,42.39806861920103,26.64046960519336,44.26482091284535,49.46222199552017,Western Pacific,ASM,High income
American Samoa,2015,52.878,87.23799896240234,62.17500383524894,42.36417038454479,27.17964082158289,44.19746132804175,50.46327816284293,Western Pacific,ASM,High income
American Samoa,2016,52.245,87.197998046875,62.16710299915724,42.33027214988856,27.71881203797241,44.13010174323819,51.46433433016568,Western Pacific,ASM,High income
American Samoa,2017,51.586,87.16999816894531,62.15920216306553,42.29637391523233,28.25798325436182,44.06274215843462,52.46539049748822,Western Pacific,ASM,High income
American Samoa,2018,50.908,87.15299987792969,62.15130132697382,42.2624756805761,28.79715447075134,43.99538257363105,53.46644666481097,Western Pacific,ASM,High income
American Samoa,2019,50.209,87.1469955444336,62.14340049088211,42.22857744591987,29.33632568714074,43.92802298882748,54.4675028321335,Western Pacific,ASM,High income
American Samoa,2020,49.761,87.15299987792969,62.1354996547904,42.44780771159697,29.87549690353027,42.99501009702067,55.46855899945626,Western Pacific,ASM,High income
American Samoa,2021,49.225,87.16899871826172,62.12759881869869,42.69059578477349,30.41466811991979,41.98143379990482,56.46961516677902,Western Pacific,ASM,High income
American Samoa,2022,48.342,87.19599914550781,62.11969798260698,42.93338385794996,30.95383933630919,40.9678575027892,57.47067133410155,Western Pacific,ASM,High income
American Samoa,2023,47.521,87.23500061035156,62.11969798260698,42.93338385794996,30.95383933630919,40.9678575027892,57.47067133410155,Western Pacific,ASM,High income
American Samoa,2024,46.765,87.28399658203125,62.11969798260698,42.93338385794996,30.95383933630919,40.9678575027892,57.47067133410155,Western Pacific,ASM,High income
Andorra,2000,65.685,92.39500427246094,99.0,21.28017951671525,21.28017951671525,-,>99,Europe,AND,High income
Andorra,2001,65.852,92.05599975585938,99.0,26.18708012388191,26.18708012388191,-,>99,Europe,AND,High income
Andorra,2002,66.506,91.64100646972656,99.0,31.09398144124832,31.09398144124832,-,>99,Europe,AND,High income
Andorra,2003,69.486,91.20700073242188,99.0,36.00088207736012,36.00088207736012,-,>99,Europe,AND,High income
Andorra,2004,74.325,90.7509994506836,99.0,40.9077804565776,40.9077804565776,-,>99,Europe,AND,High income
Andorra,2005,77.421,90.28499603271484,99.0,45.81468525832165,45.81468525832165,-,>99,Europe,AND,High income
Andorra,2006,79.585,89.80699920654297,99.0,50.72158423078697,50.72158423078697,-,>99,Europe,AND,High income
Andorra,2007,81.877,89.30799865722656,99.0,55.62848474812353,55.62848474812353,-,>99,Europe,AND,High income
Andorra,2008,83.495,89.00399780273438,99.0,60.53538540712513,60.53538540712513,-,>99,Europe,AND,High income
Andorra,2009,83.888,88.91199493408203,99.0,65.51433009834336,65.51433009834336,-,>99,Europe,AND,High income
Andorra,2010,80.706,88.81900024414062,99.0,70.5040819092786,70.5040819092786,-,>99,Europe,AND,High income
Andorra,2011,77.783,88.72600555419922,99.0,75.50464065534574,75.50464065534574,-,>99,Europe,AND,High income
Andorra,2012,76.834,88.63099670410156,99.0,80.51599713528611,80.51599713528611,-,>99,Europe,AND,High income
Andorra,2013,75.194,88.53700256347656,99.0,85.53816594270782,85.53816594270782,-,>99,Europe,AND,High income
Andorra,2014,73.737,88.44100189208984,99.0,90.57113457297912,90.57113457297912,-,>99,Europe,AND,High income
Andorra,2015,72.174,88.3449935913086,99.0,95.61490372912355,95.61490372912357,-,>99,Europe,AND,High income
Andorra,2016,72.181,88.24800109863281,99.0,99.0,>99,-,>99,Europe,AND,High income
Andorra,2017,73.763,88.1500015258789,99.0,99.0,>99,-,>99,Europe,AND,High income
Andorra,2018,75.162,88.06199645996094,99.0,99.0,>99,-,>99,Europe,AND,High income
Andorra,2019,76.474,87.98400115966797,99.0,99.0,>99,-,>99,Europe,AND,High income
Andorra,2020,77.38,87.91600036621094,99.0,99.0,>99,-,>99,Europe,AND,High income
Andorra,2021,78.364,87.85799407958984,99.0,99.0,>99,-,>99,Europe,AND,High income
Andorra,2022,79.705,87.81099700927734,99.0,99.0,>99,-,>99,Europe,AND,High income
Andorra,2023,80.856,87.77400207519531,99.0,99.0,>99,-,>99,Europe,AND,High income
Andorra,2024,81.938,87.74700164794922,99.0,99.0,>99,-,>99,Europe,AND,High income
Angola,2000,16194.869,50.08699798583984,33.80040766259156,,-,<1,19.75404516506393,Africa,AGO,Lower middle income
Angola,2001,16747.208,51.27400207519531,34.25585460363057,,-,<1,20.13730041295096,Africa,AGO,Lower middle income
Angola,2002,17327.699,52.46099853515625,34.71129959308673,,-,<1,20.52055384156593,Africa,AGO,Lower middle income
Angola,2003,17943.712,53.64500427246094,35.75668576747836,,-,1.390248791659064,19.93085657406317,Africa,AGO,Lower middle income
Angola,2004,18600.423,54.82699966430664,36.80266081123447,,-,4.358563717766363,19.30726149764644,Africa,AGO,Lower middle income
Angola,2005,19291.161,56.0,37.84653183571263,,-,8.270075615882408,18.64789408620525,Africa,AGO,Lower middle income
Angola,2006,20015.279,56.76399993896485,38.73388191519887,,-,12.32089212689833,17.84648499959785,Africa,AGO,Lower middle income
Angola,2007,20778.561,57.52400207519531,39.6205689404056,,-,16.42028559938318,17.02257671735295,Africa,AGO,Lower middle income
Angola,2008,21578.655,58.28200149536133,40.50735299314058,,-,20.56828839407508,16.17681126144675,Africa,AGO,Lower middle income
Angola,2009,22414.773,59.03400039672852,41.39268745635625,,-,24.76373638468892,15.3083795073299,Africa,AGO,Lower middle income
Angola,2010,23294.825,59.78300094604492,42.27771891531948,,-,29.00687150163405,14.41816171451966,Africa,AGO,Lower middle income
Angola,2011,24218.352,60.52799987792969,43.16206272209453,,-,33.29710147680445,13.50609201695331,Africa,AGO,Lower middle income
Angola,2012,25177.394,61.26800155639648,44.0453181222275,,-,37.63369637380744,12.57215579541074,Africa,AGO,Lower middle income
Angola,2013,26165.62,62.00199890136719,44.92708197392067,,-,42.01579549547733,11.61639353021912,Africa,AGO,Lower middle income
Angola,2014,27160.769,62.73099899291992,45.80773996496745,,-,46.44322762100484,10.63921499888037,Africa,AGO,Lower middle income
Angola,2015,28157.798,63.44599914550781,46.6837650963553,,-,50.91157793234255,9.639570992127183,Africa,AGO,Lower middle income
Angola,2016,29183.07,64.14900207519531,47.55590883361803,,-,55.42042188615554,8.618302423437543,Africa,AGO,Lower middle income
Angola,2017,30234.839,64.83899688720703,48.42376568489167,,-,59.96810500032294,7.575805157628534,Africa,AGO,Lower middle income
Angola,2018,31297.155,65.51399993896484,49.28652299341915,,-,62.80242432020465,6.512431097907537,Africa,AGO,Lower middle income
Angola,2019,32375.632,66.177001953125,49.54702372902017,,-,63.13961470908593,6.577303435981541,Africa,AGO,Lower middle income
Angola,2020,33451.132,66.82500457763672,49.80163765649174,,-,63.46918515152158,6.640709195343283,Africa,AGO,Lower middle income
Angola,2021,34532.429,67.45999908447266,50.05113537023843,,-,63.79213329400071,6.702841403198935,Africa,AGO,Lower middle income
Angola,2022,35635.029,68.08099365234375,50.29513591587991,,-,64.10796589116461,6.763604375617571,Africa,AGO,Lower middle income
Anguilla,2000,11.177,100.0,90.7364676923076,,-,91.76769230769223,1.2,Americas,AIA,
Anguilla,2001,11.472,100.0,91.1953672240802,,-,92.23787625418053,1.2,Americas,AIA,
Anguilla,2002,11.687,100.0,91.6542667558528,,-,92.70806020066884,1.2,Americas,AIA,
Anguilla,2003,11.874,100.0,92.11316628762538,,-,93.17824414715714,1.2,Americas,AIA,
Anguilla,2004,12.068,100.0,92.57206581939796,,-,93.64842809364545,1.2,Americas,AIA,
Anguilla,2005,12.267,100.0,93.03096535117056,,-,93.9,1.2,Americas,AIA,
Anguilla,2006,12.47,100.0,93.48986488294314,,-,93.9,1.2,Americas,AIA,
Anguilla,2007,12.676,100.0,93.9487644147156,,-,93.9,1.2,Americas,AIA,
Anguilla,2008,12.89,100.0,94.4076639464882,,-,93.9,1.2,Americas,AIA,
Anguilla,2009,13.114,100.0,94.86656347826076,,-,93.9,1.2,Americas,AIA,
Anguilla,2010,13.345,100.0,95.32546301003336,,-,93.9,1.2,Americas,AIA,
Anguilla,2011,13.569,100.0,95.78436254180596,,-,93.9,1.2,Americas,AIA,
Anguilla,2012,13.379,100.0,96.24326207357852,,-,93.9,1.2,Americas,AIA,
Anguilla,2013,13.252,100.0,96.70216160535112,,-,93.9,1.2,Americas,AIA,
Anguilla,2014,13.729,100.0,96.70216160535112,,-,93.9,1.2,Americas,AIA,
Anguilla,2015,14.21,100.0,96.70216160535112,,-,93.9,1.2,Americas,AIA,
Anguilla,2016,14.32,100.0,96.70216160535112,,-,93.9,1.2,Americas,AIA,
Anguilla,2017,14.425,100.0,96.70216160535112,,-,93.9,1.2,Americas,AIA,
Antigua and Barbuda,2000,74.912,32.12699890136719,84.76534100861488,,-,69.8820321842078,3.577060037961879,Americas,ATG,High income
Antigua and Barbuda,2001,76.069,31.7400016784668,85.53443123600316,,-,70.01706201359764,3.452681663943271,Americas,ATG,High income
Antigua and Barbuda,2002,77.032,31.097999572753903,86.31252485902802,,-,70.17049983059808,3.331690847987929,Americas,ATG,High income
Antigua and Barbuda,2003,77.884,30.463998794555664,87.08914685811077,,-,70.33267123404127,3.208509313696628,Americas,ATG,High income
Antigua and Barbuda,2004,78.719,29.83699989318848,87.86435543931607,,-,70.50346917749259,3.083190526465357,Americas,ATG,High income
Antigua and Barbuda,2005,79.611,29.218000411987305,88.63812740614587,,-,70.68266565241832,2.955754540819629,Americas,ATG,High income
Antigua and Barbuda,2006,80.604,28.606000900268555,89.410528383537,,-,70.87017532426651,2.826251894190893,Americas,ATG,High income
Antigua and Barbuda,2007,81.704,28.001998901367188,90.181534098799,,-,71.06575364582235,2.694705794942607,Americas,ATG,High income
Antigua and Barbuda,2008,82.912,27.404998779296875,90.95121121253742,,-,71.26933183039297,2.561163628122785,Americas,ATG,High income
Antigua and Barbuda,2009,84.173,26.81800079345703,91.71947500280687,,-,71.48045032738187,2.425637962780729,Americas,ATG,High income
Antigua and Barbuda,2010,85.32,26.238000869750977,92.48644786686008,,-,71.69922041837253,2.288193018745879,Americas,ATG,High income
Antigua and Barbuda,2011,86.332,25.703001022338867,93.2510130109521,,-,71.9211234458415,2.148720918249143,Americas,ATG,High income
Antigua and Barbuda,2012,87.26,25.525999069213867,94.00425374032542,,-,72.10700215208871,2.00677520270354,Americas,ATG,High income
Antigua and Barbuda,2013,88.064,25.35000228881836,94.75713524975323,,-,72.29528033141112,1.864261308883874,Americas,ATG,High income
Antigua and Barbuda,2014,88.765,25.174999237060547,95.5096665851238,,-,72.48594212180153,1.721184205633249,Americas,ATG,High income
Antigua and Barbuda,2015,89.409,25.0,96.26187604627526,,-,72.6791087032602,1.577546004696334,Americas,ATG,High income
Antigua and Barbuda,2016,89.969,24.84599876403809,97.01324111837069,,-,72.87162193881048,1.433436987239675,Americas,ATG,High income
Antigua and Barbuda,2017,90.468,24.713001251220703,97.76380785827034,,-,73.06302145269602,1.28895798155464,Americas,ATG,High income
Antigua and Barbuda,2018,90.926,24.5989990234375,98.51368761357716,,-,73.25319199261679,1.14419505860521,Americas,ATG,High income
Antigua and Barbuda,2019,91.364,24.506000518798828,99.0,,-,73.44137724625259,<1,Americas,ATG,High income
Antigua and Barbuda,2020,91.846,24.433000564575195,99.0,,-,73.62731164226258,<1,Americas,ATG,High income
Antigua and Barbuda,2021,92.349,24.3799991607666,99.0,,-,73.63681583704594,<1,Americas,ATG,High income
Antigua and Barbuda,2022,92.84,24.34600067138672,99.0,,-,73.64291529999208,<1,Americas,ATG,High income
Antigua and Barbuda,2023,93.316,24.332000732421875,99.0,,-,73.64542556213635,<1,Americas,ATG,High income
Antigua and Barbuda,2024,93.772,24.33799934387207,99.0,,-,73.64434615362373,<1,Americas,ATG,High income
Argentina,2000,37213.984,89.14199829101562,87.66692684181862,48.13136406675899,22.24149132538884,26.82892761510199,42.88571873321133,Americas,ARG,Upper middle income
Argentina,2001,37624.825,89.32899475097656,88.13593800679693,48.29967433645523,22.74601254629063,26.74060676277118,43.80869761587295,Americas,ARG,Upper middle income
Argentina,2002,38029.349,89.51000213623047,88.60339829424227,48.46835423885322,23.2513196809881,26.64734027057779,44.73109326374011,Americas,ARG,Upper middle income
Argentina,2003,38424.282,89.68599700927734,89.06956126721578,48.63743703777794,23.75760669616059,26.54935569662403,45.65327921023633,Americas,ARG,Upper middle income
Argentina,2004,38815.916,89.86000061035156,89.53506100987074,48.80705925024759,24.26559019056321,26.4467773839297,46.57662949560511,Americas,ARG,Upper middle income
Argentina,2005,39216.789,90.03099822998047,89.9997295570375,48.97717024235472,24.77499975013861,26.33972515099983,47.5006208174866,Americas,ARG,Upper middle income
Argentina,2006,39622.115,90.20000457763672,90.46378417396006,49.14781505526409,25.28607084137766,26.22826670883805,48.4257002665082,Americas,ARG,Upper middle income
Argentina,2007,40016.763,90.36599731445312,90.92703685177108,49.31892740693944,25.79851576071376,26.11254213409643,49.35131314296039,Americas,ARG,Upper middle income
Argentina,2008,40424.148,90.52999877929688,91.3897117135692,49.49056087988426,26.31258178677507,25.99259553654468,50.27792842290481,Americas,ARG,Upper middle income
Argentina,2009,40854.831,90.69100189208984,91.8516400553942,49.66265396679891,26.82797818976881,25.86859728175918,51.2049874124688,Americas,ARG,Upper middle income
Argentina,2010,41288.694,90.8489990234375,92.31283324775062,49.69948968449826,27.20879933193405,25.74066201218358,52.13242970426159,Americas,ARG,Upper middle income
Argentina,2011,41730.66,90.98999786376952,92.77074852211342,49.5377843481544,27.38858773647231,25.61052688481435,53.05272754760147,Americas,ARG,Upper middle income
Argentina,2012,42161.721,91.12100219726562,93.22680604566172,49.36384940511477,27.5553190162689,25.47796796985833,53.96935901345666,Americas,ARG,Upper middle income
Argentina,2013,42582.455,91.2490005493164,93.62313202500304,49.17492028105829,27.69819378810088,25.24758792141651,54.86061403814949,Americas,ARG,Upper middle income
Argentina,2014,43024.071,91.3769989013672,94.0211240402659,48.97467733788463,27.83129865463793,25.01660685748788,55.75417261130903,Americas,ARG,Upper middle income
Argentina,2015,43477.012,91.50299835205078,94.42040762849308,48.76294627086087,27.95399762360322,24.78529896382858,56.6489056564844,Americas,ARG,Upper middle income
Argentina,2016,43900.313,91.6269989013672,94.82095572045486,48.53965571918521,28.06620552803082,24.55367594072727,57.54475861415631,Americas,ARG,Upper middle income
Argentina,2017,44288.894,91.7490005493164,,,-,-,-,Americas,ARG,Upper middle income
Argentina,2018,44654.882,91.8699951171875,,,-,-,-,Americas,ARG,Upper middle income
Argentina,2019,44973.465,91.99100494384766,,,-,-,-,Americas,ARG,Upper middle income
Argentina,2020,45191.965,92.11100006103516,,,-,-,-,Americas,ARG,Upper middle income
Argentina,2021,45312.281,92.22900390625,,,-,-,-,Americas,ARG,Upper middle income
Argentina,2022,45407.904,92.34700012207033,,,-,-,-,Americas,ARG,Upper middle income
Argentina,2023,45538.401,92.46299743652344,,,-,-,-,Americas,ARG,Upper middle income
Argentina,2024,45696.159,92.5790023803711,,,-,-,-,Americas,ARG,Upper middle income
Armenia,2000,3125.628,64.66600036621094,88.03090269522686,15.01660645360721,<1,<1,60.28626858881992,Europe,ARM,Upper middle income
Armenia,2001,3084.349,64.38500213623047,88.23412865862427,14.85350845775955,<1,<1,60.76022078731562,Europe,ARM,Upper middle income
Armenia,2002,3055.63,64.23600006103516,88.45717223197795,14.65991356462163,<1,<1,61.31760961880485,Europe,ARM,Upper middle income
Armenia,2003,3038.968,64.13700103759766,88.68783983175607,14.45451131010522,<1,<1,61.90635546003862,Europe,ARM,Upper middle income
Armenia,2004,3022.541,64.03800201416016,88.91853276484821,14.24513713280596,<1,<1,62.49367927249615,Europe,ARM,Upper middle income
Armenia,2005,3006.351,63.93799591064453,89.14910455481316,14.03616203614918,<1,<1,63.07889830149931,Europe,ARM,Upper middle income
Armenia,2006,2990.377,63.8390007019043,89.37985004795235,13.80757599952389,<1,<1,63.66337189972101,Europe,ARM,Upper middle income
Armenia,2007,2974.819,63.7390022277832,89.61046963741389,13.55528824063234,<1,<1,64.24573167665734,Europe,ARM,Upper middle income
Armenia,2008,2959.99,63.63999938964844,89.84126208351618,13.30255863191323,<1,<1,64.82735196833117,Europe,ARM,Upper middle income
Armenia,2009,2945.517,63.540000915527344,90.07192302801421,13.04991485111085,<1,<1,65.40684748874868,Europe,ARM,Upper middle income
Armenia,2010,2931.078,63.44000244140625,90.30259703000335,12.79710203942896,<1,1.065650720706541,65.98490400491504,Europe,ARM,Upper middle income
Armenia,2011,2923.271,63.34000396728516,90.5332906665256,12.54412740957643,<1,1.265936537158991,66.56152640984605,Europe,ARM,Upper middle income
Armenia,2012,2922.528,63.23999786376953,90.76400141882732,12.29099899904296,<1,1.46716070634779,67.13670852944945,Europe,ARM,Upper middle income
Armenia,2013,2922.518,63.16400146484375,90.9987016315075,12.03106007277694,<1,1.668553776633869,67.72826155115374,Europe,ARM,Upper middle income
Armenia,2014,2922.422,63.112003326416016,91.23747291785986,11.76411385924891,<1,1.86977849120626,68.33669040365068,Europe,ARM,Upper middle income
Armenia,2015,2921.177,63.08500289916992,91.480572190435,11.48967279868162,<1,2.070455722553622,68.96327362528,Europe,ARM,Upper middle income
Armenia,2016,2918.793,63.08199691772461,91.72791438804931,11.20780834366842,<1,2.270279923217764,69.60778059088278,Europe,ARM,Upper middle income
Armenia,2017,2914.963,63.10300064086914,91.97959112626424,10.91830738943122,<1,2.468912773542797,70.27074237335599,Europe,ARM,Upper middle income
Armenia,2018,2909.965,63.14899826049805,92.23585151047644,10.7733845317436,<1,2.273626890985035,70.8386168874821,Europe,ARM,Upper middle income
Armenia,2019,2903.972,63.218997955322266,92.49662189561128,10.76468087707835,<1,2.269308148537997,71.03684943908739,Europe,ARM,Upper middle income
Armenia,2020,2890.892,63.3129997253418,92.76198456640606,10.74899343352915,<1,2.26350844771149,71.25355106665289,Europe,ARM,Upper middle income
Armenia,2021,2870.349,63.430999755859375,93.03202298487652,10.76128923653351,<1,2.256228185357962,71.4176925897928,Europe,ARM,Upper middle income
Armenia,2022,2880.874,63.573001861572266,93.30683583906772,10.76639493703865,<1,2.247466853576152,71.60074672989609,Europe,ARM,Upper middle income
Armenia,2023,2943.393,63.7390022277832,93.5674537130871,10.76204243349073,<1,2.237225129019754,71.80278423210936,Europe,ARM,Upper middle income
Armenia,2024,2973.84,63.92899703979492,93.66494265200951,10.73923671767336,<1,2.225502636511586,71.9520192627282,Europe,ARM,Upper middle income
Aruba,2000,88.761,46.71699905395508,97.97310378690716,,13.88845144356964,82.38845144356947,14.61942257217856,Americas,ABW,High income
Aruba,2001,90.305,46.3390007019043,98.01250823819008,,13.12042236551796,83.07214375538092,13.81097091107154,Americas,ABW,High income
Aruba,2002,91.379,45.97200012207031,98.051912689473,,12.3523932874665,83.75583606719215,13.00251924996473,Americas,ABW,High income
Aruba,2003,92.31,45.60599899291992,98.09131714075588,,11.58436420941482,84.4395283790036,12.19406758885771,Americas,ABW,High income
Aruba,2004,93.213,45.2400016784668,98.1307215920388,,10.81633513136336,85.12322069081483,11.38561592775091,Americas,ABW,High income
Aruba,2005,94.23,44.875,98.1701260433217,,10.04830605331168,85.80691300262629,10.57716426664388,Americas,ABW,High income
Aruba,2006,95.392,44.5109977722168,98.2095304946046,,9.280276975260222,86.49060531443774,9.768712605537075,Americas,ABW,High income
Aruba,2007,96.587,44.14699935913086,98.24893494588753,,8.512247897208544,87.17429762624897,8.960260944430047,Americas,ABW,High income
Aruba,2008,97.805,43.78300094604492,98.28833939717042,,7.744218819157084,87.85798993806043,8.151809283323246,Americas,ABW,High income
Aruba,2009,99.025,43.42100143432617,98.32774384845332,,6.976189741105406,88.54168224987166,7.343357622216217,Americas,ABW,High income
Aruba,2010,100.114,43.05900192260742,98.36714829973624,,6.208160663053945,89.22537456168311,6.534905961109416,Americas,ABW,High income
Aruba,2011,100.981,42.93999862670898,98.40655275101912,,5.440131585002268,89.90906687349434,5.726454300002388,Americas,ABW,High income
Aruba,2012,101.763,42.95700073242188,98.44595720230204,,4.672102506950807,90.5927591853058,4.918002638895587,Americas,ABW,High income
Aruba,2013,102.558,42.98999786376953,98.48536165358496,,4.672102506950807,90.5927591853058,4.918002638895587,Americas,ABW,High income
Aruba,2014,103.373,43.04100036621094,98.52476610486784,,4.672102506950807,90.5927591853058,4.918002638895587,Americas,ABW,High income
Aruba,2015,104.184,43.108001708984375,98.56417055615076,,4.672102506950807,90.5927591853058,4.918002638895587,Americas,ABW,High income
Aruba,2016,104.977,43.19199752807617,98.60357500743366,,4.672102506950807,90.5927591853058,4.918002638895587,Americas,ABW,High income
Aruba,2017,105.731,43.292999267578125,98.64297945871655,,4.672102506950807,90.5927591853058,4.918002638895587,Americas,ABW,High income
Aruba,2018,106.432,43.4109992980957,98.68238390999946,,4.672102506950807,90.5927591853058,4.918002638895587,Americas,ABW,High income
Aruba,2019,107.076,43.54600143432617,98.72178836128236,,4.672102506950807,90.5927591853058,4.918002638895587,Americas,ABW,High income
Aruba,2020,107.4,43.696998596191406,98.76119281256528,,4.672102506950807,90.5927591853058,4.918002638895587,Americas,ABW,High income
Aruba,2021,107.558,43.86600112915039,98.80059726384818,,4.672102506950807,90.5927591853058,4.918002638895587,Americas,ABW,High income
Aruba,2022,107.782,44.05199813842773,98.84000171513108,,4.672102506950807,90.5927591853058,4.918002638895587,Americas,ABW,High income
Aruba,2023,107.939,44.253997802734375,98.84000171513108,,4.672102506950807,90.5927591853058,4.918002638895587,Americas,ABW,High income
Aruba,2024,108.066,44.4739990234375,98.84000171513108,,4.672102506950807,90.5927591853058,4.918002638895587,Americas,ABW,High income
Australia,2000,19132.471,84.23500061035156,99.0,93.73018905114616,88.73049493025783,10.06624053011991,89.92492033374515,Western Pacific,AUS,High income
Australia,2001,19365.433,84.0999984741211,99.0,93.8153290112559,88.90147242767787,9.89341769812529,90.09819940591132,Western Pacific,AUS,High income
Australia,2002,19595.355,84.22200012207031,99.0,93.90046897136564,89.07244992509796,9.720594866130611,90.27147847807754,Western Pacific,AUS,High income
Australia,2003,19819.454,84.3429946899414,99.0,93.98560893147535,89.243427422518,9.547772034135988,90.44475755024371,Western Pacific,AUS,High income
Australia,2004,20046.677,84.46299743652344,99.0,94.07074889158508,89.41440491993804,9.374949202141352,90.61803662240987,Western Pacific,AUS,High income
Australia,2005,20294.49,84.58200073242188,99.0,94.1558888516948,89.58538241735808,9.202126370146729,90.79131569457604,Western Pacific,AUS,High income
Australia,2006,20590.559,84.69999694824219,99.0,94.24102881180454,89.75635991477816,9.02930353815205,90.96459476674227,Western Pacific,AUS,High income
Australia,2007,20954.549,84.8219985961914,99.0,94.32616877191424,89.9273374121982,8.856480706157427,91.13787383890843,Western Pacific,AUS,High income
Australia,2008,21370.589,84.94300079345703,99.0,94.41130873202398,90.09831490961824,8.683657874162805,91.3111529110746,Western Pacific,AUS,High income
Australia,2009,21783.011,85.06299591064453,99.0,94.49644869213373,90.26929240703832,8.510835042168125,91.48443198324082,Western Pacific,AUS,High income
Australia,2010,22141.581,85.18199920654297,99.0,94.58158865224344,90.44026990445836,8.338012210173503,91.65771105540699,Western Pacific,AUS,High income
Australia,2011,22479.775,85.29999542236328,99.0,94.66672861235315,90.6112474018784,8.165189378178866,91.83099012757316,Western Pacific,AUS,High income
Australia,2012,22852.644,85.4020004272461,99.0,94.75186857246288,90.78222489929844,7.992366546184243,92.00426919973933,Western Pacific,AUS,High income
Australia,2013,23236.27,85.50199890136719,99.0,94.83700853257264,90.95320239671852,7.819543714189564,92.17754827190555,Western Pacific,AUS,High income
Australia,2014,23595.601,85.60199737548828,99.0,94.92214849268234,91.12417989413856,7.646720882194941,92.35082734407172,Western Pacific,AUS,High income
Australia,2015,23948.002,85.70100402832031,99.0,95.00728845279208,91.2951573915586,7.473898050200319,92.52410641623788,Western Pacific,AUS,High income
Australia,2016,24329.963,85.79999542236328,99.0,95.0924284129018,91.46613488897864,7.301075218205696,92.69738548840405,Western Pacific,AUS,High income
Australia,2017,24731.038,85.90399932861328,99.0,95.17756837301152,91.63711238639873,7.128252386211017,92.87066456057028,Western Pacific,AUS,High income
Australia,2018,25119.706,86.01200103759766,99.0,95.26270833312124,91.80808988381877,6.955429554216394,93.04394363273644,Western Pacific,AUS,High income
Australia,2019,25482.714,86.1240005493164,99.0,95.34802509440362,91.9790673812388,6.782250755819234,93.21722270490261,Western Pacific,AUS,High income
Australia,2020,25743.791,86.24099731445312,99.0,95.43313477977289,92.15004487865885,6.608917543525649,93.39050177706878,Western Pacific,AUS,High income
Australia,2021,25956.417,86.36199951171875,99.0,95.51807502508132,92.32102237607893,6.435584331232121,93.563780849235,Western Pacific,AUS,High income
Australia,2022,26200.984,86.48799896240234,99.0,95.6030152703898,92.49199987349897,6.262251118938536,93.73705992140117,Western Pacific,AUS,High income
Australia,2023,26451.124,86.61699676513672,99.0,95.68795551569828,92.66297737091901,6.088917906644951,93.91033899356734,Western Pacific,AUS,High income
Australia,2024,26713.205,86.75,99.0,95.77289576100678,92.83395486833909,5.915584694351367,94.08361806573356,Western Pacific,AUS,High income
Austria,2000,8012.928,60.2130012512207,99.0,99.0,92.78004290158522,6.126077045152783,92.78004290158522,Europe,AUT,High income
Austria,2001,8042.233,59.93400192260742,99.0,99.0,92.74088291623185,6.169034718478651,92.74088291623185,Europe,AUT,High income
Austria,2002,8081.636,59.65499877929688,99.0,99.0,92.70172086524886,6.211993305097681,92.70172086524886,Europe,AUT,High income
Austria,2003,8122.602,59.375,99.0,99.0,92.66241578654834,6.255105372157227,92.66241578654834,Europe,AUT,High income
Austria,2004,8173.491,59.09400177001953,99.0,99.0,92.6229745060371,6.298371353964079,92.6229745060371,Europe,AUT,High income
Austria,2005,8229.204,58.8129997253418,99.0,99.0,92.58352981900904,6.341637509484283,92.58352981900904,Europe,AUT,High income
Austria,2006,8269.898,58.53199768066406,99.0,99.0,92.54408475322592,6.384903539206258,92.54408475322592,Europe,AUT,High income
Austria,2007,8296.952,58.24900436401367,99.0,99.0,92.50436044989235,6.428477281942699,92.50436044989235,Europe,AUT,High income
Austria,2008,8323.253,57.96599960327149,99.0,99.0,92.46463646575576,6.472051589658324,92.46463646575576,Europe,AUT,High income
Austria,2009,8345.066,57.68300247192383,99.0,99.0,92.42491273162751,6.515625140915791,92.42491273162751,Europe,AUT,High income
Austria,2010,8365.092,57.39899826049805,99.0,99.0,92.38504906741258,6.559353922890772,92.38504906741258,Europe,AUT,High income
Austria,2011,8393.27,57.1150016784668,99.0,99.0,92.345187573011,6.603081595624668,92.345187573011,Europe,AUT,High income
Austria,2012,8431.601,57.147003173828125,99.0,99.0,92.34967735644535,6.598154229121315,92.34967735644535,Europe,AUT,High income
Austria,2013,8481.406,57.33600234985352,99.0,99.0,92.37620335265858,6.569053390995841,92.37620335265858,Europe,AUT,High income
Austria,2014,8547.817,57.525997161865234,99.0,99.0,92.40287709173653,6.539799253896256,92.40287709173653,Europe,AUT,High income
Austria,2015,8644.039,57.71500015258789,99.0,99.0,92.42940825483232,6.51069880640742,92.42940825483232,Europe,AUT,High income
Austria,2016,8737.915,57.90499877929688,99.0,99.0,92.45607806786272,6.48144386353468,92.45607806786272,Europe,AUT,High income
Austria,2017,8798.778,58.09400177001953,99.0,99.0,92.48260265537073,6.452342994914814,92.48260265537073,Europe,AUT,High income
Austria,2018,8841.65,58.297000885009766,99.0,99.0,92.511100874939,6.421086616935221,92.511100874939,Europe,AUT,High income
Austria,2019,8880.876,58.51499938964844,99.0,99.0,92.54169883368941,6.387521076372144,92.54169883368941,Europe,AUT,High income
Austria,2020,8921.405,58.74800109863281,99.0,99.0,92.57440271326186,6.3516452709475,92.57440271326186,Europe,AUT,High income
Austria,2021,8967.057,58.99500274658203,99.0,99.0,92.60907750841434,6.313613994799002,92.60907750841434,Europe,AUT,High income
Austria,2022,9064.677,59.25600051879883,99.0,98.88175535795284,92.64570889101516,6.273427918234867,92.64570889101516,Europe,AUT,High income
Austria,2023,9130.429,59.53000259399414,99.0,98.69042682154864,92.68417463124528,6.231239371718514,92.68417463124528,Europe,AUT,High income
Austria,2024,9120.813,59.81900024414063,99.0,98.50231849799384,92.72473594295069,6.186741535910319,92.72473594295069,Europe,AUT,High income
Azerbaijan,2000,8174.785,51.3859977722168,68.35371619939176,37.90546326331192,10.91881850691907,<1,39.13742198604689,Europe,AZE,Upper middle income
Azerbaijan,2001,8251.771,51.58699798583984,69.41108381516459,38.71446216932437,10.9585288303323,<1,39.28058199452747,Europe,AZE,Upper middle income
Azerbaijan,2002,8326.133,51.78700256347656,70.46451669687463,39.52093188918795,10.99804244691916,<1,39.42303286093253,Europe,AZE,Upper middle income
Azerbaijan,2003,8400.53,51.98799896240234,71.51434940310303,40.86159281534326,11.56923196841096,<1,39.56619405903425,Europe,AZE,Upper middle income
Azerbaijan,2004,8489.874,52.18899917602539,72.56040739683081,42.20648860846517,12.14681862985149,<1,39.70935386904276,Europe,AZE,Upper middle income
Azerbaijan,2005,8597.248,52.38899993896485,73.90078091359156,43.7083781103693,12.81356985012979,<1,39.86780909434643,Europe,AZE,Upper middle income
Azerbaijan,2006,8711.38,52.5890007019043,75.24460712071063,45.22862790134785,13.49349086456477,<1,40.02445251509679,Europe,AZE,Upper middle income
Azerbaijan,2007,8828.311,52.78999710083008,76.5920244999871,46.68739190562074,14.18685647564806,<1,40.17998392499825,Europe,AZE,Upper middle income
Azerbaijan,2008,8942.638,52.9900016784668,77.94279100310618,47.86922188010821,14.89321408793614,1.004884510702918,40.33300250466346,Europe,AZE,Upper middle income
Azerbaijan,2009,9046.336,53.18999862670898,79.29704796785937,49.06733421018705,15.61282346850364,1.824966977528254,40.48420549354824,Europe,AZE,Upper middle income
Azerbaijan,2010,9146.851,53.40599822998047,80.65656188142431,50.28006225314222,16.35009477617757,2.64466946492398,40.64456082202253,Europe,AZE,Upper middle income
Azerbaijan,2011,9256.15,53.63699722290039,82.02098237769209,51.50794724376838,17.10522841617928,3.463949648519482,40.81316741452805,Europe,AZE,Upper middle income
Azerbaijan,2012,9376.181,53.882999420166016,83.39007719543709,52.75140642538049,17.87868047180633,4.282765917119629,40.98982095993303,Europe,AZE,Upper middle income
Azerbaijan,2013,9504.409,54.14500427246094,84.76372278247494,54.01078566892441,18.67121240140585,5.101073690120681,41.17499479311088,Europe,AZE,Upper middle income
Azerbaijan,2014,9631.138,54.4219970703125,86.14158548774274,55.28661053497826,19.48299034826017,5.91883301080793,41.36779122249207,Europe,AZE,Upper middle income
Azerbaijan,2015,9752.85,54.7140007019043,87.52345981949593,56.5793195251247,20.31447720459032,6.736003351873714,41.56802357276094,Europe,AZE,Upper middle income
Azerbaijan,2016,9868.428,55.02099990844727,88.90911290231823,57.88933849530213,21.1661210890041,7.552542369868123,41.77547537186621,Europe,AZE,Upper middle income
Azerbaijan,2017,9968.51,55.34300231933594,90.29834040040944,59.2171112694413,22.03837898548938,8.368409522032955,41.98995105865129,Europe,AZE,Upper middle income
Azerbaijan,2018,10039.784,55.68000030517578,91.6909287439115,60.56307812609285,22.93169971309266,9.18356362792077,42.21124152312236,Europe,AZE,Upper middle income
Azerbaijan,2019,10110.475,56.03100204467773,93.0865984611418,61.92770929344618,23.84617292282097,9.997971592458546,42.43850030017978,Europe,AZE,Upper middle income
Azerbaijan,2020,10181.73,56.397003173828125,94.48521648891996,63.3114009742981,24.78258729133207,10.81158529516403,42.67217561061527,Europe,AZE,Upper middle income
Azerbaijan,2021,10234.371,56.7760009765625,95.86631177343624,64.69601922901617,25.74062824363729,11.62438552075516,42.91079424531098,Europe,AZE,Upper middle income
Azerbaijan,2022,10295.304,57.16999816894531,96.91065279666908,65.78702285916397,26.72146120783804,12.43631257200123,43.15544132746123,Europe,AZE,Upper middle income
Azerbaijan,2023,10318.207,57.57700347900391,97.9482163589564,66.88944043408449,27.72472781554403,13.2473502164603,43.40466190809071,Europe,AZE,Upper middle income
Azerbaijan,2024,10336.577,57.99700164794922,98.97850691368542,68.00334465750863,28.75080707784378,14.05746339855465,43.65827875648757,Europe,AZE,Upper middle income
Bahamas,2000,323.835,82.00700378417969,92.97671474670288,,-,84.9296272581887,5.619331975514797,Americas,BHS,High income
Bahamas,2001,327.836,82.04900360107422,92.9788412178291,,-,84.27242417308594,6.79603602510997,Americas,BHS,High income
Bahamas,2002,331.614,82.09199523925781,92.9792508409001,,-,83.61522108798317,7.972740074705143,Americas,BHS,High income
Bahamas,2003,335.618,82.13400268554688,92.97794361591608,,-,82.95801800288041,9.149444124300317,Americas,BHS,High income
Bahamas,2004,339.782,82.1760025024414,92.97491954287696,,-,82.30081491777764,10.32614817389549,Americas,BHS,High income
Bahamas,2005,343.894,82.2179946899414,92.9701786217826,,-,81.64361183267488,11.50285222349066,Americas,BHS,High income
Bahamas,2006,348.375,82.26000213623047,92.96372085263326,,-,80.98640874757211,12.67955627308584,Americas,BHS,High income
Bahamas,2007,353.334,82.302001953125,92.9555462354289,,-,80.32920566246935,13.85626032268101,Americas,BHS,High income
Bahamas,2008,358.12,82.34300231933594,92.94565477016933,,-,79.67200257736658,15.03296437227618,Americas,BHS,High income
Bahamas,2009,362.81,82.38499450683594,92.93404645685452,,-,79.01479949226382,16.20966842187136,Americas,BHS,High income
Bahamas,2010,367.478,82.427001953125,92.92072129548473,,-,78.35759640716105,17.38637247146653,Americas,BHS,High income
Bahamas,2011,371.729,82.47600555419922,92.9056792860598,,-,77.70039332205829,18.5630765210617,Americas,BHS,High income
Bahamas,2012,375.469,82.53199768066406,92.88892042857964,,-,77.04319023695552,19.73978057065688,Americas,BHS,High income
Bahamas,2013,378.953,82.59600067138672,93.16262846581434,,-,76.38598715185299,20.91648462025205,Americas,BHS,High income
Bahamas,2014,382.298,82.66799926757812,93.436336503049,,-,75.61122625728655,22.09318866984722,Americas,BHS,High income
Bahamas,2015,385.346,82.74600219726562,93.71004454028368,,-,74.72073295438514,23.2698927194424,Americas,BHS,High income
Bahamas,2016,388.055,82.83200073242188,93.71004454028368,,-,74.72073295438514,23.2698927194424,Americas,BHS,High income
Bahamas,2017,390.485,82.92499542236328,93.71004454028368,,-,74.72073295438514,23.2698927194424,Americas,BHS,High income
Bahamas,2018,392.717,83.0250015258789,93.71004454028368,,-,74.72073295438514,23.2698927194424,Americas,BHS,High income
Bahamas,2019,394.675,83.13199615478516,93.71004454028368,,-,74.72073295438514,23.2698927194424,Americas,BHS,High income
Bahrain,2000,669.581,88.37200164794922,99.0,86.00685350029784,72.07431759864608,27.86507180330352,72.07431759864608,Eastern Mediterranean,BHR,High income
Bahrain,2001,699.956,88.36900329589844,99.0,86.32880640156998,72.71420392529012,27.22920495255971,72.71420392529012,Eastern Mediterranean,BHR,High income
Bahrain,2002,752.197,88.37300109863281,99.0,86.64991607200402,73.35337641593897,26.59333810181592,73.35409025193417,Eastern Mediterranean,BHR,High income
Bahrain,2003,811.276,88.38300323486328,99.0,86.95585553058497,73.97963538724693,25.95747125107212,73.99397657857821,Eastern Mediterranean,BHR,High income
Bahrain,2004,871.442,88.39900207519531,99.0,87.26167645622587,74.60565877251948,25.32160440032833,74.63386290522226,Eastern Mediterranean,BHR,High income
Bahrain,2005,932.604,88.4219970703125,99.0,87.56737884892672,75.23144657175662,24.68573754958453,75.2737492318663,Eastern Mediterranean,BHR,High income
Bahrain,2006,994.618,88.45199584960938,99.0,87.87296270868762,75.85699878495858,24.04987069884049,75.91363555851058,Eastern Mediterranean,BHR,High income
Bahrain,2007,1057.405,88.48799896240234,99.0,88.17842803550833,76.48231541212488,23.4140038480967,76.55352188515462,Eastern Mediterranean,BHR,High income
Bahrain,2008,1120.714,88.52999877929688,99.0,88.48377482938899,77.10739645325576,22.7781369973529,77.19340821179867,Eastern Mediterranean,BHR,High income
Bahrain,2009,1183.605,88.5790023803711,99.0,88.78900309032959,77.73224190835123,22.14227014660911,77.83329453844271,Eastern Mediterranean,BHR,High income
Bahrain,2010,1213.244,88.63400268554688,99.0,89.09411281833013,78.3568517774113,21.50640329586531,78.47318086508676,Eastern Mediterranean,BHR,High income
Bahrain,2011,1206.728,88.69499969482422,99.0,89.39910401339063,78.98122606043594,20.8705364451215,79.1130671917308,Eastern Mediterranean,BHR,High income
Bahrain,2012,1216.303,88.76199340820312,99.0,89.70397667551103,79.60536475742516,20.23466959437771,79.75295351837485,Eastern Mediterranean,BHR,High income
Bahrain,2013,1257.203,88.83499908447266,99.0,90.00873080469151,80.2292678683792,19.59880274363368,80.39283984501913,Eastern Mediterranean,BHR,High income
Bahrain,2014,1312.848,88.91500091552734,99.0,90.3133664009318,80.85293539329759,18.96293589288989,81.03272617166317,Eastern Mediterranean,BHR,High income
Bahrain,2015,1369.65,88.9990005493164,99.0,90.61788346423204,81.47636733218057,18.32706904214609,81.67261249830722,Eastern Mediterranean,BHR,High income
Bahrain,2016,1429.604,89.09000396728516,99.0,90.92043627351612,82.09956368502814,17.68750117504874,82.31249882495126,Eastern Mediterranean,BHR,High income
Bahrain,2017,1481.995,89.18600463867188,99.0,91.22271244261074,82.72252445184029,17.04761484840469,82.95238515159531,Eastern Mediterranean,BHR,High income
Bahrain,2018,1497.626,89.28700256347656,99.0,91.52487081868765,83.345249632617,16.40772852176065,83.59227147823935,Eastern Mediterranean,BHR,High income
Bahrain,2019,1485.67,89.39399719238281,99.0,91.82691140174684,83.96773922735831,15.7678421951166,84.2321578048834,Eastern Mediterranean,BHR,High income
Bahrain,2020,1483.077,89.50599670410156,99.0,92.12883419178836,84.58999323606422,15.12795586847255,84.87204413152745,Eastern Mediterranean,BHR,High income
Bahrain,2021,1501.764,89.62200164794922,99.0,92.43063918881228,85.21201165873494,14.48806954182828,85.51193045817172,Eastern Mediterranean,BHR,High income
Bahrain,2022,1533.459,89.74300384521484,99.0,92.73232639281836,85.83379449537,13.84818321518424,86.15181678481576,Eastern Mediterranean,BHR,High income
Bahrain,2023,1569.666,89.8689956665039,99.0,93.03389580380671,86.45534174596963,13.20829688854019,86.79170311145981,Eastern Mediterranean,BHR,High income
Bahrain,2024,1607.049,89.9990005493164,99.0,93.35259902695664,87.09274819226945,12.56841056189614,87.43158943810386,Eastern Mediterranean,BHR,High income
Bangladesh,2000,134544.304,23.59000015258789,23.694677075884,11.47350973997223,<1,5.939568732436585,2.723939130939522,South-East Asia,BGD,Lower middle income
Bangladesh,2001,136805.81,24.09600067138672,25.17676929813852,12.23675636507223,<1,6.828650212417192,2.779628566992959,South-East Asia,BGD,Lower middle income
Bangladesh,2002,138933.658,24.755998611450195,26.6816894127761,13.00870143088717,<1,7.750544562958324,2.852267122350596,South-East Asia,BGD,Lower middle income
Bangladesh,2003,140970.351,25.429000854492188,28.17729497018678,13.77582647135968,<1,8.672117420738028,2.926336768246476,South-East Asia,BGD,Lower middle income
Bangladesh,2004,142902.856,26.113998413085938,29.66304235797068,14.5378797808465,<1,9.593045623397407,3.001726509230734,South-East Asia,BGD,Lower middle income
Bangladesh,2005,144715.786,26.809001922607425,31.43583495031085,15.41566062225567,<1,10.51279900714522,3.152351973567673,South-East Asia,BGD,Lower middle income
Bangladesh,2006,146405.973,27.517000198364254,33.22643983182658,16.30094258832485,<1,11.4319594064812,3.307789969225638,South-East Asia,BGD,Lower middle income
Bangladesh,2007,147989.278,28.23699951171875,35.03397728951482,17.19323967693645,<1,12.35021412897133,3.468017005668146,South-East Asia,BGD,Lower middle income
Bangladesh,2008,149474.264,28.968000411987305,36.85758484384242,18.09207745599914,<1,13.2672586172307,3.632999060314185,South-East Asia,BGD,Lower middle income
Bangladesh,2009,150873.714,29.708999633789062,38.69642264489752,18.99699571534644,<1,14.18279926713798,3.80269280445498,South-East Asia,BGD,Lower middle income
Bangladesh,2010,152201.981,30.46199989318848,40.55009221397501,19.90768685735386,<1,15.0971815537995,3.97741923434277,South-East Asia,BGD,Lower middle income
Bangladesh,2011,153591.076,31.224998474121094,42.41758803258804,20.82362965539799,<1,16.00990239441758,4.157010644308274,South-East Asia,BGD,Lower middle income
Bangladesh,2012,155070.101,31.992998123168945,44.29758693406881,21.74422832422015,<1,16.91986277169293,4.340892471605518,South-East Asia,BGD,Lower middle income
Bangladesh,2013,156532.141,32.762001037597656,46.18906155701293,22.669028122284,<1,17.8262190859377,4.52857492837413,South-East Asia,BGD,Lower middle income
Bangladesh,2014,157964.929,33.53499984741211,48.09185437709605,23.91260012583989,<1,18.72956235410597,4.720466669823143,South-East Asia,BGD,Lower middle income
Bangladesh,2015,159383.179,34.30800247192383,50.00502455476832,25.18277867630695,<1,19.62907331077326,4.916051097756609,South-East Asia,BGD,Lower middle income
Bangladesh,2016,160811.932,35.08300018310547,51.92830013770645,26.47888915325605,<1,20.52514140362547,5.115605029166421,South-East Asia,BGD,Lower middle income
Bangladesh,2017,162186.147,35.85799789428711,53.86102498208102,27.80018621730355,<1,21.41736829046913,5.318861505788992,South-East Asia,BGD,Lower middle income
Bangladesh,2018,163523.103,36.63199996948242,55.80268957986613,29.14596245528139,<1,22.30556470997727,5.525676979848602,South-East Asia,BGD,Lower middle income
Bangladesh,2019,164913.055,37.40499877929688,57.75287385541994,30.51548818318327,<1,23.18973564488581,5.736043310832476,South-East Asia,BGD,Lower middle income
Bangladesh,2020,166298.024,38.177001953125,59.71116593869024,31.90800908762593,<1,24.06989066594169,5.949954555398183,South-East Asia,BGD,Lower middle income
Bangladesh,2021,167658.854,38.94599914550781,61.67708984548094,33.32288588627977,<1,24.9456728089735,6.167101405874681,South-East Asia,BGD,Lower middle income
Bangladesh,2022,169384.897,39.71099853515625,63.6502711298232,34.75948289940084,<1,25.81692336214942,6.387309618648358,South-East Asia,BGD,Lower middle income
Bangladesh,2023,171466.99,40.47299957275391,65.63041363191707,36.20049998434226,<1,26.68384996089606,6.610705889583298,South-East Asia,BGD,Lower middle income
Bangladesh,2024,173562.364,41.22999954223633,67.61717512212368,37.3204979088046,<1,27.54612372035957,6.836952537889704,South-East Asia,BGD,Lower middle income
Barbados,2000,262.063,33.82699966430664,89.64087749702207,,-,10.91738975129897,<1,Americas,BRB,High income
Barbados,2001,262.425,33.62900161743164,90.02965863706861,,-,10.91738975129897,<1,Americas,BRB,High income
Barbados,2002,264.148,33.430999755859375,90.41843977711513,,-,10.91738975129897,<1,Americas,BRB,High income
Barbados,2003,265.776,33.23400115966797,90.80722091716166,,-,10.91738975129897,1.170970496836048,Americas,BRB,High income
Barbados,2004,267.298,33.03700256347656,91.19600205720818,,-,10.91738975129897,1.432015944235673,Americas,BRB,High income
Barbados,2005,268.706,32.840999603271484,91.58478319725472,,-,10.91738975129897,1.693061391635297,Americas,BRB,High income
Barbados,2006,270.002,32.645999908447266,91.97356433730124,,-,10.91738975129897,1.954106839035035,Americas,BRB,High income
Barbados,2007,271.288,32.45100021362305,92.36234547734776,,-,10.91738975129897,2.215152286434659,Americas,BRB,High income
Barbados,2008,272.714,32.25600051879883,92.75112661739428,,-,10.91738975129897,2.476197733834397,Americas,BRB,High income
Barbados,2009,274.123,32.0629997253418,93.1399077574408,,-,10.91738975129897,2.737243181234021,Americas,BRB,High income
Barbados,2010,275.243,31.86999893188477,93.52868889748731,,-,10.91738975129897,2.998288628633759,Americas,BRB,High income
Barbados,2011,276.139,31.700000762939453,93.91747003753385,,-,10.23374047375796,3.259334076033383,Americas,BRB,High income
Barbados,2012,276.938,31.55299949645996,94.30625117758026,,-,9.550091196216954,3.520379523433121,Americas,BRB,High income
Barbados,2013,277.665,31.428998947143555,94.6950323176268,,-,8.866441918676173,3.781424970832745,Americas,BRB,High income
Barbados,2014,278.348,31.327999114990234,95.08381345767332,,-,8.182792641135165,4.042470418232483,Americas,BRB,High income
Barbados,2015,278.99,31.248998641967773,95.47259459771983,,-,7.499143363594158,4.303515865632107,Americas,BRB,High income
Barbados,2016,279.598,31.19300079345703,95.86137573776637,,-,6.81549408605315,4.564561313031732,Americas,BRB,High income
Barbados,2017,280.171,31.158998489379883,96.25015687781288,,-,6.131844808512142,4.825606760431469,Americas,BRB,High income
Barbados,2018,280.711,31.14699935913086,96.63893801785942,,-,5.448195530971134,5.086652207831094,Americas,BRB,High income
Barbados,2019,281.207,31.15800094604492,97.02771915790592,,-,4.764546253430353,5.347697655230832,Americas,BRB,High income
Barbados,2020,281.698,31.19099998474121,97.33123927008845,,-,4.080896975889345,5.608743102630456,Americas,BRB,High income
Barbados,2021,282.147,31.246000289916992,97.33303274420736,,-,3.397247698348338,5.869788550030194,Americas,BRB,High income
Barbados,2022,282.318,31.323999404907227,98.0924623115578,,-,2.71359842080733,6.130833997429818,Americas,BRB,High income
Barbados,2023,282.336,31.424999237060547,98.0924623115578,,-,2.029949143266322,6.391879444829556,Americas,BRB,High income
Barbados,2024,282.467,31.54800033569336,98.0924623115578,,-,2.029949143266322,6.391879444829556,Americas,BRB,High income
Belarus,2000,9991.313,69.9729995727539,91.91368717934462,84.40393725703399,65.82455430939277,<1,72.18992092373043,Europe,BLR,Upper middle income
Belarus,2001,9938.065,70.45800018310547,91.89504069471214,84.47838697997875,66.00623731515476,<1,72.40247339829942,Europe,BLR,Upper middle income
Belarus,2002,9873.45,70.93899536132812,91.87721365663576,84.54956490288873,66.17993600020924,<1,72.60568494900484,Europe,BLR,Upper middle income
Belarus,2003,9803.176,71.41500091552734,91.85928162974793,84.62116201408442,66.35465764928178,<1,72.81009327390778,Europe,BLR,Upper middle income
Belarus,2004,9735.091,71.88700103759766,92.30801672299204,83.91682299440997,66.04045448437944,<1,72.94976271889321,Europe,BLR,Upper middle income
Belarus,2005,9667.838,72.35400390625,92.76060376074815,83.15606519609787,65.71774197752451,1.701755208252369,73.08740555126944,Europe,BLR,Upper middle income
Belarus,2006,9608.036,72.81600189208984,93.21640382398134,82.39327532913454,65.39278957337767,2.491263567764253,73.23065490875979,Europe,BLR,Upper middle income
Belarus,2007,9563.133,73.27299499511719,93.67357069953624,81.64144427448738,65.09385183094726,3.264920138316534,73.41303974573682,Europe,BLR,Upper middle income
Belarus,2008,9529.358,73.72599792480469,94.13254793183408,80.90426581564135,64.82651477749744,4.01901902904069,73.64168739213433,Europe,BLR,Upper middle income
Belarus,2009,9507.337,74.17200469970703,94.5970585071849,80.15430318291521,64.532239756178,4.76083486516819,73.84810240446838,Europe,BLR,Upper middle income
Belarus,2010,9490.752,74.67200469970703,95.06665474529991,79.38837855720556,64.20678497833416,5.493418143085823,74.02740193761254,Europe,BLR,Upper middle income
Belarus,2011,9472.735,75.18799591064453,95.53920694752392,78.62865116638596,63.89554208000194,6.208165802923676,74.23362068517666,Europe,BLR,Upper middle income
Belarus,2012,9463.076,75.6969985961914,96.01603804096509,77.8561688548833,63.5614073883899,6.913460397210025,74.42303928955684,Europe,BLR,Upper middle income
Belarus,2013,9464.453,76.1989974975586,96.49674225574816,77.06854408811876,63.20134231601983,7.611807239048924,74.59209913763367,Europe,BLR,Upper middle income
Belarus,2014,9472.708,76.69300079345703,96.98076583593054,76.26857075685476,62.82193739685154,8.302799392340553,74.74873331511121,Europe,BLR,Upper middle income
Belarus,2015,9487.293,77.18099975585938,97.4677528685491,75.43681429243053,62.38931214494376,8.999955822050739,74.85196980917446,Europe,BLR,Upper middle income
Belarus,2016,9499.064,77.66100311279297,97.9567271053164,74.58118418838157,61.92015240989416,9.700854937984886,74.92148874328798,Europe,BLR,Upper middle income
Belarus,2017,9495.79,78.13400268554688,98.44713932059692,74.61160070805688,62.28270860524115,10.40411079348266,74.96844081698349,Europe,BLR,Upper middle income
Belarus,2018,9480.031,78.59500122070312,98.93919888149009,74.64890937827111,62.65642470283733,11.09876667799237,75.02697369124206,Europe,BLR,Upper middle income
Belarus,2019,9435.419,79.04399871826172,99.0,74.70918798459232,63.06669913861198,11.77246507406732,75.12704380903429,Europe,BLR,Upper middle income
Belarus,2020,9350.944,79.48300170898438,99.0,74.50086467137142,63.23380977075201,12.43790623717898,75.23168510807025,Europe,BLR,Upper middle income
Belarus,2021,9251.365,79.90999603271484,99.0,74.21778876389112,63.33066972184504,13.09709021472324,75.33600205551205,Europe,BLR,Upper middle income
Belarus,2022,9173.237,80.32600402832031,99.0,74.32032075981907,63.45761164758782,13.03166683669049,75.48690251645995,Europe,BLR,Upper middle income
Belarus,2023,9115.68,80.73099517822266,99.0,74.4160298642218,63.5740702716061,12.97164634669288,75.62534109727467,Europe,BLR,Upper middle income
Belarus,2024,9056.696,81.125,99.0,74.43710951355557,63.5740702716061,12.97164634669288,75.62534109727467,Europe,BLR,Upper middle income
Belgium,2000,10251.717,97.12899780273438,99.0,71.19294864043236,59.80402586282082,22.89544479320203,77.10281216724763,Europe,BEL,High income
Belgium,2001,10287.004,97.18599700927734,99.0,71.19303087115654,59.804023014923,22.89561691924791,77.10281216724763,Europe,BEL,High income
Belgium,2002,10332.973,97.24100494384766,99.0,71.19311432119241,59.80402026678595,22.89579125777934,77.10281216724763,Europe,BEL,High income
Belgium,2003,10376.26,97.2959976196289,99.0,71.1931927531445,59.80401751894963,22.89595550762262,77.10281216724763,Europe,BEL,High income
Belgium,2004,10421.292,97.3499984741211,99.0,72.22998788409214,61.03030790280206,22.5150092827058,77.48393075383149,Europe,BEL,High income
Belgium,2005,10478.886,97.40299987792967,99.0,73.27593872690949,62.26575368286051,22.13406363948582,77.86504934041534,Europe,BEL,High income
Belgium,2006,10548.442,97.4540023803711,99.0,74.33104180331154,63.51035491415781,21.75311145759305,78.24616792699919,Europe,BEL,High income
Belgium,2007,10625.493,97.50499725341795,99.0,75.39529996150394,64.76411149338416,21.37215870821666,78.62728651358304,Europe,BEL,High income
Belgium,2008,10709.708,97.55500030517578,99.0,76.4687135372628,66.02702347427702,20.99120594088949,79.0084051001669,Europe,BEL,High income
Belgium,2009,10812.935,97.60299682617188,99.0,77.76292106481358,67.29909091547157,20.1847983121861,79.38952368675075,Europe,BEL,High income
Belgium,2010,10936.626,97.6510009765625,99.0,79.08433793853366,68.58031370771744,19.34179973000005,79.7706422733346,Europe,BEL,High income
Belgium,2011,11038.631,97.697998046875,99.0,80.41490248685474,69.87069190818147,18.49880114781399,80.15176085991845,Europe,BEL,High income
Belgium,2012,11107.518,97.74400329589844,99.0,81.75462312009546,71.17022551864841,17.65580256562816,80.5328794465023,Europe,BEL,High income
Belgium,2013,11160.276,97.78900146484376,99.0,83.10349533364266,72.47891454166574,16.81280398344211,80.91399803308605,Europe,BEL,High income
Belgium,2014,11210.119,97.83300018310548,99.0,84.46152802955515,73.79675897948243,15.96980540125605,81.2951166196699,Europe,BEL,High income
Belgium,2015,11275.335,97.8759994506836,99.0,85.82870667689376,75.12375883441591,15.12680681907023,81.67623520625375,Europe,BEL,High income
Belgium,2016,11332.701,97.91899871826172,99.0,87.2050463611118,76.45991404481612,14.28380823688417,82.0573537928376,Europe,BEL,High income
Belgium,2017,11376.581,97.96100616455078,99.0,88.59054659708885,77.80522467439731,13.44080965469811,82.43847237942146,Europe,BEL,High income
Belgium,2018,11428.605,98.0009994506836,99.0,89.98518839929373,79.15969079261669,12.59781107251206,82.81959096600531,Europe,BEL,High income
Belgium,2019,11490.618,98.04100036621094,99.0,91.38899665894223,80.52331226978828,11.75481249032623,83.20070955258916,Europe,BEL,High income
Belgium,2020,11540.107,98.0790023803711,99.0,92.80195680540926,81.89608924203462,10.91181390814018,83.58182813917301,Europe,BEL,High income
Belgium,2021,11570.844,98.11699676513672,99.0,94.22406912313448,83.27802157682079,10.06881532595412,83.96294672575686,Europe,BEL,High income
Belgium,2022,11641.82,98.15299987792967,99.0,94.8970043381225,83.91077207688306,9.225816743768291,84.34406531234072,Europe,BEL,High income
Belgium,2023,11712.893,98.18900299072266,99.0,94.8970058132777,83.91076955311604,9.225816743768291,84.34406531234072,Europe,BEL,High income
Belgium,2024,11738.763,98.2239990234375,99.0,94.8970100467783,83.9107670990299,9.225816743768291,84.34406531234072,Europe,BEL,High income
Belize,2000,240.799,45.39799880981445,83.99507934158018,,12.92572174633012,34.19832049987586,14.15246562122474,Americas,BLZ,Upper middle income
Belize,2001,248.379,45.38100051879883,83.99812365000075,,12.63702450339392,35.84382796281365,13.83640949406411,Americas,BLZ,Upper middle income
Belize,2002,256.009,45.3640022277832,84.00105825798022,,12.3485335160402,37.4894571209107,13.52057908198079,Americas,BLZ,Upper middle income
Belize,2003,263.78,45.34700012207031,84.00387922448287,,12.06024760191698,39.13520570436813,13.20497309082685,Americas,BLZ,Upper middle income
Belize,2004,271.688,45.33000183105469,84.00659220161084,,11.77216762701771,40.78107632250837,12.88959246876114,Americas,BLZ,Upper middle income
Belize,2005,279.731,45.3129997253418,83.99969586723248,,11.51030254215054,42.42706585542474,12.57443634629917,Americas,BLZ,Upper middle income
Belize,2006,287.878,45.29600143432617,83.99331894852736,,11.24730534836107,44.07317655766278,12.2595051802814,Americas,BLZ,Upper middle income
Belize,2007,296.1,45.27899932861328,83.98746576033045,,10.98317823562406,45.71941098511768,11.94479968432478,Americas,BLZ,Upper middle income
Belize,2008,304.361,45.262001037597656,83.9821223616587,,10.71792128273387,47.36576194326945,11.63031827410562,Americas,BLZ,Upper middle income
Belize,2009,312.614,45.244998931884766,83.97730219576201,,10.45153723319462,49.01223644308516,11.31606226620779,Americas,BLZ,Upper middle income
Belize,2010,320.245,45.22800064086914,83.97299754809802,,10.18402758827674,50.65883088275348,11.0020316202147,Americas,BLZ,Upper middle income
Belize,2011,327.298,45.22800064086914,83.97089847596092,,9.918904741265575,52.30879348352925,10.69200054149151,Americas,BLZ,Upper middle income
Belize,2012,334.414,45.24599838256836,83.97147543658738,,9.656081321384262,53.96212577881134,10.38584519564998,Americas,BLZ,Upper middle income
Belize,2013,341.627,45.28200149536133,83.97512510551175,,9.395252514987147,55.61863922561788,10.08321030498049,Americas,BLZ,Upper middle income
Belize,2014,348.923,45.334999084472656,83.9821211094783,,9.135918387266369,57.27796236618882,9.783535858904665,Americas,BLZ,Upper middle income
Belize,2015,356.333,45.40599822998047,83.99295672443387,,8.877965456302439,58.94008611067738,9.486678615477407,Americas,BLZ,Upper middle income
Belize,2016,364.705,45.494998931884766,84.00803551997313,,8.621079972433034,60.60482644784425,9.192284046625689,Americas,BLZ,Upper middle income
Belize,2017,373.202,45.60100173950195,84.027602259463,,8.364767994806149,62.27181697156735,8.899810227699554,Americas,BLZ,Upper middle income
Belize,2018,380.226,45.7239990234375,84.05202758270629,,8.108724305775361,63.94087559533917,8.608919858921809,Americas,BLZ,Upper middle income
Belize,2019,385.829,45.86600112915039,84.08391530382993,,8.132344167682788,63.96445025792087,8.633867651675667,Americas,BLZ,Upper middle income
Belize,2020,390.812,46.02499771118164,84.11939823198284,,8.158791950673464,63.99085070287838,8.661802356492224,Americas,BLZ,Upper middle income
Belize,2021,395.346,46.20100021362305,84.15864149483663,,8.188068072428885,64.02007582163698,8.692724413324955,Americas,BLZ,Upper middle income
Belize,2022,402.733,46.39599990844727,84.2021316466722,,8.22050413893818,64.05245258490199,8.726984068188923,Americas,BLZ,Upper middle income
Belize,2023,411.106,46.608001708984375,84.24972808548573,,8.255768207616988,64.08765334144299,8.76423071927671,Americas,BLZ,Upper middle income
Belize,2024,417.072,46.8380012512207,84.30176581715912,,8.294026176441026,64.12584291850199,8.804639590906513,Americas,BLZ,Upper middle income
Benin,2000,7221.619,38.33300018310547,8.528123936363869,6.235248500959097,<1,2.857751994355921,<1,Africa,BEN,Lower middle income
Benin,2001,7445.596,38.650001525878906,8.93975126867492,6.564110776760493,<1,2.881346893650848,<1,Africa,BEN,Lower middle income
Benin,2002,7675.426,39.0359992980957,9.37391256843619,6.909617060947682,<1,2.910077362392846,<1,Africa,BEN,Lower middle income
Benin,2003,7913.07,39.5359992980957,9.838773319290825,7.276924481878358,<1,2.94729314792823,<1,Africa,BEN,Lower middle income
Benin,2004,8159.094,40.03900146484375,10.31559213639948,7.653675998591535,<1,2.984732311018734,<1,Africa,BEN,Lower middle income
Benin,2005,8426.144,40.542999267578125,10.80395330081807,8.039553887227564,<1,3.022245789558607,<1,Africa,BEN,Lower middle income
Benin,2006,8693.242,41.04899978637695,11.30396203416412,8.43457806194314,<1,3.059908401019281,<1,Africa,BEN,Lower middle income
Benin,2007,8953.969,41.55799865722656,11.81572915582342,8.838769135477513,<1,3.097794122885147,<1,Africa,BEN,Lower middle income
Benin,2008,9228.466,42.06900024414063,12.33900776929441,9.2519186129007,<1,3.135828470255817,<1,Africa,BEN,Lower middle income
Benin,2009,9509.423,42.57999801635742,12.8733600744969,9.673700688873025,<1,3.173863119109374,<1,Africa,BEN,Lower middle income
Benin,2010,9797.484,43.09299850463867,13.4190757934874,10.07029812349235,<1,3.378114236637503,<1,Africa,BEN,Lower middle income
Benin,2011,10093.623,43.608001708984375,13.97608438601418,10.47415863433164,<1,3.583584472897092,<1,Africa,BEN,Lower middle income
Benin,2012,10397.657,44.125,14.54431231340855,10.88517819026925,<1,3.79027946133166,<1,Africa,BEN,Lower middle income
Benin,2013,10708.834,44.64200210571289,15.12330510542821,11.30302151687467,<1,3.998048636372331,<1,Africa,BEN,Lower middle income
Benin,2014,11030.004,45.16600036621094,15.71433022770754,11.72839527516044,<1,4.207449399621303,<1,Africa,BEN,Lower middle income
Benin,2015,11360.681,45.69499969482422,16.3169481534553,12.16096027494969,<1,4.418342330884379,<1,Africa,BEN,Lower middle income
Benin,2016,11697.842,46.229000091552734,16.93109724117094,12.60060761312249,<1,4.630742909236015,<1,Africa,BEN,Lower middle income
Benin,2017,12039.78,46.76800155639648,17.5567124078682,13.04722462896057,<1,4.844666469081955,<1,Africa,BEN,Lower middle income
Benin,2018,12383.347,47.3120002746582,18.19373038529695,13.50069943915878,<1,5.060129043237611,<1,Africa,BEN,Lower middle income
Benin,2019,12726.755,47.86100006103516,18.84208409449282,13.96091649567347,<1,5.277146074784259,<1,Africa,BEN,Lower middle income
Benin,2020,13070.169,48.415000915527344,19.50170435790104,14.42775787068929,<1,5.495732868666248,1.007081994641247,Africa,BEN,Lower middle income
Benin,2021,13413.417,48.97200012207031,20.1721169387367,14.90087854037388,<1,5.715731301995229,1.048047037647241,Africa,BEN,Lower middle income
Benin,2022,13759.501,49.53400039672852,20.85365076861498,15.38038593262653,<1,5.937326767836953,1.089823949455627,Africa,BEN,Lower middle income
Benin,2023,14111.034,50.09999847412109,21.54602919412116,15.8660459988508,<1,6.160446098930322,1.13240320831394,Africa,BEN,Lower middle income
Benin,2024,14462.724,50.66900253295898,22.24896870279098,16.35762504713539,<1,6.385011660690449,1.175772656612842,Africa,BEN,Lower middle income
Bermuda,2000,61.55,100.0,99.0,,1.5,-,5,Americas,BMU,High income
Bermuda,2001,61.867,100.0,99.0,,1.5,-,5,Americas,BMU,High income
Bermuda,2002,62.142,100.0,99.0,,1.5,-,5,Americas,BMU,High income
Bermuda,2003,62.386,100.0,99.0,,1.5,-,5,Americas,BMU,High income
Bermuda,2004,62.555,100.0,99.0,,1.5,-,5,Americas,BMU,High income
Bermuda,2005,62.711,100.0,99.0,,1.5,-,5,Americas,BMU,High income
Bermuda,2006,62.834,100.0,99.0,,1.5,-,5,Americas,BMU,High income
Bermuda,2007,63.01,100.0,99.0,,1.5,-,5,Americas,BMU,High income
Bermuda,2008,63.3,100.0,99.0,,1.5,-,5,Americas,BMU,High income
Bermuda,2009,63.565,100.0,99.0,,1.5,-,5,Americas,BMU,High income
Bermuda,2010,63.725,100.0,99.0,,1.5,-,5,Americas,BMU,High income
Bermuda,2011,63.733,100.0,99.0,,1.5,-,5,Americas,BMU,High income
Bermuda,2012,63.646,100.0,99.0,,1.5,-,5,Americas,BMU,High income
Bermuda,2013,63.574,100.0,99.0,,1.5,-,5,Americas,BMU,High income
Bermuda,2014,63.529,100.0,99.0,,1.5,-,5,Americas,BMU,High income
Bermuda,2015,63.464,100.0,99.0,,1.5,-,5,Americas,BMU,High income
Bermuda,2016,63.449,100.0,99.0,,1.5,-,5,Americas,BMU,High income
Bermuda,2017,63.578,100.0,99.0,,1.5,-,5,Americas,BMU,High income
Bermuda,2018,63.831,100.0,99.0,,1.5,-,5,Americas,BMU,High income
Bermuda,2019,64.107,100.0,99.0,,1.5,-,5,Americas,BMU,High income
Bermuda,2020,64.382,100.0,99.0,,1.5,-,5,Americas,BMU,High income
Bermuda,2021,64.648,100.0,99.0,,1.5,-,5,Americas,BMU,High income
Bermuda,2022,64.749,100.0,99.0,,1.5,-,5,Americas,BMU,High income
Bermuda,2023,64.698,100.0,99.0,,1.5,-,5,Americas,BMU,High income
Bermuda,2024,64.636,100.0,99.0,,1.5,-,5,Americas,BMU,High income
Bhutan,2000,596.863,25.41800117492676,44.05193139988617,38.16125903764851,<1,11.41268800735067,1.453697454186275,South-East Asia,BTN,Lower middle income
Bhutan,2001,610.794,26.48000144958496,44.41137118017227,38.27925051419123,<1,11.88952654291959,1.514435026681728,South-East Asia,BTN,Lower middle income
Bhutan,2002,624.409,27.56999969482422,46.66496697601755,39.87649391342691,<1,13.39305232138791,1.576773835533239,South-East Asia,BTN,Lower middle income
Bhutan,2003,637.663,28.687997817993164,48.88319661044047,40.72122059871965,<1,16.64470319034736,1.640713988970586,South-East Asia,BTN,Lower middle income
Bhutan,2004,650.544,29.83500099182129,51.0646518155056,41.55134778784546,<1,19.84237278261775,1.70631296868259,South-East Asia,BTN,Lower middle income
Bhutan,2005,661.865,30.96500015258789,53.19570684566741,42.36295834422683,<1,22.96710476554503,1.770939484756541,South-East Asia,BTN,Lower middle income
Bhutan,2006,670.799,31.711997985839844,55.19021602222568,43.13326199907775,<1,25.9004358007312,1.813661525727718,South-East Asia,BTN,Lower middle income
Bhutan,2007,678.641,32.46900177001953,57.15694337310476,43.89284930526853,<1,28.79320500881668,1.856955806726313,South-East Asia,BTN,Lower middle income
Bhutan,2008,686.351,33.23600006103516,59.09528614057349,44.64149454022469,<1,31.64453480574942,1.900821653651776,South-East Asia,BTN,Lower middle income
Bhutan,2009,693.988,34.0099983215332,61.03913471429581,45.11019222774166,1.181385371684154,34.45283163789869,2.85440624109669,South-East Asia,BTN,Lower middle income
Bhutan,2010,701.632,34.79300308227539,62.95507524216239,45.4660877427945,1.69274102820212,37.21790609632317,4.043305419961318,South-East Asia,BTN,Lower middle income
Bhutan,2011,709.377,35.58500289916992,64.84291596274932,45.80405995370435,2.218625963094446,39.93897011987584,5.262755962623934,South-East Asia,BTN,Lower middle income
Bhutan,2012,717.279,36.37099838256836,66.70048034208634,46.12369803585499,2.758598833849558,42.61294351497906,6.511232375166275,South-East Asia,BTN,Lower middle income
Bhutan,2013,725.273,37.14900207519531,68.52808439504926,46.42515605528386,3.312575920136728,45.24010659578865,7.788087607134612,South-East Asia,BTN,Lower middle income
Bhutan,2014,733.139,37.91800308227539,70.32625941157481,46.70864936023605,3.880477773074329,47.82106098137612,9.092695525036769,South-East Asia,BTN,Lower middle income
Bhutan,2015,740.618,38.67799758911133,72.09568662155075,46.97441637821352,4.462268610389192,50.35659495063179,10.42454671261934,South-East Asia,BTN,Lower middle income
Bhutan,2016,747.866,39.42799758911133,73.83696868890289,47.22272460152054,5.05782112325479,52.84745820810721,11.78292194629041,South-East Asia,BTN,Lower middle income
Bhutan,2017,754.335,40.16699981689453,75.5507698570494,47.4538847826281,5.666971462575008,55.29451997922705,13.1670278605336,South-East Asia,BTN,Lower middle income
Bhutan,2018,759.759,40.89500045776367,77.23784217498469,47.66819392836327,6.289620544986804,57.6987403593747,14.57624036884916,South-East Asia,BTN,Lower middle income
Bhutan,2019,764.824,41.61199951171875,78.89893725357808,47.86595297017654,6.925665860735246,60.06108406521772,16.00993948037427,South-East Asia,BTN,Lower middle income
Bhutan,2020,770.006,42.31599807739258,80.53478038112232,48.04760342186714,7.574756777050964,62.3826724361146,17.46693072337377,South-East Asia,BTN,Lower middle income
Bhutan,2021,775.442,43.007999420166016,82.14619067919534,48.21342550307764,8.236858619034965,64.66453469395023,18.94678538368827,South-East Asia,BTN,Lower middle income
Bhutan,2022,780.914,43.68600082397461,83.73397821848064,48.62485103491679,8.911548688479252,65.9037336875531,20.44817422655083,South-East Asia,BTN,Lower middle income
Bhutan,2023,786.385,44.35000228881836,85.29900108221648,49.05498950334664,9.598625527112004,66.9837489705282,21.9703087659575,South-East Asia,BTN,Lower middle income
Bhutan,2024,791.524,45.0,86.84210820750346,49.48108526462496,10.29787941529679,67.99557039144811,23.51239650063203,South-East Asia,BTN,Lower middle income
Bolivia (Plurinational State of),2000,8606.326,61.7869987487793,34.91585556561947,,-,8.04972913496029,31.95547858928779,Americas,BOL,Lower middle income
Bolivia (Plurinational State of),2001,8752.736,62.305999755859375,36.10692767102514,,-,8.353843214918665,32.84393870571479,Americas,BOL,Lower middle income
Bolivia (Plurinational State of),2002,8900.355,62.78300476074219,37.27887710850792,,-,8.654431518782555,33.71697756077781,Americas,BOL,Lower middle income
Bolivia (Plurinational State of),2003,9050.7,63.24800109863281,38.442320447364,,-,8.953852753346759,34.58923542357164,Americas,BOL,Lower middle income
Bolivia (Plurinational State of),2004,9204.287,63.71099853515625,39.6007187610011,,-,9.25288862953709,35.4656799863184,Americas,BOL,Lower middle income
Bolivia (Plurinational State of),2005,9360.754,64.17000579833984,40.75345881249438,,-,9.551388277538432,36.34524224795462,Americas,BOL,Lower middle income
Bolivia (Plurinational State of),2006,9521.689,64.62799835205078,41.90155426093661,,-,9.84958454320083,37.22943381521091,Americas,BOL,Lower middle income
Bolivia (Plurinational State of),2007,9685.96,65.08200073242188,43.48104472324778,,-,10.14724811998728,38.11663792131595,Americas,BOL,Lower middle income
Bolivia (Plurinational State of),2008,9850.858,65.53500366210938,45.07922724433468,,-,10.44461087189308,39.00840358440909,Americas,BOL,Lower middle income
Bolivia (Plurinational State of),2009,10016.275,65.98400115966797,46.69501032828744,,-,10.74144472578362,39.90307497132735,Americas,BOL,Lower middle income
Bolivia (Plurinational State of),2010,10182.345,66.43000030517578,48.32858585199665,,-,11.03782998227673,40.80114514052472,Americas,BOL,Lower middle income
Bolivia (Plurinational State of),2011,10348.929,66.8740005493164,49.98013098227133,,-,11.33384378364538,41.70311284963947,Americas,BOL,Lower middle income
Bolivia (Plurinational State of),2012,10515.807,67.31500244140625,51.64919986006356,,-,11.62941177208671,42.60838439573423,Americas,BOL,Lower middle income
Bolivia (Plurinational State of),2013,10682.608,67.6989974975586,53.31915141720464,,-,11.92047944215954,43.48624046616291,Americas,BOL,Lower middle income
Bolivia (Plurinational State of),2014,10848.888,68.0469970703125,54.99663091774591,,-,12.20866143889138,44.34776601829467,Americas,BOL,Lower middle income
Bolivia (Plurinational State of),2015,11014.705,68.39299774169922,56.69201607744714,,-,12.49652204014141,45.21204343004627,Americas,BOL,Lower middle income
Bolivia (Plurinational State of),2016,11180.02,68.73799896240234,58.40550720993224,,-,12.78413762651859,46.07962682993148,Americas,BOL,Lower middle income
Bolivia (Plurinational State of),2017,11344.587,69.08000183105469,60.13640435391648,,-,13.0713600879142,46.94931467232346,Americas,BOL,Lower middle income
Bolivia (Plurinational State of),2018,11508.368,69.42499542236328,61.8863758501478,,-,13.35863565753714,47.82463518830723,Americas,BOL,Lower middle income
Bolivia (Plurinational State of),2019,11671.386,69.77300262451172,63.65527709365577,,-,13.64596143387479,48.70563752899005,Americas,BOL,Lower middle income
Bolivia (Plurinational State of),2020,11816.299,70.12300109863281,65.44268197479947,,-,13.93326252595664,49.59176739021682,Americas,BOL,Lower middle income
Bolivia (Plurinational State of),2021,11937.36,70.4749984741211,67.24845294292564,,-,14.22053701748013,50.48305662215559,Americas,BOL,Lower middle income
Bolivia (Plurinational State of),2022,12077.154,70.83000183105469,69.07273231071134,,-,14.5078562433138,51.38015685343314,Americas,BOL,Lower middle income
Bolivia (Plurinational State of),2023,12244.159,71.18599700927734,70.4335419312464,,-,14.79507290811292,52.28187249002502,Americas,BOL,Lower middle income
Bolivia (Plurinational State of),2024,12413.315,71.54499816894531,71.58392041429957,,-,15.08233165553315,53.18948042866175,Americas,BOL,Lower middle income
"Bonaire, Sint Eustasius and Saba",2000,14.233,74.9469985961914,94.04857306985294,,-,-,<1,Americas,BES,
"Bonaire, Sint Eustasius and Saba",2001,14.502,74.76900482177734,94.12365234375,,-,-,<1,Americas,BES,
"Bonaire, Sint Eustasius and Saba",2002,15.005,74.76499938964844,94.19873161764708,,-,-,<1,Americas,BES,
"Bonaire, Sint Eustasius and Saba",2003,15.643,74.76200103759766,94.27381089154412,,-,-,<1,Americas,BES,
"Bonaire, Sint Eustasius and Saba",2004,16.303,74.75900268554688,94.34889016544118,,-,-,<1,Americas,BES,
"Bonaire, Sint Eustasius and Saba",2005,16.98,74.7550048828125,94.42396943933824,,-,-,<1,Americas,BES,
"Bonaire, Sint Eustasius and Saba",2006,17.674,74.75200653076172,94.49904871323528,,-,-,<1,Americas,BES,
"Bonaire, Sint Eustasius and Saba",2007,18.384,74.74800109863281,94.57412798713236,,-,-,<1,Americas,BES,
"Bonaire, Sint Eustasius and Saba",2008,19.099,74.74500274658203,94.64920726102942,,-,-,<1,Americas,BES,
"Bonaire, Sint Eustasius and Saba",2009,19.823,74.74200439453125,94.72428653492646,,-,-,<1,Americas,BES,
"Bonaire, Sint Eustasius and Saba",2010,20.558,74.73799896240234,94.79936580882352,,-,-,<1,Americas,BES,
"Bonaire, Sint Eustasius and Saba",2011,21.625,74.73500061035156,94.8744450827206,,-,-,<1,Americas,BES,
"Bonaire, Sint Eustasius and Saba",2012,22.822,74.73200225830078,94.94952435661766,,-,-,<1,Americas,BES,
"Bonaire, Sint Eustasius and Saba",2013,23.811,74.72799682617188,95.0246036305147,,-,-,<1,Americas,BES,
"Bonaire, Sint Eustasius and Saba",2014,24.465,74.73699951171875,95.09968290441176,,-,-,<1,Americas,BES,
"Bonaire, Sint Eustasius and Saba",2015,24.61,74.75900268554688,95.17476217830884,,-,-,<1,Americas,BES,
"Bonaire, Sint Eustasius and Saba",2016,24.543,74.79199981689453,95.24984145220589,,-,-,<1,Americas,BES,
"Bonaire, Sint Eustasius and Saba",2017,24.797,74.83799743652344,95.32492072610296,,-,-,<1,Americas,BES,
"Bonaire, Sint Eustasius and Saba",2018,25.154,74.89600372314453,95.4,,-,-,<1,Americas,BES,
"Bonaire, Sint Eustasius and Saba",2019,25.625,74.96600341796875,95.4,,-,-,<1,Americas,BES,
"Bonaire, Sint Eustasius and Saba",2020,26.453,75.0479965209961,95.4,,-,-,<1,Americas,BES,
"Bonaire, Sint Eustasius and Saba",2021,27.323,75.14199829101562,95.4,,-,-,<1,Americas,BES,
"Bonaire, Sint Eustasius and Saba",2022,28.627,75.2490005493164,95.4,,-,-,<1,Americas,BES,
"Bonaire, Sint Eustasius and Saba",2023,29.898,75.36600494384766,95.4,,-,-,<1,Americas,BES,
"Bonaire, Sint Eustasius and Saba",2024,30.675,75.49600219726562,95.4,,-,-,<1,Americas,BES,
Bosnia and Herzegovina,2000,4159.771,42.38399887084961,95.07844353931716,26.06826013093352,<1,27.72070632732678,51.62512596491808,Europe,BIH,Upper middle income
Bosnia and Herzegovina,2001,4179.438,42.697998046875,95.08796381995283,26.13772433405207,<1,28.79576661679577,51.81995043606265,Europe,BIH,Upper middle income
Bosnia and Herzegovina,2002,4188.002,43.01399993896485,95.09814318789742,26.20321231799077,<1,29.85826536859631,52.01963942660937,Europe,BIH,Upper middle income
Bosnia and Herzegovina,2003,4178.523,43.32999801635742,95.1088597606974,26.26518224769787,<1,30.90861212992672,52.22327459219835,Europe,BIH,Upper middle income
Bosnia and Herzegovina,2004,4140.987,43.64799880981445,95.12024536482728,26.32007969383785,<1,31.94624516988791,52.4318247677207,Europe,BIH,Upper middle income
Bosnia and Herzegovina,2005,4096.493,43.96500015258789,95.13579404916042,26.37251962916187,<1,32.97195423834727,52.64386257448406,Europe,BIH,Upper middle income
Bosnia and Herzegovina,2006,4063.272,44.28200149536133,95.15163296614077,26.42117199765025,<1,33.98547226906644,52.85985737830043,Europe,BIH,Upper middle income
Bosnia and Herzegovina,2007,4013.424,44.60099792480469,95.16789451360162,26.46550375261414,<1,34.98612183964696,53.08081400151448,Europe,BIH,Upper middle income
Bosnia and Herzegovina,2008,3947.544,44.92000198364258,95.18445862759528,26.50603276758383,<1,35.97450611225891,53.30575948345085,Europe,BIH,Upper middle income
Bosnia and Herzegovina,2009,3879.794,45.23899841308594,95.20132167847004,27.67940483530905,<1,36.95062694785588,53.53468782565153,Europe,BIH,Upper middle income
Bosnia and Herzegovina,2010,3811.472,45.55799865722656,95.21848376002356,30.59540725570045,3.06825662068094,37.91448012865731,53.76760413240955,Europe,BIH,Upper middle income
Bosnia and Herzegovina,2011,3741.798,45.87799835205078,95.23601553213078,33.55946229848696,5.413501014783908,38.86565438150152,54.00503366440391,Europe,BIH,Upper middle income
Bosnia and Herzegovina,2012,3670.113,46.19900131225586,95.25390826766348,36.57415734418151,7.887858083228843,39.80408498085323,54.24699262980076,Europe,BIH,Upper middle income
Bosnia and Herzegovina,2013,3610.859,46.51900100708008,95.2720361490621,39.64028994947786,10.49313557137323,40.61166244396636,54.49242139516509,Europe,BIH,Upper middle income
Bosnia and Herzegovina,2014,3564.829,46.84000015258789,95.2905317745254,42.77209980156761,13.23150009877212,41.14393892803618,54.74239467095695,Europe,BIH,Upper middle income
Bosnia and Herzegovina,2015,3518.541,47.17300033569336,95.31293393414192,46.0505481440505,16.08478866979049,40.98479628141691,54.92418262630306,Europe,BIH,Upper middle income
Bosnia and Herzegovina,2016,3473.003,47.51800155639648,95.33614676916925,49.45116716603904,19.06885694806945,40.81992009252647,55.11252358274252,Europe,BIH,Upper middle income
Bosnia and Herzegovina,2017,3428.682,47.8759994506836,95.36023558300802,52.97575912845984,22.18609510911439,40.64883051034931,55.30796341321781,Europe,BIH,Upper middle income
Bosnia and Herzegovina,2018,3387.0,48.24500274658203,95.3850620124746,56.62665905247901,25.43834400955865,40.47248416219261,55.50940564152156,Europe,BIH,Upper middle income
Bosnia and Herzegovina,2019,3345.533,48.6259994506836,,,-,-,-,Europe,BIH,Upper middle income
Bosnia and Herzegovina,2020,3299.349,49.02000045776367,,,-,-,-,Europe,BIH,Upper middle income
Bosnia and Herzegovina,2021,3244.907,49.42499923706055,,,-,-,-,Europe,BIH,Upper middle income
Bosnia and Herzegovina,2022,3204.802,49.84099960327149,,,-,-,-,Europe,BIH,Upper middle income
Bosnia and Herzegovina,2023,3185.073,50.26900100708008,,,-,-,-,Europe,BIH,Upper middle income
Bosnia and Herzegovina,2024,3164.253,50.70800018310547,,,-,-,-,Europe,BIH,Upper middle income
Botswana,2000,1677.382,53.21900177001953,53.7395555164228,,<1,4.403008121348337,1.104723050452701,Africa,BWA,Upper middle income
Botswana,2001,1712.254,54.06200408935547,54.74514043340177,,<1,4.429984185809959,1.119054078295243,Africa,BWA,Upper middle income
Botswana,2002,1744.763,54.56999969482422,55.6040876882088,,<1,4.446240034502313,1.127690017983908,Africa,BWA,Upper middle income
Botswana,2003,1775.736,55.02899932861328,56.43226293016269,,<1,4.460927990436298,1.135492978966494,Africa,BWA,Upper middle income
Botswana,2004,1807.146,55.48800277709961,57.24880484038306,,<1,4.475616054480726,1.143296031611058,Africa,BWA,Upper middle income
Botswana,2005,1839.877,55.94400024414063,58.0524375220249,,<1,4.490207917940983,1.151047987854623,Africa,BWA,Upper middle income
Botswana,2006,1874.516,56.400001525878906,58.84412059903189,,<1,4.504800033058951,1.158800023350194,Africa,BWA,Upper middle income
Botswana,2007,1911.201,57.928001403808594,59.99491032316628,,<1,4.553696221366908,1.184776085434139,Africa,BWA,Upper middle income
Botswana,2008,1949.97,59.44400024414063,61.11115814462055,,<1,4.602207994581127,1.210547977030175,Africa,BWA,Upper middle income
Botswana,2009,1990.673,60.9370002746582,62.18894720212028,,<1,4.649983948925109,1.23592898921621,Africa,BWA,Upper middle income
Botswana,2010,2033.111,62.4119987487793,63.22987702562476,,<1,4.697184087323756,1.261004032457448,Africa,BWA,Upper middle income
Botswana,2011,2073.535,63.8650016784668,64.2325786938522,,<1,4.743680130687525,1.285705049080586,Africa,BWA,Upper middle income
Botswana,2012,2108.617,64.76799774169922,65.03727505266097,,<1,4.77257581489209,1.301055934818592,Africa,BWA,Upper middle income
Botswana,2013,2140.682,65.5719985961914,65.79083049695974,,<1,4.798303989549607,1.314723990506443,Africa,BWA,Upper middle income
Botswana,2014,2172.044,66.36800384521484,66.52149368556421,,<1,4.823776193384479,1.328256064441777,Africa,BWA,Upper middle income
Botswana,2015,2203.273,67.15499877929688,67.22888788693228,,<1,4.84895990655064,1.341634944610316,Africa,BWA,Upper middle income
Botswana,2016,2234.776,67.93299865722656,67.91296159840924,,<1,4.873856016279359,1.354861008109006,Africa,BWA,Upper middle income
Botswana,2017,2266.747,68.69999694824219,68.5731443566445,,<1,4.898399923458079,1.367899954285053,Africa,BWA,Upper middle income
Botswana,2018,2299.141,69.44599914550781,69.20699215953037,,<1,4.922271875678581,1.380581938672965,Africa,BWA,Upper middle income
Botswana,2019,2332.083,70.1719970703125,69.81505996782889,,<1,4.945503877348632,1.392923963012291,Africa,BWA,Upper middle income
Botswana,2020,2365.894,70.87699890136719,70.39742911755141,,<1,4.968063902839986,1.404908957809659,Africa,BWA,Upper middle income
Botswana,2021,2401.441,71.55999755859375,70.9542350453954,,<1,4.98991999212579,1.416520006609118,Africa,BWA,Upper middle income
Botswana,2022,2439.892,72.2239990234375,71.48649199305818,,<1,5.01116783570268,1.427807929020911,Africa,BWA,Upper middle income
Botswana,2023,2480.244,72.86699676513672,71.99413925064745,,<1,5.031744050473525,1.438739017579709,Africa,BWA,Upper middle income
Botswana,2024,2521.139,73.48999786376953,72.11545659900098,,<1,5.051679953946255,1.449329986770117,Africa,BWA,Upper middle income
Brazil,2000,174018.282,81.19200134277344,73.36615418840846,33.6830078204108,16.89238404563977,19.9294963598565,43.08310478690159,Americas,BRA,Upper middle income
Brazil,2001,176301.203,81.5530014038086,74.23592735515584,33.97647400578956,17.39413044158192,19.65638227426465,44.33166368362994,Americas,BRA,Upper middle income
Brazil,2002,178503.484,81.87999725341797,75.08675216107903,34.26318756066184,17.89289232758608,19.3701547959439,45.57087246924927,Americas,BRA,Upper middle income
Brazil,2003,180622.688,82.2030029296875,75.93220339439912,34.54714714698703,18.39425703069653,19.07392959425404,46.81496707415489,Americas,BRA,Upper middle income
Brazil,2004,182675.143,82.52099609375,76.77192816883155,34.82827772027247,18.89796996053937,18.76784557871173,48.06328782267355,Americas,BRA,Upper middle income
Brazil,2005,184688.101,82.83399963378906,77.60604428767455,35.10664252879359,19.40397790509899,18.45212991710555,49.31568867652601,Americas,BRA,Upper middle income
Brazil,2006,186653.106,83.14300537109375,78.43504902321152,35.38240168790174,19.91243132805459,18.12701181119822,50.5725410762357,Americas,BRA,Upper middle income
Brazil,2007,188552.32,83.447998046875,79.25902928561415,36.29029137917443,20.9203643345078,17.79267216979302,51.83371923925462,Americas,BRA,Upper middle income
Brazil,2008,190367.302,83.7490005493164,80.07807475033665,37.21623355724559,21.9556367046879,17.44929108613633,53.09910339732279,Americas,BRA,Upper middle income
Brazil,2009,192079.951,84.04399871826172,80.89148213540017,38.16008857645955,23.01788151249775,17.09712185910561,54.36741064314979,Americas,BRA,Upper middle income
Brazil,2010,193701.929,84.33499908447266,81.70014280383586,39.12215720749,24.10766414625625,16.73632923197172,55.63962475054746,Americas,BRA,Upper middle income
Brazil,2011,195284.734,84.6310043334961,82.50753089805623,40.53977564815072,25.66396854102625,16.36649213745903,56.92097312454008,Americas,BRA,Upper middle income
Brazil,2012,196876.111,84.9229965209961,83.31021850913623,42.01544049998536,27.28793969896155,15.98812275702864,58.20616081153255,Americas,BRA,Upper middle income
Brazil,2013,198478.299,85.20899963378906,84.10756649307577,43.55042823399548,28.98054505880006,15.60159364959699,59.49383561885551,Americas,BRA,Upper middle income
Brazil,2014,200085.127,85.49200439453125,84.90076040897266,45.14663897830947,30.74420012301042,15.2068379903621,60.78568128064279,Americas,BRA,Upper middle income
Brazil,2015,201675.532,85.7699966430664,85.68916940674839,46.80535405826738,32.57985436509491,14.804246639828,62.08032975552053,Americas,BRA,Upper middle income
Brazil,2016,203218.114,86.04199981689453,86.47254099948776,47.73672251950332,33.81356454143818,14.39418245055342,63.37696952548445,Americas,BRA,Upper middle income
Brazil,2017,204703.445,86.30899810791016,87.25134605813886,48.68856037851904,35.07201383239865,13.97676038621511,64.67607693144983,Americas,BRA,Upper middle income
Brazil,2018,206107.261,86.56900024414062,88.02503033070346,49.66071935296274,36.35449012851099,13.55254824015051,65.97616004553949,Americas,BRA,Upper middle income
Brazil,2019,207455.459,86.8239974975586,88.7943635272571,50.65362217272926,37.66169339363955,13.12148543264387,67.27833886961788,Americas,BRA,Upper middle income
Brazil,2020,208660.842,87.072998046875,89.55914412867355,51.4993722537634,38.99324836700435,13.07501980635709,68.58177591588193,Americas,BRA,Upper middle income
Brazil,2021,209550.294,87.31700134277344,90.31980162898124,52.3627777203099,40.34953007761823,13.0294864046166,69.88698182745749,Americas,BRA,Upper middle income
Brazil,2022,210306.415,87.55500030517578,91.01965506461283,53.21089433824855,41.70217774572182,12.98507454295846,71.193081970624,Americas,BRA,Upper middle income
Brazil,2023,211140.729,87.78799438476562,91.71284762143476,54.07491272097509,43.07674810352069,12.94159409909628,72.50060825452259,Americas,BRA,Upper middle income
Brazil,2024,211998.573,88.01599884033203,92.40127016048528,54.95603790928619,44.47404103922793,12.8990470894044,73.80940377284159,Americas,BRA,Upper middle income
British Virgin Islands,2000,20.241,41.77399826049805,96.78519839613452,,-,67.85760002023812,28.61252988274578,Americas,VGB,High income
British Virgin Islands,2001,20.796,42.04800033569336,96.79126348676304,,-,68.2944320064762,28.21600956247858,Americas,VGB,High income
British Virgin Islands,2002,21.43,42.32799911499024,96.79732857739155,,-,68.73126399271439,27.81948924221149,Americas,VGB,High income
British Virgin Islands,2003,22.134,42.61499786376953,96.80339366802008,,-,69.16809597895246,27.42296892194429,Americas,VGB,High income
British Virgin Islands,2004,22.881,42.90900039672852,96.8094587586486,,-,69.60492796519065,27.0264486016772,Americas,VGB,High income
British Virgin Islands,2005,23.665,43.209999084472656,96.81552384927711,,-,70.04175995142873,26.62992828141,Americas,VGB,High income
British Virgin Islands,2006,24.493,43.516998291015625,96.82158893990564,,-,70.47859193766692,26.23340796114292,Americas,VGB,High income
British Virgin Islands,2007,25.366,43.83100128173828,96.82765403053416,,-,70.915423923905,25.83688764087572,Americas,VGB,High income
British Virgin Islands,2008,26.288,44.152000427246094,96.83371912116267,,-,71.35225591014307,25.44036732060863,Americas,VGB,High income
British Virgin Islands,2009,27.218,44.479000091552734,96.8397842117912,,-,71.78908789638126,25.04384700034143,Americas,VGB,High income
British Virgin Islands,2010,27.675,44.81399917602539,96.84584930241972,,-,72.19852262234537,24.64732668007434,Americas,VGB,High income
British Virgin Islands,2011,28.71,45.15399932861328,96.85191439304823,,-,72.60110803324109,24.25080635980714,Americas,VGB,High income
British Virgin Islands,2012,30.345,45.50200271606445,96.85797948367674,,-,73.00369344413669,23.85428603954006,Americas,VGB,High income
British Virgin Islands,2013,31.703,45.85599899291992,96.85797948367674,,-,73.00369344413669,23.85428603954006,Americas,VGB,High income
British Virgin Islands,2014,32.962,46.21599960327149,96.85797948367674,,-,73.00369344413669,23.85428603954006,Americas,VGB,High income
British Virgin Islands,2015,34.498,46.58300018310547,96.85797948367674,,-,73.00369344413669,23.85428603954006,Americas,VGB,High income
British Virgin Islands,2016,33.878,46.95700073242188,96.85797948367674,,-,73.00369344413669,23.85428603954006,Americas,VGB,High income
Brunei Darussalam,2000,326.424,71.16400146484375,72.7148465774726,,-,72.7148465774726,-,Western Pacific,BRN,High income
Brunei Darussalam,2001,333.345,71.6520004272461,73.93148197876462,,-,73.93148197876462,-,Western Pacific,BRN,High income
Brunei Darussalam,2002,340.099,72.0459976196289,75.14811738005665,,-,75.14811738005665,-,Western Pacific,BRN,High income
Brunei Darussalam,2003,346.637,72.42100524902344,76.36475278134822,,-,76.36475278134822,-,Western Pacific,BRN,High income
Brunei Darussalam,2004,352.911,72.79399871826172,77.58138818264024,,-,77.58138818264024,-,Western Pacific,BRN,High income
Brunei Darussalam,2005,358.916,73.16300201416016,78.79802358393226,,-,78.79802358393226,-,Western Pacific,BRN,High income
Brunei Darussalam,2006,364.663,73.52899932861328,80.01465898522383,,-,80.01465898522383,-,Western Pacific,BRN,High income
Brunei Darussalam,2007,370.873,73.89199829101562,81.23129438651586,,-,81.23129438651586,-,Western Pacific,BRN,High income
Brunei Darussalam,2008,377.793,74.25199890136719,82.44792978780788,,-,82.44792978780788,-,Western Pacific,BRN,High income
Brunei Darussalam,2009,384.952,74.60800170898438,83.6645651890999,,-,83.6645651890999,-,Western Pacific,BRN,High income
Brunei Darussalam,2010,392.332,74.96099853515625,84.88120059039147,,-,84.88120059039147,-,Western Pacific,BRN,High income
Brunei Darussalam,2011,399.389,75.30999755859375,86.0978359916835,,-,86.0978359916835,-,Western Pacific,BRN,High income
Brunei Darussalam,2012,405.557,75.656005859375,87.31447139297552,,-,87.31447139297552,-,Western Pacific,BRN,High income
Brunei Darussalam,2013,411.202,75.99700164794922,88.53110679426709,,-,88.53110679426709,-,Western Pacific,BRN,High income
Brunei Darussalam,2014,416.75,76.33200073242188,89.74774219555911,,-,89.74774219555911,-,Western Pacific,BRN,High income
Brunei Darussalam,2015,422.212,76.66300201416016,90.96437759685114,,-,90.96437759685114,-,Western Pacific,BRN,High income
Brunei Darussalam,2016,427.564,76.99000549316406,92.1810129981427,,-,92.1810129981427,-,Western Pacific,BRN,High income
Brunei Darussalam,2017,432.772,77.31199645996094,93.39764839943471,,-,93.39764839943473,-,Western Pacific,BRN,High income
Brunei Darussalam,2018,437.81,77.62899780273438,94.61428380072677,,-,94.61428380072675,-,Western Pacific,BRN,High income
Brunei Darussalam,2019,442.68,77.94200134277344,95.83091920201878,,-,95.83091920201878,-,Western Pacific,BRN,High income
Brunei Darussalam,2020,447.404,78.25,97.04755460331036,,-,97.04755460331035,-,Western Pacific,BRN,High income
Brunei Darussalam,2021,451.721,78.55400085449219,98.26419000460236,,-,98.26419000460237,-,Western Pacific,BRN,High income
Brunei Darussalam,2022,455.37,78.85400390625,99.0,,-,98.92999999999995,-,Western Pacific,BRN,High income
Brunei Darussalam,2023,458.949,79.14900207519531,99.0,,-,>99,-,Western Pacific,BRN,High income
Brunei Darussalam,2024,462.721,79.43900299072266,99.0,,-,>99,-,Western Pacific,BRN,High income
Bulgaria,2000,8000.52,68.89900207519531,85.82707584243065,54.87132621120364,35.82290864943924,23.46775183612089,65.09999615214933,Europe,BGR,High income
Bulgaria,2001,7928.452,69.16600036621094,85.8352608493331,55.28176746189155,37.20667850836176,23.3203682432911,66.38035024288442,Europe,BGR,High income
Bulgaria,2002,7861.943,69.52400207519531,85.84623881421123,55.72796133000204,38.64899036928329,23.12275115539683,67.71157349392162,Europe,BGR,High income
Bulgaria,2003,7804.409,69.87899780273438,85.85712040764552,56.20550019176303,40.11219725123817,22.92679077563821,69.02658803388253,Europe,BGR,High income
Bulgaria,2004,7749.43,70.23300170898438,85.86797584622794,56.71421903654058,41.59682462265341,22.73138500564517,70.32685233457184,Europe,BGR,High income
Bulgaria,2005,7695.05,70.58399963378906,85.87873532929869,57.25362503721149,43.10184512755431,22.53763218153939,71.61119097297683,Europe,BGR,High income
Bulgaria,2006,7640.294,70.93199920654297,85.88940581211236,57.82337377636737,44.62702143301723,22.34553583337136,72.87978667532234,Europe,BGR,High income
Bulgaria,2007,7586.888,71.27799987792969,85.90001325108582,58.42323996769219,46.17248237819732,22.15454404820074,74.13338933259625,Europe,BGR,High income
Bulgaria,2008,7535.592,71.62200164794922,85.91056062143774,59.05291409742755,47.73798157968194,21.96465548794765,75.37212288065557,Europe,BGR,High income
Bulgaria,2009,7488.011,71.96299743652344,85.92100848385599,59.71193522128702,49.32290854781249,21.77642326816243,76.59555923265481,Europe,BGR,High income
Bulgaria,2010,7437.599,72.302001953125,85.93140280691975,60.62295399987828,50.92739709564537,21.04704826826115,77.8044106981264,Europe,BGR,High income
Bulgaria,2011,7380.025,72.63800048828125,85.94170672626512,61.61473698284139,52.55085788074552,20.19380962019856,78.99829349106477,Europe,BGR,High income
Bulgaria,2012,7317.014,72.9749984741211,85.95203680372343,62.62925443618676,54.19440694822475,19.35664937543633,80.17928713582937,Europe,BGR,High income
Bulgaria,2013,7264.6,73.31299591064453,85.96239806218065,63.6662319339728,55.85774044303695,18.53564079328434,81.3473382801965,Europe,BGR,High income
Bulgaria,2014,7223.449,73.6510009765625,85.97275852947446,64.82509394687415,57.54022445999323,17.49780064072333,82.50194798427093,Europe,BGR,High income
Bulgaria,2015,7177.517,73.98999786376953,85.98315548680426,66.05740922011238,59.24188232965123,16.35621744192165,83.64354160887864,Europe,BGR,High income
Bulgaria,2016,7127.434,74.3290023803711,85.99354499859724,67.31286209836826,60.96207871861058,15.22811428448055,84.7716466260271,Europe,BGR,High income
Bulgaria,2017,7075.636,74.66899871826172,86.00397127093554,68.59131557370554,62.7008146851264,14.11311698251638,85.8866530720754,Europe,BGR,High income
Bulgaria,2018,7024.745,75.00799560546875,86.01436084160483,69.59129919072261,63.74784224075795,13.98519172572806,86.014580260042,Europe,BGR,High income
Bulgaria,2019,6975.469,75.34700012207031,86.02475324888283,70.59740297845973,64.80109195124878,13.85726642917471,86.14251074203682,Europe,BGR,High income
Bulgaria,2020,6933.652,75.68600463867188,86.03514845400339,71.60964217152954,65.86057892762163,13.72934139216405,86.27044420215806,Europe,BGR,High income
Bulgaria,2021,6877.225,76.02499389648438,86.04553900860671,72.62802475298106,66.92631030454679,13.60141868132844,86.3983702197519,Europe,BGR,High income
Bulgaria,2022,6825.864,76.36299896240234,86.05590263179786,73.65241672322419,67.99799770902368,13.47387125081596,86.52592502448354,Europe,BGR,High income
Bulgaria,2023,6795.803,76.70099639892578,86.06626214624752,74.68297505498451,69.07595314881681,13.3463238177359,86.65347512009876,Europe,BGR,High income
Bulgaria,2024,6757.689,77.03700256347656,86.07656070633546,75.71938595287033,70.15955056288416,13.21952938057482,86.78027244133243,Europe,BGR,High income
Burkina Faso,2000,11925.546,17.8439998626709,8.841625820835297,5.916354801155409,<1,1.354908249005054,<1,Africa,BFA,Low income
Burkina Faso,2001,12295.001,18.53999900817871,9.130870254764938,6.101052308701145,<1,1.382544735297319,<1,Africa,BFA,Low income
Burkina Faso,2002,12680.897,19.257999420166016,10.05984273518212,6.857286994741385,<1,1.398771365191716,<1,Africa,BFA,Low income
Burkina Faso,2003,13082.532,19.99599838256836,11.00808834891683,7.628065205190411,<1,1.417116652324932,<1,Africa,BFA,Low income
Burkina Faso,2004,13500.533,20.756999969482425,11.97599497344723,8.413356764151493,<1,1.437761854507415,<1,Africa,BFA,Low income
Burkina Faso,2005,13932.123,21.53700065612793,12.96108769943136,9.211326914185486,<1,1.460595421647663,<1,Africa,BFA,Low income
Burkina Faso,2006,14373.707,22.339000701904297,13.96367978653688,10.02187573976571,<1,1.485801277795054,<1,Africa,BFA,Low income
Burkina Faso,2007,14816.307,22.996000289916992,14.91885418843187,10.8053399978538,<1,1.505908227822541,<1,Africa,BFA,Low income
Burkina Faso,2008,15258.093,23.53400039672852,15.83855904248019,11.56981388164685,<1,1.521721578519768,<1,Africa,BFA,Low income
Burkina Faso,2009,15710.066,24.078998565673828,16.77131901173427,12.34484039747145,<1,1.538828745110751,<1,Africa,BFA,Low income
Burkina Faso,2010,16176.498,24.632999420166016,17.71734810165195,13.13036308764373,<1,1.557344154858061,<1,Africa,BFA,Low income
Burkina Faso,2011,16661.908,25.196001052856445,18.6760821491649,13.92585042717355,<1,1.577292060698213,<1,Africa,BFA,Low income
Burkina Faso,2012,17172.287,25.766998291015625,19.64659316457326,14.73055981498309,<1,1.598646926840134,<1,Africa,BFA,Low income
Burkina Faso,2013,17695.409,26.34600067138672,20.62831735794756,15.54396069871494,<1,1.621430773308292,<1,Africa,BFA,Low income
Burkina Faso,2014,18229.461,26.93400001525879,21.62100774876985,16.36569238474259,<1,1.645715989564453,<1,Africa,BFA,Low income
Burkina Faso,2015,18777.487,27.529998779296875,22.62372335213403,17.19500167421938,<1,1.671474522706852,<1,Africa,BFA,Low income
Burkina Faso,2016,19334.856,28.13400077819824,23.63586716592314,18.03132778671275,<1,1.698728381922689,<1,Africa,BFA,Low income
Burkina Faso,2017,19894.407,28.742998123168945,24.65589189817235,18.87361536720691,<1,1.727336416472195,<1,Africa,BFA,Low income
Burkina Faso,2018,20438.288,29.357999801635746,25.68355487626072,19.72150839898867,<1,1.757367456487096,<1,Africa,BFA,Low income
Burkina Faso,2019,20961.952,29.98000144958496,26.7185691114763,20.57460925195474,<1,1.788893388855141,<1,Africa,BFA,Low income
Burkina Faso,2020,21478.69,30.60700035095215,27.7597483878875,21.43207361324104,<1,1.821819200528079,<1,Africa,BFA,Low income
Burkina Faso,2021,21995.243,31.2400016784668,28.80680226580454,22.29349985345713,<1,1.856216519607365,<1,Africa,BFA,Low income
Burkina Faso,2022,22509.038,31.876998901367188,29.85859261829865,23.15809168740599,<1,1.891984079373813,<1,Africa,BFA,Low income
Burkina Faso,2023,23025.776,32.52000045776367,30.91507538458113,24.02455002832726,<1,1.93200319815844,<1,Africa,BFA,Low income
Burkina Faso,2024,23548.781,33.16600036621094,31.79634859382032,24.72346729043262,<1,1.990339585785522,<1,Africa,BFA,Low income
Burundi,2000,6470.194,8.246000289916992,45.88320288893674,,-,<1,1.684188001943064,Africa,BDI,Low income
Burundi,2001,6634.365,8.461000442504883,45.9762261657477,,-,<1,1.642194730327787,Africa,BDI,Low income
Burundi,2002,6824.132,8.682000160217285,46.07145304731609,,-,1.012364681099293,1.598393526591838,Africa,BDI,Low income
Burundi,2003,7043.154,8.907999992370605,46.16902717982331,,-,1.038655684655713,1.552535940897128,Africa,BDI,Low income
Burundi,2004,7310.656,9.138999938964844,46.07445303710629,,-,1.213470908345605,1.504528756548733,Africa,BDI,Low income
Burundi,2005,7587.299,9.375,45.97807784702138,,-,1.394342321707146,1.45427909978168,Africa,BDI,Low income
Burundi,2006,7865.547,9.616999626159668,45.87974906960368,,-,1.581595140755818,1.401812285761362,Africa,BDI,Low income
Burundi,2007,8161.874,9.86400032043457,45.7793823625363,,-,1.775275203478547,1.346904472650626,Africa,BDI,Low income
Burundi,2008,8505.637,10.118000030517578,45.67678169368332,,-,1.975905160396834,1.289674393955852,Africa,BDI,Low income
Burundi,2009,8947.646,10.375999450683594,45.57191582663555,,-,2.183170910950069,1.229692938072322,Africa,BDI,Low income
Burundi,2010,9376.444,10.642000198364258,45.4645083129414,,-,2.398001843842027,1.167259556016662,Africa,BDI,Low income
Burundi,2011,9717.978,10.914999961853027,45.35445078634505,,-,2.620466909077827,1.102138030269874,Africa,BDI,Low income
Burundi,2012,10071.028,11.193999290466309,45.24161778407978,,-,2.850589076317838,1.034117157471507,Africa,BDI,Low income
Burundi,2013,10439.341,11.482000350952148,45.12575174676099,,-,3.089274334995149,<1,Africa,BDI,Low income
Burundi,2014,10799.785,11.776000022888184,45.00677574407142,,-,3.336103744656134,<1,Africa,BDI,Low income
Burundi,2015,11047.58,12.07800006866455,44.8844503584829,,-,3.591797004578202,<1,Africa,BDI,Low income
Burundi,2016,11239.451,12.387999534606934,44.75858470245723,,-,3.856632905864454,<1,Africa,BDI,Low income
Burundi,2017,11506.762,12.705999374389648,44.62898412382831,,-,4.130889796571907,<1,Africa,BDI,Low income
Burundi,2018,11859.446,13.031999588012695,44.49543808948111,,-,4.414845498952945,<1,Africa,BDI,Low income
Burundi,2019,12255.336,13.366000175476074,44.35773882293149,,-,4.708779099890675,<1,Africa,BDI,Low income
Burundi,2020,12617.036,13.708000183105469,44.45480706206611,,-,5.012968519215885,<1,Africa,BDI,Low income
Burundi,2021,12965.481,14.05799961090088,44.55452259888727,,-,5.327691843325608,<1,Africa,BDI,Low income
Burundi,2022,13321.097,14.416999816894531,44.65696036840614,,-,5.653564969392748,<1,Africa,BDI,Low income
Burundi,2023,13689.45,14.7839994430542,44.64561259027376,,-,5.777135124601667,<1,Africa,BDI,Low income
Burundi,2024,14047.786,15.15999984741211,44.6339890793582,,-,5.903736225437262,<1,Africa,BDI,Low income
Cabo Verde,2000,453.317,53.43499755859375,36.827954010232,,2.156154590007488,2.172480997636268,37.97607464084933,Africa,CPV,Lower middle income
Cabo Verde,2001,460.293,54.29099655151367,39.19105543939622,,2.192965631906,4.106597368162368,38.60107765864046,Africa,CPV,Lower middle income
Cabo Verde,2002,467.046,55.14600372314453,41.53750719850246,,2.13196271716707,7.703915793808554,37.54620821518648,Africa,CPV,Lower middle income
Cabo Verde,2003,473.383,55.99700164794922,43.86640949824587,,2.071126879466088,11.28144501909231,36.49343646204429,Africa,CPV,Lower middle income
Cabo Verde,2004,479.37,56.84600067138672,46.17847285727332,,2.010490397098698,14.83938417609171,35.4433540484425,Africa,CPV,Lower middle income
Cabo Verde,2005,485.115,57.68899917602539,48.47260225485817,,1.949984096032887,18.37772603193462,34.39471248984417,Africa,CPV,Lower middle income
Cabo Verde,2006,490.728,58.52900314331055,50.74980107782963,,1.889657051124011,21.89669779955261,33.34840797971189,Africa,CPV,Lower middle income
Cabo Verde,2007,496.19,59.36300277709961,53.00934932694661,,1.829455900838832,25.39641633522716,32.30348290809445,Africa,CPV,Lower middle income
Cabo Verde,2008,501.355,60.19399642944336,55.25219804624882,,1.769430761605305,28.8770414870051,31.26084903406575,Africa,CPV,Lower middle income
Cabo Verde,2009,506.141,61.01599884033203,57.47692844116174,,1.76570045707241,32.33883681865622,30.21858211836652,Africa,CPV,Lower middle income
Cabo Verde,2010,509.784,61.82100296020508,59.68185140809915,,1.757942648306432,35.782412238654,29.17405848801537,Africa,CPV,Lower middle income
Cabo Verde,2011,511.447,62.32200241088867,61.80065471431337,,1.740463406361299,39.2225398101729,28.03458482836925,Africa,CPV,Lower middle income
Cabo Verde,2012,511.955,62.82099914550781,63.95307357829992,,1.718085467177448,42.65129205000921,26.89640878670676,Africa,CPV,Lower middle income
Cabo Verde,2013,512.225,63.31700134277344,66.09924288421466,,1.691196284699396,46.06880751676522,25.75919291914354,Africa,CPV,Lower middle income
Cabo Verde,2014,512.326,63.810001373291016,68.23888188087017,,1.659795509842764,49.475194656661,24.62292261367704,Africa,CPV,Lower middle income
Cabo Verde,2015,512.394,64.30000305175781,70.37170736922852,,1.623883991930073,52.74565636231321,23.48757961628962,Africa,CPV,Lower middle income
Cabo Verde,2016,512.554,64.78400421142578,72.496932762021,,1.583393445895456,54.00522003544205,22.35214762129607,Africa,CPV,Lower middle income
Cabo Verde,2017,512.893,65.26100158691406,74.6142580571751,,1.554507280541997,54.54605681735368,21.42517303425271,Africa,CPV,Lower middle income
Cabo Verde,2018,513.415,65.73200225830078,76.72372498154557,,1.544012481724798,55.05964296581466,20.7733582895624,Africa,CPV,Lower middle income
Cabo Verde,2019,514.104,66.19499969482422,78.82495494305178,,1.530074259787592,55.54691368967787,20.10755412157162,Africa,CPV,Lower middle income
Cabo Verde,2020,514.679,66.6520004272461,80.9181460926349,,1.512694090261732,56.00812353515153,19.42864362338346,Africa,CPV,Lower middle income
Cabo Verde,2021,516.649,67.10199737548828,83.00308772324966,,1.491804510106482,56.44406330815657,18.73656226514925,Africa,CPV,Lower middle income
Cabo Verde,2022,519.741,67.54500579833984,83.04530488298802,,1.536250902404369,56.32939424218085,18.86026126969017,Africa,CPV,Lower middle income
Cabo Verde,2023,522.331,67.98200225830078,83.08694705508906,,1.581011308984229,56.21627932131494,18.98228159114705,Africa,CPV,Lower middle income
Cabo Verde,2024,524.877,68.41200256347656,83.12792161570974,,1.591011528072016,56.10497444879296,19.10234839498258,Africa,CPV,Lower middle income
Cambodia,2000,12462.336,18.58599853515625,10.44727766975596,,-,<1,8.040855028058862,Western Pacific,KHM,Lower middle income
Cambodia,2001,12658.484,18.703001022338867,10.79582821202236,,-,<1,8.048323756827164,Western Pacific,KHM,Lower middle income
Cambodia,2002,12855.241,18.81999969482422,13.52131266065817,7.284794988617302,4.441630293410735,<1,10.21111705537026,Western Pacific,KHM,Lower middle income
Cambodia,2003,13050.968,18.937000274658203,16.49576647107478,9.185984230757263,4.474073211875786,<1,10.26031140528246,Western Pacific,KHM,Lower middle income
Cambodia,2004,13244.731,19.05500030517578,19.48860331133267,11.09883771630528,4.506550058440538,<1,10.30922785346835,Western Pacific,KHM,Lower middle income
Cambodia,2005,13439.202,19.173999786376957,22.4997083184805,13.02327927124199,4.539056953564859,<1,10.35786014596795,Western Pacific,KHM,Lower middle income
Cambodia,2006,13639.028,19.292999267578125,25.52846528097929,14.95897142539849,4.571412923096283,<1,10.4058074507071,Western Pacific,KHM,Lower middle income
Cambodia,2007,13841.77,19.413000106811523,28.57528439084178,16.90611626418263,4.603790296367064,<1,10.45345821571322,Western Pacific,KHM,Lower middle income
Cambodia,2008,14053.479,19.571001052856445,31.65699111256517,18.87326184807393,4.642594542506597,<1,10.51502021697326,Western Pacific,KHM,Lower middle income
Cambodia,2009,14276.81,19.93000030517578,34.84312926613244,20.89506520324243,4.715818747602658,<1,10.65232425184687,Western Pacific,KHM,Lower middle income
Cambodia,2010,14500.726,20.29400062561035,38.03992883323306,22.92351665224162,4.789313045691944,<1,10.78945685569879,Western Pacific,KHM,Lower middle income
Cambodia,2011,14722.584,20.663000106811523,41.24691190687154,24.95788785332401,4.863057427045786,<1,10.92637646686436,Western Pacific,KHM,Lower middle income
Cambodia,2012,14945.085,21.03700065612793,44.46359105795064,26.99784787796172,4.937030321413525,<1,11.06303851810752,Western Pacific,KHM,Lower middle income
Cambodia,2013,15170.208,21.41499900817871,47.68910507398546,29.04289770868491,5.01104199639344,<1,11.19903036033842,Western Pacific,KHM,Lower middle income
Cambodia,2014,15396.772,21.798999786376957,50.92371169212063,31.0930673464627,5.085409991592477,<1,11.33505234216024,Western Pacific,KHM,Lower middle income
Cambodia,2015,15623.251,22.1879997253418,54.16651978315925,33.14783810240913,5.159942927756714,<1,11.4706882144185,Western Pacific,KHM,Lower middle income
Cambodia,2016,15852.803,22.582000732421875,57.41702253298204,35.20687524929755,5.234618886764393,<1,11.60589444439158,Western Pacific,KHM,Lower middle income
Cambodia,2017,16073.372,22.979999542236328,60.67441514284918,37.26971782289336,5.309250778816011,<1,11.74026934087749,Western Pacific,KHM,Lower middle income
Cambodia,2018,16274.522,23.38800048828125,63.93984724709472,39.33670151372137,5.384804475851816,1.045209686277044,11.87591220444633,Western Pacific,KHM,Lower middle income
Cambodia,2019,16481.304,23.80500030517578,67.2122392007629,41.40718234396166,5.461080184679063,1.160699450050899,12.01238404814875,Western Pacific,KHM,Lower middle income
Cambodia,2020,16725.474,24.23200035095215,70.49104278707574,43.48072615221763,5.538205795739151,1.276126679273316,12.14995649583654,Western Pacific,KHM,Lower middle income
Cambodia,2021,16974.305,24.66800117492676,73.77520655171537,45.55670782199108,5.615982864489634,1.391489828603659,12.28819681686742,Western Pacific,KHM,Lower middle income
Cambodia,2022,17201.724,25.11400032043457,77.0641162411033,47.63464949237864,5.694536768174003,1.506786401348613,12.42737123708748,Western Pacific,KHM,Lower middle income
Cambodia,2023,17423.88,25.56999969482422,80.35690342782163,49.7139761435919,5.773829516214613,1.622014334419373,12.5673938481248,Western Pacific,KHM,Lower middle income
Cambodia,2024,17638.801,26.03499984741211,83.33593287143135,51.60162052249915,5.85366405490216,1.73717216128954,12.7078397784704,Western Pacific,KHM,Lower middle income
Cameroon,2000,14912.631,45.54199981689453,37.56618110000382,,-,6.579074584066751,<1,Africa,CMR,Lower middle income
Cameroon,2001,15309.49,46.13899993896485,37.77999541489677,,-,6.665318291526507,<1,Africa,CMR,Lower middle income
Cameroon,2002,15725.528,46.73799896240234,37.99470751372072,,-,6.751850559372679,<1,Africa,CMR,Lower middle income
Cameroon,2003,16160.34,47.3380012512207,38.36333367815666,,-,6.838528113091278,<1,Africa,CMR,Lower middle income
Cameroon,2004,16610.487,47.94000244140625,38.73676278194298,,-,6.925493817662211,<1,Africa,CMR,Lower middle income
Cameroon,2005,17074.594,48.54100036621094,39.11411005333789,,-,7.32696555485994,<1,Africa,CMR,Lower middle income
Cameroon,2006,17550.407,49.14300155639648,39.49599442993553,,-,7.736386450538461,<1,Africa,CMR,Lower middle income
Cameroon,2007,18049.896,49.746002197265625,39.8824343932762,,-,8.206230783692137,<1,Africa,CMR,Lower middle income
Cameroon,2008,18574.056,50.34999847412109,40.27345021477639,,-,8.725895066409386,<1,Africa,CMR,Lower middle income
Cameroon,2009,19113.974,50.95400238037109,40.66874380874266,,-,9.251081407007659,<1,Africa,CMR,Lower middle income
Cameroon,2010,19668.066,51.55900192260742,41.06864368485835,,-,9.781964135789284,<1,Africa,CMR,Lower middle income
Cameroon,2011,20232.304,52.16400146484375,41.47285114669,,-,10.3183780152766,<1,Africa,CMR,Lower middle income
Cameroon,2012,20809.529,52.76900100708008,41.88136854316321,,-,10.86032139355149,<1,Africa,CMR,Lower middle income
Cameroon,2013,21402.376,53.37299728393555,42.29387552534732,,-,11.40760459931233,<1,Africa,CMR,Lower middle income
Cameroon,2014,22059.893,53.97599792480469,42.7103744161323,,-,11.9602146878156,1.019361135279061,Africa,CMR,Lower middle income
Cameroon,2015,22763.414,54.57799911499024,43.13086201539247,,-,12.51813718756113,1.048941613962655,Africa,CMR,Lower middle income
Cameroon,2016,23454.161,55.17900085449219,43.55533931360196,,-,13.08135794005521,1.078371648396024,Africa,CMR,Lower middle income
Cameroon,2017,24128.601,55.777000427246094,43.98311298234053,,-,13.64944701980549,1.107623045109508,Africa,CMR,Lower middle income
Cameroon,2018,24806.383,56.374000549316406,44.41486401764234,,-,14.22278910470352,1.13672516235849,Africa,CMR,Lower middle income
Cameroon,2019,25506.095,56.96799850463867,44.84988291463175,,-,14.8009342780486,1.165650141307604,Africa,CMR,Lower middle income
Cameroon,2020,26210.558,57.560001373291016,45.28851122074175,,-,15.38406645187961,1.194413135802464,Africa,CMR,Lower middle income
Cameroon,2021,26915.758,58.14800262451172,45.73001334687881,,-,15.9717014349034,1.222986941248171,Africa,CMR,Lower middle income
Cameroon,2022,27632.771,58.73299789428711,46.17472202688218,,-,16.56401582608125,1.251386644163573,Africa,CMR,Lower middle income
Cameroon,2023,28372.687,59.31500244140625,46.62262252751075,,-,17.16097175051827,1.279613462359204,Africa,CMR,Lower middle income
Cameroon,2024,29123.744,59.891998291015625,47.07294844148367,,-,17.76204369223802,1.307641212687129,Africa,CMR,Lower middle income
Canada,2000,30891.803,79.4780044555664,99.0,75.1748488490002,62.6177936844526,12.19388248532904,83.4751315835223,Americas,CAN,High income
Canada,2001,31213.577,79.80999755859375,99.0,75.17404222479054,62.67963302982943,12.10353376881052,83.55756897373732,Americas,CAN,High income
Canada,2002,31535.577,79.88800048828125,99.0,75.17385421898614,62.69416270547065,12.08230764624011,83.57693833370118,Americas,CAN,High income
Canada,2003,31836.482,79.96699523925781,99.0,75.50796322807307,62.99005719409016,12.06080910247556,83.59655849918698,Americas,CAN,High income
Canada,2004,32132.678,80.04500579833984,99.0,75.84207937862674,63.28589352076797,12.03958114112297,83.61592743511783,Americas,CAN,High income
Canada,2005,32440.173,80.12200164794922,99.0,76.17095207114043,63.57147029524819,12.00413962253279,83.62162961263579,Americas,CAN,High income
Canada,2006,32759.171,80.21299743652344,99.0,76.4799286384179,63.85979268119807,11.96471662467265,83.6308772125729,Americas,CAN,High income
Canada,2007,33092.171,80.39600372314453,99.0,76.74073119427827,64.16582231451015,11.89982292049316,83.66313144049462,Americas,CAN,High income
Canada,2008,33449.085,80.5780029296875,99.0,77.00085627491285,64.47197196860618,11.83486155677125,83.69525980724352,Americas,CAN,High income
Canada,2009,33826.37,80.75799560546875,99.0,77.26030997645032,64.77805149933457,11.77010921315415,83.72701818893653,Americas,CAN,High income
Canada,2010,34196.899,80.93699645996094,99.0,77.51908879069556,65.0842469433929,11.70529538027893,83.75865080567567,Americas,CAN,High income
Canada,2011,34555.452,81.09600067138672,99.0,77.77724623399857,65.38684165575083,11.64571756829909,83.78539684863803,Americas,CAN,High income
Canada,2012,34922.516,81.13700103759766,99.0,78.08814325849289,65.7195509623889,11.61884251780467,83.78261832666175,Americas,CAN,High income
Canada,2013,35293.433,81.17799377441406,99.0,78.39887523104936,66.0527171091045,11.59189186337679,83.77986965030374,Americas,CAN,High income
Canada,2014,35634.264,81.2179946899414,99.0,78.70944294361878,66.38614088231125,11.56514429197735,83.77689902358952,Americas,CAN,High income
Canada,2015,35962.234,81.25900268554688,99.0,79.01984339426659,66.72022215110336,11.53803825726632,83.77421193554932,Americas,CAN,High income
Canada,2016,36353.343,81.30000305175781,99.0,79.33007411627892,67.0547577200103,11.51085459571047,83.77155032388507,Americas,CAN,High income
Canada,2017,36808.497,81.3499984741211,98.9256763278337,79.64010863419482,67.39157713049184,11.4810352255237,83.77118807466621,Americas,CAN,High income
Canada,2018,37295.005,81.41099548339844,98.84154412866997,79.95855734184316,67.73113589001952,11.44798199990379,83.77365425833591,Americas,CAN,High income
Canada,2019,37782.935,81.48200225830078,98.75732477007968,80.27682058320785,68.07326232262218,11.41194991189058,83.77869546035674,Americas,CAN,High income
Canada,2020,38171.902,81.56200408935547,98.67300860814638,80.59489880421486,68.41779367061746,11.37319890655432,83.78607409039452,Americas,CAN,High income
Canada,2021,38454.057,81.65299987792969,98.58856716063956,80.91276918742672,68.76517759208674,11.33112672794009,83.79630098558049,Americas,CAN,High income
Canada,2022,38821.259,81.75199890136719,98.58835978512906,81.29976675800938,69.1254263133721,11.30259533186538,83.8214748453889,Americas,CAN,High income
Canada,2023,39299.105,81.86199951171875,98.58813188057762,81.2993484823121,69.1484945380156,11.27089470767569,83.84944736888436,Americas,CAN,High income
Canada,2024,39742.43,81.9800033569336,98.58788349901776,81.29889657025008,69.17323756098311,11.23688834721439,83.87945075241312,Americas,CAN,High income
Cayman Islands,2001,41.089,100.0,83.93783044478523,,17.75549498047972,71.58957055214728,20.33742331288352,Americas,CYM,High income
Cayman Islands,2002,42.514,100.0,83.93783044478523,,17.75549498047972,71.58957055214728,20.33742331288352,Americas,CYM,High income
Cayman Islands,2003,43.934,100.0,83.93783044478523,,17.75549498047972,71.58957055214728,20.33742331288352,Americas,CYM,High income
Cayman Islands,2004,45.352,100.0,83.93783044478523,,17.75549498047972,71.58957055214728,20.33742331288352,Americas,CYM,High income
Cayman Islands,2005,46.788,100.0,83.93783044478523,,17.75549498047971,71.58957055214728,20.33742331288352,Americas,CYM,High income
Cayman Islands,2006,48.232,100.0,83.80379386503067,,17.44376954824325,71.13006134969328,19.9803680981596,Americas,CYM,High income
Cayman Islands,2007,49.687,100.0,83.66975728527605,,17.13204411600669,70.67055214723928,19.62331288343557,Americas,CYM,High income
Cayman Islands,2008,51.151,100.0,83.53572070552144,,16.82031868377022,70.21104294478539,19.26625766871166,Americas,CYM,High income
Cayman Islands,2009,52.618,100.0,83.51892499999995,,16.53180000000001,69.75153374233139,18.90920245398775,Americas,CYM,High income
Cayman Islands,2010,54.099,100.0,83.50175245398773,,16.24240490797549,69.29202453987739,18.55214723926383,Americas,CYM,High income
Cayman Islands,2011,55.606,100.0,83.48420306748464,,15.95213340769664,68.83251533742339,18.19509202453992,Americas,CYM,High income
Cayman Islands,2012,57.136,100.0,83.46627684049076,,15.66098549916346,68.37300613496939,17.838036809816,Americas,CYM,High income
Cayman Islands,2013,58.655,100.0,83.44797377300614,,15.36896118237597,67.91349693251539,17.48098159509209,Americas,CYM,High income
Cayman Islands,2014,60.16,100.0,83.42929386503067,,15.07606045733415,67.45398773006139,17.12392638036818,Americas,CYM,High income
Cayman Islands,2015,61.642,100.0,83.41023711656437,,14.782283324038,66.99447852760738,16.76687116564426,Americas,CYM,High income
Cayman Islands,2016,63.1,100.0,83.3908035276073,,14.48762978248744,66.53496932515338,16.40981595092023,Americas,CYM,High income
Cayman Islands,2017,64.535,100.0,83.37099309815949,,14.19209983268265,66.0754601226995,16.05276073619632,Americas,CYM,High income
Cayman Islands,2018,65.941,100.0,83.35080582822081,,13.89569347462355,65.6159509202455,15.69570552147241,Americas,CYM,High income
Cayman Islands,2019,67.327,100.0,83.33024171779135,,13.59841070831011,65.1564417177915,15.33865030674849,Americas,CYM,High income
Cayman Islands,2020,68.684,100.0,83.3093007668711,,13.30025153374236,64.6969325153375,14.98159509202458,Americas,CYM,High income
Cayman Islands,2021,70.108,100.0,83.2879829754601,,13.00121595092029,64.2374233128835,14.62453987730066,Americas,CYM,High income
Cayman Islands,2022,71.591,100.0,83.26628834355824,,12.70130395984389,63.77791411042949,14.26748466257675,Americas,CYM,High income
Cayman Islands,2023,73.038,100.0,83.24421687116559,,12.40051556051317,63.31840490797549,13.91042944785283,Americas,CYM,High income
Cayman Islands,2024,74.457,100.0,83.24421687116559,,12.40051556051317,63.31840490797549,13.91042944785283,Americas,CYM,High income
Central African Republic,2000,3833.416,37.63899993896485,20.59396711580267,19.67585904427054,<1,<1,<1,Africa,CAF,Low income
Central African Republic,2001,3919.487,37.720001220703125,20.54728125274422,19.63079276613651,<1,<1,<1,Africa,CAF,Low income
Central African Republic,2002,4006.077,37.80199813842773,20.50059301904655,19.58571604761408,<1,<1,<1,Africa,CAF,Low income
Central African Republic,2003,4103.086,37.88399887084961,20.4536055406808,19.54025678675958,<1,<1,<1,Africa,CAF,Low income
Central African Republic,2004,4192.826,37.96599960327149,20.40631833590017,19.49432327882029,<1,<1,<1,Africa,CAF,Low income
Central African Republic,2005,4288.81,38.06900024414063,19.97214848768913,19.09000552900274,<1,<1,<1,Africa,CAF,Low income
Central African Republic,2006,4377.579,38.19300079345703,19.54504435795636,18.69190493597728,<1,<1,<1,Africa,CAF,Low income
Central African Republic,2007,4462.77,38.3390007019043,19.12489243488415,18.29993314027288,<1,<1,<1,Africa,CAF,Low income
Central African Republic,2008,4558.984,38.50600051879883,18.71102883442248,17.91349239025057,<1,<1,<1,Africa,CAF,Low income
Central African Republic,2009,4529.047,38.69400024414063,18.30308543519491,17.53225637955508,<1,<1,<1,Africa,CAF,Low income
Central African Republic,2010,4492.995,38.90399932861328,17.90095162169733,17.15613623886419,<1,<1,<1,Africa,CAF,Low income
Central African Republic,2011,4565.021,39.1349983215332,17.50401180955151,16.78457391607364,<1,<1,<1,Africa,CAF,Low income
Central African Republic,2012,4610.848,39.38800048828125,17.11215976829153,16.417482494577,<1,<1,<1,Africa,CAF,Low income
Central African Republic,2013,4642.419,39.66299819946289,16.72504165502179,16.05454424093201,<1,<1,<1,Africa,CAF,Low income
Central African Republic,2014,4623.182,39.95899963378906,16.34208257600433,15.69523365839588,<1,<1,<1,Africa,CAF,Low income
Central African Republic,2015,4629.32,40.277000427246094,15.9631877672806,15.33947121216376,<1,<1,<1,Africa,CAF,Low income
Central African Republic,2016,4713.663,40.61800003051758,15.58824146918608,14.98715732119683,<1,<1,<1,Africa,CAF,Low income
Central African Republic,2017,4793.511,40.97999954223633,15.21648702971336,14.63759181841868,<1,<1,<1,Africa,CAF,Low income
Central African Republic,2018,4878.657,41.36399841308594,14.84783562604262,14.29069713098679,<1,<1,<1,Africa,CAF,Low income
Central African Republic,2019,4944.703,41.77000045776367,14.48198215680496,13.94619209093414,<1,<1,<1,Africa,CAF,Low income
Central African Republic,2020,5026.628,42.197998046875,14.11863496468692,13.6038067412826,<1,<1,<1,Africa,CAF,Low income
Central African Republic,2021,5112.1,42.64799880981445,13.75750745753862,13.26327429174539,<1,<1,<1,Africa,CAF,Low income
Central African Republic,2022,5098.039,43.119998931884766,13.84629414831213,13.34691130314365,<1,<1,<1,Africa,CAF,Low income
Central African Republic,2023,5152.421,43.61399841308594,13.93922008188704,13.43444748572493,<1,<1,<1,Africa,CAF,Low income
Central African Republic,2024,5330.69,44.130001068115234,14.03628389803247,13.52588154887932,<1,<1,<1,Africa,CAF,Low income
Chad,2000,8512.093,21.637001037597656,9.692674358502192,8.439917007758847,<1,<1,<1,Africa,TCD,Low income
Chad,2001,8804.124,21.670000076293945,9.775113541856603,8.506079705631386,<1,<1,<1,Africa,TCD,Low income
Chad,2002,9116.192,21.70199966430664,9.857709834956896,8.570604977754675,<1,<1,<1,Africa,TCD,Low income
Chad,2003,9487.833,21.73500061035156,9.94081082830359,8.635532158474053,<1,<1,<1,Africa,TCD,Low income
Chad,2004,9920.036,21.768001556396484,10.0242446229249,8.70072806853117,<1,<1,<1,Africa,TCD,Low income
Chad,2005,10328.092,21.80099868774414,10.10801107219915,8.76619257292033,<1,<1,<1,Africa,TCD,Low income
Chad,2006,10706.424,21.833999633789062,10.19211139475438,8.831926630145864,<1,<1,<1,Africa,TCD,Low income
Chad,2007,11081.66,21.868000030517575,10.2767459840374,8.89808645925051,<1,<1,<1,Africa,TCD,Low income
Chad,2008,11476.296,21.900999069213867,10.36151756475991,8.964362540047114,<1,<1,<1,Africa,TCD,Low income
Chad,2009,11893.754,21.93400001525879,10.48358479803185,9.054079485649824,<1,<1,<1,Africa,TCD,Low income
Chad,2010,12312.575,21.98500061035156,10.6144013332631,9.15079735349762,<1,<1,<1,Africa,TCD,Low income
Chad,2011,12754.997,22.054000854492188,10.75454433937634,9.25498841036065,<1,<1,<1,Africa,TCD,Low income
Chad,2012,13210.998,22.142000198364254,10.90485488831943,9.367332564192512,<1,<1,<1,Africa,TCD,Low income
Chad,2013,13691.079,22.24799919128418,11.06571526989314,9.488149807936107,<1,<1,<1,Africa,TCD,Low income
Chad,2014,14188.678,22.371999740600582,11.23774957652852,9.617949712661533,<1,<1,<1,Africa,TCD,Low income
Chad,2015,14647.621,22.51500129699707,11.421878644262,9.757476659939371,<1,<1,<1,Africa,TCD,Low income
Chad,2016,15114.655,22.677000045776367,11.61879116775247,9.90729252557947,<1,<1,<1,Africa,TCD,Low income
Chad,2017,15622.759,22.857999801635746,11.82919306746717,10.06797301893459,<1,<1,<1,Africa,TCD,Low income
Chad,2018,16156.531,23.05900001525879,12.05411945038149,10.24035492114536,<1,<1,<1,Africa,TCD,Low income
Chad,2019,16685.223,23.27899932861328,12.29401843632173,10.42481030940452,<1,<1,<1,Africa,TCD,Low income
Chad,2020,17224.679,23.520000457763672,12.55032091040718,10.62249115941244,<1,<1,<1,Africa,TCD,Low income
Chad,2021,17828.273,23.7810001373291,12.82351844249399,10.83380439826056,<1,<1,<1,Africa,TCD,Low income
Chad,2022,18455.316,24.0629997253418,12.9220668166821,10.91219506220689,<1,<1,<1,Africa,TCD,Low income
Chad,2023,19319.064,24.36600112915039,13.02795380079458,10.99642326895816,<1,<1,<1,Africa,TCD,Low income
Chad,2024,20299.123,24.69099998474121,13.1415290614475,11.08676711236449,<1,<1,<1,Africa,TCD,Low income
Chile,2000,15503.635,86.072998046875,93.03158757251644,69.66727807758534,62.56948862499466,7.404074695308711,81.3073760224415,Americas,CHL,High income
Chile,2001,15683.849,86.36299896240234,93.44091427234358,69.94000359974561,62.95047744189319,7.477284607582302,81.80246079421538,Americas,CHL,High income
Chile,2002,15857.925,86.60600280761719,93.8324984055007,70.19881201861119,63.30245627153987,7.556287761681538,82.2598478639027,Americas,CHL,High income
Chile,2003,16024.752,86.66500091552734,94.1786535457262,70.41002332593101,63.54234951252956,7.689963032613507,82.5715827106951,Americas,CHL,High income
Chile,2004,16187.322,86.72500610351562,94.52357113309796,72.03374754466826,65.13251055325327,7.821362156932951,82.88399404727068,Americas,CHL,High income
Chile,2005,16348.778,86.78299713134766,94.86664355948008,73.66615303664548,66.73148558155576,7.951559542507879,83.19470847747031,Americas,CHL,High income
Chile,2006,16509.195,86.84200286865234,95.2084736344443,75.30798949430397,68.34113035137688,8.079480487160778,83.50609484594985,Americas,CHL,High income
Chile,2007,16671.581,86.9000015258789,95.54870177915546,76.95871980227085,69.96016698711269,8.205890091058162,83.81658285026624,Americas,CHL,High income
Chile,2008,16838.988,86.95899963378906,95.88766131722736,78.61886084205933,71.58987943233579,8.329994634972055,84.12773287217759,Americas,CHL,High income
Chile,2009,17009.731,87.01699829101562,96.22504177858222,80.28785482209598,73.22895036848671,8.452617917561332,84.43798866025364,Americas,CHL,High income
Chile,2010,17181.464,87.0739974975586,96.56087176450892,81.96566321613696,74.87732987474229,8.57380994777551,84.74734315917117,Americas,CHL,High income
Chile,2011,17351.816,87.13200378417969,96.89542782074096,83.65285090361631,76.53638750147552,8.692679518490799,85.05736732868354,Americas,CHL,High income
Chile,2012,17519.119,87.18900299072266,97.22846422176266,85.34881904805484,78.20472422357447,8.810150547807156,85.36649831242258,Americas,CHL,High income
Chile,2013,17687.006,87.24600219726562,97.56010406144252,87.05383738165948,79.88301893169493,8.925770015123017,85.67551102901743,Americas,CHL,High income
Chile,2014,17864.195,87.3030014038086,97.8903546452322,88.76789927213306,81.57127518826206,9.039536091201073,85.9844153240789,Americas,CHL,High income
Chile,2015,18047.625,87.36000061035156,98.21921403382014,90.4909882994758,83.26948411235426,9.151450063135728,86.29320748340044,Americas,CHL,High income
Chile,2016,18267.221,87.42200469970703,98.54695737608972,92.22469193432664,84.98144401478565,9.258755369281372,86.60576400105124,Americas,CHL,High income
Chile,2017,18558.868,87.48999786376953,98.8734482786872,93.96939857432926,86.70809892713446,9.360641839363877,86.92284688600944,Americas,CHL,High income
Chile,2018,18893.191,87.56399536132812,99.0,94.4198919054662,87.24443981859028,9.456815659113113,87.24443981859028,Americas,CHL,High income
Chile,2019,19197.744,87.64299774169922,99.0,94.47029900889812,87.56975232317554,9.547583248691181,87.56975232317554,Americas,CHL,High income
Chile,2020,19370.624,87.72699737548828,99.0,94.49813067938624,87.89877383312863,9.632701621699033,87.89877383312863,Americas,CHL,High income
Chile,2021,19456.334,87.81700134277344,99.0,95.1443551445754,88.23225036004104,9.711293057371469,88.23225036004104,Americas,CHL,High income
Chile,2022,19553.036,87.91200256347656,99.0,95.10813830809116,88.56939346135727,9.78371997646282,88.56939346135727,Americas,CHL,High income
Chile,2023,19658.835,88.01200103759766,99.0,95.07854621771943,88.91020106341469,9.842908460052278,88.91020106341469,Americas,CHL,High income
Chile,2024,19764.771,88.11600494384766,99.0,95.13135789774424,89.25387877637932,9.737275402014317,89.25387877637932,Americas,CHL,High income
China,2000,1291914.0450000002,35.87700271606445,56.82010925700231,13.38580932623519,11.11648649406516,<1,33.08280616200032,Western Pacific,CHN,Upper middle income
China,2001,1301171.32,37.09299850463867,57.56846003922912,13.75047727582225,11.45571567257929,<1,34.01264294184496,Western Pacific,CHN,Upper middle income
China,2002,1309433.74,38.42499923706055,59.71909189187487,14.49125922143903,12.07036924476076,<1,35.73699165732403,Western Pacific,CHN,Upper middle income
China,2003,1317181.451,39.7760009765625,61.84361364678156,16.53643877644424,13.95593762920951,1.65571103287409,37.44045072646648,Western Pacific,CHN,Upper middle income
China,2004,1324845.7470000002,41.14400100708008,63.94062140315579,18.70511979848709,15.95735343438004,2.638024052569263,39.12082320319303,Western Pacific,CHN,Upper middle income
China,2005,1332852.067,42.522003173828125,66.00741487141696,20.99396120421472,18.07038655099891,3.602972791554413,40.77245172506044,Western Pacific,CHN,Upper middle income
China,2006,1340968.6700000002,43.86800003051758,68.03234877270964,23.38820287241676,20.27853900519393,4.551691477262327,42.36558088000706,Western Pacific,CHN,Upper middle income
China,2007,1348820.506,45.19900131225586,70.02098091432597,25.88912739264498,22.58290733504367,5.48413877523683,43.91313373756362,Western Pacific,CHN,Upper middle income
China,2008,1356907.2550000001,46.53900146484375,71.97962375889998,28.501813307527,24.98847179340514,6.399541045270829,45.43184850890321,Western Pacific,CHN,Upper middle income
China,2009,1365687.077,47.880001068115234,73.906061649452,31.22146175725846,27.48954680973184,7.298131414149712,46.91609501037356,Western Pacific,CHN,Upper middle income
China,2010,1374785.563,49.22600173950195,75.80104810561816,34.04724487227411,30.08468200890014,8.179664431319306,48.36841436288037,Western Pacific,CHN,Upper middle income
China,2011,1383523.7400000002,50.51100158691406,77.6512502388913,36.95073516063044,32.74359661389506,9.04818743761092,49.74679946640916,Western Pacific,CHN,Upper middle income
China,2012,1392866.825,51.76499938964844,79.464667537609,39.938985055682,35.47344487921284,9.902776379608879,51.07226087236812,Western Pacific,CHN,Upper middle income
China,2013,1402424.915,53.01300430297852,81.2468005281191,43.01897400546614,38.28104360042357,10.74213028867344,52.36120588366199,Western Pacific,CHN,Upper middle income
China,2014,1411424.7880000002,54.25900268554688,82.99847615238168,46.18992945165522,41.16502893216706,11.56603545424803,53.61623953046398,Western Pacific,CHN,Upper middle income
China,2015,1419663.428,55.5,84.71931214165008,49.44811919143658,44.12097993259109,12.37479393313769,54.83570137136833,Western Pacific,CHN,Upper middle income
China,2016,1427638.775,56.73600006103516,86.40947669189161,52.79106214649494,47.14577166564821,13.16850002769901,56.01979180308735,Western Pacific,CHN,Upper middle income
China,2017,1435987.675,57.959999084472656,88.06830844316515,56.21288678848153,50.23286909467424,13.94794699457409,57.16481691433808,Western Pacific,CHN,Upper middle income
China,2018,1442668.261,59.152000427246094,89.69421894605289,59.70094642323477,53.36904366045637,14.71549163280946,58.26041527411596,Western Pacific,CHN,Upper middle income
China,2019,1447194.495,60.30799865722656,91.28813392398222,63.24983707649615,56.54851484471067,15.47218672722427,59.30572782127742,Western Pacific,CHN,Upper middle income
China,2020,1449769.5520000001,61.42799758911133,92.85149753289012,64.60967948528193,57.62831992022786,16.2187057316189,60.30217559238246,Western Pacific,CHN,Upper middle income
China,2021,1449995.6,62.51199722290039,94.38575836467506,65.9328284024467,58.66705712202346,16.95572563277647,61.2511690219696,Western Pacific,CHN,Upper middle income
China,2022,1448599.68,63.55999755859375,95.89236484132128,67.22023548233999,59.66580602216833,17.68392102009907,62.1541239865751,Western Pacific,CHN,Upper middle income
China,2023,1445902.078,64.56999969482422,97.24116823394677,68.41241579708694,60.62473118777702,18.40424314774993,63.01150507884147,Western Pacific,CHN,Upper middle income
China,2024,1442535.24,65.54399871826172,97.27187875782629,68.86996795897203,61.07397747812593,18.27003047344577,63.47540894649882,Western Pacific,CHN,Upper middle income
"China, Hong Kong SAR",2000,6704.664,100.0,97.38867552929588,76.48695046278303,72.73259384456473,-,93.17178729689809,,HKG,High income
"China, Hong Kong SAR",2001,6774.239,100.0,97.38867552929588,76.48695046278303,72.73259384456473,-,93.17178729689809,,HKG,High income
"China, Hong Kong SAR",2002,6821.408,100.0,97.38867552929588,76.48695046278303,72.73259384456473,-,93.17178729689809,,HKG,High income
"China, Hong Kong SAR",2003,6858.907,100.0,97.38867552929588,76.48695046278303,72.73259384456473,-,93.17178729689809,,HKG,High income
"China, Hong Kong SAR",2004,6888.163,100.0,97.26704209748888,76.37655223684735,72.74758376518561,-,93.19098966026588,,HKG,High income
"China, Hong Kong SAR",2005,6908.486,100.0,97.14540866568188,76.26615401091166,72.76257368580649,-,93.21019202363368,,HKG,High income
"China, Hong Kong SAR",2006,6931.09,100.0,97.02377523387489,76.15575578497598,72.77756360642738,-,93.22939438700149,,HKG,High income
"China, Hong Kong SAR",2007,6971.345,100.0,96.90214180206787,76.0453575590403,72.79255352704824,-,93.24859675036927,,HKG,High income
"China, Hong Kong SAR",2008,7020.689,100.0,96.78050837026092,75.93495933310464,72.80754344766913,-,93.26779911373708,,HKG,High income
"China, Hong Kong SAR",2009,7064.467,100.0,96.65887493845392,75.82456110716896,72.82253336829001,-,93.28700147710488,,HKG,High income
"China, Hong Kong SAR",2010,7101.617,100.0,96.53724150664692,75.71416288123328,72.83752328891089,-,93.30620384047268,,HKG,High income
"China, Hong Kong SAR",2011,7142.97,100.0,96.41560807483992,75.60376465529758,72.85251320953176,-,93.32540620384049,,HKG,High income
"China, Hong Kong SAR",2012,7201.061,100.0,96.29397464303295,75.49336642936194,72.86750313015264,-,93.34460856720827,,HKG,High income
"China, Hong Kong SAR",2013,7264.335,100.0,96.17234121122596,75.38296820342624,72.88249305077352,-,93.36381093057608,,HKG,High income
"China, Hong Kong SAR",2014,7319.501,100.0,96.05070777941896,77.67168238220181,75.26280995028061,-,93.38301329394388,,HKG,High income
"China, Hong Kong SAR",2015,7366.409,100.0,95.92907434761196,79.95780205303518,77.6440996148877,-,93.40221565731167,,HKG,High income
"China, Hong Kong SAR",2016,7408.01,100.0,95.807440915805,82.24132721592557,80.02636204459392,-,93.42141802067947,,HKG,High income
"China, Hong Kong SAR",2017,7444.891,100.0,95.685807483998,84.5222578708746,82.409597239401,-,93.44062038404726,,HKG,High income
"China, Hong Kong SAR",2018,7471.194,100.0,95.564174052191,86.80059401788147,84.79380519930807,-,93.45982274741507,,HKG,High income
"China, Hong Kong SAR",2019,7485.813,100.0,95.442540620384,89.07633565694614,87.17898592431511,-,93.47902511078287,,HKG,High income
"China, Hong Kong SAR",2020,7490.235,100.0,95.320907188577,91.34948278806866,89.56513941442216,-,93.49822747415067,,HKG,High income
"China, Hong Kong SAR",2021,7484.601,100.0,95.19927375677004,93.62003541124902,91.9522656696292,-,93.51742983751846,,HKG,High income
"China, Hong Kong SAR",2022,7465.915,100.0,95.07764032496304,95.07764032496304,93.53663220088626,-,93.53663220088626,,HKG,High income
"China, Hong Kong SAR",2023,7442.734,100.0,94.95600689315604,94.95600689315604,93.55583456425407,-,93.55583456425407,,HKG,High income
"China, Hong Kong SAR",2024,7414.909,100.0,94.83437346134905,94.83437346134905,93.57503692762187,-,93.57503692762187,,HKG,High income
"China, Macao SAR",2000,437.309,100.0,99.0,49.84321677130993,49.84321677130993,-,>99,,MAC,High income
"China, Macao SAR",2001,445.125,100.0,99.0,49.84321677130993,49.84321677130993,-,>99,,MAC,High income
"China, Macao SAR",2002,456.014,100.0,99.0,49.84321677130993,49.84321677130993,-,>99,,MAC,High income
"China, Macao SAR",2003,469.053,100.0,99.0,49.84321677130993,49.84321677130993,-,>99,,MAC,High income
"China, Macao SAR",2004,482.2,100.0,99.0,49.84321677130993,49.84321677130993,-,>99,,MAC,High income
"China, Macao SAR",2005,495.411,100.0,99.0,49.84321677130993,49.84321677130993,-,>99,,MAC,High income
"China, Macao SAR",2006,508.747,100.0,99.0,49.84321677130993,49.84321677130993,-,>99,,MAC,High income
"China, Macao SAR",2007,522.275,100.0,99.0,49.84321677130993,49.84321677130993,-,>99,,MAC,High income
"China, Macao SAR",2008,535.93,100.0,99.0,49.84321677130993,49.84321677130993,-,>99,,MAC,High income
"China, Macao SAR",2009,549.483,100.0,99.0,49.84321677130993,49.84321677130993,-,>99,,MAC,High income
"China, Macao SAR",2010,562.806,100.0,99.0,51.85071833169195,51.85071833169195,-,>99,,MAC,High income
"China, Macao SAR",2011,575.633,100.0,99.0,53.85821989207352,53.85821989207352,-,>99,,MAC,High income
"China, Macao SAR",2012,587.446,100.0,99.0,55.86572145245554,55.86572145245554,-,>99,,MAC,High income
"China, Macao SAR",2013,598.743,100.0,99.0,57.87322301283712,57.87322301283712,-,>99,,MAC,High income
"China, Macao SAR",2014,610.304,100.0,99.0,59.88072457321869,59.88072457321869,-,>99,,MAC,High income
"China, Macao SAR",2015,622.179,100.0,99.0,61.88822613360071,61.88822613360071,-,>99,,MAC,High income
"China, Macao SAR",2016,634.312,100.0,99.0,63.89572769398229,63.89572769398229,-,>99,,MAC,High income
"China, Macao SAR",2017,646.554,100.0,99.0,65.9032292543643,65.9032292543643,-,>99,,MAC,High income
"China, Macao SAR",2018,658.772,100.0,99.0,67.91073081474588,67.91073081474588,-,>99,,MAC,High income
"China, Macao SAR",2019,670.974,100.0,99.0,69.91823237512745,69.91823237512745,-,>99,,MAC,High income
"China, Macao SAR",2020,683.067,100.0,99.0,71.92573393550947,71.92573393550947,-,>99,,MAC,High income
"China, Macao SAR",2021,694.402,100.0,99.0,73.93323549589104,73.93323549589104,-,>99,,MAC,High income
"China, Macao SAR",2022,704.356,100.0,99.0,75.94073705627306,75.94073705627306,-,>99,,MAC,High income
"China, Macao SAR",2023,713.912,100.0,99.0,77.94823861665463,77.94823861665463,-,>99,,MAC,High income
"China, Macao SAR",2024,720.262,100.0,99.0,79.9557401770362,79.9557401770362,-,>99,,MAC,High income
Colombia,2000,39089.934,73.95700073242188,75.4148773585247,15.77207699927289,3.561664677670506,13.93167959995147,70.49962574637848,Americas,COL,Upper middle income
Colombia,2001,39709.262,74.37899780273438,76.30878520212033,15.90432752960032,3.59814150714468,14.09581364783326,70.87535797626202,Americas,COL,Upper middle income
Colombia,2002,40324.68,74.7969970703125,77.20198101679601,16.03546443177172,3.634917818489238,14.25179146125333,71.24991259027912,Americas,COL,Upper middle income
Colombia,2003,40937.429,75.21099853515625,78.09443399810498,16.16548731518265,3.67199111987162,14.39975327281844,71.62326125861155,Americas,COL,Upper middle income
Colombia,2004,41543.171,75.62000274658203,78.98592130016893,16.2944922344033,3.709336535542559,14.54021690979216,71.99463233722594,Americas,COL,Upper middle income
Colombia,2005,42128.977,76.02400207519531,79.87641662298576,16.42248513755339,3.746949870353994,14.67335359111134,72.36398600824597,Americas,COL,Upper middle income
Colombia,2006,42691.084,76.42300415039062,80.76590576656723,16.54947407053701,3.784827428172523,14.79933421335228,72.73129507320816,Americas,COL,Upper middle income
Colombia,2007,43235.374,76.81600189208984,81.65418364496499,16.67557159524615,3.822941209919489,14.91874601915564,73.09576522715876,Americas,COL,Upper middle income
Colombia,2008,43758.808,77.2040023803711,82.54143612234952,16.80068746464742,3.861310704512321,15.03136415912217,73.45813132699548,Americas,COL,Upper middle income
Colombia,2009,44271.541,77.58700561523438,83.42763654513973,16.92482906549225,3.899931124378826,15.13735862974269,73.8183470652875,Americas,COL,Upper middle income
Colombia,2010,44777.319,77.96400451660156,84.31261465436623,17.04812297402175,3.938773872337576,15.23735436994112,74.17562836504314,Americas,COL,Upper middle income
Colombia,2011,45259.614,78.33499908447266,85.19635547437043,17.17058553080419,3.977832604086644,15.33155505055967,74.52992040615695,Americas,COL,Upper middle income
Colombia,2012,45715.81,78.70100402832031,86.07904249538765,17.29211895878748,4.017128603963493,15.41968752890747,74.88197449111874,Americas,COL,Upper middle income
Colombia,2013,46151.584,79.06100463867188,86.96050145745238,17.4128575992115,4.056630641613943,15.50241184423807,75.23097597698151,Americas,COL,Upper middle income
Colombia,2014,46565.429,79.41500091552734,87.84073027640069,17.53282141340695,4.096332535730581,15.57993159717311,75.57687810335719,Americas,COL,Upper middle income
Colombia,2015,46969.94,79.76399993896484,88.71991188989087,17.6519080273956,4.136256914143961,15.65194069119386,75.92044196082918,Americas,COL,Upper middle income
Colombia,2016,47437.512,80.10800170898438,89.59802528969492,17.77013104825875,4.176397945795395,15.71861525733859,76.26160716632567,Americas,COL,Upper middle income
Colombia,2017,48131.078,80.44599914550781,90.47493744273216,17.88763915968547,4.216723694267804,15.78065154396635,76.59958184969867,Americas,COL,Upper middle income
Colombia,2018,49024.465,80.77799987792969,91.3506596764722,18.00445671348981,4.257227999849507,15.83825333136573,76.93432492408203,Americas,COL,Upper middle income
Colombia,2019,49907.985,81.10399627685547,92.2252062631808,18.12061117855236,4.297904399673737,15.89163155630175,77.26578803518413,Americas,COL,Upper middle income
Colombia,2020,50629.997,81.42500305175781,93.09873940414188,18.23598796046257,4.338776969175734,15.94042087297626,77.59473411851481,Americas,COL,Upper middle income
Colombia,2021,51188.173,81.73999786376953,93.9711220297613,18.3507486368725,4.379809963687957,15.98536974681202,77.92032547544795,Americas,COL,Upper middle income
Colombia,2022,51737.944,82.05000305175781,94.84251545597968,18.46477526442743,4.421028400313892,16.02609106704254,78.24333176867817,Americas,COL,Upper middle income
Colombia,2023,52321.152,82.35399627685547,95.71280082025288,18.57823996551517,4.462395526485741,16.06336311692357,78.56290942262076,Americas,COL,Upper middle income
Colombia,2024,52886.363,82.6520004272461,96.5820151977995,18.6911716966687,4.503905917983008,16.09737947350856,78.87904300663321,Americas,COL,Upper middle income
Comoros,2000,536.08,28.080001831054688,24.42511378173507,24.20415293368918,<1,<1,<1,Africa,COM,Lower middle income
Comoros,2001,547.22,28.036001205444336,26.15456506472822,25.74128284141986,<1,<1,<1,Africa,COM,Lower middle income
Comoros,2002,558.923,27.992000579833984,27.71078846851432,26.9481902041531,<1,<1,1.085847757911966,Africa,COM,Lower middle income
Comoros,2003,569.798,27.94700050354004,29.24808667353851,28.11952420411779,<1,<1,1.504380856595624,Africa,COM,Lower middle income
Comoros,2004,580.704,27.902999877929688,30.76685275956743,29.27721648461068,<1,1.314896284730865,1.922601645981258,Africa,COM,Lower middle income
Comoros,2005,592.677,27.875,32.26965225978585,30.42356761829075,1.039372818518262,1.713979062777444,2.340845722831335,Africa,COM,Lower middle income
Comoros,2006,604.753,27.862998962402344,33.75605986204999,31.55803223849976,1.217168183101174,2.113213527799464,2.759289151604571,Africa,COM,Lower middle income
Comoros,2007,616.927,27.867000579833984,35.22565319862285,32.68007331889442,1.392716975220548,2.512694376756415,3.178108308366733,Africa,COM,Lower middle income
Comoros,2008,629.307,27.88599967956543,36.67786130889674,33.78903456627831,1.566076262744625,2.912495839319998,3.597446666772886,Africa,COM,Lower middle income
Comoros,2009,641.947,27.92099952697754,38.11242102596837,34.88453053815474,1.737325248036609,3.312728718372647,4.017505558982313,Africa,COM,Lower middle income
Comoros,2010,654.836,27.972999572753903,39.52903642312986,35.96613966196777,1.906545668007496,3.713511924764573,4.438501288794265,Africa,COM,Lower middle income
Comoros,2011,668.056,28.040000915527344,40.92701623964154,37.0331320163017,2.073766200878651,4.114893515872571,4.860533754916899,Africa,COM,Lower middle income
Comoros,2012,681.63,28.12300109863281,42.3060704892515,38.08510554233965,2.239060375703973,4.516990242099727,5.283815347357869,Africa,COM,Lower middle income
Comoros,2013,696.192,28.222999572753903,43.66587723398099,39.12162347322955,2.402503871642164,4.91992709387985,5.708573514293763,Africa,COM,Lower middle income
Comoros,2014,711.503,28.33799934387207,45.005792347169,40.14203241576479,2.564107097907023,5.32373987709061,6.134885711625463,Africa,COM,Lower middle income
Comoros,2015,726.682,28.470001220703125,46.3255872493184,41.14596460277831,2.723961233148621,5.72858587017998,6.563034239070049,Africa,COM,Lower middle income
Comoros,2016,741.741,28.61899948120117,47.62480406730077,42.13289333088123,2.882114149431194,6.134565134098651,6.993205808028108,Africa,COM,Lower middle income
Comoros,2017,756.669,28.78400039672852,48.9029223957365,43.10227569223983,3.038584699376465,6.541740255799582,7.425522157456822,Africa,COM,Lower middle income
Comoros,2018,771.59,28.96500015258789,50.15951485468101,44.05363192284683,3.193410517956835,6.950205896309755,7.860159520146548,Africa,COM,Lower middle income
Comoros,2019,786.578,29.16400146484375,51.39424917906534,44.98649487217499,3.346681741062344,7.360140603804987,8.297440185015223,Africa,COM,Lower middle income
Comoros,2020,802.163,29.3799991607666,52.60660351137265,45.90033814093638,3.498406516599719,7.771606825269838,8.737485614274682,Africa,COM,Lower middle income
Comoros,2021,818.174,29.613000869750977,53.79612102745765,46.79466539631774,3.648615239951799,8.184705103036563,9.180483141245771,Africa,COM,Lower middle income
Comoros,2022,834.188,29.864002227783203,54.96236633729076,47.66895938958191,3.79736559751313,8.599583750188925,9.626703909851564,Africa,COM,Lower middle income
Comoros,2023,850.387,30.13199806213379,56.104836588019,48.52273647943426,3.944651254788553,9.016298265703588,10.07625720389486,Africa,COM,Lower middle income
Comoros,2024,866.628,30.417999267578125,57.22308881568216,49.35547955918757,4.090525478383045,9.435002981991762,10.52942405382516,Africa,COM,Lower middle income
Congo,2000,3151.345,58.69499969482422,11.92011132152305,,-,1.360441407207678,5.653835560890974,Africa,COG,Lower middle income
Congo,2001,3272.537,59.15600204467773,11.96847174527449,,-,1.371126482507136,5.697264991105204,Africa,COG,Lower middle income
Congo,2002,3350.771,59.617000579833984,12.29425621894988,,-,2.108854309800377,5.389751835422409,Africa,COG,Lower middle income
Congo,2003,3445.753,60.07599639892578,12.62367738900103,,-,2.861525583780398,5.076368174225613,Africa,COG,Lower middle income
Congo,2004,3565.554,60.532997131347656,13.081524943127,,-,3.63689120845989,4.757151020301814,Africa,COG,Lower middle income
Congo,2005,3696.393,60.98799896240234,13.55110988596573,,-,4.422903171491797,4.432137861104817,Africa,COG,Lower middle income
Congo,2006,3837.409,61.44099807739258,14.03253605214022,,-,5.219491132060325,4.101366135463789,Africa,COG,Lower middle income
Congo,2007,3980.43,61.89299774169922,14.52604167009896,,-,6.026677905175491,3.764929141708872,Africa,COG,Lower middle income
Congo,2008,4113.517,62.34600067138672,15.03203985972233,,-,6.844642036023027,3.42294793408328,Africa,COG,Lower middle income
Congo,2009,4281.219,62.80000305175781,15.55069040847306,,-,7.673418877227463,3.075403778215402,Africa,COG,Lower middle income
Congo,2010,4462.29,63.25600051879883,16.08231087801578,,-,8.513172769820432,2.722316170102286,Africa,COG,Lower middle income
Congo,2011,4609.724,63.71200180053711,16.62675394867719,,-,9.363691949432317,2.363583830010375,Africa,COG,Lower middle income
Congo,2012,4740.45,64.16899871826172,17.18433191933124,,-,10.22512918860574,1.999232620218943,Africa,COG,Lower middle income
Congo,2013,4857.099,64.62699890136719,17.7552084772419,,-,11.09752036586061,1.629244133552771,Africa,COG,Lower middle income
Congo,2014,4975.88,65.08499908447266,18.33936006568142,,-,11.98072423536786,1.253586094233285,Africa,COG,Lower middle income
Congo,2015,5097.581,65.54299926757812,18.93692816674409,,-,12.87474044883552,1.259880558045725,Africa,COG,Lower middle income
Congo,2016,5222.536,66.0009994506836,19.54805212935928,,-,13.7795668725487,1.266174875946317,Africa,COG,Lower middle income
Congo,2017,5351.011,66.45899963378906,20.17287895512636,,-,14.69520800623885,1.272469398039459,Africa,COG,Lower middle income
Congo,2018,5483.118,66.91600036621094,20.26857078742045,,-,14.79242231056195,1.278750039322076,Africa,COG,Lower middle income
Congo,2019,5616.661,67.37300109863281,20.36426325161736,,-,14.88963708493845,1.285030720550562,Africa,COG,Lower middle income
Congo,2020,5752.791,67.8290023803711,20.4597460251332,,-,14.98663879497523,1.291297638600123,Africa,COG,Lower middle income
Congo,2021,5892.183,68.28299713134766,20.55480995949171,,-,15.08321491962958,1.297537065811934,Africa,COG,Lower middle income
Cook Islands,2000,15.854,65.19100189208984,93.72741326824708,,-,-,-,Western Pacific,COK,
Cook Islands,2001,15.235,66.9000015258789,94.22281440843298,,-,-,-,Western Pacific,COK,
Cook Islands,2002,14.967,68.1760025024414,94.62665467063346,,-,-,-,Western Pacific,COK,
Cook Islands,2003,15.027,69.14199829101562,94.96619127332325,,-,-,-,Western Pacific,COK,
Cook Islands,2004,15.078,70.09400177001953,95.29194818435636,,-,-,-,Western Pacific,COK,
Cook Islands,2005,15.132,71.0260009765625,95.60331893631042,,-,-,-,Western Pacific,COK,
Cook Islands,2006,15.206,71.94100189208984,95.90107496703206,,-,-,-,Western Pacific,COK,
Cook Islands,2007,15.495,72.4729995727539,96.13658847690144,,-,-,-,Western Pacific,COK,
Cook Islands,2008,15.981,72.73600006103516,96.33134077392258,,-,-,-,Western Pacific,COK,
Cook Islands,2009,16.475,72.99600219726562,96.52255925437407,,-,-,-,Western Pacific,COK,
Cook Islands,2010,16.976,73.2550048828125,96.71052175326844,,-,-,-,Western Pacific,COK,
Cook Islands,2011,17.455,73.51300048828125,96.89525812949964,,-,-,-,Western Pacific,COK,
Cook Islands,2012,17.661,73.74800109863281,97.074497767095,,-,-,-,Western Pacific,COK,
Cook Islands,2013,17.605,73.96800231933594,97.24944058148677,,-,-,-,Western Pacific,COK,
Cook Islands,2014,17.532,74.18599700927734,97.42155213494976,,-,-,-,Western Pacific,COK,
Cook Islands,2015,17.446,74.40399932861328,97.5910303994122,,-,-,-,Western Pacific,COK,
Cook Islands,2016,17.332,74.62000274658203,97.7577218736017,,-,-,-,Western Pacific,COK,
Cook Islands,2017,17.047,74.83499908447266,97.92173815951686,,-,-,-,Western Pacific,COK,
Cook Islands,2018,16.596,75.052001953125,98.08329457034316,,-,-,-,Western Pacific,COK,
Cook Islands,2019,16.129,75.27200317382812,98.23399348449732,,-,-,-,Western Pacific,COK,
Cook Islands,2020,15.643,75.4949951171875,98.38079696401574,,-,-,-,Western Pacific,COK,
Cook Islands,2021,15.182,75.72000122070312,98.52495736819932,,-,-,-,Western Pacific,COK,
Cook Islands,2022,14.723,75.947998046875,98.66647582868092,,-,-,-,Western Pacific,COK,
Cook Islands,2023,14.222,76.177001953125,98.80522756244268,,-,-,-,Western Pacific,COK,
Cook Islands,2024,13.729,76.40899658203125,98.81372660384768,,-,-,-,Western Pacific,COK,
Costa Rica,2000,3937.739,59.052001953125,93.68496448505182,24.01475670749416,2.477792536507119,64.9895903404343,27.78477841943413,Americas,CRI,Upper middle income
Costa Rica,2001,4008.947,60.40999984741211,93.92395517782148,23.83495207203216,2.481049752572574,65.3859107152041,27.82022159181126,Americas,CRI,Upper middle income
Costa Rica,2002,4075.705,61.75299835205078,94.15610676189183,23.66168002165898,2.482117908424587,65.79102585311253,27.83116107428399,Americas,CRI,Upper middle income
Costa Rica,2003,4138.784,63.08000183105469,94.38145165766991,23.49505154656249,2.480994794792709,66.2050823731781,27.81757263272141,Americas,CRI,Upper middle income
Costa Rica,2004,4200.078,64.38800048828125,94.59990339291984,23.33551714140017,2.477620790882521,66.62867827228504,27.77879018804776,Americas,CRI,Upper middle income
Costa Rica,2005,4261.24,65.6719970703125,94.81127405261545,23.1838540090145,2.47188470956101,67.06284435799368,27.71357127101799,Americas,CRI,Upper middle income
Costa Rica,2006,4321.34,66.93500518798828,95.01589193202526,23.03944451404947,2.463918749459511,67.50675459119802,27.62339461504025,Americas,CRI,Upper middle income
Costa Rica,2007,4380.248,68.17399597167969,95.2137195498557,22.90270772636823,2.453677888232218,67.96096379826197,27.50775761099708,Americas,CRI,Upper middle income
Costa Rica,2008,4440.056,69.38999938964844,95.4049708043013,22.78195215681266,2.44981578741193,68.42510956848339,27.36748299648409,Americas,CRI,Upper middle income
Costa Rica,2009,4499.791,70.57499694824219,95.67007360282648,22.69220657144853,2.445057477465025,68.90081590669809,27.20065364533984,Americas,CRI,Upper middle income
Costa Rica,2010,4555.962,71.73600006103516,95.92728859315208,22.60882065524342,2.438020368487038,69.38636948193407,27.0099816921638,Americas,CRI,Upper middle income
Costa Rica,2011,4609.833,72.86800384521484,96.17658327392404,22.56338290740028,2.42859488365881,69.84139256277201,26.79454876152814,Americas,CRI,Upper middle income
Costa Rica,2012,4663.934,73.94599914550781,96.41706994221624,22.55019324606188,2.416172954495952,70.2840537602211,26.54798430087999,Americas,CRI,Upper middle income
Costa Rica,2013,4716.147,74.97000122070312,96.64922609363292,22.84172865161295,2.693219155939266,70.74050222976683,26.27144444389107,Americas,CRI,Upper middle income
Costa Rica,2014,4767.119,75.94100189208984,96.87352898077886,23.14071015520759,2.963010471410159,71.21034777310719,25.96633597832355,Americas,CRI,Upper middle income
Costa Rica,2015,4818.038,76.86199951171875,97.0905446199626,23.44539939248611,3.224710707137493,71.69279874678053,25.63456201336516,Americas,CRI,Upper middle income
Costa Rica,2016,4866.998,77.73500061035156,97.30075641875824,23.75428556362422,3.477511327394787,72.18727311569273,25.27768684686199,Americas,CRI,Upper middle income
Costa Rica,2017,4913.177,78.55999755859375,97.5045870013496,24.06620985930512,3.720582869421078,72.69363331614788,24.89673431543432,Americas,CRI,Upper middle income
Costa Rica,2018,4957.818,79.33999633789062,97.70251365599826,24.37963872275127,3.953244746378241,73.21109526218692,24.49343055158035,Americas,CRI,Upper middle income
Costa Rica,2019,4999.553,80.07599639892578,97.89495645706756,24.69338694409824,4.17479344522675,73.73931898238716,24.06896547970049,Americas,CRI,Upper middle income
Costa Rica,2020,5034.32,80.77099609375,98.08235388544124,25.00606231357265,4.384647777877611,74.27754544141068,23.62494217714942,Americas,CRI,Upper middle income
Costa Rica,2021,5059.988,81.42500305175781,98.26506423644103,25.31672143660689,4.582148648330137,74.82565283528461,23.16223201447616,Americas,CRI,Upper middle income
Costa Rica,2022,5081.765,82.04199981689453,98.4434940972081,25.64051529711254,4.766844268106265,75.34690734086537,22.68253961175161,Americas,CRI,Upper middle income
Costa Rica,2023,5105.525,82.62199401855469,98.61797374145048,25.96668933113755,4.938152875746827,75.86277783086216,22.18665147537902,Americas,CRI,Upper middle income
Costa Rica,2024,5129.91,83.16699981689453,98.78884065241245,26.28618967072732,5.095614504625834,76.39008465336383,21.67574497560978,Americas,CRI,Upper middle income
Côte d'Ivoire,2000,17699.004,43.15499877929688,20.04161755590521,13.49025581191989,1.618704642497044,9.74403183251308,5.731063503906636,Africa,CIV,Lower middle income
Côte d'Ivoire,2001,18178.913,43.56800079345703,20.71713116129418,14.05602582524559,1.642862098980289,9.794925493710778,5.821634811934876,Africa,CIV,Lower middle income
Côte d'Ivoire,2002,18654.771,43.983001708984375,21.39284559586782,14.61812056227125,1.670485854459229,9.846064656412361,5.927643720725001,Africa,CIV,Lower middle income
Côte d'Ivoire,2003,19125.542,44.39899826049805,22.06845968047486,15.17951944865446,1.698082679214181,9.897327413095608,6.033434757192006,Africa,CIV,Lower middle income
Côte d'Ivoire,2004,19595.0,44.81700134277344,22.74427373837664,15.74039780416986,1.725689867541179,9.948837395583489,6.139138984505868,Africa,CIV,Lower middle income
Côte d'Ivoire,2005,20068.458,45.23400115966797,23.55494537166973,16.28338361648232,1.761758811507964,10.42883184125665,6.244359237301819,Africa,CIV,Lower middle income
Côte d'Ivoire,2006,20546.802,45.652000427246094,24.37431693203848,16.83027081124287,1.798133716358399,10.91547226304011,6.349358141132372,Africa,CIV,Lower middle income
Côte d'Ivoire,2007,21030.558,46.07099914550781,25.20232589657621,17.38095943881655,1.834812689534081,11.40878396005827,6.454135959280925,Africa,CIV,Lower middle income
Côte d'Ivoire,2008,21514.439,46.49100112915039,26.0389018909406,17.93534428043408,1.871793097975475,11.90878889303811,6.558690397459499,Africa,CIV,Lower middle income
Côte d'Ivoire,2009,21997.94,46.90999984741211,26.88337062273406,18.49299354019735,1.908996903690692,12.41518502790322,6.662760835771503,Africa,CIV,Lower middle income
Côte d'Ivoire,2010,22488.065,47.33000183105469,27.73627394207496,19.05414645361223,1.946497333391663,12.92829164412638,6.766607953818816,Africa,CIV,Lower middle income
Côte d'Ivoire,2011,22982.0,47.7509994506836,28.59753879678363,19.61869562547416,1.984291572555989,13.44812955486958,6.870228936219456,Africa,CIV,Lower middle income
Côte d'Ivoire,2012,23467.078,48.172000885009766,29.46679702827721,20.1863844479564,2.0223395020594,13.97453794878341,6.973495337020621,Africa,CIV,Lower middle income
Côte d'Ivoire,2013,23939.775,48.59299850463867,30.3439798658214,20.7571178431905,2.060638492862175,14.50751679868566,7.076407168069793,Africa,CIV,Lower middle income
Côte d'Ivoire,2014,24527.395,49.01399993896485,31.22901828924594,21.33080062641832,2.099185878336998,15.04706591214094,7.178964315887709,Africa,CIV,Lower middle income
Côte d'Ivoire,2015,25246.342,49.44400024414063,32.12457145393077,21.9086341432112,2.138322836209619,15.59506593307846,7.282307073765582,Africa,CIV,Lower middle income
Côte d'Ivoire,2016,25989.405,49.88100051879883,33.02996648037167,22.4901496445248,2.177972520296783,16.15129609036431,7.386172607358676,Africa,CIV,Lower middle income
Côte d'Ivoire,2017,26733.372,50.32600021362305,33.94542952279095,23.07530921127858,2.21817174262222,16.71614250857332,7.490676693374803,Africa,CIV,Lower middle income
Côte d'Ivoire,2018,27464.173,50.77900314331055,34.87088759437191,23.66392757110498,2.258919733326187,17.28979413603854,7.595810130949562,Africa,CIV,Lower middle income
Côte d'Ivoire,2019,28193.009,51.2390022277832,35.80595802336341,24.25568411088772,2.300176594138948,17.87219650366977,7.701436922985068,Africa,CIV,Lower middle income
Côte d'Ivoire,2020,28915.449,51.705997467041016,36.75056136011344,24.8503967888791,2.341940910484633,18.46351362288304,7.807548325233389,Africa,CIV,Lower middle income
Côte d'Ivoire,2021,29639.736,52.17999649047852,37.70461686919501,25.44788041127856,2.384211400989298,19.06391085350939,7.914136291847695,Africa,CIV,Lower middle income
Côte d'Ivoire,2022,30395.002,52.66100311279297,38.66803982907935,26.04794607582075,2.426986429670589,19.67355201720693,8.021191911676464,Africa,CIV,Lower middle income
Côte d'Ivoire,2023,31165.654,53.14900207519531,39.64074266519589,26.65040202247476,2.47026408418453,20.29259973593037,8.128705685486848,Africa,CIV,Lower middle income
Côte d'Ivoire,2024,31934.23,53.64400100708008,40.40706879761277,27.10275408291272,2.502386059885554,20.92121748542991,8.236668651657318,Africa,CIV,Lower middle income
Croatia,2000,4326.105,53.428001403808594,98.451172519388,78.32019563185152,54.65392508851399,40.30962279475542,54.74668975840399,Europe,HRV,High income
Croatia,2001,4301.074,53.641998291015625,98.45439407984053,78.37441320407073,54.76537456461422,40.2076989043712,54.8585107962432,Europe,HRV,High income
Croatia,2002,4305.782,53.810001373291016,98.29333377961235,78.28686827086989,54.77188019073475,40.12768217332996,54.94629549685709,Europe,HRV,High income
Croatia,2003,4306.686,53.97899627685547,98.0735685776892,78.15265054778112,54.76253404792518,40.04719093591846,55.03459619130501,Europe,HRV,High income
Croatia,2004,4310.056,54.14699935913086,97.85452207247036,78.01858706599579,54.75264218895988,39.96717430011158,55.12238049974003,Europe,HRV,High income
Croatia,2005,4313.946,54.31500244140625,97.63620889129434,77.88493017281603,54.74272192886391,39.8871577914339,55.21016791773178,Europe,HRV,High income
Croatia,2006,4315.8,54.483001708984375,97.4186224972522,77.75167402797632,54.73276655972286,39.80714182102319,55.29795169587054,Europe,HRV,High income
Croatia,2007,4315.954,54.650997161865234,97.20176401673102,77.61882007182349,54.722776145849,39.72712758327485,55.38573189402275,Europe,HRV,High income
Croatia,2008,4314.631,54.81900024414063,96.98563683058254,77.48637462648537,54.71275854932358,39.64711088594042,55.47351642517468,Europe,HRV,High income
Croatia,2009,4310.53,54.98699951171875,96.77024000272432,77.35433611183473,54.7027097632494,39.56709486857314,55.56130126395691,Europe,HRV,High income
Croatia,2010,4301.145,55.15499877929688,96.55557083920397,77.18406242893799,54.65384350813163,39.48708126057608,55.64908213797122,Europe,HRV,High income
Croatia,2011,4280.824,55.321998596191406,96.3415946710198,76.83082322608004,54.42051317389403,39.40754121862125,55.7363426603366,Europe,HRV,High income
Croatia,2012,4259.236,55.506004333496094,96.12898148049254,76.48273719664824,54.19599287233475,39.31990241168945,55.83248889077775,Europe,HRV,High income
Croatia,2013,4242.398,55.70600128173828,95.91780302046466,76.13949733812885,53.97965292743862,39.22464750979626,55.93699341064315,Europe,HRV,High income
Croatia,2014,4219.479,55.92300415039063,95.70819817424488,75.80131870055396,53.7719012822994,39.12129109017565,56.05038180059083,Europe,HRV,High income
Croatia,2015,4183.729,56.15500259399414,95.71900970056782,75.64055697983427,53.66703223330018,39.01079296977109,56.17160387151207,Europe,HRV,High income
Croatia,2016,4136.444,56.40299987792969,95.73053120191322,75.48293874246775,53.56928088854009,38.89267581938343,56.30118664291781,Europe,HRV,High income
Croatia,2017,4079.2,56.66699981689453,95.7427708106791,75.32837190784842,53.47855120253353,38.76693830030149,56.43913581808764,Europe,HRV,High income
Croatia,2018,4024.868,56.946998596191406,95.75454234476656,75.17558182055369,53.39472992578705,38.63357755960345,56.58543908705248,Europe,HRV,High income
Croatia,2019,3986.334,57.242000579833984,95.7669528953151,75.02535503592887,53.31722756781942,38.49307449804295,56.73958639059548,Europe,HRV,High income
Croatia,2020,3953.958,57.55299758911133,95.78002633655264,74.87782838823784,53.24643307233974,38.34494910514771,56.90208586483362,Europe,HRV,High income
Croatia,2021,3924.61,57.87799835205078,95.7936994032533,74.73242960195155,53.18126922267165,38.19015830722073,57.07190887383381,Europe,HRV,High income
Cuba,2000,11109.109,75.322998046875,81.30806971279743,38.29538909186144,7.93531432906303,31.47725068135118,37.88535626244801,Americas,CUB,Upper middle income
Cuba,2001,11144.132,75.55500030517578,81.50513656088725,38.40746523216301,7.955028787734563,31.49679768097311,37.97851634894626,Americas,CUB,Upper middle income
Cuba,2002,11177.418,75.78499603271484,81.70080118838699,38.51881014994042,7.974572088434861,31.51617330261085,38.07086760609945,Americas,CUB,Upper middle income
Cuba,2003,11209.383,75.9469985961914,81.88771946966655,38.64177330026877,7.988338707021877,31.52982494296758,38.1359213837895,Americas,CUB,Upper middle income
Cuba,2004,11238.756,76.04100036621094,82.06637915347353,38.77682648828657,7.996325967534193,31.53774274847546,38.17366491873309,Americas,CUB,Upper middle income
Cuba,2005,11262.554,76.13400268554688,82.68999164064742,38.74083537561548,8.335629310521691,30.55271916096815,39.60984422119052,Americas,CUB,Upper middle income
Cuba,2006,11278.55,76.22699737548828,83.31491839538161,38.70176185015087,8.678229713071277,29.56569993756016,41.04641824487957,Americas,CUB,Upper middle income
Cuba,2007,11287.272,76.31999969482422,83.94114981690615,38.65961259405836,9.024125377106813,28.57668660729179,42.4833931934121,Americas,CUB,Upper middle income
Cuba,2008,11291.762,76.41300201416016,84.56865888945113,38.61439155964957,9.37331094445607,27.58567417978004,43.92075857239799,Americas,CUB,Upper middle income
Cuba,2009,11294.719,76.50499725341797,85.1973567326843,38.89360834147202,9.994191890685537,26.59263588555678,45.35810813368426,Americas,CUB,Upper middle income
Cuba,2010,11297.409,76.59700012207031,85.82732910363066,39.18959823350456,10.64085610250127,25.59762463437895,46.79585309893832,Americas,CUB,Upper middle income
Cuba,2011,11301.571,76.68899536132812,86.45855137163053,39.50288622593703,11.3138758582799,24.60063694125042,48.23398488613599,Americas,CUB,Upper middle income
Cuba,2012,11303.175,76.78099822998047,87.09101981021979,39.8340095066631,12.01383208826223,23.6016756114427,49.67251000320643,Americas,CUB,Upper middle income
Cuba,2013,11298.167,76.8270034790039,87.72162071134719,40.19213584626958,12.73644566519282,22.60130725341489,51.09207756379127,Americas,CUB,Upper middle income
Cuba,2014,11285.775,76.86100006103516,88.35313639791649,40.57123465004422,13.48552281810127,21.60022786294837,52.50676312224731,Americas,CUB,Upper middle income
Cuba,2015,11275.065,76.89599609375,88.98649203455714,40.96938764801202,14.2629892756704,20.59838557752588,53.92202179109312,Americas,CUB,Upper middle income
Cuba,2016,11265.612,76.93000030517578,89.62155218128649,41.38750494571932,15.0692101223042,19.59583518227414,55.33699621223648,Americas,CUB,Upper middle income
Cuba,2017,11247.829,76.97700500488281,90.25900508064124,41.82361682658278,15.90646109664607,18.59183765911364,56.75770084570627,Americas,CUB,Upper middle income
Cuba,2018,11227.118,77.03700256347656,90.8986460916429,42.2783611899059,16.7754921804843,17.58597456591895,58.18421384926413,Americas,CUB,Upper middle income
Cuba,2019,11202.846,77.10899353027344,91.54022286330084,42.75255560965292,17.67693451975047,16.57790255646576,59.61617951151575,Americas,CUB,Upper middle income
Cuba,2020,11176.354,77.19400024414062,92.18357537982853,43.24667501937883,18.61168103386342,15.56714768368814,61.05411577815668,Americas,CUB,Upper middle income
Cuba,2021,11122.168,77.29199981689453,92.82849028174384,43.7613856725711,19.58051137277673,14.55329214425085,62.49810318451254,Americas,CUB,Upper middle income
Cuba,2022,11059.82,77.4010009765625,93.47471050977168,44.6254365878634,20.13239034088803,14.5425907676145,62.54581496528451,Americas,CUB,Upper middle income
Cuba,2023,11019.931,77.52300262451172,94.12208013067324,45.49786434736464,20.69507464932542,14.53061362559963,62.59922005290264,Americas,CUB,Upper middle income
Cuba,2024,10979.783,77.6570053100586,94.77035066883012,45.87688809173792,20.80939559968736,14.51745682937431,62.65787280394764,Americas,CUB,Upper middle income
Curaçao,2000,145.529,90.7519989013672,98.31100159147888,,3.765740380822281,73.94955927104752,23.53587738013925,Americas,CUW,High income
Curaçao,2001,144.751,91.01100158691406,98.37700702022656,,3.693704965130546,74.52097958805393,23.08565603206591,Americas,CUW,High income
Curaçao,2002,145.901,90.89400482177734,98.44301244897429,,3.621669549438812,75.09239990506035,22.63543468399257,Americas,CUW,High income
Curaçao,2003,147.911,90.7750015258789,98.50901787772194,,3.549634133747077,75.66382022206699,22.18521333591923,Americas,CUW,High income
Curaçao,2004,149.797,90.65499877929688,98.57502330646965,,3.477598718055342,76.2352405390734,21.73499198784589,Americas,CUW,High income
Curaçao,2005,151.313,90.53400421142578,98.64102873521736,,3.405563302363607,76.80666085607982,21.28477063977255,Americas,CUW,High income
Curaçao,2006,152.505,90.41100311279295,98.70703416396503,,3.333527886671873,77.37808117308623,20.8345492916992,Americas,CUW,High income
Curaçao,2007,153.666,90.28700256347656,98.77303959271272,,3.261492470980138,77.94950149009264,20.38432794362586,Americas,CUW,High income
Curaçao,2008,154.775,90.16100311279295,98.83904502146042,,3.189457055288404,78.52092180709906,19.93410659555252,Americas,CUW,High income
Curaçao,2009,155.825,90.03400421142578,98.90505045020812,,3.117421639596669,79.0923421241057,19.48388524747918,Americas,CUW,High income
Curaçao,2010,156.879,89.90499877929688,98.9710558789558,,3.045386223904916,79.66376244111211,19.03366389940572,Americas,CUW,High income
Curaçao,2011,158.566,89.7750015258789,99.0,,2.973350808213181,80.23518275811853,18.58344255133238,Americas,CUW,High income
Curaçao,2012,160.89,89.65399932861328,99.0,,2.901315392521446,80.80660307512494,18.13322120325904,Americas,CUW,High income
Curaçao,2013,163.109,89.54399871826172,99.0,,2.829279976829712,81.37802339213135,17.6829998551857,Americas,CUW,High income
Curaçao,2014,165.027,89.44300079345703,99.0,,2.829279976829712,81.37802339213135,17.6829998551857,Americas,CUW,High income
Curaçao,2015,166.612,89.35199737548828,99.0,,2.829279976829712,81.37802339213135,17.6829998551857,Americas,CUW,High income
Curaçao,2016,167.782,89.2719955444336,99.0,,2.829279976829712,81.37802339213135,17.6829998551857,Americas,CUW,High income
Curaçao,2017,168.516,89.2030029296875,99.0,,2.829279976829712,81.37802339213135,17.6829998551857,Americas,CUW,High income
Cyprus,2000,947.667,68.64799499511719,99.0,76.20218835251318,52.78443604050256,46.83550462402122,52.78443604050256,Europe,CYP,High income
Cyprus,2001,964.127,68.76900482177734,99.0,76.24166545611118,52.86330618654952,46.75671853912334,52.86330618654951,Europe,CYP,High income
Cyprus,2002,981.44,68.69400024414062,99.0,76.21719856213977,52.81442199299419,46.80555313829112,52.81442199299419,Europe,CYP,High income
Cyprus,2003,999.59,68.5530014038086,99.0,76.11019316260884,52.606698545699,47.0069892338197,52.60669854569899,Europe,CYP,High income
Cyprus,2004,1017.875,68.40999603271484,99.0,76.00837431141387,52.39906030683961,47.19783685670445,52.39906030683961,Europe,CYP,High income
Cyprus,2005,1036.151,68.26799774169922,99.0,76.05170062661222,52.19345887867725,47.09818905984319,52.19345887867725,Europe,CYP,High income
Cyprus,2006,1054.418,68.125,99.0,76.10545441262236,51.98860758197693,46.97749193027906,51.98860758197693,Europe,CYP,High income
Cyprus,2007,1072.714,67.98200225830078,99.0,76.16006670187107,51.78514851732909,46.85485611697466,51.78514851732909,Europe,CYP,High income
Cyprus,2008,1091.026,67.83900451660156,99.0,76.21554315277245,51.5830843123854,46.73028758832324,51.5830843123854,Europe,CYP,High income
Cyprus,2009,1109.371,67.69499969482422,99.0,76.27156811353478,51.38178725498371,46.60439409059039,51.38178725498371,Europe,CYP,High income
Cyprus,2010,1127.816,67.5510025024414,99.0,76.32846792960497,51.18189999375435,46.47655323867692,51.18189999375435,Europe,CYP,High income
Cyprus,2011,1146.493,67.40599822998047,99.0,76.38593682285286,50.98280763671882,46.347360637472,50.98280763671882,Europe,CYP,High income
Cyprus,2012,1165.397,67.26100158691406,99.0,76.44427775278892,50.78512694292925,46.21620547706534,50.78512694292925,Europe,CYP,High income
Cyprus,2013,1183.895,67.13700103759766,99.0,76.50967399717925,50.60142271961159,46.0709263631997,50.60142271961159,Europe,CYP,High income
Cyprus,2014,1201.801,67.031005859375,99.0,76.58105972992388,50.42960440040535,45.91366947299248,50.42960440040535,Europe,CYP,High income
Cyprus,2015,1219.502,66.94599914550781,99.0,76.6591450743344,50.27118076582298,45.74310564804743,50.27118076582298,Europe,CYP,High income
Cyprus,2016,1237.112,66.8810043334961,99.0,76.74344132534966,50.12525394818615,45.56020876995883,50.12525394818615,Europe,CYP,High income
Cyprus,2017,1254.275,66.83599853515625,99.0,76.83377870267164,49.99153735623073,45.36539397410923,49.99153735623073,Europe,CYP,High income
Cyprus,2018,1270.737,66.80999755859375,99.0,76.92968864762449,49.86916054861511,45.1596050161841,49.86916054861511,Europe,CYP,High income
Cyprus,2019,1286.671,66.80500030517578,99.0,76.92147253439666,49.86629154149261,45.16233307057684,49.86629154149261,Europe,CYP,High income
Cyprus,2020,1302.247,66.82099914550781,99.0,76.91913176227683,49.87547566353354,45.15360429396096,49.87547566353354,Europe,CYP,High income
Cyprus,2021,1317.309,66.85600280761719,99.0,76.92212914634449,49.89556164754471,45.13451673308955,49.89556164754471,Europe,CYP,High income
Cyprus,2022,1331.37,66.91100311279297,99.0,76.93076721576148,49.92712556207246,45.10452291045872,49.92712556207246,Europe,CYP,High income
Cyprus,2023,1344.976,66.98699951171875,99.0,76.94534597312486,49.97074102066409,45.06307276515523,49.97074102066409,Europe,CYP,High income
Cyprus,2024,1358.282,67.08200073242188,99.0,76.97204558945492,50.02525799293181,45.01126130631427,50.02525799293181,Europe,CYP,High income
Czechia,2000,10236.804,73.98799896240234,99.0,88.55580354153295,82.86971586361062,10.06153259027165,88.70788818334714,Europe,CZE,High income
Czechia,2001,10231.936,73.87699890136719,99.0,88.65242367967801,82.94988725068103,10.09209847389686,88.67555586523078,Europe,CZE,High income
Czechia,2002,10239.468,73.80899810791016,99.0,88.76095090080058,83.0072893079522,10.11082361291055,88.65575030260142,Europe,CZE,High income
Czechia,2003,10248.912,73.73999786376953,99.0,88.8693810069443,83.06439567664943,10.12982253323382,88.63565145242578,Europe,CZE,High income
Czechia,2004,10261.45,73.6709976196289,99.0,88.97784959465088,83.12148708361991,10.148822067954,88.61555189844951,Europe,CZE,High income
Czechia,2005,10280.153,73.60200500488281,99.0,89.08635826818382,83.17856554781676,10.16782105779048,88.5954533033167,Europe,CZE,High income
Czechia,2006,10304.588,73.53299713134766,99.0,89.19490765558992,83.23563000602148,10.18682224625521,88.5753541017749,Europe,CZE,High income
Czechia,2007,10337.543,73.46299743652344,99.0,89.30337159519807,83.29240673562614,10.2060974542092,88.55496522332191,Europe,CZE,High income
Czechia,2008,10378.292,73.39399719238281,99.0,89.41200250454297,83.34944570285411,10.22509659653424,88.53486550583592,Europe,CZE,High income
Czechia,2009,10420.985,73.3239974975586,99.0,89.52055310571033,83.40619967733288,10.24437170865868,88.51447708305233,Europe,CZE,High income
Czechia,2010,10464.035,73.2550048828125,99.0,89.62927413964506,83.46321953923172,10.26337131120428,88.49438177730849,Europe,CZE,High income
Czechia,2011,10495.511,73.18500518798828,99.0,89.7379131899574,83.51995160572544,10.28264653704865,88.47399282384227,Europe,CZE,High income
Czechia,2012,10507.335,73.1969985961914,99.0,89.85662172932318,83.59912804179281,10.27934200224307,88.47748586423914,Europe,CZE,High income
Czechia,2013,10511.163,73.29000091552734,99.0,89.98505206738609,83.70036327610686,10.25373394800051,88.50457797530618,Europe,CZE,High income
Czechia,2014,10517.226,73.38400268554688,99.0,90.10373372777552,83.80169415218954,10.22785047382219,88.53195321582523,Europe,CZE,High income
Czechia,2015,10524.416,73.47699737548828,99.0,90.2256784472326,83.93762600755956,10.20224203387485,88.55904169362637,Europe,CZE,High income
Czechia,2016,10531.948,73.56999969482422,99.0,90.3477076892421,84.07364335865341,10.17663344447721,88.58613532338236,Europe,CZE,High income
Czechia,2017,10541.342,73.67500305175781,99.0,90.47126877845616,84.21302454375376,10.1477210687847,88.61671971383988,Europe,CZE,High income
Czechia,2018,10548.937,73.79199981689453,99.0,90.59637580650444,84.35578420361676,10.1155042258378,88.6507966440783,Europe,CZE,High income
Czechia,2019,10554.875,73.9209976196289,99.0,90.72304491774524,84.50193906603714,10.07998214879024,88.6883700742039,Europe,CZE,High income
Czechia,2020,10550.129,74.06099700927734,99.0,90.85117133470116,84.65123077412646,10.04143217112322,88.7291525902172,Europe,CZE,High income
Czechia,2021,10530.683,74.21399688720703,99.0,90.9810030745054,84.80421354286545,9.999302297873104,88.77371784329279,Europe,CZE,High income
Czechia,2022,10673.213,74.37699890136719,99.0,91.11218699879682,84.9600764291358,9.954418742325048,88.82119439493323,Europe,CZE,High income
Czechia,2023,10809.716,74.552001953125,99.0,91.2449855166361,85.11938692535617,9.90623135097431,88.87216942218375,Europe,CZE,High income
Czechia,2024,10735.859,74.73799896240234,99.0,91.37928396312266,85.28187891393856,9.855013706418214,88.92634890932958,Europe,CZE,High income
Democratic People's Republic of Korea,2002,23943.973,59.57000350952149,75.19542675547815,,-,3.020267544614057,61.63152972020703,South-East Asia,PRK,Low income
Democratic People's Republic of Korea,2003,24090.38,59.64800262451172,75.20582096428838,,-,3.01931199065183,61.6475756104378,South-East Asia,PRK,Low income
Democratic People's Republic of Korea,2004,24254.943,59.72700119018555,75.21635278964027,,-,3.018344295744414,61.66383114646527,South-East Asia,PRK,Low income
Democratic People's Republic of Korea,2005,24396.433,59.80500030517578,75.22675051959818,,-,3.017388823504558,61.67988024998556,South-East Asia,PRK,Low income
Democratic People's Republic of Korea,2006,24524.507,59.88399887084961,75.2372785852435,,-,3.016420970543094,61.69613274309871,South-East Asia,PRK,Low income
Democratic People's Republic of Korea,2007,24646.383,59.96199798583984,75.92378091715827,,-,3.015465486743834,61.71218086786079,South-East Asia,PRK,Low income
Democratic People's Republic of Korea,2008,24764.618,60.03999710083008,76.61398434004354,,-,3.676735098839784,59.96971445141991,South-East Asia,PRK,Low income
Democratic People's Republic of Korea,2009,24878.332,60.19499969482422,77.31903610287581,,-,4.334930031306858,58.25459979466252,South-East Asia,PRK,Low income
Democratic People's Republic of Korea,2010,24987.258,60.37700271606445,78.03240892563555,,-,4.990106232832995,56.55955839095486,South-East Asia,PRK,Low income
Democratic People's Republic of Korea,2011,25097.874,60.55700302124024,78.74999820893608,,-,5.642858948555681,54.87731594263045,South-East Asia,PRK,Low income
Democratic People's Republic of Korea,2012,25211.728,60.73799896240234,79.47227871442219,,-,6.293090716291112,53.20883309437777,South-East Asia,PRK,Low income
Democratic People's Republic of Korea,2013,25329.451,60.917999267578125,80.19895088041532,,-,6.940887201063217,51.55336211665773,South-East Asia,PRK,Low income
Democratic People's Republic of Korea,2014,25451.262,61.09799575805664,80.9301775081677,,-,7.586208390913876,49.9112539651673,South-East Asia,PRK,Low income
Democratic People's Republic of Korea,2015,25575.35,61.277000427246094,81.66581062185574,,-,8.22912145680096,48.28201226485363,South-East Asia,PRK,Low income
Democratic People's Republic of Korea,2016,25698.326,61.47099685668945,82.4086074475707,,-,8.868462329397188,46.6741553804784,South-East Asia,PRK,Low income
Democratic People's Republic of Korea,2017,25817.709,61.67799758911133,83.1584097748592,,-,9.504082259123946,45.08820408588051,South-East Asia,PRK,Low income
Democratic People's Republic of Korea,2018,25931.147,61.89900207519531,83.91557763381495,,-,10.13562551216003,43.52622444924388,South-East Asia,PRK,Low income
Democratic People's Republic of Korea,2019,26037.632,62.13399887084961,84.61949209666354,,-,10.76280360876587,41.98976602171231,South-East Asia,PRK,Low income
Democratic People's Republic of Korea,2020,26136.312,62.38100051879883,84.66546508442266,,-,10.73940057406252,42.15062624109373,South-East Asia,PRK,Low income
Democratic People's Republic of Korea,2021,26232.534,62.64200210571289,84.71403785302958,,-,10.71466998117969,42.32060254328398,South-East Asia,PRK,Low income
Democratic People's Republic of Korea,2022,26328.845,62.91600036621094,84.76503822607128,,-,10.6887092573604,42.49904632800887,South-East Asia,PRK,Low income
Democratic People's Republic of Korea,2023,26418.204,63.2030029296875,84.81845168856489,,-,10.6615157486877,42.68595420484149,South-East Asia,PRK,Low income
Democratic Republic of the Congo,2000,50507.442,35.12200164794922,23.74773108862318,22.01329665891885,<1,3.324071812644015,1.341938479382747,Africa,COD,Low income
Democratic Republic of the Congo,2001,52132.646,35.58700180053711,23.29257572594106,21.55331383940819,<1,3.363793436933473,1.303954101216304,Africa,COD,Low income
Democratic Republic of the Congo,2002,53750.524,36.05500030517578,22.84097942079255,21.097166558475,<1,3.403771076940971,1.26471243011265,Africa,COD,Low income
Democratic Republic of the Congo,2003,55343.867,36.5260009765625,22.39297387409221,20.64489010639008,<1,3.444005449778487,1.224200659316421,Africa,COD,Low income
Democratic Republic of the Congo,2004,56997.741,37.0,21.94859579681422,20.19652544614005,<1,3.484496017525782,1.182405529697826,Africa,COD,Low income
Democratic Republic of the Congo,2005,58775.724,37.48100280761719,21.50794808673885,19.75200654624799,<1,3.525584693284072,1.139420203529269,Africa,COD,Low income
Democratic Republic of the Congo,2006,60615.908,37.97100067138672,21.08913694178883,19.31554397798215,<1,3.567441511624941,1.095264125817585,Africa,COD,Low income
Democratic Republic of the Congo,2007,62477.752,38.470001220703125,20.67880737358418,18.88752295016747,<1,3.610067851754306,1.049898532379707,Africa,COD,Low income
Democratic Republic of the Congo,2008,64390.664,38.97599792480469,20.27692574735459,18.46800964351422,<1,3.653291713247889,1.003239514816792,Africa,COD,Low income
Democratic Republic of the Congo,2009,66412.044,39.49100112915039,19.88358663951372,17.99043891691567,<1,4.048494602365679,<1,Africa,COD,Low income
Democratic Republic of the Congo,2010,68563.038,40.01300048828125,19.49872638733278,17.51831108083443,<1,4.454147422168499,<1,Africa,COD,Low income
Democratic Republic of the Congo,2011,70849.311,40.54399871826172,19.12245185847746,17.05156595599085,<1,4.870676082807369,<1,Africa,COD,Low income
Democratic Republic of the Congo,2012,73254.618,41.08200073242188,18.75466806725805,16.59012666425016,<1,5.298089324112785,<1,Africa,COD,Low income
Democratic Republic of the Congo,2013,75789.395,41.62699890136719,18.39536213002182,16.13390850829106,<1,5.736584494019789,<1,Africa,COD,Low income
Democratic Republic of the Congo,2014,78403.242,42.18000030517578,18.04459488994199,15.68284484156114,<1,6.186503342811276,<1,Africa,COD,Low income
Democratic Republic of the Congo,2015,81035.531,42.73999786376953,17.70228230488922,15.23682839743953,<1,6.647919320558236,<1,Africa,COD,Low income
Democratic Republic of the Congo,2016,83956.415,43.30699920654297,17.36840187774277,14.79576157089216,<1,7.121031236684598,<1,Africa,COD,Low income
Democratic Republic of the Congo,2017,87083.398,43.880001068115234,17.04283672478061,14.35951118571135,<1,7.605867244143682,<1,Africa,COD,Low income
Democratic Republic of the Congo,2018,90047.644,44.459999084472656,16.72563452740029,13.9279930308729,<1,8.102775845065981,<1,Africa,COD,Low income
Democratic Republic of the Congo,2019,92947.442,45.045997619628906,16.41666202818098,13.50105940645634,<1,8.611767356859511,<1,Africa,COD,Low income
Democratic Republic of the Congo,2020,95989.998,45.63800048828125,16.11586515822125,13.07858365767057,<1,9.133012371132859,<1,Africa,COD,Low income
Democratic Republic of the Congo,2021,99148.932,46.23500061035156,16.14617109252676,13.05840634049047,<1,9.251616966125974,<1,Africa,COD,Low income
Democratic Republic of the Congo,2022,102396.968,46.83699798583984,16.17447306692762,13.03577512270797,<1,9.37121426101323,<1,Africa,COD,Low income
Democratic Republic of the Congo,2023,105789.731,47.44400024414063,16.2386817602994,13.05994529715615,<1,9.491806005766092,<1,Africa,COD,Low income
Democratic Republic of the Congo,2024,109276.265,48.05500030517578,16.30331223689324,13.08427389031641,<1,9.613190980494304,<1,Africa,COD,Low income
Denmark,2000,5339.658,85.0999984741211,99.0,94.78942683738236,86.62682710382525,10.18448351648345,89.48241758241755,Europe,DNK,High income
Denmark,2001,5358.828,85.14999389648438,99.0,94.789430756861,86.62682692759475,10.18448351648345,89.48241758241755,Europe,DNK,High income
Denmark,2002,5375.959,85.25,99.0,94.7894333306578,86.62682657510352,10.18448351648345,89.48241758241755,Europe,DNK,High income
Denmark,2003,5390.62,85.36000061035156,99.0,94.78943308812252,86.62682618737813,10.18448351648345,89.48241758241755,Europe,DNK,High income
Denmark,2004,5404.598,85.56600189208984,99.0,94.78942949244195,86.62682546127895,10.18448351648345,89.48241758241755,Europe,DNK,High income
Denmark,2005,5419.555,85.85600280761719,99.0,94.7894256572463,86.62682443910123,10.18448351648345,89.48241758241755,Europe,DNK,High income
Denmark,2006,5437.42,86.0979995727539,99.0,94.78942672740104,86.62682358612541,10.18448351648345,89.48241758241755,Europe,DNK,High income
Denmark,2007,5461.607,86.29299926757812,99.0,94.78942293395048,86.62682289879086,10.18448351648345,89.48241758241755,Europe,DNK,High income
Denmark,2008,5493.764,86.48699951171875,99.0,95.10130269451442,87.00609717330379,10.00538461538457,89.6697802197802,Europe,DNK,High income
Denmark,2009,5523.173,86.65399932861328,99.0,95.41103553947704,87.3861985159769,9.826285714285689,89.85714285714283,Europe,DNK,High income
Denmark,2010,5547.863,86.79500579833984,99.0,95.71862182429908,87.76712692447433,9.647186813186806,90.04450549450547,Europe,DNK,High income
Denmark,2011,5570.849,86.95700073242188,99.0,96.02406692817657,88.14888223140872,9.468087912087867,90.23186813186811,Europe,DNK,High income
Denmark,2012,5591.917,87.14200592041016,99.0,96.32737575011498,88.53146442858281,9.288989010988985,90.41923076923075,Europe,DNK,High income
Denmark,2013,5615.333,87.29199981689453,99.0,96.62853543940165,88.91487372476378,9.109890109890102,90.60659340659339,Europe,DNK,High income
Denmark,2014,5643.794,87.41000366210938,99.0,96.9275713224632,89.29911011061571,8.930791208791163,90.79395604395603,Europe,DNK,High income
Denmark,2015,5683.701,87.5260009765625,99.0,97.2244703558707,89.68417347821602,8.75169230769228,90.98131868131867,Europe,DNK,High income
Denmark,2016,5728.201,87.64199829101562,99.0,97.5192420457828,90.07006382027238,8.572593406593398,91.16868131868131,Europe,DNK,High income
Denmark,2017,5765.168,87.75699615478516,99.0,97.8118971984095,90.45678114049707,8.39349450549446,91.35604395604395,Europe,DNK,High income
Denmark,2018,5793.824,87.8740005493164,99.0,98.10243904606132,90.84432542777868,8.214395604395577,91.54340659340659,Europe,DNK,High income
Denmark,2019,5814.618,87.9939956665039,99.0,98.39086494249372,91.23269667836344,8.035296703296694,91.73076923076923,Europe,DNK,High income
Denmark,2020,5831.53,88.11600494384766,99.0,98.60233240704665,91.54791175783035,7.856197802197755,91.91813186813187,Europe,DNK,High income
Denmark,2021,5856.776,88.23999786376953,99.0,98.68093728518504,91.73451928891859,7.677098901098873,92.1054945054945,Europe,DNK,High income
Denmark,2022,5902.904,88.36699676513672,99.0,98.75693720993311,91.92112680688514,7.49799999999999,92.29285714285714,Europe,DNK,High income
Denmark,2023,5948.136,88.4949951171875,99.0,98.83031855717876,92.10773431917266,7.318901098901051,92.48021978021978,Europe,DNK,High income
Denmark,2024,5977.412,88.6259994506836,99.0,98.90109880923728,92.29434181825555,7.139802197802169,92.66758241758242,Europe,DNK,High income
Djibouti,2000,747.318,76.53199768066406,43.80055854714143,24.25821675594985,2.357227607956175,11.19101252596211,5.051112240261801,Eastern Mediterranean,DJI,Lower middle income
Djibouti,2001,771.313,76.57799530029297,43.82129494938157,24.26751509499881,2.358644312046995,11.19749796870067,5.054147980785888,Eastern Mediterranean,DJI,Lower middle income
Djibouti,2002,795.574,76.6240005493164,43.84203476368713,24.27681500360922,2.360061243805953,11.20398445709482,5.0571842091616,Eastern Mediterranean,DJI,Lower middle income
Djibouti,2003,813.519,76.67000579833984,43.86277237803547,24.28611378570209,2.361478044528569,11.21047033349482,5.060220156750142,Eastern Mediterranean,DJI,Lower middle income
Djibouti,2004,826.124,76.71600341796875,43.88350963425898,24.2954126031209,2.36289479383493,11.21695599148998,5.063255994162952,Eastern Mediterranean,DJI,Lower middle income
Djibouti,2005,839.167,76.76100158691406,45.41391015422834,25.32170415188542,2.35940024689994,11.22330158658499,5.066226269505764,Eastern Mediterranean,DJI,Lower middle income
Djibouti,2006,855.764,76.80699920654297,46.94023211816909,26.34527789105568,2.355930273870734,11.22978642270788,5.069261734799254,Eastern Mediterranean,DJI,Lower middle income
Djibouti,2007,874.528,76.8530044555664,48.46202488838161,27.36592921857183,2.352454855918443,11.23627315059077,5.072298070515431,Eastern Mediterranean,DJI,Lower middle income
Djibouti,2008,892.734,76.89899444580078,49.97926254925263,28.38364255802019,2.348973263975254,11.24275836392886,5.075333706821719,Eastern Mediterranean,DJI,Lower middle income
Djibouti,2009,911.527,76.94400024414062,51.4914501079009,29.39819916783075,2.345455715957352,11.24910434381546,5.078304156145744,Eastern Mediterranean,DJI,Lower middle income
Djibouti,2010,930.251,76.9990005493164,53.00406883661266,30.41197880542102,2.342236451160602,11.25685944399809,5.08193420640387,Eastern Mediterranean,DJI,Lower middle income
Djibouti,2011,948.558,77.06400299072266,54.51735911708818,31.42504883325716,2.339313718400618,11.26602442232751,5.086224194938363,Eastern Mediterranean,DJI,Lower middle income
Djibouti,2012,966.747,77.13800048828125,56.03103123270298,32.43724610679543,2.336655288364668,11.27645811744341,5.091108056131962,Eastern Mediterranean,DJI,Lower middle income
Djibouti,2013,984.824,77.22200012207031,57.54581595244597,33.44884774249633,2.334289781986806,11.28830205568854,5.096652027993231,Eastern Mediterranean,DJI,Lower middle income
Djibouti,2014,1002.717,77.31400299072266,59.06086375081197,34.4594522429296,2.332155032565683,11.30127457613679,5.102724264871562,Eastern Mediterranean,DJI,Lower middle income
Djibouti,2015,1020.313,77.41699981689453,60.57796170755245,35.46978077047003,2.330339395371444,11.31579665970723,5.109521842864488,Eastern Mediterranean,DJI,Lower middle income
Djibouti,2016,1037.653,77.52799987792969,62.09570062667694,36.47919512048897,2.328751227211185,11.33144801099136,5.116848005166919,Eastern Mediterranean,DJI,Lower middle income
Djibouti,2017,1054.841,77.64800262451172,63.61479173678262,37.48795663753121,2.327418771052477,11.34836866251866,5.124768304091565,Eastern Mediterranean,DJI,Lower middle income
Djibouti,2018,1071.882,77.7770004272461,65.13540278137667,38.49609369613188,2.326340003024863,11.36655714697373,5.133282062804458,Eastern Mediterranean,DJI,Lower middle income
Djibouti,2019,1088.709,77.91500091552734,66.65771060283336,39.50363773488426,2.325513592750101,11.38601528793758,5.142390132218095,Eastern Mediterranean,DJI,Lower middle income
Djibouti,2020,1105.188,78.06199645996094,66.74211571463016,39.53865394598693,2.329900891141086,11.4067414156591,5.152091731049095,Eastern Mediterranean,DJI,Lower middle income
Djibouti,2021,1121.248,78.21700286865234,66.83112056950294,39.57557901694554,2.334527220674993,11.42859677616029,5.162321897588529,Eastern Mediterranean,DJI,Lower middle income
Djibouti,2022,1137.096,78.37999725341797,66.92471949189678,39.61441009877954,2.339392333876923,11.45158018365012,5.173080084597078,Eastern Mediterranean,DJI,Lower middle income
Djibouti,2023,1152.944,78.552001953125,67.02348401214815,39.65538388229013,2.344525978124887,11.475832154374,5.184432072220523,Eastern Mediterranean,DJI,Lower middle income
Dominica,2000,68.511,65.26499938964844,64.04257285675477,,-,37.7681264761477,13.84243496375795,Americas,DMA,Upper middle income
Dominica,2001,68.288,65.38199615478516,65.29825378162704,,-,39.56730520291376,13.78269338111646,Americas,DMA,Upper middle income
Dominica,2002,68.367,65.68899536132812,66.55393470649929,,-,41.36648392968027,13.72295179847498,Americas,DMA,Upper middle income
Dominica,2003,68.531,65.99400329589844,67.80961563137154,,-,43.16566265644633,13.6632102158335,Americas,DMA,Upper middle income
Dominica,2004,68.649,66.29899597167969,69.06529655624381,,-,44.96484138321239,13.60346863319201,Americas,DMA,Upper middle income
Dominica,2005,68.734,66.60100555419922,70.32097748111606,,-,46.7640201099789,13.54372705055053,Americas,DMA,Upper middle income
Dominica,2006,68.806,66.90299987792969,71.57665840598833,,-,48.56319883674496,13.48398546790904,Americas,DMA,Upper middle income
Dominica,2007,68.847,67.20299530029297,72.83233933086058,,-,50.36237756351147,13.42424388526756,Americas,DMA,Upper middle income
Dominica,2008,68.854,67.50199890136719,74.08802025573283,,-,52.16155629027753,13.36450230262606,Americas,DMA,Upper middle income
Dominica,2009,68.864,67.79900360107422,75.3437011806051,,-,53.96073501704359,13.30476071998459,Americas,DMA,Upper middle income
Dominica,2010,68.859,68.093994140625,76.59938210547735,,-,55.7599137438101,13.24501913734309,Americas,DMA,Upper middle income
Dominica,2011,69.053,68.38899993896484,77.8550630303496,,-,57.55909247057616,13.18527755470161,Americas,DMA,Upper middle income
Dominica,2012,69.118,68.68499755859375,79.11074395522186,,-,59.35827119734267,13.12553597206012,Americas,DMA,Upper middle income
Dominica,2013,69.715,68.98200225830078,80.36642488009412,,-,61.15744992410873,13.06579438941864,Americas,DMA,Upper middle income
Dominica,2014,70.373,69.27999877929688,80.36642488009412,,-,61.15744992410873,13.06579438941864,Americas,DMA,Upper middle income
Dominica,2015,70.41,69.5790023803711,80.36642488009412,,-,61.15744992410873,13.06579438941864,Americas,DMA,Upper middle income
Dominica,2016,69.606,69.8800048828125,80.36642488009412,,-,61.15744992410873,13.06579438941864,Americas,DMA,Upper middle income
Dominica,2017,68.496,70.18099975585938,80.36642488009412,,-,61.15744992410873,13.06579438941864,Americas,DMA,Upper middle income
Dominican Republic,2000,8584.19,61.75299835205078,76.59724139273463,52.04216974524986,11.66866743886493,23.00754313603567,27.3868635269423,Americas,DOM,Upper middle income
Dominican Republic,2001,8720.283,62.56499862670898,77.14860587274418,52.31748065446972,11.81576577856535,23.14538643210793,27.62152117902824,Americas,DOM,Upper middle income
Dominican Republic,2002,8852.235,63.371002197265625,77.69899458872325,51.9277829021253,11.71501391467236,25.28198777067219,27.27547128730022,Americas,DOM,Upper middle income
Dominican Republic,2003,8980.62,64.60499572753906,78.3032583035324,51.50067845410615,11.66276308703627,27.47729785372781,27.0418390875486,Americas,DOM,Upper middle income
Dominican Republic,2004,9104.892,66.00299835205078,78.92711888088745,51.06046418733266,11.62479662545276,29.68372451894194,26.84209241605722,Americas,DOM,Upper middle income
Dominican Republic,2005,9225.034,67.3699951171875,79.54579003521165,50.62397875555776,11.57681424994627,31.86978880895134,26.62118796215336,Americas,DOM,Upper middle income
Dominican Republic,2006,9341.183,68.70999908447266,80.15980545224558,50.19076280311633,11.51936836084989,34.03658285245128,26.38061721258334,Americas,DOM,Upper middle income
Dominican Republic,2007,9455.658,70.02000427246094,80.76883577155624,49.76094111923698,11.4521688763755,36.18416002841022,26.11996703381157,Americas,DOM,Upper middle income
Dominican Republic,2008,9573.13,71.30000305175781,81.37290945993045,49.33437389448719,11.37529132879224,38.31302321169043,25.83964310540038,Americas,DOM,Upper middle income
Dominican Republic,2009,9695.265,72.54199981689453,81.97111154932291,48.91153228278703,11.28790814996122,40.42269016242545,25.53804142974184,Americas,DOM,Upper middle income
Dominican Republic,2010,9820.175,73.75299835205078,82.56434369668138,48.49172313489221,11.19092749070974,42.5146346953607,25.21741580592198,Americas,DOM,Upper middle income
Dominican Republic,2011,9945.621,74.82699584960938,83.14001707773663,48.08237347441504,11.07272965550739,44.577376184513,24.85239556535509,Americas,DOM,Upper middle income
Dominican Republic,2012,10070.411,75.802001953125,83.70298110653987,47.68013363232098,10.93808426789199,46.61732757787301,24.45393169646111,Americas,DOM,Upper middle income
Dominican Republic,2013,10193.833,76.7490005493164,84.26181656808409,47.27967720277648,10.79504802931537,48.64340632163052,24.04000982851852,Americas,DOM,Upper middle income
Dominican Republic,2014,10315.528,77.66999816894531,84.8168092520689,46.88074212631677,10.6439262486844,50.65628040415338,23.61147108221849,Americas,DOM,Upper middle income
Dominican Republic,2015,10434.829,78.56600189208984,85.3681191078801,46.48313861889515,10.48491095565129,52.65648011325709,23.16889807086178,Americas,DOM,Upper middle income
Dominican Republic,2016,10551.43,79.43599700927734,85.91567083409483,46.08680932976662,10.31798334072208,54.6443396279771,22.7124080911338,Americas,DOM,Upper middle income
Dominican Republic,2017,10666.843,80.2770004272461,86.45918435511481,45.69181532675098,10.14293888749151,56.62006782514535,22.24171509566296,Americas,DOM,Upper middle income
Dominican Republic,2018,10782.053,81.0739974975586,86.99703406759609,45.29889967333659,9.958414376261892,58.58304988975171,21.75404277021436,Americas,DOM,Upper middle income
Dominican Republic,2019,10894.043,81.82799530029297,87.52943604504253,44.9077787014663,9.764702789025655,60.5340970711153,21.25020048625467,Americas,DOM,Upper middle income
Dominican Republic,2020,11008.3,82.54000091552734,88.05661850780155,44.5181818904574,9.562095482721848,62.47400725060317,20.7309819612486,Americas,DOM,Upper middle income
Dominican Republic,2021,11123.476,83.21300506591797,88.5790077931484,44.12972838843693,9.351063818869733,64.4036562076305,20.19755255971872,Americas,DOM,Upper middle income
Dominican Republic,2022,11230.734,83.8479995727539,89.09681149474342,43.74216520406597,9.1318801158325,66.32375491167464,19.65063846259745,Americas,DOM,Upper middle income
Dominican Republic,2023,11331.265,84.44599914550781,89.61023808822985,43.35524553057812,8.90481430180588,68.23499342609448,19.09095003960685,Americas,DOM,Upper middle income
Dominican Republic,2024,11427.557,85.01100158691406,90.11982375749837,42.9685910441268,8.670394236837202,70.13816780511826,18.5197320671477,Americas,DOM,Upper middle income
Ecuador,2000,12689.206,60.29899597167969,73.0247894296071,44.30221681446363,16.617602111797,18.85626642387882,44.25736130362496,Americas,ECU,Upper middle income
Ecuador,2001,12910.74,60.79900360107422,73.68227268607401,44.42956236085475,17.00968687662197,19.40479420279084,45.30028919004714,Americas,ECU,Upper middle income
Ecuador,2002,13138.472,61.11800003051758,74.29403889854659,44.55195033000518,17.3688011448442,19.93916884524477,46.25410783060829,Americas,ECU,Upper middle income
Ecuador,2003,13372.306,61.31600189208984,74.8765406550674,44.67207335818028,17.70570393968616,20.46685988470301,47.14786402166432,Americas,ECU,Upper middle income
Ecuador,2004,13608.701,61.51400375366211,75.45565895926855,44.78945556671574,18.04305782314171,20.98729104194895,48.04292190051468,Americas,ECU,Upper middle income
Ecuador,2005,13846.163,61.71100234985352,76.25867297362807,45.02649617726554,18.44855436600464,21.50054061394015,48.9387565740536,Americas,ECU,Upper middle income
Ecuador,2006,14086.131,61.90699768066406,77.060905576886,45.26093656358954,18.85659279888426,22.00666558592088,49.83536590396299,Americas,ECU,Upper middle income
Ecuador,2007,14328.773,62.104000091552734,77.86271865950204,45.49269905546902,19.26757650078632,22.50549043107834,50.73379312885037,Americas,ECU,Upper middle income
Ecuador,2008,14575.202,62.30000305175781,78.66376063954903,45.72184521254466,19.68112772107149,22.99722381924697,51.63298548486132,Americas,ECU,Upper middle income
Ecuador,2009,14825.954,62.494998931884766,79.46405208533211,45.94838352416949,20.09725252506297,23.48192405810212,52.53292594043442,Americas,ECU,Upper middle income
Ecuador,2010,15076.695,62.69000244140625,80.26377764344076,46.17226500846509,20.51616900971389,23.95947530836753,53.43415530288681,Americas,ECU,Upper middle income
Ecuador,2011,15326.227,62.85099792480469,81.05780952613472,46.39559479983042,20.93086533789396,24.43627131898699,54.31830170867467,Americas,ECU,Upper middle income
Ecuador,2012,15572.194,62.98800277709961,81.84815457342715,46.61824206385439,21.34320676948555,24.91211759949126,55.19046866040887,Americas,ECU,Upper middle income
Ecuador,2013,15807.128,63.12500381469727,82.63856390709417,46.83883652843317,21.75810606692434,25.38294225488107,56.06353945057175,Americas,ECU,Upper middle income
Ecuador,2014,16035.124,63.26100158691406,83.42890108559993,47.05744757781396,22.1753584875756,25.8489880253231,56.93695936479607,Americas,ECU,Upper middle income
Ecuador,2015,16266.225,63.39799880981445,84.21943825787392,47.273913129163,22.59539837953158,26.30978589222021,57.81182088104602,Americas,ECU,Upper middle income
Ecuador,2016,16505.139,63.53399658203125,85.00992328845177,47.48839223761087,23.0178110216257,26.76583979014827,58.68703224177862,Americas,ECU,Upper middle income
Ecuador,2017,16759.519,63.66999816894531,85.80048863481056,48.26046487663751,23.44281742953494,27.21690882983244,59.56313431302972,Americas,ECU,Upper middle income
Ecuador,2018,17049.547,63.82099914550781,86.59283992820262,48.80775594613421,23.87378699062526,27.65824399095995,60.44858026322255,Americas,ECU,Upper middle income
Ecuador,2019,17340.021,63.98599624633789,87.38663335510626,48.92796259471044,24.31061663193815,28.08935983094449,61.34294519381793,Americas,ECU,Upper middle income
Ecuador,2020,17546.065,64.16600036621094,88.18175078563029,49.03503927239798,24.75365647747129,28.50913059096343,62.24693900886307,Americas,ECU,Upper middle income
Ecuador,2021,17682.454,64.36100006103516,88.97796010857866,49.12890352587902,25.20303892877109,28.91672974967177,63.16071449627466,Americas,ECU,Upper middle income
Ecuador,2022,17823.897,64.56999969482422,89.72332080524622,49.19148588280834,25.65865836276581,29.11434179791661,64.08383255577428,Americas,ECU,Upper middle income
Ecuador,2023,17980.083,64.79199981689453,90.55569113759417,49.33081284695924,26.12040954498883,29.21008232314776,65.01586236389875,Americas,ECU,Upper middle income
Ecuador,2024,18135.478,65.02899932861328,91.204340143216,49.28723689748069,26.58889145768388,29.09264134844117,65.95809456801352,Americas,ECU,Upper middle income
Egypt,2000,73083.284,42.797000885009766,91.97456836498895,26.80766905317061,13.96342834551153,49.179500246176,34.91082042242757,Eastern Mediterranean,EGY,Lower middle income
Egypt,2001,74652.029,42.84299850463867,92.18866120127883,26.89837278368519,14.71191603191236,49.15489377504301,36.69943183911925,Eastern Mediterranean,EGY,Lower middle income
Egypt,2002,76239.137,42.88899993896485,92.4027780839966,26.98916938552062,15.46337076985459,49.13029039555605,38.48743513969404,Eastern Mediterranean,EGY,Lower middle income
Egypt,2003,77853.548,42.93499755859375,92.6169160199968,27.08005750723338,16.2177890152407,49.10568791143375,40.27482967054923,Eastern Mediterranean,EGY,Lower middle income
Egypt,2004,79477.443,42.98099899291992,92.83106891279076,27.47066330954936,16.9751659315684,47.8059043221529,42.06161156435819,Eastern Mediterranean,EGY,Lower middle income
Egypt,2005,81101.004,43.027000427246094,93.0452392877341,27.86254436982385,17.73549953043791,46.50697286361355,43.8477840734069,Eastern Mediterranean,EGY,Lower middle income
Egypt,2006,82700.403,43.072998046875,93.25943151189904,28.25569904133896,18.49878641687959,45.20889796908303,45.63334689220276,Eastern Mediterranean,EGY,Lower middle income
Egypt,2007,84276.225,43.07799911499024,93.47143143376525,28.64436933938256,19.25630519117145,43.93208526702347,47.39644819351094,Eastern Mediterranean,EGY,Lower middle income
Egypt,2008,85864.789,43.05799865722656,93.68212083322088,29.03109275728081,20.01173396230539,42.6675741124331,49.14632156657535,Eastern Mediterranean,EGY,Lower middle income
Egypt,2009,87501.636,43.03900146484375,93.8929162055799,29.41958557402661,20.77066390561289,41.40221391114129,50.89698043650123,Eastern Mediterranean,EGY,Lower middle income
Egypt,2010,89196.072,43.01900100708008,94.10370464127266,29.80957503781084,21.53267853631241,40.13696796323337,52.64737755291802,Eastern Mediterranean,EGY,Lower middle income
Egypt,2011,91093.059,43.0,94.31459992797753,30.20133072477029,22.29819208405148,38.87089239763912,54.39854756971423,Eastern Mediterranean,EGY,Lower middle income
Egypt,2012,93161.001,42.94599914550781,94.52369044187007,30.5902925487434,23.06002132057138,37.62025837931048,56.13247180588039,Eastern Mediterranean,EGY,Lower middle income
Egypt,2013,95333.553,42.89300155639648,94.73289791284957,30.9812100322073,23.82553352152419,36.36817663755662,57.8676072898886,Eastern Mediterranean,EGY,Lower middle income
Egypt,2014,97528.654,42.8390007019043,94.94212208770452,31.3738366218869,24.59433611827694,35.11554749350832,59.60295946108601,Eastern Mediterranean,EGY,Lower middle income
Egypt,2015,99597.342,42.78499984741211,95.15140186791272,31.76829787170664,25.3666303761918,33.86191040525797,61.33902373919568,Eastern Mediterranean,EGY,Lower middle income
Egypt,2016,101644.589,42.73200225830078,95.36080448936426,34.0920150765014,28.06991048168396,32.60685949500755,63.07628065948659,Eastern Mediterranean,EGY,Lower middle income
Egypt,2017,103696.057,42.70499801635742,95.57161598087067,36.53904380621293,30.89714585002304,31.32900385780191,64.82637495996953,Eastern Mediterranean,EGY,Lower middle income
Egypt,2018,105682.094,42.70400238037109,95.7838228519798,39.17111608551474,33.84990822758796,29.79702798709751,66.58879064148196,Eastern Mediterranean,EGY,Lower middle income
Egypt,2019,107553.158,42.72999954223633,95.99745213619155,41.92708953564907,36.92992885669918,28.25428608281144,68.36345822163865,Eastern Mediterranean,EGY,Lower middle income
Egypt,2020,109315.124,42.78300094604492,96.21249765427996,44.80854857239949,40.13867043076532,26.70105053530612,70.14984860535972,Eastern Mediterranean,EGY,Lower middle income
Egypt,2021,110957.008,42.86199951171875,96.42889141794656,47.81681711158681,43.47726654900335,25.1379817207789,71.94698513041021,Eastern Mediterranean,EGY,Lower middle income
Egypt,2022,112618.25,42.96699905395508,96.6466119170931,50.953294682881,46.94699624552606,23.56533906692299,73.75434500199206,Eastern Mediterranean,EGY,Lower middle income
Egypt,2023,114535.772,43.09999847412109,96.86574836844034,54.219718464571,50.5496029876111,21.98261125877378,75.57226916119194,Eastern Mediterranean,EGY,Lower middle income
Egypt,2024,116538.258,43.257999420166016,97.08612941919796,57.33581015072405,53.90557672562237,20.94187226542603,76.84828693877711,Eastern Mediterranean,EGY,Lower middle income
El Salvador,2000,5943.366,58.9119987487793,80.6037786224969,45.72235248935224,1.89839819352253,5.634835119595791,35.22400338757536,Americas,SLV,Upper middle income
El Salvador,2001,5968.06,59.4640007019043,80.69199183450831,45.546474823401,1.915577226598164,5.6522815752762,35.54266359291522,Americas,SLV,Upper middle income
El Salvador,2002,5986.631,60.01399612426758,80.77988626174977,45.37123956697995,1.932693722020023,5.669664642315423,35.86016376463301,Americas,SLV,Upper middle income
El Salvador,2003,5998.599,60.56100082397461,81.13186294592435,44.99933967785152,1.952334777475969,6.646802054519789,36.1840815628252,Americas,SLV,Upper middle income
El Salvador,2004,6004.671,61.10699844360352,81.4794904202867,44.62862587097997,1.971866056592582,7.618730876309684,36.50561172760311,Americas,SLV,Upper middle income
El Salvador,2005,6005.578,61.64799880981445,81.82227085752528,44.2603511828906,1.991164779771761,8.585395728557696,36.82247299063314,Americas,SLV,Upper middle income
El Salvador,2006,6002.319,62.18699645996094,82.16081355135503,43.89360650545225,2.010370526530985,9.546905976922625,37.13640184827673,Americas,SLV,Upper middle income
El Salvador,2007,6009.824,62.77400207519531,82.50293325943971,43.51272310308273,2.030984791858553,10.50368473464786,37.4758584951644,Americas,SLV,Upper middle income
El Salvador,2008,6029.297,63.678001403808594,82.88970958306395,43.03421612455929,2.061301102176642,11.4558990639258,37.99321435730271,Americas,SLV,Upper middle income
El Salvador,2009,6048.279,64.56999969482422,83.27044707592536,42.56120916733229,2.091143518874726,12.39956033922414,38.50078417955206,Americas,SLV,Upper middle income
El Salvador,2010,6068.249,65.45199584960938,83.64569538057816,42.09304618977677,2.120576978845357,13.33482811813442,38.9997644472784,Americas,SLV,Upper middle income
El Salvador,2011,6090.127,66.32500457763672,84.01581983338902,41.62938003634989,2.14963454415219,14.26183184962353,39.4907616855461,Americas,SLV,Upper middle income
El Salvador,2012,6113.975,67.18699645996094,84.3807461910215,41.17079859785898,2.178257183841018,15.18073238213709,39.97269654399954,Americas,SLV,Upper middle income
El Salvador,2013,6138.839,68.03600311279297,84.74039113912319,40.71786553477747,2.206386559004044,16.09172594156284,40.44451012080398,Americas,SLV,Upper middle income
El Salvador,2014,6162.955,68.8740005493164,85.09527391785488,40.26993351807199,2.234086678586853,16.99494811700588,40.90737994636643,Americas,SLV,Upper middle income
El Salvador,2015,6183.676,69.70000457763672,85.44545247743497,39.8272130637589,2.2612787046415,17.8905848019167,41.36080477444933,Americas,SLV,Upper middle income
El Salvador,2016,6200.8,70.5009994506836,85.78920877682401,39.39362313082091,2.287618033640143,18.77925834496755,41.79763744451481,Americas,SLV,Upper middle income
El Salvador,2017,6213.533,71.2750015258789,86.12646456899722,38.96966899564817,2.313048388414964,19.66140382409862,42.21690562799443,Americas,SLV,Upper middle income
El Salvador,2018,6219.807,72.02299499511719,86.45658233261602,38.55402620463444,2.337604084260421,20.53736033364978,42.6192848460649,Americas,SLV,Upper middle income
El Salvador,2019,6222.318,72.74600219726562,86.73645617600877,38.10511757058306,2.361320420935577,21.4074501827095,43.00546617350491,Americas,SLV,Upper middle income
El Salvador,2020,6234.673,73.44400024414062,87.00965749278618,37.66398999829664,2.384200728596483,22.27202780649334,43.37556177980679,Americas,SLV,Upper middle income
El Salvador,2021,6255.782,74.11800384521484,87.27653743879186,37.23029291264304,2.406279309383019,23.13138983905158,43.73024266402305,Americas,SLV,Upper middle income
El Salvador,2022,6280.319,74.76699829101562,87.53714725471568,36.80427024906781,2.427529758026876,23.98594079588254,44.06908685242748,Americas,SLV,Upper middle income
El Salvador,2023,6309.624,75.39299774169922,87.79196767046773,36.38528350631703,2.448016508458606,24.835902694512,44.39330634107014,Americas,SLV,Upper middle income
El Salvador,2024,6338.193,75.99600219726562,88.04111634260533,35.97323701930772,2.467742879102455,25.68159939658439,44.7030126245301,Americas,SLV,Upper middle income
Equatorial Guinea,2000,703.279,49.09199905395508,54.79053059417397,,-,5.889103931411711,9.349151893948516,Africa,GNQ,Upper middle income
Equatorial Guinea,2001,749.836,50.83199691772461,55.77696641199703,,-,5.909983958744917,9.44659184290069,Africa,GNQ,Upper middle income
Equatorial Guinea,2002,797.957,52.573001861572266,56.74700429929325,,-,5.930876027603491,9.54408811217222,Africa,GNQ,Upper middle income
Equatorial Guinea,2003,847.862,54.30700302124024,57.69923503832537,,-,5.951684009619102,9.64119205533208,Africa,GNQ,Upper middle income
Equatorial Guinea,2004,899.917,56.032997131347656,58.63358948115162,,-,5.972395907522756,9.737847725861453,Africa,GNQ,Upper middle income
Equatorial Guinea,2005,947.367,57.7400016784668,59.54837348424979,,-,5.99287985232298,9.833439810855788,Africa,GNQ,Upper middle income
Equatorial Guinea,2006,990.343,59.430999755859375,60.44433959965333,,-,6.01317208367139,9.9281360686083,Africa,GNQ,Upper middle income
Equatorial Guinea,2007,1036.044,61.09999847412109,61.32078111862553,,-,6.033200037317807,10.02160006305008,Africa,GNQ,Upper middle income
Equatorial Guinea,2008,1084.53,62.744998931884766,62.17771427518856,,-,6.052939987157996,10.11371996048079,Africa,GNQ,Upper middle income
Equatorial Guinea,2009,1135.673,64.35800170898438,63.01431732571289,,-,6.072295870608633,10.20404781717949,Africa,GNQ,Upper middle income
Equatorial Guinea,2010,1189.085,65.94000244140625,63.83119242027395,,-,6.091280090470364,10.29264008711596,Africa,GNQ,Upper middle income
Equatorial Guinea,2011,1241.835,67.48800659179688,64.62836959269913,,-,6.109856147739849,10.37932836860687,Africa,GNQ,Upper middle income
Equatorial Guinea,2012,1293.483,69.0,65.40607324025987,,-,6.128000156073877,10.4640002765607,Africa,GNQ,Upper middle income
Equatorial Guinea,2013,1346.218,69.54399871826172,66.0469451872043,,-,6.134528088161844,10.49446417464751,Africa,GNQ,Upper middle income
Equatorial Guinea,2014,1399.828,70.08300018310547,66.11511295962676,,-,6.140995998774604,10.52464795633039,Africa,GNQ,Upper middle income
Equatorial Guinea,2015,1453.923,70.61599731445312,66.18252306925181,,-,6.14739201911411,10.5544960374355,Africa,GNQ,Upper middle income
Equatorial Guinea,2016,1508.186,71.13800048828125,66.24853903175556,,-,6.153655765107807,10.58372758190681,Africa,GNQ,Upper middle income
Equatorial Guinea,2017,1562.396,71.64599609375,66.31278666715615,,-,6.15975172354347,10.61217546358636,Africa,GNQ,Upper middle income
Eritrea,2000,2247.031,26.58699989318848,8.285300726899832,,-,3.91822212655364,5.662697460453195,Africa,ERI,Low income
Eritrea,2001,2312.079,27.45499992370605,8.640478930526397,,-,4.010229809379958,5.540108494608836,Africa,ERI,Low income
Eritrea,2002,2392.978,28.34100151062012,8.986295797711906,,-,4.104146045249208,5.40151011338924,Africa,ERI,Low income
Eritrea,2003,2493.903,29.24399948120117,9.322086505030343,,-,4.199864132552721,5.246116811820209,Africa,ERI,Low income
Eritrea,2004,2598.284,30.16399955749512,9.647447229394112,,-,4.297384052264308,5.073357708655822,Africa,ERI,Low income
Eritrea,2005,2661.215,31.099000930786133,9.961535200317828,,-,4.396494067819908,4.88234790199712,Africa,ERI,Low income
Eritrea,2006,2703.502,32.05099868774414,10.26441759826826,,-,4.497406102463495,4.672875007483246,Africa,ERI,Low income
Eritrea,2007,2743.222,33.01700210571289,10.55507862410308,,-,4.599802043590016,4.443963900180526,Africa,ERI,Low income
Eritrea,2008,2816.327,34.0,10.8337740406528,,-,4.704000093712068,4.195514769207182,Africa,ERI,Low income
Eritrea,2009,2887.885,34.584999084472656,11.02204142023953,,-,4.766009993310416,3.880393576848101,Africa,ERI,Low income
Eritrea,2010,2945.186,35.17499923706055,11.2019452505005,,-,4.828549799743653,3.552674796678503,Africa,ERI,Low income
Eritrea,2011,2998.485,35.770999908447266,11.37354033449413,,-,4.891726270659912,3.212280896749317,Africa,ERI,Low income
Eritrea,2012,3036.988,36.37200164794922,11.5365173088441,,-,4.95543203399892,2.858930525704569,Africa,ERI,Low income
Eritrea,2013,3074.36,36.979000091552734,11.63627000949558,,-,5.019773888946856,2.906642155846526,Africa,ERI,Low income
Eritrea,2014,3095.173,37.59000015258789,11.73668100703785,,-,5.084540223183304,2.954668508477502,Africa,ERI,Low income
Eritrea,2015,3105.546,38.205997467041016,11.83791249282538,,-,5.1498359323517,3.003087459094398,Africa,ERI,Low income
Eritrea,2016,3124.698,38.82699966430664,11.93996601408661,,-,5.215661822808556,3.051899542756673,Africa,ERI,Low income
Estonia,2000,1396.997,69.36799621582031,99.0,91.97961718187244,73.22432498919258,12.10981428407967,74.79542068988995,Europe,EST,High income
Estonia,2001,1388.171,69.24200439453125,99.0,91.85068875100842,73.50829822174572,12.35767356807581,75.08548683111577,Europe,EST,High income
Estonia,2002,1379.435,69.11600494384766,99.0,91.7186322996994,73.79107256725163,12.60903152696209,75.37501216744461,Europe,EST,High income
Estonia,2003,1370.85,68.98900604248047,99.0,91.54698282375684,74.0429243456522,12.86411903323468,75.6635179953677,Europe,EST,High income
Estonia,2004,1362.676,68.86199951171875,99.0,91.44165102415684,74.3537995745134,13.12273505798519,75.95148243372888,Europe,EST,High income
Estonia,2005,1354.848,68.73500061035156,99.0,91.33490162064945,74.66429170932778,13.38487711759648,76.23890807093943,Europe,EST,High income
Estonia,2006,1346.88,68.60700225830078,99.0,91.22659981341629,74.97392077494526,13.65081621026036,76.52530632032217,Europe,EST,High income
Estonia,2007,1340.705,68.47900390625,99.0,91.1168597236476,75.28315029431283,13.92031117337583,76.81115206557757,Europe,EST,High income
Estonia,2008,1337.074,68.35099792480469,99.0,91.00568832146185,75.5919876647218,14.1933611831041,77.09645427218409,Europe,EST,High income
Estonia,2009,1334.528,68.2229995727539,99.0,90.89308362617972,75.90042944663182,14.46996687125622,77.381210837569,Europe,EST,High income
Estonia,2010,1331.448,68.093994140625,99.0,90.77888485357666,76.20798861715298,14.75045412537157,77.6649264685736,Europe,EST,High income
Estonia,2011,1327.358,67.96500396728516,99.0,90.66323497109488,76.51514434754806,15.03452220800063,77.94809150357368,Europe,EST,High income
Estonia,2012,1322.616,67.9739990234375,99.0,90.56993421541476,76.88947243972315,15.2732921494422,78.29959089955945,Europe,EST,High income
Estonia,2013,1317.919,68.12200164794922,99.0,90.50190686828418,77.33237153278603,15.46064459937304,78.7208002635029,Europe,EST,High income
Estonia,2014,1314.452,68.26900482177734,99.0,90.43593557549782,77.77560039366126,15.64426784475934,79.14214190082762,Europe,EST,High income
Estonia,2015,1314.576,68.41600036621094,99.0,90.42641648070516,78.26790100824616,15.82380922813242,79.56410534862584,Europe,EST,High income
Estonia,2016,1315.849,68.56300354003906,99.0,90.41915068822117,78.76164964509955,15.99926696519764,79.98670323980586,Europe,EST,High income
Estonia,2017,1317.425,68.71700286865234,99.0,90.4155763943812,79.2603495533505,16.16767700710506,80.41349237497599,Europe,EST,High income
Estonia,2018,1321.965,68.87999725341797,99.0,90.41627163093231,79.76506780600904,16.32787388860494,80.84554318979302,Europe,EST,High income
Estonia,2019,1326.822,69.05099487304688,99.0,90.42121279071416,80.27537762737138,16.47993090547632,81.28240740183607,Europe,EST,High income
Estonia,2020,1329.669,69.22900390625,99.0,90.43801555863068,80.73249301670181,16.48399862660173,81.72361225921,Europe,EST,High income
Estonia,2021,1331.749,69.41499328613281,99.0,90.44413565279808,81.17307754268609,16.46351383778692,82.16972431324942,Europe,EST,High income
Estonia,2022,1350.091,69.60900115966797,99.0,90.4550598573692,81.61855670100755,16.43303223754222,82.62079734247624,Europe,EST,High income
Estonia,2023,1367.196,69.80999755859375,99.0,90.5062301683048,81.72177308457805,16.32466050042766,82.72541169313452,Europe,EST,High income
Estonia,2024,1360.546,70.01899719238281,99.0,90.55701375592484,81.82909706330285,16.22022061610195,82.83418927498526,Europe,EST,High income
Eswatini,2000,1041.414,22.68600082397461,50.2519164138463,44.97367666508378,3.119379714681027,5.061162787171892,8.584684589811138,Africa,SWZ,Lower middle income
Eswatini,2001,1051.064,22.55500030517578,50.74806417338091,45.45001101399087,3.140928834100158,5.047718784564453,8.644971120837495,Africa,SWZ,Lower middle income
Eswatini,2002,1059.441,22.42500114440918,51.27762690860541,45.99397139602673,3.135411141146618,5.034377734323883,8.705158594665903,Africa,SWZ,Lower middle income
Eswatini,2003,1066.7,22.29599952697754,51.81802362731761,46.54834885896125,3.130017834305903,5.021139095053151,8.765249587879484,Africa,SWZ,Lower middle income
Eswatini,2004,1073.159,22.166000366210938,52.3689358798259,47.1130786485354,3.124561388294903,5.007798160778449,8.824696711288246,Africa,SWZ,Lower middle income
Eswatini,2005,1079.022,22.038000106811523,52.93084376220567,47.68824686739616,3.119340317089735,4.994661922415247,8.884327946519559,Africa,SWZ,Lower middle income
Eswatini,2006,1084.436,21.90999984741211,53.50345523266927,48.2738132098929,3.114168037784556,4.981526128096067,8.943594803025052,Africa,SWZ,Lower middle income
Eswatini,2007,1090.705,21.82900047302246,54.09129018298601,48.868484858268,3.113464539521348,4.97321353784214,9.015702828175968,Africa,SWZ,Lower middle income
Eswatini,2008,1098.091,22.045000076293945,54.71116658946081,49.45890969020843,3.140291973575153,4.995380412599447,9.171458819867642,Africa,SWZ,Lower middle income
Eswatini,2009,1105.153,22.261999130249023,55.32934733295654,50.02507603156528,3.166540014997399,5.07915336813566,9.328115182133137,Africa,SWZ,Lower middle income
Eswatini,2010,1111.65,22.48000144958496,55.94572056212729,50.59024212228437,3.192191106109969,5.163186988378214,9.485676278316587,Africa,SWZ,Lower middle income
Eswatini,2011,1117.833,22.700000762939453,56.56018966456534,51.30762766063683,3.370722092060325,5.247585702757639,9.644432436681804,Africa,SWZ,Lower middle income
Eswatini,2012,1123.863,22.8489990234375,57.17230822914237,52.03349527503609,3.543985460417337,5.324754516797118,9.783359001516025,Africa,SWZ,Lower middle income
Eswatini,2013,1129.99,22.999000549316406,57.78491662178172,52.76213135020036,3.718424258719498,5.402136182355342,9.923001513078056,Africa,SWZ,Lower middle income
Eswatini,2014,1136.299,23.14900016784668,58.39795022995244,53.4935148199236,3.893850174834221,5.479626284314454,10.06307142257069,Africa,SWZ,Lower middle income
Eswatini,2015,1142.813,23.299999237060547,59.01131474794884,54.22739186497044,4.070272374192712,5.557329954833947,10.20386115149993,Africa,SWZ,Lower middle income
Eswatini,2016,1149.507,23.458999633789062,59.62441431563637,54.96253112571136,4.248353078132434,5.635987398126784,10.34743309442964,Africa,SWZ,Lower middle income
Eswatini,2017,1158.195,23.625,60.23684042313298,55.69866060022087,4.427937563023526,5.71550109163614,10.49352547814184,Africa,SWZ,Lower middle income
Eswatini,2018,1168.929,23.798999786376957,60.84804643686265,56.4351977531336,4.60907773915793,5.795985311998407,10.64246555558374,Africa,SWZ,Lower middle income
Eswatini,2019,1179.874,23.981000900268555,61.45751948110536,57.17167633728045,4.791710424929113,5.877448135309805,10.79428652842421,Africa,SWZ,Lower middle income
Eswatini,2020,1192.729,24.17100143432617,62.06475330537017,57.90762901762545,4.975763533677581,5.959898576342855,10.94902322681592,Africa,SWZ,Lower middle income
Eswatini,2021,1206.593,24.36899948120117,62.66923552686826,58.64257531086783,5.161154878981764,6.043345372992746,11.10670987761659,Africa,SWZ,Lower middle income
Eswatini,2022,1218.917,24.576000213623047,63.2702587161203,59.37578158201769,5.347911203761194,6.127904953852246,11.26768343690873,Africa,SWZ,Lower middle income
Eswatini,2023,1230.506,24.78999900817871,63.86765332942772,60.10720150222025,5.535692957962809,6.213370710466268,11.43137405144788,Africa,SWZ,Lower middle income
Eswatini,2024,1242.822,25.01300048828125,64.46050262495538,60.83583015153984,5.724626333764019,6.299967657173554,11.59842345805524,Africa,SWZ,Lower middle income
Ethiopia,2000,67411.494,14.74000072479248,2.965766324449802,2.269014023370025,<1,<1,<1,Africa,ETH,Low income
Ethiopia,2001,69487.762,14.927000045776367,3.226318815922506,2.477413308462373,<1,<1,<1,Africa,ETH,Low income
Ethiopia,2002,71635.517,15.118000030517578,3.487099659246871,2.681055198285255,<1,<1,<1,Africa,ETH,Low income
Ethiopia,2003,73832.663,15.309999465942385,3.747694418783639,2.884510441006588,<1,<1,<1,Africa,ETH,Low income
Ethiopia,2004,76077.206,15.503999710083008,4.032813924204721,3.10831992477612,<1,1.028939489773848,<1,Africa,ETH,Low income
Ethiopia,2005,78367.47,15.700000762939451,4.317251016359628,3.331517868586019,<1,1.05928841224582,<1,Africa,ETH,Low income
Ethiopia,2006,80703.49,15.898999214172363,4.601196147310057,3.554255081197591,<1,1.090541326165469,<1,Africa,ETH,Low income
Ethiopia,2007,83103.217,16.11600112915039,4.886818831368373,3.778287604767095,<1,1.123509462554076,<1,Africa,ETH,Low income
Ethiopia,2008,85543.668,16.510000228881836,5.196915075959004,4.022078323147404,<1,1.167015829040668,<1,Africa,ETH,Low income
Ethiopia,2009,88007.636,16.90999984741211,5.507798549464852,4.266376124714289,<1,1.212372652413356,<1,Africa,ETH,Low income
Ethiopia,2010,90538.514,17.319000244140625,5.820024698888923,4.511621469786127,<1,1.259790079651588,<1,Africa,ETH,Low income
Ethiopia,2011,93149.97,17.735000610351562,6.133436303523762,4.757677425115326,<1,1.309198801545937,<1,Africa,ETH,Low income
Ethiopia,2012,95798.767,18.15999984741211,6.448464303681655,5.004882251151036,<1,1.360764211182973,<1,Africa,ETH,Low income
Ethiopia,2013,98438.751,18.57499885559082,6.762363319878074,5.250387441357533,<1,1.413313772973662,<1,Africa,ETH,Low income
Ethiopia,2014,101115.61,18.99799919128418,7.077938357499525,5.497000475983651,<1,1.467984221049172,<1,Africa,ETH,Low income
Ethiopia,2015,103867.135,19.42799949645996,7.395175630662306,5.744703595273803,<1,1.52475327417803,<1,Africa,ETH,Low income
Ethiopia,2016,106718.162,19.86599922180176,7.714373217830472,5.993729673637054,<1,1.583731398551257,<1,Africa,ETH,Low income
Ethiopia,2017,109666.481,20.309999465942383,8.0353579200927,6.243933111059957,<1,1.644820161368467,<1,Africa,ETH,Low income
Ethiopia,2018,112664.152,20.762998580932617,8.358759208423155,6.495811809157614,<1,1.708276289074673,<1,Africa,ETH,Low income
Ethiopia,2019,115737.383,21.224998474121094,8.684740487567543,6.749489041760795,<1,1.774151524877366,<1,Africa,ETH,Low income
Ethiopia,2020,118917.671,21.69499969482422,9.013300213954825,7.004956156961788,<1,1.842419638433509,<1,Africa,ETH,Low income
Ethiopia,2021,122138.588,22.173999786376957,9.344772861538097,7.262472914203892,<1,1.913206392091064,<1,Africa,ETH,Low income
Ethiopia,2022,125384.287,22.661001205444336,9.679159359645537,7.522960426740418,<1,1.986481789574311,<1,Africa,ETH,Low income
Ethiopia,2023,128691.692,23.157001495361328,10.01680722891607,7.785816832059819,<1,2.062375549125934,<1,Africa,ETH,Low income
Ethiopia,2024,132059.767,23.660999298095703,10.35771883567336,8.051033352639163,<1,2.140853567927231,<1,Africa,ETH,Low income
Falkland Islands (Malvinas),2000,3.097,67.60600280761719,99.0,,-,-,>99,Americas,FLK,
Falkland Islands (Malvinas),2001,3.143,68.42200469970703,99.0,,-,-,>99,Americas,FLK,
Falkland Islands (Malvinas),2002,3.17,69.03300476074219,99.0,,-,-,>99,Americas,FLK,
Falkland Islands (Malvinas),2003,3.188,69.63800048828125,99.0,,-,-,>99,Americas,FLK,
Falkland Islands (Malvinas),2004,3.204,70.23799896240234,99.0,,-,-,>99,Americas,FLK,
Falkland Islands (Malvinas),2005,3.217,70.8280029296875,99.0,,-,-,>99,Americas,FLK,
Falkland Islands (Malvinas),2006,3.227,71.41300201416016,99.0,,-,-,>99,Americas,FLK,
Falkland Islands (Malvinas),2007,3.231,71.98699951171875,99.0,,-,-,>99,Americas,FLK,
Falkland Islands (Malvinas),2008,3.224,72.55500030517578,99.0,,-,-,>99,Americas,FLK,
Falkland Islands (Malvinas),2009,3.212,73.11399841308594,99.0,,-,-,>99,Americas,FLK,
Falkland Islands (Malvinas),2010,3.197,73.66600036621094,99.0,,-,-,>99,Americas,FLK,
Falkland Islands (Malvinas),2011,3.183,74.21099853515625,99.0,,-,-,>99,Americas,FLK,
Falkland Islands (Malvinas),2012,3.2,74.7490005493164,99.0,,-,-,>99,Americas,FLK,
Falkland Islands (Malvinas),2013,3.264,75.2699966430664,99.0,,-,-,>99,Americas,FLK,
Falkland Islands (Malvinas),2014,3.339,75.7770004272461,99.0,,-,-,>99,Americas,FLK,
Falkland Islands (Malvinas),2015,3.408,76.26799774169922,99.0,,-,-,>99,Americas,FLK,
Falkland Islands (Malvinas),2016,3.478,76.74400329589844,99.0,,-,-,>99,Americas,FLK,
Falkland Islands (Malvinas),2017,3.518,77.20600128173828,99.0,,-,-,>99,Americas,FLK,
Falkland Islands (Malvinas),2018,3.521,77.65399932861328,99.0,,-,-,>99,Americas,FLK,
Falkland Islands (Malvinas),2019,3.517,78.08799743652344,99.0,,-,-,>99,Americas,FLK,
Falkland Islands (Malvinas),2020,3.506,78.50800323486328,99.0,,-,-,>99,Americas,FLK,
Falkland Islands (Malvinas),2021,3.498,78.91400146484375,99.0,,-,-,>99,Americas,FLK,
Falkland Islands (Malvinas),2022,3.49,79.30799865722656,99.0,,-,-,>99,Americas,FLK,
Falkland Islands (Malvinas),2023,3.477,79.68900299072266,99.0,,-,-,>99,Americas,FLK,
Falkland Islands (Malvinas),2024,3.47,80.05799865722656,99.0,,-,-,>99,Americas,FLK,
Faroe Islands,2007,48.474,40.34099960327149,90.88347571813544,,-,90.7,-,Europe,FRO,High income
Faroe Islands,2008,48.498,40.53600311279297,90.88347571813544,,-,90.7,-,Europe,FRO,High income
Faroe Islands,2009,48.489,40.73100280761719,90.88347571813544,,-,90.7,-,Europe,FRO,High income
Faroe Islands,2010,48.169,40.92599868774414,90.88347571813544,,-,90.7,-,Europe,FRO,High income
Faroe Islands,2011,47.934,41.0880012512207,90.88347571813544,,-,90.7,-,Europe,FRO,High income
Faroe Islands,2012,48.091,41.22500228881836,90.88347571813544,,-,90.7,-,Europe,FRO,High income
Faroe Islands,2013,48.279,41.36299896240234,90.88347571813544,,-,90.7,-,Europe,FRO,High income
Faroe Islands,2014,48.49,41.5009994506836,90.88347571813544,,-,90.7,-,Europe,FRO,High income
Faroe Islands,2015,48.894,41.63800048828125,90.88347571813544,,-,90.7,-,Europe,FRO,High income
Faroe Islands,2024,55.4,,,,-,-,-,Europe,FRO,High income
Fiji,2000,840.909,47.90800094604492,87.59057815375483,42.9067060685333,9.122106796446927,64.05454961493713,18.57415753265418,Western Pacific,FJI,Upper middle income
Fiji,2001,849.596,48.29999923706055,87.64520800965299,42.8980137693718,9.18390623593686,64.01707812604674,18.69980065460015,Western Pacific,FJI,Upper middle income
Fiji,2002,858.049,48.69200134277344,87.69983306623877,42.88931961433387,9.245704392041622,63.97960420862137,18.82544116602373,Western Pacific,FJI,Upper middle income
Fiji,2003,866.286,49.084999084472656,88.33728528391812,43.44612064614172,9.30766123699241,63.94203874032121,18.9514043062463,Western Pacific,FJI,Upper middle income
Fiji,2004,874.366,49.479000091552734,88.9689415238331,43.99711875926298,9.369774781585892,63.9043747526424,19.07768602774858,Western Pacific,FJI,Upper middle income
Fiji,2005,882.379,49.871002197265625,89.59443581820321,44.54242703464983,9.431574077223235,63.86690242871423,19.20332885685721,Western Pacific,FJI,Upper middle income
Fiji,2006,890.365,50.26399993896485,89.94934906215458,44.95070521028283,9.46416223512907,63.82933644840843,19.32929159485634,Western Pacific,FJI,Upper middle income
Fiji,2007,897.832,50.65699768066406,90.2946156798111,45.35010067063286,9.496356749570495,63.79176774577024,19.4552521926912,Western Pacific,FJI,Upper middle income
Fiji,2008,903.399,51.14599990844727,90.63914397033636,45.73430829665298,9.543150648710075,63.74502182955818,19.61198514834965,Western Pacific,FJI,Upper middle income
Fiji,2009,907.239,51.657997131347656,90.9745036563402,46.10664501567272,9.593034914572776,63.69607878600787,19.77608762234658,Western Pacific,FJI,Upper middle income
Fiji,2010,910.419,52.170997619628906,91.2985247970932,46.46844330915925,9.64256339329301,63.64704187685761,19.94051170989044,Western Pacific,FJI,Upper middle income
Fiji,2011,912.989,52.68300247192383,91.61110349724062,46.81991335506524,9.691425640491948,63.59809878597571,20.10461713745945,Western Pacific,FJI,Upper middle income
Fiji,2012,914.918,53.19599914550781,91.91244278593182,47.16094621780226,9.73992953385632,63.54905908524879,20.26904094416766,Western Pacific,FJI,Upper middle income
Fiji,2013,916.352,53.70600128173828,92.2023735585411,47.49198853994451,9.787459984271228,63.50030654020618,20.43250319005785,Western Pacific,FJI,Upper middle income
Fiji,2014,917.585,54.21599578857422,92.48116362926083,47.81283772229707,9.83448081213982,63.4515572548535,20.59596512955638,Western Pacific,FJI,Upper middle income
Fiji,2015,918.578,54.72599792480469,92.7488640903171,48.12354645439697,9.880992444675401,63.4028039049024,20.75942765506939,Western Pacific,FJI,Upper middle income
Fiji,2016,919.166,55.2349967956543,93.0055113848616,48.42429979195214,9.926842290272829,63.35414633907556,20.92256934010291,Western Pacific,FJI,Upper middle income
Fiji,2017,918.759,55.742000579833984,93.25117165462916,48.71530878290925,9.971880826678277,63.3056823352382,21.08507100991947,Western Pacific,FJI,Upper middle income
Fiji,2018,917.18,56.24799728393555,93.48595787595738,48.99653342716778,10.01626102310119,63.25731227688951,21.24725067727166,Western Pacific,FJI,Upper middle income
Fiji,2019,914.899,56.75,93.70994332361845,49.26848641961075,10.05953416887754,63.20932654966689,21.40815053288014,Western Pacific,FJI,Upper middle income
Fiji,2020,914.963,57.24700164794922,93.62156095370756,49.23889158104129,10.10155424671723,63.16181705826232,21.56744612754956,Western Pacific,FJI,Upper middle income
Fiji,2021,916.711,57.7400016784668,93.33286252558526,49.01606227563654,10.14247958987366,63.11468896348808,21.72546049249198,Western Pacific,FJI,Upper middle income
Fiji,2022,919.422,58.229000091552734,93.04374321389707,48.79404032890495,10.1823151161228,63.06794464266403,21.88219132387189,Western Pacific,FJI,Upper middle income
Fiji,2023,924.145,58.7130012512207,92.7542060099235,48.57296699516801,10.22091933692888,63.02167747417317,22.03732062923462,Western Pacific,FJI,Upper middle income
Fiji,2024,928.784,59.19200134277344,92.75428975922276,48.50288118691404,10.292127733706,62.9758913627775,22.19084858891871,Western Pacific,FJI,Upper middle income
Finland,2000,5176.202,82.18299865722656,99.0,86.56879104010248,80.22520757751411,19.32963470033108,80.67031963470316,Europe,FIN,High income
Finland,2001,5187.971,82.36799621582031,99.0,86.71664537901418,80.44589059767117,19.10771971110758,80.89223744292235,Europe,FIN,High income
Finland,2002,5200.546,82.50300598144531,99.0,86.86450013889066,80.66657635774315,18.88579694411037,81.11415525114154,Europe,FIN,High income
Finland,2003,5212.955,82.63800048828125,99.0,87.01235785403524,80.88726207670356,18.66388326583775,81.33607305936067,Europe,FIN,High income
Finland,2004,5228.148,82.7719955444336,99.0,87.1602128901579,81.10794781070537,18.44196132407953,81.55799086757986,Europe,FIN,High income
Finland,2005,5246.082,82.90499877929688,99.0,87.30807005047868,81.32863355982444,18.22004575512689,81.77990867579905,Europe,FIN,High income
Finland,2006,5266.247,83.03700256347656,99.0,87.4559277313186,81.54931932481531,17.99813167047739,82.00182648401824,Europe,FIN,High income
Finland,2007,5288.71,83.16799926757812,99.0,87.60378337810027,81.77000510628142,17.77621128462441,82.22374429223743,Europe,FIN,High income
Finland,2008,5313.377,83.29899597167969,99.0,87.7516403873576,81.9906908475792,17.55429513249553,82.44566210045662,Europe,FIN,High income
Finland,2009,5338.856,83.42900085449219,99.0,87.89949749697483,82.21137660550582,17.33237918323292,82.66757990867575,Europe,FIN,High income
Finland,2010,5363.35,83.77000427246094,99.0,88.04734232271544,82.43205026399855,17.11046513517041,82.88949771689494,Europe,FIN,High income
Finland,2011,5388.241,84.31299591064453,99.0,88.19517470480984,82.65271224154105,16.88855102360419,83.11141552511413,Europe,FIN,High income
Finland,2012,5413.971,84.84100341796875,99.0,88.34300521424153,82.87337491470026,16.6666287457593,83.33333333333331,Europe,FIN,High income
Finland,2013,5439.053,85.125,99.0,88.49085182212293,83.0940514846361,16.44471023196999,83.5552511415525,Europe,FIN,High income
Finland,2014,5461.684,85.17500305175781,99.0,88.63871337633152,83.31474148531724,16.22279361682669,83.77716894977164,Europe,FIN,High income
Finland,2015,5479.717,85.2249984741211,99.0,88.78657661032946,83.53543147093154,16.00088215068494,83.99908675799082,Europe,FIN,High income
Finland,2016,5495.469,85.2750015258789,99.0,88.93443687065944,83.75612144096362,15.77896165556028,84.22100456621001,Europe,FIN,High income
Finland,2017,5508.396,85.32500457763672,99.0,89.08229850722654,83.97681139574591,15.55704538506892,84.4429223744292,Europe,FIN,High income
Finland,2018,5515.736,85.38200378417969,99.0,89.23015876276455,84.19750092665173,15.33512625704319,84.66484018264839,Europe,FIN,High income
Finland,2019,5521.759,85.44599914550781,99.0,89.37801847998897,84.41819003049713,15.11320684580645,84.88675799086752,Europe,FIN,High income
Finland,2020,5529.612,85.51699829101562,99.0,89.52587894375304,84.63887870376331,14.89129107401027,85.10867579908671,Europe,FIN,High income
Finland,2021,5541.075,85.59600067138672,99.0,89.67373772763482,84.85956688463463,14.66937174330592,85.3305936073059,Europe,FIN,High income
Finland,2022,5569.299,85.68099975585938,99.0,89.82159856985258,85.08025468759197,14.44745987191158,85.55251141552509,Europe,FIN,High income
Finland,2023,5601.185,85.77299499511719,99.0,89.96945600657305,85.3009420503223,14.22553900789377,85.77442922374428,Europe,FIN,High income
Finland,2024,5617.31,85.87200164794922,99.0,90.1173134358904,85.52162896961231,14.00361951222256,85.99634703196347,Europe,FIN,High income
France,2000,59483.717,75.87100219726562,98.66302461411956,88.75958008229807,78.39884785655096,17.62334129511677,81.12315552016986,Europe,FRA,High income
France,2001,59905.128,76.12699890136719,98.66225628069516,88.77722164863766,78.4406676284143,17.64376326963907,81.16706475583865,Europe,FRA,High income
France,2002,60327.248,76.3800048828125,98.66149050434996,88.79486745776045,78.4824939276931,17.66418524416136,81.21097399150743,Europe,FRA,High income
France,2003,60741.126,76.63199615478516,98.66073224071964,88.78345887049952,78.49526265160686,17.68460721868365,81.25488322717622,Europe,FRA,High income
France,2004,61175.247,76.88300323486328,98.65996776116071,88.7720166191908,78.50800215994028,17.70502919320595,81.29879246284501,Europe,FRA,High income
France,2005,61625.032,77.1300048828125,98.65922180358668,88.76055757826457,78.5207196702154,17.72545116772824,81.3427016985138,Europe,FRA,High income
France,2006,62049.838,77.37699890136719,98.65847662925025,88.74906773646661,78.533405587518,17.74587314225053,81.3866109341826,Europe,FRA,High income
France,2007,62432.439,77.62100219726562,98.65774035863052,88.73755470840827,78.54606709678411,17.76629511677282,81.43052016985139,Europe,FRA,High income
France,2008,62780.19,77.86800384521484,98.65699409686776,88.72600177120012,78.55868978872032,17.78671709129512,81.47442940552017,Europe,FRA,High income
France,2009,63106.463,78.11700439453125,98.6562410005115,88.71441172391006,78.57127607422863,17.80713906581741,81.51833864118896,Europe,FRA,High income
France,2010,63417.363,78.3689956665039,98.65548029689327,88.70278309965043,78.58382353567691,17.8275610403397,81.56224787685775,Europe,FRA,High income
France,2011,63733.777,78.62200164794922,98.654714524901,88.69111937720336,78.59633696516224,17.847983014862,81.60615711252655,Europe,FRA,High income
France,2012,64058.465,78.87799835205078,98.65394487570596,88.79472937271018,78.60881158260307,17.86840498938429,81.65006634819534,Europe,FRA,High income
France,2013,64387.734,79.13500213623047,98.65316774110894,88.89774926350503,78.62125216610576,17.88882696390658,81.69397558386413,Europe,FRA,High income
France,2014,64692.493,79.39399719238281,98.6523819620194,89.00017732545508,78.63365633325331,17.90924893842887,81.73788481953291,Europe,FRA,High income
France,2015,64916.336,79.65499877929688,98.651596087179,89.10201847660674,78.64602408136817,17.92967091295117,81.7817940552017,Europe,FRA,High income
France,2016,65086.855,79.91699981689453,98.65080681480276,89.2032718261667,78.65835778638566,17.95009288747346,81.82570329087049,Europe,FRA,High income
France,2017,65284.776,80.18000030517578,98.65001209422518,89.3039361676649,78.67065748569304,17.97051486199575,81.86961252653929,Europe,FRA,High income
France,2018,65519.543,80.44400024414062,98.64921243195464,89.40401175689631,78.6829231614796,17.99093683651805,81.91352176220808,Europe,FRA,High income
France,2019,65729.459,80.70899963378906,98.6484147946355,89.50350279765222,78.69515482669233,18.01135881104034,81.95743099787687,Europe,FRA,High income
France,2020,65905.277,80.9749984741211,98.64761022644431,89.60240388475484,78.70735245149625,17.99866176980304,82.00134023354565,Europe,FRA,High income
France,2021,66083.548,81.24200439453125,98.64680284327623,89.70071751175392,78.71951606569378,17.95475178393409,82.04524946921444,Europe,FRA,High income
France,2022,66277.409,81.50900268554688,98.64599668367264,89.79844707048753,78.73164806744852,17.91084303967803,82.08915870488323,Europe,FRA,High income
France,2023,66438.822,81.7770004272461,98.64518569102536,89.89558792503021,78.74374604641466,17.86693245925187,82.13306794055202,Europe,FRA,High income
France,2024,66548.53,82.04399871826172,98.64437616238374,89.99214572156065,78.7558148271076,17.82302029977528,82.17697717622082,Europe,FRA,High income
French Guiana,2001,168.53,79.52400207519531,91.42766824206409,69.55574022329111,36.28878069417851,43.74385603754592,36.28878069417851,Americas,GUF,
French Guiana,2002,176.709,79.93099975585938,91.42766824206409,69.55574022329111,36.28878069417851,43.74385603754592,36.28878069417851,Americas,GUF,
French Guiana,2003,185.091,80.33200073242188,91.42766824206409,69.55574022329111,36.28878069417851,43.74385603754592,36.28878069417851,Americas,GUF,
French Guiana,2004,193.649,80.72799682617188,91.42766824206409,69.55574022329111,36.28878069417851,43.74385603754592,36.28878069417851,Americas,GUF,
French Guiana,2005,202.447,81.11600494384766,91.42766824206409,69.55574022329111,36.28878069417851,43.74385603754592,36.28878069417851,Americas,GUF,
French Guiana,2006,210.971,81.4990005493164,91.57787058503666,69.9266457981544,37.04649794024886,43.30244957376453,37.04649794024886,Americas,GUF,
French Guiana,2007,219.109,81.87100219726562,91.7280729280092,70.29755137301757,37.80421518631897,42.86104310998326,37.80421518631897,Americas,GUF,
French Guiana,2008,226.097,82.23199462890625,91.87827527098172,70.6684569478808,38.56193243238931,42.41963664620187,38.56193243238931,Americas,GUF,
French Guiana,2009,230.704,82.58300018310547,92.02847761395428,71.03936252274403,39.31964967845965,41.97823018242048,39.31964967845965,Americas,GUF,
French Guiana,2010,234.565,82.92400360107422,92.17867995692686,71.41026809760731,40.07736692452977,41.53682371863908,40.07736692452977,Americas,GUF,
French Guiana,2011,239.52,83.25499725341797,92.3288822998994,71.78117367247054,40.83508417060011,41.09541725485769,40.83508417060011,Americas,GUF,
French Guiana,2012,245.772,83.57499694824219,92.47908464287192,72.15207924733377,41.59280141667023,40.6540107910763,41.59280141667023,Americas,GUF,
French Guiana,2013,253.241,83.88700103759766,92.62928698584446,72.522984822197,42.35051866274057,40.21260432729491,42.35051866274057,Americas,GUF,
French Guiana,2014,260.55,84.18899536132812,92.77948932881704,72.89389039706029,43.10823590881091,39.77119786351352,43.10823590881091,Americas,GUF,
French Guiana,2015,266.363,84.48200225830078,92.92969167178958,73.26479597192352,43.86595315488103,39.32979139973213,43.86595315488103,Americas,GUF,
French Guiana,2016,271.266,84.76599884033203,93.07989401476212,73.63570154678675,44.62367040095137,38.88838493595074,44.62367040095137,Americas,GUF,
French Guiana,2017,276.144,85.04199981689453,93.23009635773472,74.00660712165003,45.38138764702171,38.44697847216935,45.38138764702171,Americas,GUF,
French Guiana,2018,280.962,85.30999755859375,93.38029870070724,74.37751269651326,46.13910489309183,38.00557200838796,46.13910489309183,Americas,GUF,
French Guiana,2019,285.568,85.56900024414062,93.53050104367978,74.74841827137644,46.89682213916217,37.56416554460668,46.89682213916217,Americas,GUF,
French Guiana,2020,289.055,85.81999969482422,93.68070338665233,75.11932384623967,47.65453938523228,37.12275908082529,47.65453938523228,Americas,GUF,
French Guiana,2021,293.015,86.06299591064453,93.8309057296249,75.49022942110295,48.41225663130263,36.6813526170439,48.41225663130263,Americas,GUF,
French Guiana,2022,298.306,86.29900360107422,93.98110807259744,75.86113499596618,49.16997387737297,36.23994615326251,49.16997387737297,Americas,GUF,
French Guiana,2023,303.402,86.52799987792969,94.13131041556996,76.23204057082941,49.92769112344308,35.79853968948112,49.92769112344308,Americas,GUF,
French Guiana,2024,308.522,86.7490005493164,94.13131041556996,76.23204057082941,49.92769112344308,35.79853968948112,49.92769112344308,Americas,GUF,
French Polynesia,2000,240.337,56.0469970703125,97.77461626634128,,6.930740687679083,78.46947429002606,18.48197516714422,Western Pacific,PYF,High income
French Polynesia,2001,244.097,55.96699523925781,97.76358598645498,,6.930740687679083,78.46947429002606,18.48197516714422,Western Pacific,PYF,High income
French Polynesia,2002,247.775,55.887996673583984,97.7525557065687,,6.930740687679083,78.46947429002606,18.48197516714422,Western Pacific,PYF,High income
French Polynesia,2003,251.637,56.242000579833984,97.7415254266824,,6.930740687679083,78.46947429002606,18.48197516714422,Western Pacific,PYF,High income
French Polynesia,2004,255.654,56.83100128173828,97.73049514679612,,6.930740687679083,78.46947429002606,18.48197516714422,Western Pacific,PYF,High income
French Polynesia,2005,259.507,57.41699981689453,97.71946486690985,,6.930740687679083,78.46947429002606,18.48197516714422,Western Pacific,PYF,High income
French Polynesia,2006,263.223,58.00200271606445,97.70843458702356,,6.933947772857516,78.50250510787824,18.49052739428671,Western Pacific,PYF,High income
French Polynesia,2007,266.438,58.584999084472656,97.69740430713728,,6.937154858035948,78.53553592573041,18.49907962142919,Western Pacific,PYF,High income
French Polynesia,2008,268.379,59.16600036621094,97.686374027251,,6.940361943214379,78.5685667435826,18.50763184857168,Western Pacific,PYF,High income
French Polynesia,2009,269.481,59.74199676513672,97.6753437473647,,6.94356902839281,78.60159756143477,18.51618407571416,Western Pacific,PYF,High income
French Polynesia,2010,270.58,60.31699752807617,97.66431346747842,,6.946776113571242,78.63462837928695,18.52473630285665,Western Pacific,PYF,High income
French Polynesia,2011,271.727,60.88899993896485,97.65328318759214,,6.949983198749675,78.66765919713913,18.53328852999913,Western Pacific,PYF,High income
French Polynesia,2012,273.084,61.45899963378906,97.64225290770584,,6.953190283928107,78.70069001499131,18.54184075714162,Western Pacific,PYF,High income
French Polynesia,2013,274.728,61.58300018310547,97.63122262781955,,6.956397369106538,78.73372083284349,18.5503929842841,Western Pacific,PYF,High income
French Polynesia,2014,276.387,61.63300323486328,97.62019234793328,,6.959604454284969,78.76675165069567,18.55894521142659,Western Pacific,PYF,High income
French Polynesia,2015,277.866,61.68299865722656,97.60916206804698,,6.962811539463401,78.79978246854785,18.56749743856907,Western Pacific,PYF,High income
French Polynesia,2016,279.178,61.73400115966797,97.5981317881607,,6.966018624641834,78.83281328640003,18.57604966571156,Western Pacific,PYF,High income
French Polynesia,2017,280.087,61.78400039672852,97.58710150827442,,6.969225709820266,78.8658441042522,18.58460189285404,Western Pacific,PYF,High income
French Polynesia,2018,279.815,61.83399963378906,97.57607122838812,,6.972432794998698,78.89887492210438,18.59315411999653,Western Pacific,PYF,High income
French Polynesia,2019,279.034,61.89699935913086,97.56504094850185,,6.975639880177129,78.93190573995656,18.60170634713901,Western Pacific,PYF,High income
French Polynesia,2020,279.209,61.97500228881836,97.55401066861556,,6.975639880177129,78.93190573995656,18.60170634713901,Western Pacific,PYF,High income
French Polynesia,2021,279.792,62.06600189208984,97.54298038872928,,6.975639880177129,78.93190573995656,18.60170634713901,Western Pacific,PYF,High income
French Polynesia,2022,280.378,62.16999816894531,97.531950108843,,6.975639880177129,78.93024376170398,18.60170634713901,Western Pacific,PYF,High income
French Polynesia,2023,281.118,62.28799819946289,97.5209198289567,,6.975639880177129,78.91921348181769,18.60170634713901,Western Pacific,PYF,High income
French Polynesia,2024,281.807,62.41999816894531,97.50988954907042,,6.975639880177129,78.90818320193141,18.60170634713901,Western Pacific,PYF,High income
Gabon,2000,1275.572,78.87899780273438,26.81819549137798,,-,25.92687080142316,28.452794274495,Africa,GAB,Upper middle income
Gabon,2001,1309.589,79.63299560546875,27.95005977346577,,-,27.4898690388329,27.75948616549801,Africa,GAB,Upper middle income
Gabon,2002,1345.135,80.36800384521484,29.10196834219171,,-,29.07338647386272,27.04839572047329,Africa,GAB,Upper middle income
Gabon,2003,1382.35,81.08300018310547,30.27345725993323,,-,30.67613372616984,26.31976538799148,Africa,GAB,Upper middle income
Gabon,2004,1421.609,81.77799987792969,31.46426341065988,,-,32.2970813324566,25.57411447983613,Africa,GAB,Upper middle income
Gabon,2005,1463.495,82.45199584960938,32.67387416568311,,-,33.93484944886144,24.81172532192398,Africa,GAB,Upper middle income
Gabon,2006,1508.337,83.10700225830078,33.9024749587278,,-,35.5890719759388,24.03358295010035,Africa,GAB,Upper middle income
Gabon,2007,1556.237,83.74199676513672,35.14954841872744,,-,37.25838778546095,23.23996291142672,Africa,GAB,Upper middle income
Gabon,2008,1607.175,84.35900115966797,36.41531011459982,,-,38.94254828428292,22.43178741747096,Africa,GAB,Upper middle income
Gabon,2009,1661.556,84.95500183105469,37.69872385848053,,-,40.63939996990447,21.60894056636198,Africa,GAB,Upper middle income
Gabon,2010,1719.879,85.53299713134766,39.00025829689923,,-,42.34912798495524,20.77251587371675,Africa,GAB,Upper middle income
Gabon,2011,1781.985,86.09200286865234,40.31937529299036,,-,42.74991394098422,19.92280482174979,Africa,GAB,Upper middle income
Gabon,2012,1846.889,86.63399505615234,41.65633064843284,,-,42.98154976921797,19.06062896229611,Africa,GAB,Upper middle income
Gabon,2013,1913.059,87.15599822998047,43.01000589763515,,-,43.20464027182479,18.18595175408177,Africa,GAB,Upper middle income
Gabon,2014,1978.399,87.6510009765625,44.37800979309993,,-,43.41619213840446,17.29823317051356,Africa,GAB,Upper middle income
Gabon,2015,2040.989,88.11799621582031,45.7595556064781,,-,43.61577486506683,16.39802633694256,Africa,GAB,Upper middle income
Gabon,2016,2100.306,88.55899810791016,47.15474969874243,,-,43.80424924304382,15.48632223132247,Africa,GAB,Upper middle income
Gabon,2017,2156.9,88.97599792480469,48.56373952176993,,-,43.98246620751349,14.5640397111984,Africa,GAB,Upper middle income
Gabon,2018,2212.318,89.37000274658203,49.98639844558254,,-,44.15085013701098,13.6319130029845,Africa,GAB,Upper middle income
Gabon,2019,2267.706,89.74099731445312,51.42230111586495,,-,44.3094070671742,12.6905370618178,Africa,GAB,Upper middle income
Gabon,2020,2322.539,90.0919952392578,52.87201709582582,,-,44.45941756880402,11.74080164428337,Africa,GAB,Upper middle income
Gabon,2021,2376.722,90.4229965209961,54.33516027428646,,-,44.60087685472811,10.78322122702318,Africa,GAB,Upper middle income
Gabon,2022,2430.747,90.73500061035156,55.81170526680538,,-,44.7342202638681,9.818395442154548,Africa,GAB,Upper middle income
Gabon,2023,2484.789,91.02899932861328,57.30163366327986,,-,44.85986972891818,8.846886170020086,Africa,GAB,Upper middle income
Gabon,2024,2538.952,91.30699920654295,57.40150262938339,,-,44.97867979939823,8.867275105626751,Africa,GAB,Upper middle income
Gambia,2000,1455.084,47.86800003051758,51.06270696467608,43.2425732172946,<1,10.00493565452973,3.788380741271486,Africa,GMB,Low income
Gambia,2001,1495.011,48.77499771118164,49.91397468449752,42.03636593238038,<1,10.16739512696256,3.852522775007913,Africa,GMB,Low income
Gambia,2002,1535.691,49.68299865722656,48.78795562351976,40.85318754660435,<1,10.33003494883688,3.916736001840906,Africa,GMB,Low income
Gambia,2003,1577.611,50.55500411987305,47.7243148779708,39.73582905253586,<1,10.48622664894719,3.978403397599179,Africa,GMB,Low income
Gambia,2004,1621.312,51.28800201416016,46.69542528891064,38.67022558766303,<1,10.61752009565732,4.030240504335731,Africa,GMB,Low income
Gambia,2005,1667.037,52.02000045776367,46.57834147633039,38.07739243803572,<1,11.32124890102797,3.905898418866752,Africa,GMB,Low income
Gambia,2006,1715.275,52.7509994506836,46.48626040971518,37.48987275622857,<1,12.03954124694216,3.777240717373228,Africa,GMB,Low income
Gambia,2007,1765.774,53.48099899291992,46.41852763310357,36.90669646685583,<1,12.77236812659266,3.644276563501283,Africa,GMB,Low income
Gambia,2008,1817.852,54.21100234985352,46.37449607309483,36.32675076841051,<1,13.51991893483165,3.507073779258307,Africa,GMB,Low income
Gambia,2009,1871.422,54.9370002746582,46.35348748042846,35.74966127166486,<1,14.28127322395263,3.365406957380014,Africa,GMB,Low income
Gambia,2010,1926.63,55.6619987487793,46.3547731022519,35.173956194795,<1,15.05703233276815,3.219471718121588,Africa,GMB,Low income
Gambia,2011,1983.784,56.38399887084961,46.37754246776405,34.59887241338016,<1,15.84666445943038,3.06917543002773,Africa,GMB,Low income
Gambia,2012,2043.094,57.10499954223633,46.4212058311807,34.02319068749537,<1,16.65059937794683,2.914639419044608,Africa,GMB,Low income
Gambia,2013,2103.82,57.81999969482422,46.48443477610078,33.44625855175396,<1,17.4674554405889,2.755649080276282,Africa,GMB,Low income
Gambia,2014,2164.528,58.52799987792969,46.56602633601594,32.86691164661022,<1,18.29677380458151,2.592215445180395,Africa,GMB,Low income
Gambia,2015,2224.529,59.22799682617188,46.66467370110345,32.28393009192951,<1,19.13804919104099,2.42436018419148,Africa,GMB,Low income
Gambia,2016,2283.769,59.917999267578125,46.77876470286922,31.69605322064695,<1,19.99044383991259,2.252081851629693,Africa,GMB,Low income
Gambia,2017,2342.189,60.5989990234375,46.90721820920371,31.10193783984734,<1,20.85396333938269,2.075500201292152,Africa,GMB,Low income
Gambia,2018,2399.632,61.269996643066406,47.04853031325347,30.50027683046563,<1,21.72801349426872,1.894663397109857,Africa,GMB,Low income
Gambia,2019,2456.844,61.93100357055664,47.20140934258271,29.8897660758442,<1,22.61229429074918,1.709658793830346,Africa,GMB,Low income
Gambia,2020,2515.733,62.58199691772461,47.36457509574067,29.26912616307796,<1,23.50650056704769,1.520573259707887,Africa,GMB,Low income
Gambia,2021,2576.01,63.22199630737305,47.53641885056182,28.63398828350311,<1,24.40998116896129,1.335994166255661,Africa,GMB,Low income
Gambia,2022,2636.47,63.85200119018555,47.71599120114059,27.98605717119882,<1,25.32276508237729,1.147912839954469,Africa,GMB,Low income
Gambia,2023,2697.845,64.47200012207031,47.94579288192979,28.03822642593911,<1,25.5463625032926,1.159059080405664,Africa,GMB,Low income
Gambia,2024,2759.988,65.08000183105469,48.17114421755375,28.08938540301703,<1,25.76562968974725,1.169989460207879,Africa,GMB,Low income
Georgia,2000,4328.358,52.63800048828125,76.03908842926442,26.97962208724332,<1,<1,34.78825898437885,Europe,GEO,Upper middle income
Georgia,2001,4209.636,52.39800262451172,76.34556200667006,26.74296580080324,<1,<1,35.6139787121906,Europe,GEO,Upper middle income
Georgia,2002,4127.846,52.44100189208984,76.73082815386707,26.37625516805342,<1,<1,36.60195216574767,Europe,GEO,Upper middle income
Georgia,2003,4085.483,52.82999801635742,77.2078100471997,25.90606226967997,<1,<1,37.80183209380941,Europe,GEO,Upper middle income
Georgia,2004,4056.073,53.21800231933594,77.86242686770167,25.48816752393924,<1,<1,39.01143157053205,Europe,GEO,Upper middle income
Georgia,2005,4026.131,53.6050033569336,78.51546861056487,25.0612527812944,<1,1.242150722727705,40.23070015193369,Europe,GEO,Upper middle income
Georgia,2006,3996.591,53.99199676513672,79.16719255164863,24.62504330205122,<1,1.507455684890753,41.46025340522466,Europe,GEO,Upper middle income
Georgia,2007,3967.59,54.378997802734375,79.81756169802897,24.17948295167227,<1,1.770594924493454,42.70008913316516,Europe,GEO,Upper middle income
Georgia,2008,3941.195,54.76499938964844,80.4663116596926,23.72480579363601,<1,2.031594418026806,43.9495326494399,Europe,GEO,Upper middle income
Georgia,2009,3918.941,55.150001525878906,81.11343343371216,23.26098937823603,<1,2.290462320548348,45.20855136083389,Europe,GEO,Upper middle income
Georgia,2010,3895.925,55.53499984741211,81.75914480451861,22.7877191199162,<1,2.547176089688003,46.47779237291062,Europe,GEO,Upper middle income
Georgia,2011,3868.724,55.91899871826172,82.40318674439182,22.30525300575916,<1,2.801769647034074,47.75654321447772,Europe,GEO,Upper middle income
Georgia,2012,3839.208,56.303001403808594,83.04579151255192,21.8132510670819,<1,3.054214277575183,49.04550918939791,Europe,GEO,Upper middle income
Georgia,2013,3809.125,56.685001373291016,83.68647169437585,21.31232588919867,<1,3.304589831951049,50.34319036541896,Europe,GEO,Upper middle income
Georgia,2014,3792.916,57.06700134277344,84.32566913880974,20.80180793346093,<1,3.552827643312961,51.65101860238221,Europe,GEO,Upper middle income
Georgia,2015,3791.573,57.447998046875,84.96314868981602,20.74196558173879,<1,3.798973304377707,52.96822962617201,Europe,GEO,Upper middle income
Georgia,2016,3792.057,57.83699798583984,85.6008234007507,26.48906854257483,6.466949037329014,4.042602021890876,54.30181820037915,Europe,GEO,Upper middle income
Georgia,2017,3792.859,58.23100280761719,86.23794162130955,32.45464970650187,12.80546464220586,4.283798874690086,55.64972589284918,Europe,GEO,Upper middle income
Georgia,2018,3794.877,58.63199996948242,86.87482223109923,38.64161754021924,19.45972055666715,4.52241539169096,57.01375193444385,Europe,GEO,Upper middle income
Georgia,2019,3796.722,59.03900146484375,87.51116011903338,45.05362209524795,26.43553245710373,4.75844847096064,58.39337398272262,Europe,GEO,Upper middle income
Georgia,2020,3795.678,59.45299911499024,88.14703730733358,51.69417300273339,33.73937894137543,4.991789042881012,59.78964247029226,Europe,GEO,Upper middle income
Georgia,2021,3788.451,59.87200164794922,88.78197242943631,58.64667721097894,41.37656040227279,5.031855854983246,61.20116579842914,Europe,GEO,Upper middle income
Georgia,2022,3794.784,60.297000885009766,89.41604613840498,62.0466769641645,45.24190968673336,4.310971181725876,62.6289846011298,Europe,GEO,Upper middle income
Georgia,2023,3807.492,60.72700119018555,90.04898468576002,62.55881193079526,46.12782446652458,3.844140379536253,63.80217628556465,Europe,GEO,Upper middle income
Georgia,2024,3807.67,61.16200256347656,90.6806864880112,62.97121311282265,46.5881490526628,3.801561609497772,64.38613461929621,Europe,GEO,Upper middle income
Germany,2000,81797.258,74.96499633789062,99.0,96.0560429168292,93.5606451027271,3.764299834258598,95.5758229479226,Europe,DEU,High income
Germany,2001,81933.885,75.16999816894531,99.0,96.0704067626819,93.59423097697918,3.735932634379015,95.60959108232197,Europe,DEU,High income
Germany,2002,82068.326,75.3740005493164,99.0,96.08470153922238,93.62765463321783,3.707702900555604,95.64319612666708,Europe,DEU,High income
Germany,2003,82111.615,75.5770034790039,99.0,96.09892796474448,93.66091591464935,3.679611925356626,95.6766379444381,Europe,DEU,High income
Germany,2004,82092.708,75.77899932861328,99.0,96.14101163590476,93.72149615856965,3.651659453494762,95.7099157131112,Europe,DEU,High income
Germany,2005,82046.731,75.9800033569336,99.0,96.1830393514267,93.78193351537807,3.623845631502229,95.7430304230043,Europe,DEU,High income
Germany,2006,81701.971,76.17900085449219,99.0,96.22493390272643,93.84205680189687,3.596308983244055,95.77581015083976,Europe,DEU,High income
Germany,2007,81298.542,76.37799835205078,99.0,96.26684232975435,93.90220154640723,3.568771401646294,95.80859223942875,Europe,DEU,High income
Germany,2008,81110.777,76.57499694824219,99.0,96.30862697864715,93.96204137083308,3.541511143752968,95.84104907256705,Europe,DEU,High income
Germany,2009,80935.283,76.77099609375,99.0,96.35034702048124,94.02172972229204,3.514389071391478,95.87333477143301,Europe,DEU,High income
Germany,2010,80830.924,76.96600341796875,99.0,96.3920109989486,94.08127517848993,3.487405064481175,95.90545822456451,Europe,DEU,High income
Germany,2011,80857.874,77.16000366210938,99.0,96.43361847627664,94.14067705234623,3.460559413221169,95.93741888215322,Europe,DEU,High income
Germany,2012,80916.39,77.17000579833984,99.0,96.46228820579248,94.16986593247653,3.459175291821206,95.9390637710784,Europe,DEU,High income
Germany,2013,81041.582,77.18000030517578,99.0,96.4909623931174,94.19905878015282,3.457792410800984,95.94071174396896,Europe,DEU,High income
Germany,2014,81376.08,77.19000244140625,99.0,96.51963618578952,94.22825236491543,3.456408375616626,95.94235946747075,Europe,DEU,High income
Germany,2015,82077.55,77.20000457763672,99.0,96.5483114720372,94.25744792174699,3.455024150778203,95.94400821560257,Europe,DEU,High income
Germany,2016,82760.102,77.2239990234375,99.0,96.57797134481504,94.28894377189717,3.451703452797746,95.94795995837227,Europe,DEU,High income
Germany,2017,83104.007,77.26100158691406,99.0,96.60855252661152,94.32258431188654,3.446583262105769,95.95405694950267,Europe,DEU,High income
Germany,2018,83368.505,77.31199645996094,99.0,96.64012406919828,94.35853247587949,3.439526416909821,95.96246037889976,Europe,DEU,High income
Germany,2019,83559.186,77.3759994506836,99.0,96.67261054427924,94.39662077553481,3.430669445365103,95.97300050712734,Europe,DEU,High income
Germany,2020,83628.708,77.4530029296875,99.0,96.70602131627788,94.43685754735378,3.420014869888705,95.98568394827576,Europe,DEU,High income
Germany,2021,83697.083,77.54399871826172,99.0,96.7404263743549,94.47940861284778,3.407422735451164,96.00067463177457,Europe,DEU,High income
Germany,2022,84086.227,77.64800262451172,99.0,96.74777073701163,94.49653798924312,3.393030589104817,96.01780650568818,Europe,DEU,High income
Germany,2023,84548.231,77.76499938964844,99.0,96.7560342912925,94.51580884941298,3.376840653449666,96.03708020275896,Europe,DEU,High income
Germany,2024,84552.242,77.8949966430664,99.0,96.76522146362004,94.53722630351729,3.358851926073792,96.0585008938198,Europe,DEU,High income
Ghana,2000,19637.087,43.92899703979492,5.723442740802803,3.684946641764139,<1,4.226113293646597,4.928050447089019,Africa,GHA,Lower middle income
Ghana,2001,20167.069,44.60099792480469,5.811073860819241,3.741744288625235,<1,4.290761599148528,4.838815818979681,Africa,GHA,Lower middle income
Ghana,2002,20729.388,45.275001525878906,6.750455522469982,4.376114137288289,<1,4.893062599052478,4.746878995537333,Africa,GHA,Lower middle income
Ghana,2003,21296.705,45.95100021362305,7.708623546876201,5.016368019191854,<1,5.511605224473367,4.652226361435454,Africa,GHA,Lower middle income
Ghana,2004,21868.298,46.630001068115234,8.685408576962589,5.66201426614635,<1,6.14659310612091,4.55491968942088,Africa,GHA,Lower middle income
Ghana,2005,22449.438,47.30800247192383,9.68014854216275,6.311968670599457,<1,6.826568331934338,4.454651468950325,Africa,GHA,Lower middle income
Ghana,2006,23040.702,47.98799896240234,10.69285665247721,6.964377167904937,<1,7.639661846156014,4.351638320669903,Africa,GHA,Lower middle income
Ghana,2007,23642.279,48.66900253295898,11.72315352678717,7.619997694742762,<1,8.465240590408955,4.245799063656927,Africa,GHA,Lower middle income
Ghana,2008,24249.946,49.35100173950195,12.77075764067417,8.278311205781334,<1,9.303332259390952,4.137127570763308,Africa,GHA,Lower middle income
Ghana,2009,24862.664,50.03100204467773,13.83504973351206,8.93869199269448,<1,10.1534258345895,4.025426986034957,Africa,GHA,Lower middle income
Ghana,2010,25474.995,50.7130012512207,14.9161840108112,9.600771554648942,<1,11.01622179957734,3.910955923960513,Africa,GHA,Lower middle income
Ghana,2011,26095.088,51.39399719238281,16.01353008372223,10.26392912236378,<1,11.89117917168884,3.793522912353203,Africa,GHA,Lower middle income
Ghana,2012,26734.268,52.073001861572266,17.12667308036204,10.92763279280639,<1,12.77806828436475,3.673078501237932,Africa,GHA,Lower middle income
Ghana,2013,27386.193,52.74800109863281,18.25506350170053,11.59133964265263,<1,13.67639957463036,3.549524320341443,Africa,GHA,Lower middle income
Ghana,2014,28041.592,53.41899871826172,19.39838907137114,12.25457933055518,<1,14.58606672505797,3.422886576584479,Africa,GHA,Lower middle income
Ghana,2015,28696.068,54.08599853515625,20.55633876622901,12.91688678846058,<1,15.50696032918104,3.293190611424406,Africa,GHA,Lower middle income
Ghana,2016,29356.742,54.749000549316406,21.72860470185821,13.57780280598844,<1,16.43897081688544,3.160461791181578,Africa,GHA,Lower middle income
Ghana,2017,30008.354,55.40699768066406,22.91475489436722,14.23686623656238,<1,17.38173870414046,3.0246794146843,Africa,GHA,Lower middle income
Ghana,2018,30637.585,56.05999755859375,24.11448526944171,14.89364447246871,<1,18.33512751300983,2.885875274097874,Africa,GHA,Lower middle income
Ghana,2019,31258.945,56.70700073242188,25.32736300881102,15.54771138669542,<1,19.29873179374149,2.744039153666683,Africa,GHA,Lower middle income
Ghana,2020,31887.809,57.349002838134766,26.55322245101528,16.19865897531784,<1,20.27266739126878,2.59924940537661,Africa,GHA,Lower middle income
Ghana,2021,32518.665,57.98500061035156,27.7916388048117,16.84608834133448,<1,21.25651072289159,2.451500021348104,Africa,GHA,Lower middle income
Ghana,2022,33149.152,58.61499786376953,29.04231901381116,17.48961192304716,<1,22.25009514701889,2.300828885552576,Africa,GHA,Lower middle income
Ghana,2023,33787.914,59.23799896240234,30.3048454596217,18.128875502548,<1,23.25295478384977,2.147241040492839,Africa,GHA,Lower middle income
Ghana,2024,34427.414,59.854000091552734,31.57894047319823,18.76353114851604,<1,24.264902136037,1.990781376107377,Africa,GHA,Lower middle income
Gibraltar,2000,27.709,100.0,99.0,,-,-,>99,Europe,GIB,High income
Gibraltar,2001,27.657,100.0,99.0,,-,-,>99,Europe,GIB,High income
Gibraltar,2002,27.831,100.0,99.0,,-,-,>99,Europe,GIB,High income
Gibraltar,2003,28.274,100.0,99.0,,-,-,>99,Europe,GIB,High income
Gibraltar,2004,28.715,100.0,99.0,,-,-,>99,Europe,GIB,High income
Gibraltar,2005,29.163,100.0,99.0,,-,-,>99,Europe,GIB,High income
Gibraltar,2006,29.594,100.0,99.0,,-,-,>99,Europe,GIB,High income
Gibraltar,2007,30.006,100.0,99.0,,-,-,>99,Europe,GIB,High income
Gibraltar,2008,30.413,100.0,99.0,,-,-,>99,Europe,GIB,High income
Gibraltar,2009,30.823,100.0,99.0,,-,-,>99,Europe,GIB,High income
Gibraltar,2010,31.248,100.0,99.0,,-,-,>99,Europe,GIB,High income
Gibraltar,2011,31.66,100.0,99.0,,-,-,>99,Europe,GIB,High income
Gibraltar,2012,32.029,100.0,99.0,,-,-,>99,Europe,GIB,High income
Gibraltar,2013,32.407,100.0,99.0,,-,-,>99,Europe,GIB,High income
Gibraltar,2014,32.813,100.0,99.0,,-,-,>99,Europe,GIB,High income
Gibraltar,2015,33.193,100.0,99.0,,-,-,>99,Europe,GIB,High income
Gibraltar,2016,33.658,100.0,99.0,,-,-,>99,Europe,GIB,High income
Gibraltar,2017,34.245,100.0,99.0,,-,-,>99,Europe,GIB,High income
Gibraltar,2018,34.854,100.0,99.0,,-,-,>99,Europe,GIB,High income
Gibraltar,2019,35.494,100.0,99.0,,-,-,>99,Europe,GIB,High income
Gibraltar,2020,36.173,100.0,99.0,,-,-,>99,Europe,GIB,High income
Gibraltar,2021,36.858,100.0,99.0,,-,-,>99,Europe,GIB,High income
Gibraltar,2022,37.609,100.0,99.0,,-,-,>99,Europe,GIB,High income
Gibraltar,2023,38.471,100.0,99.0,,-,-,>99,Europe,GIB,High income
Gibraltar,2024,39.329,100.0,99.0,,-,-,>99,Europe,GIB,High income
Greece,2000,10782.635,72.71599578857422,97.87587991903438,77.87459064467716,55.5241826812915,40.43783615831722,55.99890983502247,Europe,GRC,High income
Greece,2001,10843.164,72.91300201416016,97.94529453427354,78.45833527863134,56.77898751334787,39.39726379924583,57.26791163784235,Europe,GRC,High income
Greece,2002,10890.285,73.3030014038086,98.01972523130266,79.09969064454451,58.14838172778344,38.24961055106213,58.65205801047645,Europe,GRC,High income
Greece,2003,10918.471,73.68900299072266,98.09308786712393,79.73823625424504,59.51149335044575,37.10558156581953,60.02975070844627,Europe,GRC,High income
Greece,2004,10947.365,74.072998046875,98.16544105476086,80.37458607497612,60.86956263566826,35.96404480060739,61.40223814262505,Europe,GRC,High income
Greece,2005,10981.334,74.4520034790039,98.23672400218028,81.007869568515,62.2208603636746,34.82664735269765,62.76778432137355,Europe,GRC,High income
Greece,2006,11016.103,74.82699584960938,98.30698165111482,81.63841232668752,63.56604285063491,33.69281623114644,64.12705108855482,Europe,GRC,High income
Greece,2007,11045.737,75.19900512695312,98.37623995926,82.26652471453926,64.90574699243362,32.56197136341563,65.48068001531158,Europe,GRC,High income
Greece,2008,11076.872,75.56800079345703,98.444518449364,82.89223004052842,66.24001868634886,31.4341038634516,66.82871885981162,Europe,GRC,High income
Greece,2009,11108.069,75.93199920654297,98.51178224790448,83.51496425808168,67.56775963610485,30.3102884943054,68.17006738315358,Europe,GRC,High income
Greece,2010,11124.67,76.29199981689453,98.57807764518108,84.13505345444902,68.88961744623231,29.1899545594259,69.50537797131086,Europe,GRC,High income
Greece,2011,11108.844,76.64900207519531,98.64342978364422,84.75279921235612,70.20620342533367,28.07253874237027,70.8352657852098,Europe,GRC,High income
Greece,2012,11048.298,77.00399780273438,98.70787068416224,85.36850818321628,71.51812367344414,26.95748190709613,72.1603400539239,Europe,GRC,High income
Greece,2013,10967.54,77.35499572753906,98.7713762312749,85.98163111097149,72.82430920053656,25.84585001621497,73.47953089070486,Europe,GRC,High income
Greece,2014,10893.166,77.70199584960938,98.83396289300067,86.59219236496071,74.12481760720091,24.73762550692333,74.79289834291234,Europe,GRC,High income
Greece,2015,10820.903,78.0459976196289,98.8956496305224,87.20048690812605,75.42024464982836,23.63224650627488,76.10104120420843,Europe,GRC,High income
Greece,2016,10775.504,78.38700103759766,98.9564489293753,87.8065321866641,76.71063171411433,22.52970182377095,77.40400269485875,Europe,GRC,High income
Greece,2017,10753.533,78.7239990234375,98.98318818511336,88.44213089606941,77.99551012925853,21.29868152924852,78.70131581900671,Europe,GRC,High income
Greece,2018,10730.844,79.05799865722656,98.9867526034177,89.08488731574846,79.2754550770065,20.00644626153987,79.99355823411655,Europe,GRC,High income
Greece,2019,10718.576,79.38800048828125,98.99026001937412,89.72489556165853,80.54998265530729,18.71974915995558,81.28024788810146,Europe,GRC,High income
Greece,2020,10699.369,79.71500396728516,98.99374483563967,90.36246999230838,81.81968437166432,17.43802050150731,82.56197853099988,Europe,GRC,High income
Greece,2021,10579.561,80.03800201416016,98.99718633497731,90.99736099954018,83.08408537238854,16.16172268765653,83.83827764464695,Europe,GRC,High income
Greece,2022,10412.48,80.35699462890625,99.0,91.62959810744562,84.34324615658508,14.89079165124039,85.10920816118421,Europe,GRC,High income
Greece,2023,10242.908,80.6729965209961,99.0,92.25946890151818,85.59772738962124,13.62466619625819,86.37533221155786,Europe,GRC,High income
Greece,2024,10047.817,80.98400115966797,99.0,92.88649348621917,86.84659215681205,12.36428426133729,87.63571711878215,Europe,GRC,High income
Greenland,2014,56.173,85.81299591064453,62.5,1.0,<1,37.5,<1,Europe,GRL,High income
Greenland,2015,56.021,86.07099914550781,62.5,1.0,<1,37.5,<1,Europe,GRL,High income
Greenland,2016,56.061,86.32599639892578,62.5,1.0,<1,37.5,<1,Europe,GRL,High income
Greenland,2017,56.071,86.5739974975586,62.5,1.0,<1,37.5,<1,Europe,GRL,High income
Greenland,2018,56.074,86.81600189208984,62.5,1.0,<1,37.5,<1,Europe,GRL,High income
Greenland,2019,56.084,87.052001953125,62.5,1.0,<1,37.5,<1,Europe,GRL,High income
Greenland,2020,56.08,87.2820053100586,62.5,1.0,<1,37.5,<1,Europe,GRL,High income
Greenland,2021,56.041,87.50699615478516,62.5,1.0,<1,37.5,<1,Europe,GRL,High income
Greenland,2022,55.99,87.72699737548828,62.5,1.0,<1,37.5,<1,Europe,GRL,High income
Grenada,2000,107.451,35.697998046875,88.5722720006749,,-,48.0428571428572,4.533333333333331,Americas,GRD,Upper middle income
Grenada,2001,107.987,35.91899871826172,89.0844419136279,,-,48.95844155844156,4.563636363636363,Americas,GRD,Upper middle income
Grenada,2002,108.404,35.91299819946289,89.59543371413594,,-,49.87402597402593,4.593939393939394,Americas,GRD,Upper middle income
Grenada,2003,108.884,35.90700149536133,90.10524740219918,,-,50.78961038961052,4.624242424242425,Americas,GRD,Upper middle income
Grenada,2004,109.323,35.9010009765625,90.61388297781768,,-,51.70519480519488,4.654545454545449,Americas,GRD,Upper middle income
Grenada,2005,109.734,35.89500045776367,91.12134044099142,,-,52.62077922077924,4.68484848484848,Americas,GRD,Upper middle income
Grenada,2006,110.135,35.888999938964844,91.62761979172038,,-,53.5363636363636,4.715151515151511,Americas,GRD,Upper middle income
Grenada,2007,110.522,35.882999420166016,92.13272103000456,,-,54.45194805194819,4.745454545454542,Americas,GRD,Upper middle income
Grenada,2008,110.896,35.87700271606445,92.63664415584424,,-,55.36753246753256,4.775757575757574,Americas,GRD,Upper middle income
Grenada,2009,111.254,35.87099838256836,93.13938916923892,,-,56.28311688311692,4.806060606060605,Americas,GRD,Upper middle income
Grenada,2010,111.586,35.8650016784668,93.64095607018884,,-,57.19870129870128,4.836363636363636,Americas,GRD,Upper middle income
Grenada,2011,112.079,35.85900115966797,93.54807276293889,,-,58.11428571428564,4.866666666666667,Americas,GRD,Upper middle income
Grenada,2012,112.775,35.86899948120117,93.45518945568892,,-,59.02987012987023,4.896969696969691,Americas,GRD,Upper middle income
Grenada,2013,113.487,35.895999908447266,93.36230614843896,,-,59.9454545454546,4.927272727272722,Americas,GRD,Upper middle income
Grenada,2014,114.132,35.9379997253418,93.269422841189,,-,60.86103896103896,4.957575757575754,Americas,GRD,Upper middle income
Grenada,2015,114.676,35.99700164794922,93.17653953393902,,-,61.77662337662332,4.987878787878785,Americas,GRD,Upper middle income
Grenada,2016,115.13,36.07200241088867,93.08365622668909,,-,62.69220779220791,5.018181818181816,Americas,GRD,Upper middle income
Grenada,2017,115.438,36.16400146484375,92.99077291943912,,-,63.60779220779227,5.048484848484847,Americas,GRD,Upper middle income
Grenada,2018,115.691,36.272003173828125,92.89788961218918,,-,64.52337662337663,5.078787878787878,Americas,GRD,Upper middle income
Grenada,2019,115.981,36.39599990844727,92.8050063049392,,-,65.438961038961,5.109090909090909,Americas,GRD,Upper middle income
Grenada,2020,116.341,36.5369987487793,92.71212299768924,,-,66.35454545454559,5.139393939393933,Americas,GRD,Upper middle income
Grenada,2021,116.688,36.69400024414063,92.61923969043929,,-,67.27012987012995,5.169696969696965,Americas,GRD,Upper middle income
Grenada,2022,116.913,36.86800003051758,92.61923969043929,,-,67.27012987012995,5.169696969696965,Americas,GRD,Upper middle income
Grenada,2023,117.081,37.05900192260742,92.61923969043929,,-,67.27012987012995,5.169696969696965,Americas,GRD,Upper middle income
Grenada,2024,117.207,37.266998291015625,92.61923969043929,,-,67.27012987012995,5.169696969696965,Americas,GRD,Upper middle income
Guadeloupe,2001,417.834,98.4000015258789,97.22198924742668,,19.49379743145785,46.20566888512383,37.48807198357278,Americas,GLP,
Guadeloupe,2002,415.757,98.4000015258789,97.22198924742668,,19.49379743145785,46.20566888512383,37.48807198357278,Americas,GLP,
Guadeloupe,2003,413.418,98.4000015258789,97.22198924742668,,19.49379743145785,46.20566888512383,37.48807198357278,Americas,GLP,
Guadeloupe,2004,410.854,98.4000015258789,97.22198924742668,,19.49379743145785,46.20566888512383,37.48807198357278,Americas,GLP,
Guadeloupe,2005,408.077,98.4000015258789,97.22198924742668,,19.49379743145785,45.87707276858578,37.48807198357278,Americas,GLP,
Guadeloupe,2006,407.219,98.4000015258789,97.36118942862872,,19.54846673717717,45.54847665204773,37.59320526380225,Americas,GLP,
Guadeloupe,2007,408.296,98.4010009765625,97.5003896098308,,19.60313604289651,45.21988053550967,37.69833854403174,Americas,GLP,
Guadeloupe,2008,408.979,98.40299987792967,97.6395897910329,,19.65780534861585,44.89128441897151,37.80347182426124,Americas,GLP,
Guadeloupe,2009,408.992,98.40599822998048,97.77878997223496,,19.71247465433518,44.56268830243346,37.90860510449073,Americas,GLP,
Guadeloupe,2010,408.812,98.40999603271484,97.91799015343702,,19.76714396005452,44.23409218589541,38.01373838472023,Americas,GLP,
Guadeloupe,2011,409.053,98.41400146484376,98.05719033463912,,19.82181326577384,43.90549606935724,38.11887166494969,Americas,GLP,
Guadeloupe,2012,409.152,98.41999816894533,98.1963905158412,,19.87648257149318,43.57689995281919,38.22400494517919,Americas,GLP,
Guadeloupe,2013,408.361,98.42699432373048,98.33559069704324,,19.93115187721252,43.24830383628114,38.32913822540868,Americas,GLP,
Guadeloupe,2014,406.64,98.43399810791016,98.47479087824536,,19.98582118293185,42.91970771974309,38.43427150563818,Americas,GLP,
Guadeloupe,2015,403.95,98.44300079345705,98.6139910594474,,20.04049048865118,42.59111160320492,38.53940478586765,Americas,GLP,
Guadeloupe,2016,404.634,98.4520034790039,98.75319124064949,,20.09515979437051,42.26251548666687,38.64453806609714,Americas,GLP,
Guadeloupe,2017,412.692,98.46299743652344,98.89239142185158,,20.14982910008985,41.93391937012882,38.74967134632664,Americas,GLP,
Guadeloupe,2018,415.18,98.4739990234375,99.0,,20.20449840580919,41.60532325359065,38.85480462655613,Americas,GLP,
Guadeloupe,2019,410.257,98.48600006103516,99.0,,20.25916771152853,41.2767271370526,38.95993790678563,Americas,GLP,
Guadeloupe,2020,407.394,98.4990005493164,99.0,,20.31383701724785,40.94813102051455,39.06507118701509,Americas,GLP,
Guadeloupe,2021,399.151,98.51200103759766,99.0,,20.36850632296719,40.6195349039765,39.17020446724459,Americas,GLP,
Guadeloupe,2022,384.697,98.5260009765625,99.0,,20.42317562868653,40.29093878743834,39.27533774747408,Americas,GLP,
Guadeloupe,2023,376.517,98.54199981689452,99.0,,20.47784493440586,39.96234267090028,39.38047102770358,Americas,GLP,
Guadeloupe,2024,375.106,98.55699920654295,99.0,,20.47784493440586,39.96234267090028,39.38047102770358,Americas,GLP,
Guam,2000,160.065,93.12899780273438,88.97353206911086,,-,26.00000000000006,71.39999999999998,Western Pacific,GUM,High income
Guam,2001,161.329,93.23300170898438,89.03730693636749,,-,26.23500000000001,71.23500000000001,Western Pacific,GUM,High income
Guam,2002,162.315,93.33399963378906,89.10108180362414,,-,26.47000000000003,71.07,Western Pacific,GUM,High income
Guam,2003,163.137,93.43499755859376,89.16485667088077,,-,26.70500000000004,70.90499999999997,Western Pacific,GUM,High income
Guam,2004,163.81,93.53399658203124,89.2286315381374,,-,26.94000000000005,70.74000000000001,Western Pacific,GUM,High income
Guam,2005,164.365,93.63099670410156,89.29240640539403,,-,27.17500000000001,70.57499999999999,Western Pacific,GUM,High income
Guam,2006,164.839,93.72699737548828,89.35618127265069,,-,27.41000000000003,70.40999999999997,Western Pacific,GUM,High income
Guam,2007,165.267,93.82200622558594,89.41995613990733,,-,27.64500000000004,70.245,Western Pacific,GUM,High income
Guam,2008,165.693,93.91600036621094,89.48373100716395,,-,27.88000000000005,70.07999999999998,Western Pacific,GUM,High income
Guam,2009,166.173,94.00799560546876,89.54750587442058,,-,28.11500000000001,69.91499999999996,Western Pacific,GUM,High income
Guam,2010,166.522,94.0989990234375,89.61128074167722,,-,28.35000000000002,69.75,Western Pacific,GUM,High income
Guam,2011,166.543,94.18799591064452,89.67505560893387,,-,28.58500000000004,69.58499999999998,Western Pacific,GUM,High income
Guam,2012,166.331,94.2770004272461,89.7388304761905,,-,28.82000000000005,69.41999999999996,Western Pacific,GUM,High income
Guam,2013,165.966,94.36399841308594,89.80260534344713,,-,29.05500000000001,69.255,Western Pacific,GUM,High income
Guam,2014,165.486,94.44900512695312,89.86638021070377,,-,29.29000000000002,69.08999999999997,Western Pacific,GUM,High income
Guam,2015,164.905,94.53399658203124,89.93015507796042,,-,29.52500000000003,68.92499999999995,Western Pacific,GUM,High income
Guam,2016,164.233,94.61699676513672,89.99392994521705,,-,29.76000000000005,68.75999999999999,Western Pacific,GUM,High income
Guam,2017,163.49,94.69900512695312,90.05770481247369,,-,29.995,68.59499999999997,Western Pacific,GUM,High income
Guam,2018,162.679,94.77999877929688,90.12147967973031,,-,30.23000000000002,68.43,Western Pacific,GUM,High income
Guam,2019,161.808,94.85900115966795,90.18525454698694,,-,30.46500000000003,68.26499999999999,Western Pacific,GUM,High income
Guam,2020,162.158,94.93799591064452,90.2490294142436,,-,30.70000000000005,68.09999999999997,Western Pacific,GUM,High income
Guam,2021,163.73,95.01499938964844,90.31280428150023,,-,30.935,67.935,Western Pacific,GUM,High income
Guam,2022,165.18,95.09099578857422,90.37657914875686,,-,31.17000000000002,67.76999999999998,Western Pacific,GUM,High income
Guam,2023,166.506,95.16600036621094,90.37657914875686,,-,31.17000000000002,67.76999999999998,Western Pacific,GUM,High income
Guam,2024,167.777,95.24000549316406,90.37657914875686,,-,31.17000000000002,67.76999999999998,Western Pacific,GUM,High income
Guatemala,2000,11697.592,45.33200073242188,61.06724484878164,,-,4.538517475394564,34.79435625680244,Americas,GTM,Upper middle income
Guatemala,2001,11969.422,45.667999267578125,61.5616929942508,,-,4.865985190724433,35.30027239372286,Americas,GTM,Upper middle income
Guatemala,2002,12246.915,46.00499725341797,62.04511662307211,,-,5.191417263107712,35.804512605387,Americas,GTM,Upper middle income
Guatemala,2003,12525.842,46.31800079345703,62.50944471726378,,-,5.514916498127536,36.29222219589823,Americas,GTM,Upper middle income
Guatemala,2004,12807.402,46.61600112915039,62.95812051968711,,-,5.836632520792691,36.76894953004883,Americas,GTM,Upper middle income
Guatemala,2005,13087.629,46.91300201416016,63.39595430942369,,-,6.156555392161551,37.24307917750573,Americas,GTM,Upper middle income
Guatemala,2006,13367.459,47.209999084472656,63.82337801452974,,-,6.474680498388579,37.71520230439152,Americas,GTM,Upper middle income
Guatemala,2007,13652.04,47.50800323486328,64.24080361594591,,-,6.79099122146172,38.18590153974452,Americas,GTM,Upper middle income
Guatemala,2008,13935.174,47.80699920654297,64.64831743133523,,-,7.105478529712951,38.6551601841702,Americas,GTM,Upper middle income
Guatemala,2009,14215.611,48.104000091552734,65.04514018305323,,-,7.41820114284172,39.12125518633929,Americas,GTM,Upper middle income
Guatemala,2010,14500.112,48.40299987792969,65.43255723170792,,-,7.729074695257802,39.58648519011902,Americas,GTM,Upper middle income
Guatemala,2011,14792.126,48.70100021362305,65.8097996494068,,-,8.038167201322132,40.04912664497009,Americas,GTM,Upper middle income
Guatemala,2012,15089.647,49.0,66.17754479685837,,-,8.345423963593936,40.51032132170768,Americas,GTM,Upper middle income
Guatemala,2013,15387.337,49.31100082397461,66.53886608478466,,-,8.650454488751112,40.97621956089262,Americas,GTM,Upper middle income
Guatemala,2014,15681.725,49.63399887084961,66.89369268137945,,-,8.953149639649654,41.44670073755098,Americas,GTM,Upper middle income
Guatemala,2015,15971.743,49.97100067138672,67.2424899275787,,-,9.253319576838607,41.92275372282553,Americas,GTM,Upper middle income
Guatemala,2016,16268.76,50.31899642944336,67.58439836212108,,-,9.550967534621577,42.40258034040375,Americas,GTM,Upper middle income
Guatemala,2017,16567.357,50.68000030517578,67.91990189553553,,-,9.845900891933345,42.88717190826137,Americas,GTM,Upper middle income
Guatemala,2018,16845.685,51.05400085449219,68.24894263630969,,-,10.13800106476322,43.3763878037734,Americas,GTM,Upper middle income
Guatemala,2019,17103.803,51.43899917602539,68.57099736452844,,-,10.42725605197905,43.86901800720972,Americas,GTM,Upper middle income
Guatemala,2020,17357.325,51.83600234985352,68.88629964209653,,-,10.71350913293186,44.36549117667947,Americas,GTM,Upper middle income
Guatemala,2021,17598.65,52.2449951171875,69.46217300940764,,-,10.99665258237878,44.86567717912568,Americas,GTM,Upper middle income
Guatemala,2022,17847.877,52.6660041809082,70.03494235015539,,-,11.27657713812532,45.36947054337822,Americas,GTM,Upper middle income
Guatemala,2023,18124.838,53.09799957275391,70.60412532124747,,-,11.55323966483321,45.87620798577893,Americas,GTM,Upper middle income
Guatemala,2024,18406.359,53.54199981689453,71.1696950985045,,-,11.82647006412508,46.38630614407967,Americas,GTM,Upper middle income
Guernsey,2000,60.269,,99.0,87.5,75,25,75,Europe,GGY,
Guernsey,2001,60.462,,99.0,87.5,75,25,75,Europe,GGY,
Guernsey,2002,60.584,,99.0,87.5,75,25,75,Europe,GGY,
Guernsey,2003,60.681,,99.0,87.5,75,25,75,Europe,GGY,
Guernsey,2004,60.776,,99.0,87.5,75,25,75,Europe,GGY,
Guernsey,2005,60.877,,99.0,87.5,75,25,75,Europe,GGY,
Guernsey,2006,60.986,,99.0,87.5,75,25,75,Europe,GGY,
Guernsey,2007,61.102,,99.0,87.5,75,25,75,Europe,GGY,
Guernsey,2008,61.228,,99.0,87.5,75,25,75,Europe,GGY,
Guernsey,2009,61.366,,99.0,87.5,75,25,75,Europe,GGY,
Guernsey,2010,61.513,,99.0,87.5,75,25,75,Europe,GGY,
Guernsey,2011,61.677,,99.0,87.5,75,25,75,Europe,GGY,
Guernsey,2012,61.856,,99.0,87.5,75,25,75,Europe,GGY,
Guernsey,2013,62.023,,99.0,87.5,75,25,75,Europe,GGY,
Guernsey,2014,62.158,,99.0,87.5,75,25,75,Europe,GGY,
Guernsey,2015,62.237,,99.0,87.5,75,25,75,Europe,GGY,
Guernsey,2016,62.191,,99.0,87.5,75,25,75,Europe,GGY,
Guernsey,2017,62.194,,99.0,87.5,75,25,75,Europe,GGY,
Guernsey,2018,62.431,,99.0,87.5,75,25,75,Europe,GGY,
Guernsey,2019,62.783,,99.0,87.5,75,25,75,Europe,GGY,
Guernsey,2020,63.105,,99.0,87.5,75,25,75,Europe,GGY,
Guernsey,2021,63.413,,99.0,87.5,75,25,75,Europe,GGY,
Guernsey,2022,63.725,,99.0,87.5,75,25,75,Europe,GGY,
Guernsey,2023,64.017,,99.0,87.5,75,25,75,Europe,GGY,
Guernsey,2024,64.28,,99.0,87.5,75,25,75,Europe,GGY,
Guinea,2000,8428.832,30.869001388549805,9.162306584788023,,-,<1,1.599623333707652,Africa,GIN,Lower middle income
Guinea,2001,8539.96,31.143999099731445,9.886291968504624,,-,1.214353875605575,1.610577136764307,Africa,GIN,Lower middle income
Guinea,2002,8674.066,31.420001983642575,10.61144153012915,,-,1.59478060755092,1.621570912979335,Africa,GIN,Lower middle income
Guinea,2003,8870.781,31.697999954223636,11.33794497165376,,-,2.060488238889258,1.632644236876122,Africa,GIN,Lower middle income
Guinea,2004,9062.726,31.977001190185547,12.20687465394646,,-,2.531979458456316,1.643757523470037,Africa,GIN,Lower middle income
Guinea,2005,9245.844,32.25699996948242,13.09503543111125,,-,3.009284604211041,1.65491049917523,Africa,GIN,Lower middle income
Guinea,2006,9441.171,32.53900146484375,14.00263346708643,,-,3.49252653077679,1.632153648570002,Africa,GIN,Lower middle income
Guinea,2007,9662.281,32.82200241088867,14.92948781109633,,-,3.981664753283226,1.609016236172037,Africa,GIN,Lower middle income
Guinea,2008,9898.87,33.10599899291992,15.8756067639013,,-,4.476729940844427,1.585495994109173,Africa,GIN,Lower middle income
Guinea,2009,10143.534,33.39099884033203,16.8410008400224,,-,4.977753303224295,1.561590847202681,Africa,GIN,Lower middle income
Guinea,2010,10396.086,33.678001403808594,17.82588824153964,,-,5.484898282376829,1.53733466260804,Africa,GIN,Lower middle income
Guinea,2011,10656.81,33.965999603271484,18.8300745161128,,-,5.998083137682866,1.512687478011906,Africa,GIN,Lower middle income
Guinea,2012,10921.581,34.255001068115234,19.85356997235846,,-,6.517339810833756,1.487647339911459,Africa,GIN,Lower middle income
Guinea,2013,11191.873,34.54500198364258,20.89638051023354,,-,7.042697725494913,1.46221168429078,Africa,GIN,Lower middle income
Guinea,2014,11472.924,34.83599853515625,21.95851718414202,,-,7.57418819907822,1.43637841330466,Africa,GIN,Lower middle income
Guinea,2015,11767.07,35.14099884033203,23.04295345389046,,-,8.11423399017981,1.410566604475004,Africa,GIN,Lower middle income
Guinea,2016,12073.03,35.46000289916992,24.1498387012441,,-,8.663267486653641,1.384745205192222,Africa,GIN,Lower middle income
Guinea,2017,12385.659,35.792999267578125,25.27931653426651,,-,9.22171869631611,1.358882765876012,Africa,GIN,Lower middle income
Guinea,2018,12704.774,36.13999938964844,26.43153418735715,,-,9.79001921379597,1.332948127846094,Africa,GIN,Lower middle income
Guinea,2019,13034.346,36.5,27.60639835104351,,-,10.36837697413905,1.306880873914582,Africa,GIN,Lower middle income
Guinea,2020,13371.183,36.875,28.80453429466282,,-,10.95766187482157,1.28070921591062,Africa,GIN,Lower middle income
Guinea,2021,13710.513,37.26399993896485,30.02584951674051,,-,11.55809130395086,1.254371877825721,Africa,GIN,Lower middle income
Guinea,2022,14055.137,37.667999267578125,31.27074231181046,,-,12.17035178947141,1.227864776161173,Africa,GIN,Lower middle income
Guinea,2023,14405.468,38.084999084472656,32.53885554100303,,-,12.79437391610886,1.201101642055587,Africa,GIN,Lower middle income
Guinea,2024,14754.785,38.51700210571289,32.64963714814146,,-,12.90936262490792,1.212534311978504,Africa,GIN,Lower middle income
Guinea-Bissau,2000,1234.741,36.24300003051758,4.534457200975123,,-,3.391729206469979,3.601477111735056,Africa,GNB,Low income
Guinea-Bissau,2001,1261.273,36.62200164794922,5.015748707724377,,-,3.775771559054703,3.51279980414484,Africa,GNB,Low income
Guinea-Bissau,2002,1289.307,37.00400161743164,5.729103945146667,3.418155411247501,<1,4.167366910496515,3.765879224896383,Africa,GNB,Low income
Guinea-Bissau,2003,1318.806,37.38699722290039,6.754165065761787,4.077808723866077,<1,5.247839327061862,3.739896947826916,Africa,GNB,Low income
Guinea-Bissau,2004,1349.563,37.77199935913086,7.782164867393063,4.967848840562068,<1,5.696604791759023,3.633075391958071,Africa,GNB,Low income
Guinea-Bissau,2005,1381.585,38.15700149536133,8.878352758590404,5.901203644948031,<1,6.152124877581142,3.523699620970437,Africa,GNB,Low income
Guinea-Bissau,2006,1415.303,38.54500198364258,9.989731622894402,6.845556391776647,<1,6.614812674804936,3.411987320374755,Africa,GNB,Low income
Guinea-Bissau,2007,1450.986,38.93400192260742,11.1161885061566,7.800853783972257,<1,7.084453443600188,3.297769774781603,Africa,GNB,Low income
Guinea-Bissau,2008,1488.054,39.32499694824219,12.25809210895126,8.767335405836114,<1,7.561229969561148,3.181103562326997,Africa,GNB,Low income
Guinea-Bissau,2009,1526.377,39.71599960327149,13.41529550083856,9.744933712613385,<1,8.04486600802074,3.061843189328511,Africa,GNB,Low income
Guinea-Bissau,2010,1566.347,40.11100006103516,14.58871416642031,10.73420926037812,<1,8.536052461217272,2.940225705374579,Africa,GNB,Low income
Guinea-Bissau,2011,1608.076,40.507999420166016,15.77821870681465,11.73510409317656,<1,9.034532627350437,2.816099780434847,Africa,GNB,Low income
Guinea-Bissau,2012,1651.417,40.90800094604492,16.98422057211113,12.7478785908136,<1,9.540548227696993,2.689497724918316,Africa,GNB,Low income
Guinea-Bissau,2013,1695.973,41.310001373291016,18.20675547369278,13.77257470374849,<1,10.05397994726442,2.560340623213152,Africa,GNB,Low income
Guinea-Bissau,2014,1741.122,41.71500015258789,19.4462525723006,14.80946277311659,<1,10.57508748702957,2.42865436045044,Africa,GNB,Low income
Guinea-Bissau,2015,1786.457,42.12299728393555,20.70295438223109,15.85870446000372,<1,11.10395059560297,2.294409265198123,Africa,GNB,Low income
Guinea-Bissau,2016,1831.893,42.53300094604492,21.97688336166342,16.92033664414382,<1,11.64042235555211,2.157536024353075,Africa,GNB,Low income
Guinea-Bissau,2017,1877.072,42.94499969482422,23.26826825649849,17.99451598274153,<1,12.18455556484738,2.018014785481595,Africa,GNB,Low income
Guinea-Bissau,2018,1922.168,43.36000061035156,24.57757356121322,19.08153209735681,<1,12.73664611436416,1.875858390413197,Africa,GNB,Low income
Guinea-Bissau,2019,1967.696,43.777000427246094,25.90480781609211,20.1814162320889,<1,13.2965204058135,1.731007472290306,Africa,GNB,Low income
Guinea-Bissau,2020,2013.255,44.19599914550781,27.25020458814323,21.29432817987946,<1,13.86423134550533,1.583442182241324,Africa,GNB,Low income
Guinea-Bissau,2021,2058.841,44.617000579833984,28.61399984604151,22.42042966808835,<1,14.43983172616352,1.433142651132581,Africa,GNB,Low income
Guinea-Bissau,2022,2105.529,45.04100036621094,28.72285754964772,22.48154126246028,<1,14.55395374801074,1.442783712795095,Africa,GNB,Low income
Guinea-Bissau,2023,2153.339,45.46599960327149,28.83197289782988,22.54279789386927,<1,14.66834489989145,1.452447523994344,Africa,GNB,Low income
Guinea-Bissau,2024,2201.352,45.89299774169922,28.94160064036644,22.60434200371211,<1,14.78327365236362,1.4621567459946,Africa,GNB,Low income
Guyana,2000,764.832,28.694000244140625,77.37352247917582,56.59191773349735,1.594484432850446,30.55275903085109,3.539391475863634,Americas,GUY,High income
Guyana,2001,764.477,28.606000900268555,77.9231007582273,55.97189954486562,1.587297445387753,32.70274606959462,3.523572826377391,Americas,GUY,High income
Guyana,2002,763.652,28.51799964904785,78.47358394673276,55.35150125324314,1.58029349898206,34.8551406060129,3.508160658476455,Americas,GUY,High income
Guyana,2003,763.101,28.30699920654297,79.01412257793143,54.75302338584326,1.568133825105519,36.97252178877125,3.481311083433602,Americas,GUY,High income
Guyana,2004,762.418,28.064001083374023,79.6382981091298,54.20672017223861,1.558416139218453,39.08637580018544,3.452428585171655,Americas,GUY,High income
Guyana,2005,760.914,27.82200050354004,80.2648830646045,53.65771180785596,1.549098252497981,41.20715700958239,3.424759992442815,Americas,GUY,High income
Guyana,2006,758.966,27.58199882507324,80.89393396601946,53.10584011139866,1.540221058311672,43.33508453619035,3.398387918684513,Americas,GUY,High income
Guyana,2007,756.861,27.342998504638672,81.525359867427,52.55131015263557,1.53174227543148,45.46982953661118,3.373211534011959,Americas,GUY,High income
Guyana,2008,754.606,27.10500144958496,82.15915359022081,51.99414735980066,1.523662072441065,47.61135383350624,3.349223981351284,Americas,GUY,High income
Guyana,2009,752.094,26.86899948120117,82.7953517398292,51.43419698294142,1.516018039127288,49.75982773101263,3.326500087430174,Americas,GUY,High income
Guyana,2010,749.256,26.63399887084961,83.43388697569631,50.87166243600532,1.508771006416403,51.91497266874708,3.304946820018136,Americas,GUY,High income
Guyana,2011,746.153,26.399999618530277,84.07473385078266,50.30655719362459,1.501920756721022,54.07673956970508,3.284556663982405,Americas,GUY,High income
Guyana,2012,746.288,26.399999618530277,84.73149588891296,49.70267572668592,1.503604784382135,56.28729475733746,3.282916319115047,Americas,GUY,High income
Guyana,2013,750.021,26.399999618530277,85.38895579979632,49.09771276756166,1.505202949191392,58.49784914118202,3.28127583740535,Americas,GUY,High income
Guyana,2014,754.229,26.41400146484375,86.04784407752967,48.48957092209577,1.507177383092101,60.71055951013872,3.280628124281613,Americas,GUY,High income
Guyana,2015,758.781,26.440998077392575,86.70796352172482,47.87850748717165,1.509454898228758,62.92470318060793,3.280806788060033,Americas,GUY,High income
Guyana,2016,763.548,26.48200035095215,87.36923887585635,47.26448580253341,1.512028763327568,65.13987934292854,3.281788953137809,Americas,GUY,High income
Guyana,2017,768.479,26.538000106811523,88.03157098821968,46.64747567845696,1.51488722565755,67.35562265456927,3.283540823223841,Americas,GUY,High income
Guyana,2018,791.556,26.60599899291992,88.69469811264021,46.02801272086582,1.517898473065665,69.57102196485444,3.285773959881508,Americas,GUY,High income
Guyana,2019,807.665,26.68899917602539,89.3586157172433,45.405784073229,1.521110592274187,71.78584604761556,3.288583335953795,Americas,GUY,High income
Guyana,2020,807.481,26.785999298095703,90.02313351681536,44.78103266816738,1.524450845222574,73.99939854572274,3.291807634057314,Americas,GUY,High income
Guyana,2021,815.482,26.89700126647949,90.68811980336588,44.15386628419405,1.527876537231658,76.21110870752537,3.295350187377824,Americas,GUY,High income
Guyana,2022,821.637,27.02200126647949,91.30100082478629,43.47279232204131,1.531344357924321,78.42040527457081,3.299113761717255,Americas,GUY,High income
Guyana,2023,826.353,27.16200065612793,91.3046762515848,43.45488317742129,1.534859719487042,78.42660629670567,3.306451570532698,Americas,GUY,High income
Guyana,2024,831.087,27.316001892089844,91.30872181894576,43.43518437465552,1.538726657381408,78.43342964943696,3.314523247014948,Americas,GUY,High income
Haiti,2000,8303.151,35.60000228881836,19.44023376379775,,-,2.382115961962006,<1,Americas,HTI,Lower middle income
Haiti,2001,8455.918,37.2509994506836,20.12520720930358,,-,2.457354125787662,1.001153300752565,Americas,HTI,Lower middle income
Haiti,2002,8607.641,38.935001373291016,20.80264887156697,,-,2.534096441196844,1.006711754439723,Americas,HTI,Lower middle income
Haiti,2003,8759.912,40.64500045776367,21.4706205681824,,-,2.612023568817379,1.009945587889099,Americas,HTI,Lower middle income
Haiti,2004,8910.263,41.67900085449219,21.99957832297314,,-,2.659144290540846,<1,Americas,HTI,Lower middle income
Haiti,2005,9061.273,42.63800048828125,22.50494129361234,,-,3.393582787940398,<1,Americas,HTI,Lower middle income
Haiti,2006,9216.562,43.604000091552734,23.0018363162708,,-,4.153125276498806,<1,Americas,HTI,Lower middle income
Haiti,2007,9373.296,44.57400131225586,23.48951199442756,,-,4.937789290877063,<1,Americas,HTI,Lower middle income
Haiti,2008,9530.774,45.55099868774414,23.96826770153872,,-,5.748018768508594,<1,Americas,HTI,Lower middle income
Haiti,2009,9689.581,46.52799987792969,24.43671138485055,,-,6.583315890510859,<1,Americas,HTI,Lower middle income
Haiti,2010,9803.294,47.50899887084961,24.89532496000457,,-,7.444170396943737,<1,Americas,HTI,Lower middle income
Haiti,2011,9914.904,48.492000579833984,25.34358746810964,,-,8.330465681021295,<1,Americas,HTI,Lower middle income
Haiti,2012,10069.771,49.47699737548828,25.78131498580609,,-,9.24227917135843,<1,Americas,HTI,Lower middle income
Haiti,2013,10222.362,50.459999084472656,26.2077250672239,,-,10.17904216706683,<1,Americas,HTI,Lower middle income
Haiti,2014,10373.235,51.44400024414063,26.62311889726663,,-,11.14120176037344,<1,Americas,HTI,Lower middle income
Haiti,2015,10523.242,52.42699813842773,27.02703788621525,,-,12.12842024031377,<1,Americas,HTI,Lower middle income
Haiti,2016,10671.457,53.39599990844727,27.41757062966995,,-,13.13806676244992,<1,Americas,HTI,Lower middle income
Haiti,2017,10817.754,54.34600067138672,27.79408225224945,,-,14.1685419265971,<1,Americas,HTI,Lower middle income
Haiti,2018,10962.362,55.27799606323242,28.1567904087872,,-,15.21933680185018,<1,Americas,HTI,Lower middle income
Haiti,2019,11105.163,56.19199752807617,28.50578201152217,,-,16.28976195179193,<1,Americas,HTI,Lower middle income
Haiti,2020,11243.848,57.0880012512207,28.65761969405195,,-,16.50301218704542,<1,Americas,HTI,Lower middle income
Haiti,2021,11374.586,57.96399688720703,28.79330311322801,,-,16.71150184563442,<1,Americas,HTI,Lower middle income
Haiti,2022,11503.606,58.81999588012695,28.91330134452257,,-,16.91523254766752,<1,Americas,HTI,Lower middle income
Haiti,2023,11637.398,59.65599822998047,29.01808347027329,,-,17.11420302166016,<1,Americas,HTI,Lower middle income
Haiti,2024,11772.557,60.47200012207031,29.10811894431139,,-,17.3084126098647,<1,Americas,HTI,Lower middle income
Honduras,2000,6577.773,45.45800018310547,64.50859713863282,,-,18.98925306071883,29.14655499063266,Americas,HND,Lower middle income
Honduras,2001,6757.993,45.9640007019043,65.50992388683811,,-,18.94331068988803,29.5903288896958,Americas,HND,Lower middle income
Honduras,2002,6938.859,46.61000061035156,66.53485187594342,,-,18.88465707966475,30.11515769613496,Americas,HND,Lower middle income
Honduras,2003,7119.213,47.266998291015625,67.55607517535732,,-,18.82500487673041,30.648681861616,Americas,HND,Lower middle income
Honduras,2004,7298.994,47.927001953125,68.57194445858295,,-,18.76508077040537,31.18641410037646,Americas,HND,Lower middle income
Honduras,2005,7478.355,48.584999084472656,69.58152683622714,,-,19.26772291841311,31.72551318825447,Americas,HND,Lower middle income
Honduras,2006,7656.832,49.244998931884766,70.58560874246021,,-,19.76696535284778,32.26826015693086,Americas,HND,Lower middle income
Honduras,2007,7834.798,49.90499877929688,71.58384784753898,,-,20.26298820296271,32.81351707968,Americas,HND,Lower middle income
Honduras,2008,8012.587,50.56599807739258,72.5764555085287,,-,20.75569276689353,33.36186359369959,Americas,HND,Lower middle income
Honduras,2009,8189.899,51.22500228881836,73.56296246737394,,-,21.24537867259581,33.91156650213393,Americas,HND,Lower middle income
Honduras,2010,8365.878,51.88500213623047,74.54390992984887,,-,21.73174480158034,34.46435804435927,Americas,HND,Lower middle income
Honduras,2011,8540.583,52.54300308227539,75.51886300354093,,-,22.21510734851714,35.0184899115753,Americas,HND,Lower middle income
Honduras,2012,8715.076,53.201995849609375,76.48833960290455,,-,22.69515254807459,35.57571233468177,Americas,HND,Lower middle income
Honduras,2013,8889.278,53.858001708984375,77.4517887754502,,-,23.17231941184355,36.13368297960683,Americas,HND,Lower middle income
Honduras,2014,9063.122,54.51400375366211,78.40971052033399,,-,23.64628882185211,36.69414887351524,Americas,HND,Lower middle income
Honduras,2015,9237.305,55.16499710083008,79.36148998441593,,-,24.1176466626438,37.25415933081508,Americas,HND,Lower middle income
Honduras,2016,9412.38,55.81300354003906,80.30749479604513,,-,24.5861893022045,37.81487376483911,Americas,HND,Lower middle income
Honduras,2017,9588.137,56.45700073242188,81.24768588690623,,-,25.05206097302925,38.37567469528013,Americas,HND,Lower middle income
Honduras,2018,9765.21,57.09599685668945,82.18205178028781,,-,25.51541689573624,38.93594344182319,Americas,HND,Lower middle income
Honduras,2019,9943.633,57.72999954223633,83.11071102570344,,-,25.97629204299496,39.49566208542328,Americas,HND,Lower middle income
Honduras,2020,10119.64,58.3589973449707,84.03377473269087,,-,26.43472554096539,40.0547881978435,Americas,HND,Lower middle income
Honduras,2021,10289.877,58.98200225830078,84.95126489920708,,-,26.89088490124884,40.61270586398115,Americas,HND,Lower middle income
Honduras,2022,10463.872,59.60000228881836,85.86339658759381,,-,27.34467928073395,41.16997380714449,Americas,HND,Lower middle income
Honduras,2023,10644.851,60.21199798583984,86.77019560818977,,-,27.79628226606376,41.72596012744272,Americas,HND,Lower middle income
Honduras,2024,10825.703,60.817996978759766,87.67179120578983,,-,28.2457375167182,42.28063410234095,Americas,HND,Lower middle income
Hungary,2000,10190.6,64.57499694824219,98.04372759194744,53.29583579245467,32.62381414503028,42.30548311728988,53.2776870672965,Europe,HUN,High income
Hungary,2001,10166.69,64.67000579833984,98.0429567293229,54.84338147627768,34.61995842043346,40.91997269415133,54.82363603359854,Europe,HUN,High income
Hungary,2002,10138.466,65.08100128173828,98.03960929821524,56.4585048624742,36.77147739273628,39.40008040973387,56.5220495406033,Europe,HUN,High income
Hungary,2003,10108.963,65.48899841308594,98.03628105255224,58.11847242604383,38.97931301572864,37.88788031699458,58.20850191375187,Europe,HUN,High income
Hungary,2004,10085.791,65.89599609375,98.03296622193255,59.82295956879899,41.24345275697989,36.38258808032234,59.8840420655267,Europe,HUN,High income
Hungary,2005,10065.706,66.36499786376953,98.02914303703302,61.57586517074584,43.58262437641146,34.86207906312752,61.57716584329089,Europe,HUN,High income
Hungary,2006,10049.943,66.89500427246094,98.02482777136989,63.37729150783121,45.99556090669591,33.32818905651894,63.28506005520977,Europe,HUN,High income
Hungary,2007,10034.082,67.4209976196289,98.0205413460237,65.22239794393356,48.46139253528523,31.80414227026521,64.97767018452991,Europe,HUN,High income
Hungary,2008,10016.657,67.94300079345703,98.01628546437452,67.11060610915288,50.97933050510308,30.28984155911467,66.65515294101684,Europe,HUN,High income
Hungary,2009,10001.378,68.45999908447266,98.0120750590408,69.04126982413513,53.54830302831567,28.78551135959351,68.31726611817032,Europe,HUN,High income
Hungary,2010,9979.129,68.91099548339844,98.00840030410215,71.0088576650316,56.14966782058135,27.30997835709024,69.94054393498764,Europe,HUN,High income
Hungary,2011,9946.676,69.35799407958984,98.00476193107822,73.017680351745,58.80139863675232,25.842892674626,71.55077409593927,Europe,HUN,High income
Hungary,2012,9916.623,69.6780014038086,98.0021500731039,75.05693676347788,61.46792813605631,24.42038816404895,73.10356023781267,Europe,HUN,High income
Hungary,2013,9889.346,69.9530029296875,97.99990851361493,77.1328190144415,64.17346525315375,23.01591626258189,74.63243103093384,Europe,HUN,High income
Hungary,2014,9862.842,70.22699737548828,97.99767945051836,79.24868086143358,66.93030738759376,21.6161366229155,76.15392479433488,Europe,HUN,High income
Hungary,2015,9839.211,70.5,97.9954541400148,81.40423009736706,69.73804091353395,20.22102242599174,77.66807416149739,Europe,HUN,High income
Hungary,2016,9810.532,70.77899932861328,97.99317895846067,83.5997795178269,72.59807633356701,18.82871274743301,79.17709671145015,Europe,HUN,High income
Hungary,2017,9785.604,71.06199645996094,97.99087588371134,85.83487037094051,75.50935251224728,17.43986442679764,80.68016740325052,Europe,HUN,High income
Hungary,2018,9774.394,71.35099792480469,97.98851919139564,87.89674863291653,78.27152500032211,16.05407668304408,82.17769838798397,Europe,HUN,High income
Hungary,2019,9770.346,71.64400482177734,97.98613095699586,88.53781770859177,79.6985051700401,14.67197121264203,83.66891961080951,Europe,HUN,High income
Hungary,2020,9749.457,71.94200134277344,97.98370627956729,89.17670819325109,81.11891501190871,13.29341694729199,85.15393677999175,Europe,HUN,High income
Hungary,2021,9707.85,72.24500274658203,97.98123824291557,89.81334898725345,82.53255424945242,11.91853187609791,86.6325534604608,Europe,HUN,High income
Hungary,2022,9684.306,72.552001953125,97.97873504158648,90.447609283974,83.93903581958968,10.54765116344958,88.10434301360904,Europe,HUN,High income
Hungary,2023,9686.463,72.86399841308594,97.97619527838498,91.07950440443996,85.33838731412361,9.180664397518012,89.56938030515923,Europe,HUN,High income
Hungary,2024,9676.135,73.17900085449219,97.9736275561386,91.70884802486977,86.73007540471956,7.818089546581435,91.0270473691309,Europe,HUN,High income
Iceland,2000,281.28,92.4010009765625,98.79800412911518,,-,8.641321447299447,88.87047718930262,Europe,ISL,High income
Iceland,2001,285.053,92.5320053100586,98.7971837425424,,-,8.558993183009989,89.14630309386473,Europe,ISL,High income
Iceland,2002,287.607,92.66200256347656,98.79637295103656,,-,8.47666491872053,89.42212899842696,Europe,ISL,High income
Iceland,2003,289.605,92.78900146484376,98.79494919008188,,-,8.394336654431072,89.69795490298907,Europe,ISL,High income
Iceland,2004,292.168,92.91399383544922,98.79332446775508,,-,8.312008390141585,89.97378080755118,Europe,ISL,High income
Iceland,2005,296.834,93.03699493408205,98.7917259201809,,-,8.229680125852127,90.24960671211329,Europe,ISL,High income
Iceland,2006,303.874,93.15900421142578,98.79014672330985,,-,8.147351861562669,90.52543261667552,Europe,ISL,High income
Iceland,2007,311.651,93.27799987792967,98.78860190219648,,-,8.06502359727321,90.80125852123763,Europe,ISL,High income
Iceland,2008,317.514,93.39500427246094,98.78707908174223,,-,7.982695332983752,91.07708442579974,Europe,ISL,High income
Iceland,2009,318.612,93.51099395751952,98.78557072339063,,-,7.900367068694294,91.35291033036185,Europe,ISL,High income
Iceland,2010,318.158,93.5739974975586,98.7847535507852,,-,7.818038804404836,91.62873623492408,Europe,ISL,High income
Iceland,2011,319.137,93.58699798583984,98.78458592927338,,-,7.735710540115377,91.90456213948619,Europe,ISL,High income
Iceland,2012,320.841,93.5999984741211,98.78441136647147,,-,7.653382275825919,92.1803880440483,Europe,ISL,High income
Iceland,2013,323.885,93.63300323486328,98.7839858955201,,-,7.543784944263479,92.45621394861041,Europe,ISL,High income
Iceland,2014,327.512,93.66699981689452,98.78354346025448,,-,7.267958134138709,92.73203985317264,Europe,ISL,High income
Iceland,2015,330.952,93.6999969482422,98.78311794898976,,-,6.992135293476281,93.00786575773475,Europe,ISL,High income
Iceland,2016,335.574,93.73500061035156,98.78266612326752,,-,6.71631213905475,93.28369166229686,Europe,ISL,High income
Iceland,2017,343.531,93.77300262451172,98.7821726872398,,-,6.440486359648247,93.55951756685897,Europe,ISL,High income
Iceland,2018,352.854,93.81300354003906,98.78164614919766,,-,6.16465331123139,93.8353434714212,Europe,ISL,High income
Iceland,2019,360.7,93.85499572753906,98.78110097756073,,-,5.888827662787875,94.11116937598331,Europe,ISL,High income
Iceland,2020,366.614,93.8979949951172,98.78054196792588,,-,5.888827069595465,94.11116937598331,Europe,ISL,High income
Iceland,2021,372.644,93.94400024414062,98.77994981829691,,-,5.888832429795386,94.11116937598331,Europe,ISL,High income
Iceland,2022,380.356,93.99200439453124,98.7793239094093,,-,5.888829857779612,94.11116937598331,Europe,ISL,High income
Iceland,2023,387.558,94.04199981689452,98.77867599333732,,-,5.888831261837055,94.11116937598331,Europe,ISL,High income
Iceland,2024,393.396,94.09400177001952,98.77800186294544,,-,5.888832540111864,94.11116937598331,Europe,ISL,High income
India,2000,1057922.733,27.667001724243164,14.66388211252476,9.005652037972656,1.322022787212533,12.12025729524534,6.232910853908064,South-East Asia,IND,Lower middle income
India,2001,1077898.575,27.917999267578125,17.22067989967471,10.74768600039076,1.384333338166038,14.82799447470172,6.523459720998295,South-East Asia,IND,Lower middle income
India,2002,1097600.38,28.244001388549805,19.96458290634107,12.60403170157665,1.464423080008363,17.540008007432,6.833803249280467,South-East Asia,IND,Lower middle income
India,2003,1116803.006,28.571998596191406,22.72565197418883,14.94149748040513,1.546715404787261,17.66854883113209,7.148846190776673,South-East Asia,IND,Lower middle income
India,2004,1135991.513,28.90299797058105,25.50408884695499,17.2947104757243,1.631299159964118,17.767631113682,7.468862006653901,South-East Asia,IND,Lower middle income
India,2005,1154676.322,29.23499870300293,28.29889191381672,19.4804493028284,1.718114025567025,18.89070205336484,7.793428719266023,South-East Asia,IND,Lower middle income
India,2006,1172878.89,29.569000244140625,31.11027465018916,21.67529565468341,1.807247460269607,20.00817296722438,8.122812397294036,South-East Asia,IND,Lower middle income
India,2007,1190676.021,29.90599822998047,33.93838508622186,23.93022220220255,1.949857812266148,21.12025953094182,8.457304798483422,South-East Asia,IND,Lower middle income
India,2008,1207930.964,30.246002197265625,36.78297659793121,26.19891414969981,2.099983988505928,22.22687929319757,8.796965523586815,South-East Asia,IND,Lower middle income
India,2009,1225524.753,30.58699989318848,39.64317081260575,28.48100131603849,2.257743979503886,23.32744157777151,9.141319784402121,South-East Asia,IND,Lower middle income
India,2010,1243481.564,30.93000030517578,42.5191116694177,30.77658970978078,2.423437380860702,24.42216252152016,9.490660821410032,South-East Asia,IND,Lower middle income
India,2011,1261224.954,31.275999069213867,45.41087950209984,33.08572502073781,2.59738334739581,25.51122218685963,9.845306388310881,South-East Asia,IND,Lower middle income
India,2012,1278674.502,31.63400077819824,48.32059235690186,35.40902738715558,2.780538014433799,26.59656156164096,10.20788416028194,South-East Asia,IND,Lower middle income
India,2013,1295829.511,32.00300216674805,51.24729261782357,37.75091866338573,2.973205178797182,27.67762967902911,10.57833573222391,South-East Asia,IND,Lower middle income
India,2014,1312277.191,32.38399887084961,54.19055067196719,40.10707230941293,3.175856571763628,28.75432997348532,10.95717589113088,South-East Asia,IND,Lower middle income
India,2015,1328024.498,32.777000427246094,57.14963926278849,42.47693025612784,3.388904548024818,29.82632620003085,11.34463847517078,South-East Asia,IND,Lower middle income
India,2016,1343944.296,33.18199920654297,60.1238284933312,44.85993798408369,3.612775991301509,30.8932846651979,11.74095833930898,South-East Asia,IND,Lower middle income
India,2017,1359657.4,33.599998474121094,63.11255837159167,47.23966984376664,3.848011485252512,31.95504878325026,12.14668600248784,South-East Asia,IND,Lower middle income
India,2018,1374659.064,34.029998779296875,66.11487421653678,49.58065338870872,4.094978031169877,33.01108979887024,12.56175343126255,South-East Asia,IND,Lower middle income
India,2019,1389030.312,34.47200012207031,69.13002207170466,51.92231379881774,4.354146987363721,34.0610728100702,12.98639439445645,South-East Asia,IND,Lower middle income
India,2020,1402617.695,34.92599868774414,72.04823267801923,54.16792481866039,4.62600497416612,35.10466364376723,13.42084256329522,South-East Asia,IND,Lower middle income
India,2021,1414203.896,35.39299774169922,74.93285680419528,56.37687463227395,4.911175838163686,36.14166903987313,13.86567729800854,South-East Asia,IND,Lower middle income
India,2022,1425423.212,35.87200164794922,77.81618837351752,58.57983491014404,5.210067972902502,37.17159545537878,14.3208013219915,South-East Asia,IND,Lower middle income
India,2023,1438069.596,36.3640022277832,80.69789433509271,60.77670679432755,5.523349443159657,38.19423270963546,14.78680739460597,South-East Asia,IND,Lower middle income
India,2024,1450935.791,36.86699676513672,83.38087247820098,62.78501055159523,5.85131144047689,39.20899006959061,15.2632199780108,South-East Asia,IND,Lower middle income
Indonesia,2000,216077.79,42.00200271606445,41.58317872693922,,-,36.68790363521,<1,Western Pacific,IDN,Upper middle income
Indonesia,2001,219097.902,42.78300094604492,43.53431376517197,,-,37.00318129417855,<1,Western Pacific,IDN,Upper middle income
Indonesia,2002,222088.495,43.56800079345703,45.50105310207532,,-,39.39461931726362,<1,Western Pacific,IDN,Upper middle income
Indonesia,2003,225048.008,44.35599899291992,47.4821079251045,,-,41.76660643555652,<1,Western Pacific,IDN,Upper middle income
Indonesia,2004,227926.649,45.14900207519531,49.47721426801942,,-,44.11975256320147,<1,Western Pacific,IDN,Upper middle income
Indonesia,2005,230871.65,45.94200134277344,51.4837806650068,,-,46.45210326397329,<1,Western Pacific,IDN,Upper middle income
Indonesia,2006,233951.652,46.73799896240234,53.50189611191339,,-,48.76467465699271,<1,Western Pacific,IDN,Upper middle income
Indonesia,2007,237062.337,47.53499984741211,55.53002937281083,,-,51.05669970661187,<1,Western Pacific,IDN,Upper middle income
Indonesia,2008,240157.903,48.334999084472656,57.56787360842392,,-,53.32876348679056,<1,Western Pacific,IDN,Upper middle income
Indonesia,2009,243220.028,49.13400268554688,59.61338914735142,,-,55.579549159859,<1,Western Pacific,IDN,Upper middle income
Indonesia,2010,246305.322,49.91399765014648,61.66112132797161,,-,57.80395373179575,<1,Western Pacific,IDN,Upper middle income
Indonesia,2011,249470.032,50.59499740600586,63.69136572100414,,-,59.98092201612651,<1,Western Pacific,IDN,Upper middle income
Indonesia,2012,252698.525,51.275997161865234,65.7302519834107,,-,62.14003489727362,<1,Western Pacific,IDN,Upper middle income
Indonesia,2013,255852.467,51.95500183105469,67.77662355959335,,-,64.28079626217612,<1,Western Pacific,IDN,Upper middle income
Indonesia,2014,258877.399,52.63500213623047,69.83046125511609,,-,66.4039858678503,<1,Western Pacific,IDN,Upper middle income
Indonesia,2015,261799.249,53.3129997253418,71.89043985744446,,-,68.50890462909067,<1,Western Pacific,IDN,Upper middle income
Indonesia,2016,264627.418,53.98899841308594,73.95593108524118,,-,70.59562980469276,<1,Western Pacific,IDN,Upper middle income
Indonesia,2017,267346.658,54.65899658203125,76.02568058358922,,-,72.66346772829365,<1,Western Pacific,IDN,Upper middle income
Indonesia,2018,269951.846,55.32500076293945,78.09954188573485,,-,74.71301402003085,<1,Western Pacific,IDN,Upper middle income
Indonesia,2019,272489.381,55.9849967956543,80.1767467592482,,-,76.74409033378896,<1,Western Pacific,IDN,Upper middle income
Indonesia,2020,274814.866,56.64099884033203,82.25710903561547,,-,78.7572420244627,<1,Western Pacific,IDN,Upper middle income
Indonesia,2021,276758.053,57.290000915527344,84.33985089834303,,-,80.75220144635598,<1,Western Pacific,IDN,Upper middle income
Indonesia,2022,278830.529,57.93399810791016,85.6486611717997,,-,82.72950113192653,<1,Western Pacific,IDN,Upper middle income
Indonesia,2023,281190.067,58.571998596191406,86.93633454009708,,-,84.68922087194791,<1,Western Pacific,IDN,Upper middle income
Indonesia,2024,283487.931,59.20399856567383,88.20316856584991,,-,86.63160371788955,<1,Western Pacific,IDN,Upper middle income
Iran (Islamic Republic of),2000,66418.659,64.04199981689453,78.21829319650497,,8.198261550077966,<1,13.45216426763126,Eastern Mediterranean,IRN,Upper middle income
Iran (Islamic Republic of),2001,67452.005,64.75800323486328,78.97314717539294,,8.267363387402577,<1,13.56480999164696,Eastern Mediterranean,IRN,Upper middle income
Iran (Islamic Republic of),2002,68011.317,65.46800231933594,79.7155487867345,,8.33588622281114,<1,13.67651186460544,Eastern Mediterranean,IRN,Upper middle income
Iran (Islamic Republic of),2003,68769.34,66.1719970703125,80.44563377125984,,8.4038301717766,<1,13.78727007104254,Eastern Mediterranean,IRN,Upper middle income
Iran (Islamic Republic of),2004,70256.316,66.86900329589844,81.16330982687273,,8.47109919036058,<1,13.89692804848459,Eastern Mediterranean,IRN,Upper middle income
Iran (Islamic Republic of),2005,71828.455,67.55799865722656,81.86850495374124,,9.215655306995753,<1,15.11479377366084,Eastern Mediterranean,IRN,Upper middle income
Iran (Islamic Republic of),2006,73392.747,68.23899841308594,82.56140523588385,,9.974782791451576,<1,16.35656912125017,Eastern Mediterranean,IRN,Upper middle income
Iran (Islamic Republic of),2007,74602.648,68.86399841308594,83.23211349467827,,10.74195754988292,<1,17.61159963001405,Eastern Mediterranean,IRN,Upper middle income
Iran (Islamic Republic of),2008,75514.204,69.45800018310547,83.88697501830332,,11.51882596668303,<1,18.88256133670825,Eastern Mediterranean,IRN,Upper middle income
Iran (Islamic Republic of),2009,76457.825,70.04499816894531,84.53137754242744,,12.30235739871005,<1,20.1737282199455,Eastern Mediterranean,IRN,Upper middle income
Iran (Islamic Republic of),2010,77420.842,70.6259994506836,85.16566965162995,,13.09892464665634,<1,21.48498233179796,Eastern Mediterranean,IRN,Upper middle income
Iran (Islamic Republic of),2011,78383.598,71.20000457763672,85.78980435012078,,13.90810978869917,1.060134778176929,22.81570086720847,Eastern Mediterranean,IRN,Upper middle income
Iran (Islamic Republic of),2012,79370.58,71.75499725341797,86.40189150382679,,14.72739423578122,1.136451738225163,24.16183723607384,Eastern Mediterranean,IRN,Upper middle income
Iran (Islamic Republic of),2013,80414.686,72.29499816894531,87.0030127281938,,15.55688947647931,1.212365661917113,25.52363101923915,Eastern Mediterranean,IRN,Upper middle income
Iran (Islamic Republic of),2014,81502.045,72.82999420166016,87.59508081631932,,16.39815178724381,1.212182023585206,26.90367154727747,Eastern Mediterranean,IRN,Upper middle income
Iran (Islamic Republic of),2015,82619.362,73.35800170898438,88.17791552690326,,17.25053764095701,1.212000802246223,28.3009618832144,Eastern Mediterranean,IRN,Upper middle income
Iran (Islamic Republic of),2016,83812.228,73.87999725341797,88.75181727698293,,18.11401003140803,1.211821638032799,29.71549202714414,Eastern Mediterranean,IRN,Upper middle income
Iran (Islamic Republic of),2017,85026.754,74.39399719238281,89.31666131624138,,18.9878476206433,1.211645277812046,31.14613573020598,Eastern Mediterranean,IRN,Upper middle income
Iran (Islamic Republic of),2018,86117.998,74.89799499511719,89.69885760174736,,19.8712360615301,1.211472277372584,32.5916131951971,Eastern Mediterranean,IRN,Upper middle income
Iran (Islamic Republic of),2019,87051.648,75.39099884033203,90.02108876329906,,20.7635446506498,1.21130308151045,34.05094158098777,Eastern Mediterranean,IRN,Upper middle income
Iran (Islamic Republic of),2020,87723.443,75.8740005493164,90.26677263881446,,21.66464851817748,1.211137338898986,35.52396056341051,Eastern Mediterranean,IRN,Upper middle income
Iran (Islamic Republic of),2021,88455.488,76.34500122070312,90.31622361497443,,22.57360280951956,1.210975634301332,37.00917045013911,Eastern Mediterranean,IRN,Upper middle income
Iran (Islamic Republic of),2022,89524.246,76.80699920654297,90.36473093068552,,23.49087677587038,1.210817046668856,38.50737638897246,Eastern Mediterranean,IRN,Upper middle income
Iran (Islamic Republic of),2023,90608.707,77.25700378417969,90.4119852074826,,24.41521244309522,1.210662655080723,40.01656317617455,Eastern Mediterranean,IRN,Upper middle income
Iran (Islamic Republic of),2024,91567.738,77.697998046875,90.458288016159,,25.34807659230948,1.210511280797723,41.53763251551181,Eastern Mediterranean,IRN,Upper middle income
Iraq,2000,24424.056,68.49600219726562,70.50476778772624,26.92837917698091,13.47730980727816,40.08621027225639,22.3256208397422,Eastern Mediterranean,IRQ,Upper middle income
Iraq,2001,25197.84,68.55000305175781,71.07586610707303,27.97411223785419,13.70529819454183,40.09093139260374,22.69781472823064,Eastern Mediterranean,IRQ,Upper middle income
Iraq,2002,26006.559,68.60399627685547,71.6455694675998,29.01855266670902,13.93325946370586,40.09565403404347,23.06998323726485,Eastern Mediterranean,IRQ,Upper middle income
Iraq,2003,26802.659,68.65799713134766,72.2138771289347,30.06169989549554,14.16119445881364,40.10037758783955,23.44212777096939,Eastern Mediterranean,IRQ,Upper middle income
Iraq,2004,27577.878,68.71200561523438,72.78078502560749,31.10355239820965,14.38910180694442,40.10509994602879,23.81424605337833,Eastern Mediterranean,IRQ,Upper middle income
Iraq,2005,28407.448,68.76599884033203,74.44507456832065,31.78152053265914,14.85300762614877,41.49541125878878,24.18633721665243,Eastern Mediterranean,IRQ,Upper middle income
Iraq,2006,28616.515,68.81900024414062,76.12195934814629,32.51303579376832,15.32339353388612,42.88318999117374,24.5580898073575,Eastern Mediterranean,IRQ,Upper middle income
Iraq,2007,28391.607,68.87300109863281,77.81173454368795,33.29967315497267,15.80064837789668,44.2685446862228,24.93013105904583,Eastern Mediterranean,IRQ,Upper middle income
Iraq,2008,28971.036,68.927001953125,79.5141852850981,34.1429483892539,16.2845824082377,45.65141162092895,25.30214623238665,Eastern Mediterranean,IRQ,Upper middle income
Iraq,2009,30058.206,68.9800033569336,81.22911811529153,35.04434336645738,16.77499369290915,47.03181304630311,25.67382102997414,Eastern Mediterranean,IRQ,Upper middle income
Iraq,2010,31045.366,69.1030044555664,82.96584982552875,36.00834009191745,17.2865232030615,48.40621722841571,26.06732893693651,Eastern Mediterranean,IRQ,Upper middle income
Iraq,2011,32161.424,69.26799774169922,84.71906910464425,37.03582642911461,17.8139438187374,49.77185161760784,26.47388307497932,Eastern Mediterranean,IRQ,Upper middle income
Iraq,2012,33654.842,69.43199920654297,86.4826460447995,38.12636820132443,18.34851147218748,51.129973530402,26.88004495936313,Eastern Mediterranean,IRQ,Upper middle income
Iraq,2013,35281.989,69.5949935913086,88.2564846708838,39.47876584825227,19.08783053282987,52.48066057775032,27.28581713616897,Eastern Mediterranean,IRQ,Upper middle income
Iraq,2014,36550.059,69.75799560546875,90.04056292441537,40.90808339630642,19.84596000914487,53.82383068635246,27.6915118945774,Eastern Mediterranean,IRQ,Upper middle income
Iraq,2015,37560.535,69.9209976196289,91.83475151354868,42.41571510166114,20.62313510838962,55.15948815069249,28.09712880645732,Eastern Mediterranean,IRQ,Upper middle income
Iraq,2016,38469.627,70.09400177001953,93.63966412337824,44.00358894176219,21.42193110285709,56.48574146992434,28.50577662228936,Eastern Mediterranean,IRQ,Upper middle income
Iraq,2017,39337.353,70.27799987792969,95.45492052208958,45.6731107881787,22.24299142708977,57.80168826198332,28.91775849014508,Eastern Mediterranean,IRQ,Upper middle income
Iraq,2018,40265.624,70.4729995727539,96.99974587607964,47.28659186010024,23.00076900707063,59.1065662135257,29.33306407464332,Eastern Mediterranean,IRQ,Upper middle income
Iraq,2019,41192.171,70.6780014038086,97.864851810422,48.63105359936002,23.57280547519325,60.39987302521286,29.75137933658555,Eastern Mediterranean,IRQ,Upper middle income
Iraq,2020,42116.605,70.89300537109375,98.49326604838144,49.92162393960073,24.13932077822671,61.68091800179146,30.17269444388697,Eastern Mediterranean,IRQ,Upper middle income
Iraq,2021,43071.211,71.1189956665039,98.49597205423252,50.16338217232654,24.42853369949195,61.61734934520995,30.24272101672847,Eastern Mediterranean,IRQ,Upper middle income
Iraq,2022,44070.551,71.35400390625,98.49877990223372,50.40655433575539,24.72105310661046,61.55124383721221,30.31553619395348,Eastern Mediterranean,IRQ,Upper middle income
Iraq,2023,45074.049,71.5989990234375,98.50170997541105,50.65125357774706,25.01719768972374,61.4823284926469,30.39144919580787,Eastern Mediterranean,IRQ,Upper middle income
Iraq,2024,46042.015,71.85299682617188,98.50475138556531,50.89750451930317,25.31678314361826,61.41088346026449,30.47015241980936,Eastern Mediterranean,IRQ,Upper middle income
Ireland,2000,3802.585,59.15499877929688,90.00398151951889,56.99357203446947,34.32209433451849,32.65415159316888,63.1396002469206,Europe,IRL,High income
Ireland,2001,3862.981,59.39900207519531,89.99342066054206,58.07149126903698,35.57895320396474,32.27104980912138,63.37082029751357,Europe,IRL,High income
Ireland,2002,3928.443,59.64900207519531,89.98243056411027,59.15742585979304,36.8462201790032,31.88564186747102,63.6059216642173,Europe,IRL,High income
Ireland,2003,3992.935,59.92500305175781,89.97004318502161,60.2497384339302,38.13264417202928,31.48377891325864,63.85945604226975,Europe,IRL,High income
Ireland,2004,4066.064,60.20200347900391,89.95745380060163,61.35145386931216,39.42815090116524,31.08345126059252,64.11316806041029,Europe,IRL,High income
Ireland,2005,4155.284,60.47700119018555,89.94479968817296,62.46277306558586,40.73138363137364,30.68678077973805,64.36486564620536,Europe,IRL,High income
Ireland,2006,4268.778,60.73799896240234,89.93267451704455,63.72963099317958,42.18209590228778,30.30212935074596,64.60585414255613,Europe,IRL,High income
Ireland,2007,4393.513,60.93999862670898,89.92331962890596,65.01661899779207,43.62179996892498,29.96059074220206,64.80359116036772,Europe,IRL,High income
Ireland,2008,4485.999,61.1410026550293,89.91389310881482,66.31993112244425,45.07671466864257,29.62137860061231,65.00019877743593,Europe,IRL,High income
Ireland,2009,4533.752,61.34200286865234,89.90435852264456,67.63957287036695,46.54735342896315,29.28380544513178,65.19640337766889,Europe,IRL,High income
Ireland,2010,4559.08,61.54199981689453,89.89475579327508,68.97557161247568,48.03323903245893,28.94854735620114,65.3914797020764,Europe,IRL,High income
Ireland,2011,4579.602,61.742000579833984,89.88503545860488,70.32795379505157,49.53491286400919,28.61491116908248,65.58615407080892,Europe,IRL,High income
Ireland,2012,4600.132,61.94199752807617,89.8752066389218,71.69677182370982,51.05242327112985,28.28290280864733,65.78042970288105,Europe,IRL,High income
Ireland,2013,4624.686,62.1410026550293,89.86531060332123,73.05233438204671,52.58524881550315,27.95318809050608,65.97358283532108,Europe,IRL,High income
Ireland,2014,4658.239,62.33999633789063,89.85530135230792,74.42507884572457,54.13396893622055,27.62509310354075,66.16633335887798,Europe,IRL,High income
Ireland,2015,4702.487,62.53799819946289,89.84523090627073,75.81495374674648,55.69804404171967,27.29927348045281,66.3579731058923,Europe,IRL,High income
Ireland,2016,4753.503,62.73699951171875,89.83499189490824,77.22215890302803,57.27867830195915,26.97440484495713,66.54992595531198,Europe,IRL,High income
Ireland,2017,4810.261,62.946998596191406,89.82406976170235,78.64803262076703,58.88215733438454,26.64395825137678,66.7493403464356,Europe,IRL,High income
Ireland,2018,4872.556,63.16999816894531,89.812337262782,79.99074718911368,60.40833784016301,26.30676653693921,66.95759686626026,Europe,IRL,High income
Ireland,2019,4933.491,63.40500259399414,89.79984961612134,80.18858490137956,60.80283372646177,25.96363136321655,67.17396224534755,Europe,IRL,High income
Ireland,2020,4982.606,63.65299987792969,89.7865313699403,80.39052953106572,61.20640835872872,25.61406202011792,67.39909240877448,Europe,IRL,High income
Ireland,2021,5028.426,63.9119987487793,89.77248710481453,80.59640694164648,61.61784151974604,25.25949033349624,67.63154038172593,Europe,IRL,High income
Ireland,2022,5110.016,64.1830062866211,89.75764805277905,80.80646030350565,62.03780082712818,24.89941303604695,67.8719802607242,Europe,IRL,High income
Ireland,2023,5196.63,64.46600341796875,89.74200935192596,81.02079546407403,62.46631740187322,24.533985388873,68.1203708954876,Europe,IRL,High income
Ireland,2024,5255.017,64.76000213623047,89.72560641993874,81.26159595999383,62.8993703715438,24.16397107403145,68.37596962105813,Europe,IRL,High income
Isle of Man,2000,75.659,51.823001861572266,99.0,84.82142857142858,79.76190476190477,10.11904761904762,89.88095238095238,Europe,IMN,High income
Isle of Man,2001,76.476,51.8329963684082,99.0,84.82142857142858,79.76190476190477,10.11904761904762,89.88095238095238,Europe,IMN,High income
Isle of Man,2002,77.275,51.85099792480469,99.0,84.82142857142858,79.76190476190477,10.11904761904762,89.88095238095238,Europe,IMN,High income
Isle of Man,2003,78.049,51.86899948120117,99.0,84.82142857142858,79.76190476190477,10.11904761904762,89.88095238095238,Europe,IMN,High income
Isle of Man,2004,78.792,51.887001037597656,99.0,84.82142857142858,79.76190476190477,10.11904761904762,89.88095238095238,Europe,IMN,High income
Isle of Man,2005,79.516,51.90499877929688,99.0,84.82142857142858,79.76190476190477,10.11904761904762,89.88095238095238,Europe,IMN,High income
Isle of Man,2006,80.294,51.922000885009766,99.0,84.82142857142858,79.76190476190477,10.11904761904762,89.88095238095238,Europe,IMN,High income
Isle of Man,2007,81.147,51.93999862670898,99.0,84.82142857142858,79.76190476190477,10.11904761904762,89.88095238095238,Europe,IMN,High income
Isle of Man,2008,82.029,51.95800018310547,99.0,84.82142857142858,79.76190476190477,10.11904761904762,89.88095238095238,Europe,IMN,High income
Isle of Man,2009,82.939,51.97600173950195,99.0,84.82142857142858,79.76190476190477,10.11904761904762,89.88095238095238,Europe,IMN,High income
Isle of Man,2010,83.873,51.99400329589844,99.0,84.82142857142858,79.76190476190477,10.11904761904762,89.88095238095238,Europe,IMN,High income
Isle of Man,2011,84.382,52.012001037597656,99.0,84.82142857142858,79.76190476190477,10.11904761904762,89.88095238095238,Europe,IMN,High income
Isle of Man,2012,84.335,52.04600143432617,99.0,84.82142857142858,79.76190476190477,10.11904761904762,89.88095238095238,Europe,IMN,High income
Isle of Man,2013,84.141,52.09599685668945,99.0,84.82142857142858,79.76190476190477,10.11904761904762,89.88095238095238,Europe,IMN,High income
Isle of Man,2014,83.892,52.1619987487793,99.0,84.82142857142858,79.76190476190477,10.11904761904762,89.88095238095238,Europe,IMN,High income
Isle of Man,2015,83.593,52.2449951171875,99.0,84.82142857142858,79.76190476190477,10.11904761904762,89.88095238095238,Europe,IMN,High income
Isle of Man,2016,83.466,52.34299850463867,99.0,84.82142857142858,79.76190476190477,10.11904761904762,89.88095238095238,Europe,IMN,High income
Isle of Man,2017,83.609,52.45800018310547,99.0,84.82142857142858,79.76190476190477,10.11904761904762,89.88095238095238,Europe,IMN,High income
Isle of Man,2018,83.805,52.58799743652344,99.0,84.82142857142858,79.76190476190477,10.11904761904762,89.88095238095238,Europe,IMN,High income
Isle of Man,2019,83.957,52.73500061035156,99.0,84.82142857142858,79.76190476190477,10.11904761904762,89.88095238095238,Europe,IMN,High income
Isle of Man,2020,84.064,52.89800262451172,99.0,84.82142857142858,79.76190476190477,10.11904761904762,89.88095238095238,Europe,IMN,High income
Isle of Man,2021,84.106,53.07600021362305,99.0,84.82142857142858,79.76190476190477,10.11904761904762,89.88095238095238,Europe,IMN,High income
Isle of Man,2022,84.132,53.27099990844727,99.0,84.82142857142858,79.76190476190477,10.11904761904762,89.88095238095238,Europe,IMN,High income
Isle of Man,2023,84.165,53.48200225830078,99.0,84.82142857142858,79.76190476190477,10.11904761904762,89.88095238095238,Europe,IMN,High income
Isle of Man,2024,84.16,53.70800018310547,99.0,84.82142857142858,79.76190476190477,10.11904761904762,89.88095238095238,Europe,IMN,High income
Israel,2000,6111.19,91.20299530029295,99.0,80.41879755630065,80.00318022294235,<1,>99,Europe,ISR,High income
Israel,2001,6259.982,91.26699829101562,99.0,81.09270525851132,80.6772455621045,<1,>99,Europe,ISR,High income
Israel,2002,6387.72,91.32999420166016,99.0,81.76880905739168,81.35349346451335,<1,>99,Europe,ISR,High income
Israel,2003,6502.82,91.39299774169922,99.0,82.44713210581772,82.03196821681819,<1,>99,Europe,ISR,High income
Israel,2004,6615.087,91.45600128173828,99.0,83.12767202734203,82.71266734412299,<1,>99,Europe,ISR,High income
Israel,2005,6728.206,91.51800537109376,99.0,83.81040841401473,83.39554920716625,<1,>99,Europe,ISR,High income
Israel,2006,6844.032,91.57999420166016,99.0,84.49536345660613,84.08065695468308,<1,>99,Europe,ISR,High income
Israel,2007,6962.455,91.64100646972656,99.0,85.18251679855541,84.76794930051433,<1,>99,Europe,ISR,High income
Israel,2008,7082.62,91.7020034790039,99.0,85.87188825543656,85.45746687280932,<1,>99,Europe,ISR,High income
Israel,2009,7206.096,91.76300048828124,99.0,86.56347181571819,86.14920381365731,<1,>99,Europe,ISR,High income
Israel,2010,7336.735,91.82599639892578,99.0,87.25731438309448,86.84324984126961,<1,>99,Europe,ISR,High income
Israel,2011,7471.023,91.89199829101562,99.0,87.9513442783313,87.53963498861626,<1,>99,Europe,ISR,High income
Israel,2012,7607.78,91.95999908447266,99.0,88.6462534719125,88.23832873368174,<1,>99,Europe,ISR,High income
Israel,2013,7749.379,92.031005859375,99.0,89.34347801595793,88.93936761778534,<1,>99,Europe,ISR,High income
Israel,2014,7897.179,92.10399627685548,99.0,90.0430128653842,89.64272248123905,<1,>99,Europe,ISR,High income
Israel,2015,8052.908,92.1790008544922,99.0,90.74486185712873,90.34839451419832,<1,>99,Europe,ISR,High income
Israel,2016,8210.005,92.25599670410156,99.0,91.4490218465164,91.05637767459433,<1,>99,Europe,ISR,High income
Israel,2017,8361.797,92.33599853515624,99.0,92.15552509757856,91.76672048371114,<1,>99,Europe,ISR,High income
Israel,2018,8510.067,92.41799926757812,99.0,92.86435884543788,92.47938740317765,<1,>99,Europe,ISR,High income
Israel,2019,8657.474,92.5009994506836,99.0,93.5755028953008,93.19433729906234,<1,>99,Europe,ISR,High income
Israel,2020,8800.376,92.58699798583984,99.0,94.28900055883918,93.91164713028049,<1,>99,Europe,ISR,High income
Israel,2021,8942.924,92.67399597167967,99.0,95.00482611913397,94.63125230335496,<1,>99,Europe,ISR,High income
Israel,2022,9103.151,92.76300048828124,99.0,95.7229939697298,95.35318249114577,<1,>99,Europe,ISR,High income
Israel,2023,9256.314,92.85399627685548,99.0,96.44350507331184,96.07743556087753,<1,>99,Europe,ISR,High income
Israel,2024,9387.021,92.9459991455078,99.0,97.16949997212323,96.80398821947861,<1,>99,Europe,ISR,High income
Italy,2000,57272.196,67.22200012207031,99.0,79.2719786935301,77.56099754802372,3.17202203952486,96.66798016678132,Europe,ITA,High income
Italy,2001,57305.76,67.28199768066406,99.0,79.27278537344793,77.56312500616185,3.169371159253157,96.67063183521022,Europe,ITA,High income
Italy,2002,57420.628,67.38200378417969,99.0,79.2741250719633,77.56666626699366,3.164952509112364,96.67504567063585,Europe,ITA,High income
Italy,2003,57739.699,67.5009994506836,99.0,79.27572551924479,77.57088629219952,3.159694859088098,96.68030551916118,Europe,ITA,High income
Italy,2004,58176.738,67.6199951171875,99.0,79.21780964664862,77.51622845262686,3.15443723313256,96.6855632495346,Europe,ITA,High income
Italy,2005,58519.693,67.73799896240234,99.0,79.1598734204932,77.46152652261169,3.14922334591967,96.69077393499568,Europe,ITA,High income
Italy,2006,58754.433,67.85600280761719,99.0,79.1019382221505,77.40682344629491,3.144009893372971,96.69599111557218,Europe,ITA,High income
Italy,2007,59108.72,67.9739990234375,99.0,79.0439957871015,77.35211120935766,3.138796400582895,96.70120478705914,Europe,ITA,High income
Italy,2008,59561.684,68.09200286865234,99.0,78.98604735230381,77.29739109287972,3.133582774829899,96.70641654419539,Europe,ITA,High income
Italy,2009,59904.01,68.20899963378906,99.0,78.92808288669067,77.24263096916093,3.128413454170435,96.71158615520463,Europe,ITA,High income
Italy,2010,60164.213,68.32699584960938,99.0,78.87012986541042,77.1879022731772,3.123200023793741,96.71680303583241,Europe,ITA,High income
Italy,2011,60367.88,68.44400024414062,99.0,78.81215262250645,77.13312565743357,3.118030399281898,96.72196779180913,Europe,ITA,High income
Italy,2012,60531.515,68.68399810791016,99.0,78.75580633779944,77.08267648721824,3.107426534774886,96.73257127463069,Europe,ITA,High income
Italy,2013,60653.868,68.97900390625,99.0,78.70018329042429,77.03415278797056,3.094392637209508,96.74560924032944,Europe,ITA,High income
Italy,2014,60664.171,69.27200317382812,99.0,78.6445191766593,76.98553929399245,3.081447139302449,96.75855430075678,Europe,ITA,High income
Italy,2015,60575.316,69.56499481201172,99.0,78.58884389737756,76.93690983979778,3.068501553979691,96.77149911559997,Europe,ITA,High income
Italy,2016,60478.107,69.85499572753906,99.0,78.53311871556697,76.88815986721029,3.055688632365174,96.78431206408519,Europe,ITA,High income
Italy,2017,60390.318,70.14399719238281,99.0,78.47736947658467,76.83935920737491,3.042919778917161,96.79708081521781,Europe,ITA,High income
Italy,2018,60277.499,70.43799591064453,99.0,78.42167358172476,76.79071655905048,3.029930035995259,96.8100683853062,Europe,ITA,High income
Italy,2019,60130.136,70.73600006103516,99.0,78.3660232851177,76.7422023227901,3.016763261333969,96.8232379320776,Europe,ITA,High income
Italy,2020,59912.769,71.03899383544922,99.0,78.31042229182111,76.69384160710378,3.003376050433316,96.83662158012187,Europe,ITA,High income
Italy,2021,59729.35,71.34600067138672,99.0,78.25486669852181,76.64560893333348,2.989811720372579,96.85018762668209,Europe,ITA,High income
Italy,2022,59619.115,71.6570053100586,99.0,78.19934879985651,76.59749622870117,2.976070837352034,96.86392628437646,Europe,ITA,High income
Italy,2023,59499.453,71.9729995727539,99.0,78.20348458583175,76.6085387323472,2.962109150278937,96.8778910594709,Europe,ITA,High income
Italy,2024,59342.867,72.29199981689453,99.0,78.20765467589224,76.61968116591605,2.948014819408553,96.89198221005752,Europe,ITA,High income
Jamaica,2000,2607.826,51.814002990722656,80.38979024768163,50.37684080868416,7.637712401185579,42.06372188626057,18.81524644302691,Americas,JAM,Upper middle income
Jamaica,2001,2624.403,52.05299758911133,80.43972653208617,51.00593959218557,7.687265800043202,40.4900055127552,18.93623102128576,Americas,JAM,Upper middle income
Jamaica,2002,2640.572,52.2509994506836,80.49007150115561,51.64488329914334,7.731889060550302,38.90874740819576,19.0449556923015,Americas,JAM,Upper middle income
Jamaica,2003,2656.623,52.4370002746582,80.54029614447262,52.2868128158438,7.774995993304074,37.32406893480781,19.14992122456021,Americas,JAM,Upper middle income
Jamaica,2004,2672.225,52.625,81.06758684543001,53.239101861348,7.866124132723087,35.73777250752148,19.25520157541176,Americas,JAM,Upper middle income
Jamaica,2005,2687.066,52.81100463867188,81.59528500049949,54.19976101822795,7.957422420124924,34.14938774280881,19.35964128598737,Americas,JAM,Upper middle income
Jamaica,2006,2700.968,52.99800109863281,82.12330525061303,55.16808618698273,8.049237748099298,32.55925778759723,19.46410422595384,Americas,JAM,Upper middle income
Jamaica,2007,2713.8,53.18400192260742,82.65170470808762,56.14456503185163,8.141335818860309,30.96717248081149,19.56801984303836,Americas,JAM,Upper middle income
Jamaica,2008,2725.635,53.371002197265625,83.180409388657,57.12872040354632,8.233947672824828,29.37333108447034,19.67195645796986,Americas,JAM,Upper middle income
Jamaica,2009,2736.995,53.55700302124024,83.70948534624407,58.12104683757299,8.32683798017987,27.77754479252063,19.77534776713179,Americas,JAM,Upper middle income
Jamaica,2010,2748.568,53.74300003051758,84.23887894410686,59.12130096965331,8.420119484724191,26.17990601250003,19.87847270493906,Americas,JAM,Upper middle income
Jamaica,2011,2760.494,53.93000411987305,84.76857099969595,60.12925728674552,8.513913397912093,24.58050253508236,19.98162373099254,Americas,JAM,Upper middle income
Jamaica,2012,2772.43,54.13200378417969,85.29814203230758,61.14155741348605,8.609898506696576,22.98038482805151,20.08876604920739,Americas,JAM,Upper middle income
Jamaica,2013,2783.687,54.35000228881836,85.8275297136537,62.15794827978738,8.708212540164423,21.37940337895379,20.20015413449232,Americas,JAM,Upper middle income
Jamaica,2014,2793.749,54.58400344848633,86.35668216605833,63.17840604555933,8.80887177656765,19.77731787524494,20.31575304335697,Americas,JAM,Upper middle income
Jamaica,2015,2802.534,54.83300018310547,86.8855879242963,64.20315884828993,8.911770939526454,18.17382871750342,20.43524632341963,Americas,JAM,Upper middle income
Jamaica,2016,2809.915,55.09799575805664,87.41416826866619,65.23194732871383,9.01704704691733,16.56876866684489,20.55888409611164,Americas,JAM,Upper middle income
Jamaica,2017,2815.764,55.37800216674805,87.94241029659541,66.26499965774707,9.124594832624526,14.96184850588319,20.6863545636376,Americas,JAM,Upper middle income
Jamaica,2018,2820.097,55.67399978637695,88.47023427421674,67.30206375854478,9.234549440899407,13.35289039670684,20.8179017540504,Americas,JAM,Upper middle income
Jamaica,2019,2823.271,55.9849967956543,88.99762264500696,68.34336788077906,9.34680379868742,11.74161435222324,20.95321433084943,Americas,JAM,Upper middle income
Jamaica,2020,2830.739,56.31100082397461,89.52453084761693,69.38890364437928,9.461372936435756,10.12779759777446,21.0922634887252,Americas,JAM,Upper middle income
Jamaica,2021,2837.682,56.65199661254883,90.0509072917054,70.43866396780557,9.578268146379926,8.511215578766608,21.23501265996959,Americas,JAM,Upper middle income
Jamaica,2022,2839.144,57.007999420166016,90.57670343380276,71.49263986799217,9.697504439659522,6.891645393239643,21.38143434411633,Americas,JAM,Upper middle income
Jamaica,2023,2839.786,57.37799835205078,91.1018987715533,72.55106573190282,9.818968987259714,5.26884106980757,21.53121772443655,Americas,JAM,Upper middle income
Jamaica,2024,2839.175,57.762001037597656,91.62646002888178,73.61395063230971,9.942674939851567,3.642594890510239,21.68433689813203,Americas,JAM,Upper middle income
Japan,2000,127027.789,78.64900207519531,99.0,96.488021894989,59.30092608783076,26.36151035050477,59.3348705217677,Western Pacific,JPN,High income
Japan,2001,127260.148,79.98999786376953,99.0,96.6262931613899,60.21323859517653,25.97768679133253,60.2477052457748,Western Pacific,JPN,High income
Japan,2002,127484.598,81.64700317382812,99.0,96.7611513531044,61.12555110252252,25.59386323216029,61.16053996978212,Western Pacific,JPN,High income
Japan,2003,127671.251,83.19599914550781,99.0,96.89259647013246,62.03786360986829,25.21003967298793,62.07337469378922,Western Pacific,JPN,High income
Japan,2004,127815.774,84.63999938964844,99.0,97.02062851247408,62.95017611721428,24.82621611381569,62.98620941779654,Western Pacific,JPN,High income
Japan,2005,127913.33,85.9780044555664,99.0,97.14524748012929,63.86248862456004,24.44239255464345,63.89904414180364,Western Pacific,JPN,High income
Japan,2006,127997.247,87.11799621582031,99.0,97.26645337309805,64.77480113190605,24.05856899547109,64.81187886581097,Western Pacific,JPN,High income
Japan,2007,128087.682,88.14600372314453,99.0,97.4298419613224,65.6871136392518,23.67474543629885,65.72471358981807,Western Pacific,JPN,High income
Japan,2008,128155.99,89.1030044555664,99.0,97.58856961585954,66.5994261465978,23.29092187712661,66.63754831382539,Western Pacific,JPN,High income
Japan,2009,128192.47,89.98899841308594,99.0,97.74262493758523,67.51173865394357,22.90709831795425,67.55038303783249,Western Pacific,JPN,High income
Japan,2010,128185.275,90.81199645996094,99.0,97.89199652737535,68.42405116128955,22.52327475878201,68.46321776183981,Western Pacific,JPN,High income
Japan,2011,128096.432,91.06900024414062,99.0,98.03667298610584,69.33636366863533,22.13945119960977,69.37605248584691,Western Pacific,JPN,High income
Japan,2012,127928.285,91.14800262451172,99.0,98.17664291465243,70.24867617598132,21.75562764043741,70.28888720985424,Western Pacific,JPN,High income
Japan,2013,127723.645,91.22599792480467,99.0,98.31189491389104,71.16098868332709,21.37180408126517,71.20172193386134,Western Pacific,JPN,High income
Japan,2014,127486.605,91.3040008544922,99.0,98.44241758469757,72.07330119067285,20.98798052209293,72.11455665786843,Western Pacific,JPN,High income
Japan,2015,127275.872,91.3810043334961,99.0,98.56819952794784,72.98561369801885,20.60415696292057,73.02739138187576,Western Pacific,JPN,High income
Japan,2016,127159.951,91.45700073242188,99.0,98.68922934451766,73.89792620536461,20.22033340374833,73.94022610588286,Western Pacific,JPN,High income
Japan,2017,127064.69,91.53500366210938,99.0,98.80549563528297,74.81023871271061,19.83650984457609,74.85306082989018,Western Pacific,JPN,High income
Japan,2018,126913.432,91.61599731445312,99.0,98.91255982285792,75.72255122005637,19.45268628540373,75.76589555389728,Western Pacific,JPN,High income
Japan,2019,126699.424,91.69800567626952,99.0,98.96768281344453,76.63486372740238,19.06886272623149,76.6787302779046,Western Pacific,JPN,High income
Japan,2020,126304.543,91.78199768066406,99.0,99.0,77.54717623474814,18.68503916705924,77.5915650019117,Western Pacific,JPN,High income
Japan,2021,125679.338,91.86699676513672,99.0,99.0,78.45948874209414,18.30121560788689,78.50439972591903,Western Pacific,JPN,High income
Japan,2022,124997.578,91.95500183105467,99.0,99.0,79.3718012494399,17.91739204871465,79.41723444992613,Western Pacific,JPN,High income
Japan,2023,124370.947,92.04299926757812,99.0,99.0,80.28411375678589,17.5335684895424,80.33006917393345,Western Pacific,JPN,High income
Japan,2024,123753.041,92.13400268554688,99.0,99.0,81.19642626413166,17.14974493037005,81.24290389794055,Western Pacific,JPN,High income
Jersey,2000,87.841,,99.0,95.0,90,10,90,Europe,JEY,
Jersey,2001,88.388,,99.0,95.0,90,10,90,Europe,JEY,
Jersey,2002,89.297,,99.0,95.0,90,10,90,Europe,JEY,
Jersey,2003,90.279,,99.0,95.0,90,10,90,Europe,JEY,
Jersey,2004,91.263,,99.0,95.0,90,10,90,Europe,JEY,
Jersey,2005,92.249,,99.0,95.0,90,10,90,Europe,JEY,
Jersey,2006,93.228,,99.0,95.0,90,10,90,Europe,JEY,
Jersey,2007,94.207,,99.0,95.0,90,10,90,Europe,JEY,
Jersey,2008,95.18,,99.0,95.0,90,10,90,Europe,JEY,
Jersey,2009,96.145,,99.0,95.0,90,10,90,Europe,JEY,
Jersey,2010,97.108,,99.0,95.0,90,10,90,Europe,JEY,
Jersey,2011,98.029,,99.0,95.0,90,10,90,Europe,JEY,
Jersey,2012,98.911,,99.0,95.0,90,10,90,Europe,JEY,
Jersey,2013,99.754,,99.0,95.0,90,10,90,Europe,JEY,
Jersey,2014,100.568,,99.0,95.0,90,10,90,Europe,JEY,
Jersey,2015,101.217,,99.0,95.0,90,10,90,Europe,JEY,
Jersey,2016,101.692,,99.0,95.0,90,10,90,Europe,JEY,
Jersey,2017,102.125,,99.0,95.0,90,10,90,Europe,JEY,
Jersey,2018,102.518,,99.0,95.0,90,10,90,Europe,JEY,
Jersey,2019,102.856,,99.0,95.0,90,10,90,Europe,JEY,
Jersey,2020,103.13,,99.0,95.0,90,10,90,Europe,JEY,
Jersey,2021,103.328,,99.0,95.0,90,10,90,Europe,JEY,
Jersey,2022,103.49,,99.0,95.0,90,10,90,Europe,JEY,
Jersey,2023,103.674,,99.0,95.0,90,10,90,Europe,JEY,
Jersey,2024,103.846,,99.0,95.0,90,10,90,Europe,JEY,
Jordan,2000,5386.945,78.2699966430664,99.0,70.18221657966726,52.4788557643303,45.9317776666656,52.86915437470123,Eastern Mediterranean,JOR,Lower middle income
Jordan,2001,5498.894,78.28299713134766,98.8872678903901,70.11155076889719,52.4439713757271,45.92736888784115,52.87793629724075,Eastern Mediterranean,JOR,Lower middle income
Jordan,2002,5616.066,78.2959976196289,98.76794260948074,70.14965817332227,52.62774537751587,45.72920045502599,53.10738403322077,Eastern Mediterranean,JOR,Lower middle income
Jordan,2003,5741.828,78.30799865722656,98.64867471747216,70.18713393240023,52.8105440342847,45.53165637550298,53.33622887274472,Eastern Mediterranean,JOR,Lower middle income
Jordan,2004,5882.061,78.32099914550781,98.52945714688786,70.2249826814208,52.99370501547017,45.33337069325274,53.56582141914748,Eastern Mediterranean,JOR,Lower middle income
Jordan,2005,6029.587,79.48500061035156,98.41697008052174,70.8764163045608,53.99539302824329,44.30819928441356,54.62375021663133,Eastern Mediterranean,JOR,Lower middle income
Jordan,2006,6427.371,80.97000122070312,98.30820609987798,71.87005879779507,55.47455468281374,42.8000135952129,56.16647498075547,Eastern Mediterranean,JOR,Lower middle income
Jordan,2007,6827.227,82.37100219726562,98.20093585504826,72.79319591122997,56.85844146547692,41.38662507559865,57.61577286734025,Eastern Mediterranean,JOR,Lower middle income
Jordan,2008,6989.866,83.69200134277344,98.09501501556002,73.65030152767235,58.15312376412771,40.06210024648738,58.97745491852418,Eastern Mediterranean,JOR,Lower middle income
Jordan,2009,7141.753,84.9280014038086,97.99022744881822,74.45491759931642,59.35881955845494,38.78206020560831,60.25142416772223,Eastern Mediterranean,JOR,Lower middle income
Jordan,2010,7297.043,86.08800506591797,97.88648157152082,75.2089390439862,60.4845504987093,37.55317824251687,61.44653928274824,Eastern Mediterranean,JOR,Lower middle income
Jordan,2011,7480.424,87.17200469970703,97.7836292183144,75.90236395985745,61.53346029687086,36.41280468199084,62.5657241436374,Eastern Mediterranean,JOR,Lower middle income
Jordan,2012,7587.127,88.18499755859375,97.68155466594628,76.54002757234286,62.51158828138451,35.35378714530346,63.61486923205445,Eastern Mediterranean,JOR,Lower middle income
Jordan,2013,7991.809,89.125,97.58009178699471,77.12355722388004,63.42069770609754,34.37321901898409,64.595542464287,Eastern Mediterranean,JOR,Lower middle income
Jordan,2014,8791.71,90.0,97.47918742769048,77.65879697006005,64.26822448316932,33.46271432091332,65.51510484515693,Eastern Mediterranean,JOR,Lower middle income
Jordan,2015,9544.729,90.25599670410156,97.37165947569622,77.92414512178578,64.75394170618682,32.90356846590843,66.06760090812423,Eastern Mediterranean,JOR,Lower middle income
Jordan,2016,10006.367,90.50599670410156,97.2644408764445,78.18095315600662,65.22897713838798,32.35703791674464,66.61027154246162,Eastern Mediterranean,JOR,Lower middle income
Jordan,2017,10234.226,90.74700164794922,97.15747929840543,78.44890495736057,65.69203526664815,31.77508814146207,67.1417566939606,Eastern Mediterranean,JOR,Lower middle income
Jordan,2018,10462.306,90.97899627685548,97.05075147774264,78.71191051794194,66.1434906956858,31.19624240923792,67.66239911354937,Eastern Mediterranean,JOR,Lower middle income
Jordan,2019,10671.891,91.20299530029295,96.94426551270578,78.96654356226912,66.58422260505321,30.62936205022851,68.1730585903258,Eastern Mediterranean,JOR,Lower middle income
Jordan,2020,10865.228,91.41799926757812,96.83796699174016,79.21271317551887,67.01406666493135,30.07442757399279,68.67353361228062,Eastern Mediterranean,JOR,Lower middle income
Jordan,2021,11066.356,91.6259994506836,96.7318948068054,79.45142945039852,67.43435337563463,29.5301443272812,69.1651491562773,Eastern Mediterranean,JOR,Lower middle income
Jordan,2022,11256.263,91.82699584960938,96.6260204300308,79.68292157870154,67.84536191246643,28.99612961618985,69.64816041596798,Eastern Mediterranean,JOR,Lower middle income
Jordan,2023,11439.213,92.0199966430664,96.5203168428374,79.90711833509737,68.24694410326839,28.47236900541126,70.12238921642475,Eastern Mediterranean,JOR,Lower middle income
Jordan,2024,11552.876,92.20600128173828,96.41479074894868,80.07557312163637,68.63986267530007,28.12348196080021,70.5885879755267,Eastern Mediterranean,JOR,Lower middle income
Kazakhstan,2000,15501.103,56.09800338745117,96.845702173166,,36.86609617670185,2.102115732271942,44.03947539367319,Europe,KAZ,Upper middle income
Kazakhstan,2001,15575.55,56.17100143432617,96.84533853808789,,36.82311665275928,2.098620467521676,44.08346758330398,Europe,KAZ,Upper middle income
Kazakhstan,2002,15656.677,56.24399948120117,96.89783532039068,,36.45742439048757,2.401875654618983,43.74343911946299,Europe,KAZ,Upper middle income
Kazakhstan,2003,15747.38,56.31700134277344,96.95021457712836,,36.09307322020554,2.810670939851562,43.40352037474317,Europe,KAZ,Upper middle income
Kazakhstan,2004,15850.159,56.38999938964844,97.00247938462353,,35.73005946432473,3.22012107208167,43.06370768811968,Europe,KAZ,Upper middle income
Kazakhstan,2005,15968.117,56.46299743652344,97.0648490891514,,35.37184253285445,3.630225844322454,42.72400415227554,Europe,KAZ,Upper middle income
Kazakhstan,2006,16103.716,56.5359992980957,97.1271155183214,,35.01489304899163,4.040985140816149,42.38441596942977,Europe,KAZ,Upper middle income
Kazakhstan,2007,16257.214,56.6089973449707,97.18926882238948,,34.65919763193913,4.452399106030169,42.04492713102927,Europe,KAZ,Upper middle income
Kazakhstan,2008,16426.525,56.68200302124024,97.2513208704644,,34.30477083466121,4.864467740213769,41.70555555638769,Europe,KAZ,Upper middle income
Kazakhstan,2009,16619.846,56.755001068115234,97.31326176253936,,33.95159893088731,5.277190986299514,41.36628476288148,Europe,KAZ,Upper middle income
Kazakhstan,2010,16836.81,56.82700347900391,97.37510821464272,,33.59919399841471,5.690578181081004,41.02651705961514,Europe,KAZ,Upper middle income
Kazakhstan,2011,17066.002,56.900001525878906,97.43683922112386,,33.24854694725377,6.104606344672294,40.68746569878721,Europe,KAZ,Upper middle income
Kazakhstan,2012,17306.106,56.97299957275391,97.49845821888566,,32.72651632688758,6.519288818942386,40.34851997259605,Europe,KAZ,Upper middle income
Kazakhstan,2013,17556.502,57.04600143432617,97.55997278046893,,32.20940266495592,6.934626090507049,40.00968624406948,Europe,KAZ,Upper middle income
Kazakhstan,2014,17816.285,57.11800003051758,97.6213968243494,,31.69669418820077,7.350609529106869,39.67034754797319,Europe,KAZ,Upper middle income
Kazakhstan,2015,18084.169,57.19100189208984,97.68269665077584,,31.1893522367649,7.767251532890133,39.33173085153506,Europe,KAZ,Upper middle income
Kazakhstan,2016,18363.6,57.26399993896485,97.74389387179968,,30.68686323169999,8.184548479123025,38.99322130439757,Europe,KAZ,Upper middle income
Kazakhstan,2017,18651.931,57.33600234985352,97.80499336369286,,30.18872835839734,8.602477428357075,38.65420466158178,Europe,KAZ,Upper middle income
Kazakhstan,2018,18932.727,57.428001403808594,97.85534227114832,,29.70207002344113,8.604500545501406,38.32760110573346,Europe,KAZ,Upper middle income
Kazakhstan,2019,19209.555,57.540000915527344,97.90515627620412,,29.22965182484133,8.606963573040145,38.01345530365908,Europe,KAZ,Upper middle income
Kazakhstan,2020,19482.117,57.670997619628906,97.94631619071762,,28.77080145568211,8.609844577940251,37.71119522946909,Europe,KAZ,Upper middle income
Kazakhstan,2021,19743.603,57.82099914550781,97.95384789870776,,28.32532607469219,8.613143008741242,37.42086367318485,Europe,KAZ,Upper middle income
Kazakhstan,2022,20034.609,57.9900016784668,97.9526402205332,,27.89303472325437,8.616859932674735,37.14250562306064,Europe,KAZ,Upper middle income
Kazakhstan,2023,20330.104,58.17899703979492,97.94887637857396,,27.47418815396972,8.62101581994003,36.87677242594414,Europe,KAZ,Upper middle income
Kazakhstan,2024,20592.571,58.387001037597656,97.94474233315329,,27.35344427294326,8.625590360161018,37.00553173650786,Europe,KAZ,Upper middle income
Kenya,2000,30642.89,19.892000198364254,23.6473801064419,20.20280489713396,1.665487219110594,1.505212223971594,7.144091590350953,Africa,KEN,Lower middle income
Kenya,2001,31619.17,20.23900032043457,24.31645972381053,20.82589838057541,1.655677845231558,1.531469513647239,7.123701159376338,Africa,KEN,Lower middle income
Kenya,2002,32629.808,20.590999603271484,25.03460812078228,21.49199227615738,1.64819533420491,1.558105071319225,7.102386471462258,Africa,KEN,Lower middle income
Kenya,2003,33652.223,20.947999954223636,25.75351788674647,22.15878766998605,1.640482988358647,1.585119020843929,7.08009735513208,Africa,KEN,Lower middle income
Kenya,2004,34713.455,21.309999465942383,26.47311494225393,22.82622220294025,1.632530308914141,1.612511311415392,7.056782878867622,Africa,KEN,Lower middle income
Kenya,2005,35796.484,21.674999237060547,27.19322694545087,23.49428478674673,1.624210694329485,1.640130482860885,7.031844434394316,Africa,KEN,Lower middle income
Kenya,2006,36904.008,22.045000076293945,27.91389550311287,24.16287625551819,1.615632327497192,1.668128184376585,7.005793624141286,Africa,KEN,Lower middle income
Kenya,2007,38036.349,22.420000076293945,28.63504396272373,24.83193225729626,1.606784324546417,1.696504018812539,6.978578275682912,Africa,KEN,Lower middle income
Kenya,2008,39206.351,22.799999237060547,29.35659940400109,25.4655137336527,1.597656407818805,1.878975735419845,6.95014918405403,Africa,KEN,Lower middle income
Kenya,2009,40408.891,23.183000564575195,30.07841320288186,26.09280785097899,1.588126533778789,2.163169981286426,6.919934437057293,Africa,KEN,Lower middle income
Kenya,2010,41598.567,23.57099914550781,30.80049476816428,26.71789391089242,1.578297680872791,2.473307039507976,6.888417413636483,Africa,KEN,Lower middle income
Kenya,2011,42758.461,23.9689998626709,31.52291744815566,27.34164549206304,1.568431242393224,2.788469907299048,6.856815054845552,Africa,KEN,Lower middle income
Kenya,2012,43888.303,24.376001358032227,32.24552601208691,27.9639572360706,1.558453638207746,3.108711490354606,6.824776277121091,Africa,KEN,Lower middle income
Kenya,2013,44986.791,24.79400062561035,32.96824629129777,28.58457150738307,1.548453122977066,3.434389836828778,6.792703191731849,Africa,KEN,Lower middle income
Kenya,2014,46051.44,25.22099876403809,33.6908976254492,29.2034367385078,1.538302479907709,3.765448595393735,6.759996746154102,Africa,KEN,Lower middle income
Kenya,2015,47088.526,25.65799903869629,34.41336950436345,29.82033566641514,1.528035794021618,4.102148299156498,6.726807523696903,Africa,KEN,Lower middle income
Kenya,2016,48139.687,26.104999542236328,35.13553497032507,30.51572207998515,1.517632588005712,4.444644723619094,6.693032787670555,Africa,KEN,Lower middle income
Kenya,2017,49197.766,26.562000274658203,35.85725049873103,31.21276571619794,1.507072809980321,4.793094522871533,6.658572312277292,Africa,KEN,Lower middle income
Kenya,2018,50207.107,27.030000686645508,36.5783889502292,31.90626879042427,1.496386170084239,5.147788691643026,6.62355424556089,Africa,KEN,Lower middle income
Kenya,2019,51202.827,27.50700187683105,37.29879764753297,32.59701047650881,1.485451215049905,5.508618901864828,6.587413709737868,Africa,KEN,Lower middle income
Kenya,2020,52217.334,27.99499893188477,38.01834089634696,33.28705526932445,1.474347022385001,5.876015871726961,6.550505459780724,Africa,KEN,Lower middle income
Kenya,2021,53219.166,28.493000030517575,38.73687770651861,33.97623398246694,1.463003065576677,6.250001993990084,6.512499388697948,Africa,KEN,Lower middle income
Kenya,2022,54252.461,29.001998901367188,39.454252565811,34.66364894043443,1.451446206783509,6.630888719451346,6.473510076921356,Africa,KEN,Lower middle income
Kenya,2023,55339.003,29.51999855041504,40.17033663447408,35.24742039608079,1.439559742775107,7.018526479677793,6.433000382180553,Africa,KEN,Lower middle income
Kenya,2024,56432.944,30.048999786376957,40.88496546115432,35.82696579635953,1.427417455677947,7.41338794226466,6.391298036541754,Africa,KEN,Lower middle income
Kiribati,2000,88.613,42.95800018310547,29.43325161121543,14.18848276470112,5.17566282862181,20.61846893575816,12.45748755731499,Western Pacific,KIR,Lower middle income
Kiribati,2001,90.335,43.47299957275391,30.49398619598487,14.93358061392776,5.208332719862669,21.11352244542615,12.53935426951358,Western Pacific,KIR,Lower middle income
Kiribati,2002,92.264,43.492000579833984,31.41141084032597,15.64050036391628,5.209537964352593,21.44115227920185,12.54237448093945,Western Pacific,KIR,Lower middle income
Kiribati,2003,94.175,43.51199722290039,32.32896421258592,16.46657759248437,5.210806468154057,21.44638730019273,12.54555319946629,Western Pacific,KIR,Lower middle income
Kiribati,2004,96.085,43.53199768066406,33.24636314055125,17.29249595924382,5.212075179525921,21.45162317746109,12.54873243505999,Western Pacific,KIR,Lower middle income
Kiribati,2005,98.035,43.551002502441406,34.16333866622098,17.86541985627632,5.01869566725295,22.4623012916463,12.08736218846525,Western Pacific,KIR,Lower middle income
Kiribati,2006,100.017,44.02999877929688,35.20221048136934,18.4780389976875,4.853288311507777,23.58957740711971,11.69595539486591,Western Pacific,KIR,Lower middle income
Kiribati,2007,102.068,44.865997314453125,36.33069382224463,19.11996397887767,4.70796953235874,24.80221257735514,11.35460989985572,Western Pacific,KIR,Lower middle income
Kiribati,2008,104.222,45.70600128173828,37.11736079412383,19.59633434368477,4.512766913870307,26.00915315718411,11.00833521944574,Western Pacific,KIR,Lower middle income
Kiribati,2009,106.467,46.5469970703125,37.87656175837361,20.05853662239943,4.31744766614424,27.20962466843808,10.65666366261734,Western Pacific,KIR,Lower middle income
Kiribati,2010,108.704,47.38999938964844,38.6081785659638,20.50637839399678,4.122214910806754,28.40385406304169,10.29972512747463,Western Pacific,KIR,Lower middle income
Kiribati,2011,110.647,48.23500061035156,39.3118291707544,20.93958048027582,3.92721264778349,29.59181763107743,9.937499918569145,Western Pacific,KIR,Lower middle income
Kiribati,2012,112.284,49.08200073242188,39.98712952277719,21.35786220868779,3.732585588420396,30.77349136151669,9.569968269571541,Western Pacific,KIR,Lower middle income
Kiribati,2013,113.838,49.92699813842773,40.63289166369278,21.76070019094919,3.538289672828067,31.94794596065137,9.196592460041861,Western Pacific,KIR,Lower middle income
Kiribati,2014,115.326,50.77300262451172,41.24942928716624,22.14803483368701,3.344630093001608,33.11587462799331,8.817771595644011,Western Pacific,KIR,Lower middle income
Kiribati,2015,116.815,51.61899948120117,41.83620472461182,22.51954388313691,3.15171417697992,34.27704362895427,8.433371694549628,Western Pacific,KIR,Lower middle income
Kiribati,2016,118.478,52.45000076293945,42.39038372052772,22.87427973483313,2.959069957113724,35.42824844095255,8.041603025530726,Western Pacific,KIR,Lower middle income
Kiribati,2017,120.275,53.262001037597656,42.91151214460962,23.21203757628586,2.766767508602633,36.56882731843458,7.642148848290959,Western Pacific,KIR,Lower middle income
Kiribati,2018,122.084,54.05700302124024,43.40019998788482,23.532920155185,2.575129195148388,37.69941825554265,7.235422123774497,Western Pacific,KIR,Lower middle income
Kiribati,2019,123.921,54.834999084472656,43.85671703590749,23.83694038432852,2.384384173817392,38.82022761924815,6.821591770408502,Western Pacific,KIR,Lower middle income
Kiribati,2020,126.099,55.593997955322266,44.28109658366044,24.12406666773725,2.194683591469313,39.93106260168598,6.400613540441036,Western Pacific,KIR,Lower middle income
Kiribati,2021,128.377,56.33500289916992,44.67380913950077,24.3943819034362,2.006286390040465,41.03234233802032,5.972778068890714,Western Pacific,KIR,Lower middle income
Kiribati,2022,130.469,57.05799865722656,45.03520221615911,24.62573410344394,1.845688057604096,42.12428706261722,5.600867151418925,Western Pacific,KIR,Lower middle income
Kiribati,2023,132.53,57.762001037597656,45.10524986876832,24.63719333847088,1.868460794058277,42.25797918519484,5.669972583958655,Western Pacific,KIR,Lower middle income
Kiribati,2024,134.518,58.447998046875,45.17350782072974,24.64836053418798,1.890651142916753,42.38825362342696,5.737310721347538,Western Pacific,KIR,Lower middle income
"Kosovo (under United Nations 
Security Council Resolution 1244/99)",2008,1800.858,,73.24393601188788,6.341622862510377,<1,7.023662963333315,62.39394573666649,,XKX,Upper middle income
"Kosovo (under United Nations 
Security Council Resolution 1244/99)",2009,1794.681,,73.48333979706892,6.302279847203678,<1,6.973837406666648,62.72879519333315,,XKX,Upper middle income
"Kosovo (under United Nations 
Security Council Resolution 1244/99)",2010,1788.743,,73.72274358224995,6.26293683189698,<1,6.924011849999983,63.06364464999982,,XKX,Upper middle income
"Kosovo (under United Nations 
Security Council Resolution 1244/99)",2011,1791.949,,73.99634790817113,6.21797338583218,<1,6.86706835666665,63.44632974333316,,XKX,Upper middle income
"Kosovo (under United Nations 
Security Council Resolution 1244/99)",2012,1806.532,,74.23575169335217,6.178630370525477,<1,6.817242799999984,63.78117919999983,,XKX,Upper middle income
"Kosovo (under United Nations 
Security Council Resolution 1244/99)",2013,1817.167,,76.28035251717652,5.76766429870774,<1,6.448392956666614,66.6356882283335,,XKX,Upper middle income
"Kosovo (under United Nations 
Security Council Resolution 1244/99)",2014,1808.98,,78.29410024446555,5.360231216865804,<1,6.082503739999987,69.44489159999999,,XKX,Upper middle income
"Kosovo (under United Nations 
Security Council Resolution 1244/99)",2015,1779.02,,80.27692205221807,4.95633585747408,<1,5.719575150000024,72.20878931499976,,XKX,Upper middle income
"Kosovo (under United Nations 
Security Council Resolution 1244/99)",2016,1761.764,,82.22874511743285,4.555982953006782,<1,5.359607186666656,74.92738137333342,,XKX,Upper middle income
"Kosovo (under United Nations 
Security Council Resolution 1244/99)",2017,1768.119,,84.17171217888279,4.155048341889764,<1,4.996539280000004,77.63232281999991,,XKX,Upper middle income
"Kosovo (under United Nations 
Security Council Resolution 1244/99)",2018,1767.741,,86.0589118909397,3.762093528105332,<1,4.642704043333303,80.2570674466669,,XKX,Upper middle income
"Kosovo (under United Nations 
Security Council Resolution 1244/99)",2019,1755.042,,87.91489092369342,3.372695592025641,<1,4.29182943333334,82.83650641666668,,XKX,Upper middle income
"Kosovo (under United Nations 
Security Council Resolution 1244/99)",2020,1751.417,,89.73957645414293,2.986859266124978,<1,3.943915449999974,85.37063972999984,,XKX,Upper middle income
"Kosovo (under United Nations 
Security Council Resolution 1244/99)",2021,1741.446,,91.532895659287,2.6265625295402,<1,3.562366653333332,87.8594673866668,,XKX,Upper middle income
"Kosovo (under United Nations 
Security Council Resolution 1244/99)",2022,1717.946,,93.29477571612442,2.279177592602688,<1,3.168338523333305,90.30298938666661,,XKX,Upper middle income
"Kosovo (under United Nations 
Security Council Resolution 1244/99)",2023,1700.031,,93.36578293743553,2.26162098216109,<1,3.131876619999973,90.41131055999993,,XKX,Upper middle income
"Kosovo (under United Nations 
Security Council Resolution 1244/99)",2024,1684.79,,93.44693404750532,2.24155628451355,<1,3.090205873333306,90.5351061866666,,XKX,Upper middle income
Kuwait,2000,1954.709,99.0,99.0,99.0,>99,-,>99,Eastern Mediterranean,KWT,High income
Kuwait,2001,2008.121,99.90799713134766,99.0,99.0,>99,-,>99,Eastern Mediterranean,KWT,High income
Kuwait,2002,2059.974,100.0,99.0,99.0,>99,-,>99,Eastern Mediterranean,KWT,High income
Kuwait,2003,2109.881,100.0,99.0,99.0,>99,-,>99,Eastern Mediterranean,KWT,High income
Kuwait,2004,2157.32,100.0,99.0,99.0,>99,-,>99,Eastern Mediterranean,KWT,High income
Kuwait,2005,2236.788,100.0,99.0,99.0,>99,-,>99,Eastern Mediterranean,KWT,High income
Kuwait,2006,2364.733,100.0,99.0,99.0,>99,-,>99,Eastern Mediterranean,KWT,High income
Kuwait,2007,2507.887,100.0,99.0,99.0,>99,-,>99,Eastern Mediterranean,KWT,High income
Kuwait,2008,2651.421,100.0,99.0,99.0,>99,-,>99,Eastern Mediterranean,KWT,High income
Kuwait,2009,2795.484,100.0,99.0,99.0,>99,-,>99,Eastern Mediterranean,KWT,High income
Kuwait,2010,2943.372,100.0,99.0,99.0,>99,-,>99,Eastern Mediterranean,KWT,High income
Kuwait,2011,3132.814,100.0,99.0,99.0,>99,-,>99,Eastern Mediterranean,KWT,High income
Kuwait,2012,3337.025,100.0,99.0,99.0,>99,-,>99,Eastern Mediterranean,KWT,High income
Kuwait,2013,3507.746,100.0,99.0,99.0,>99,-,>99,Eastern Mediterranean,KWT,High income
Kuwait,2014,3665.766,100.0,99.0,99.0,>99,-,>99,Eastern Mediterranean,KWT,High income
Kuwait,2015,3834.454,100.0,99.0,99.0,>99,-,>99,Eastern Mediterranean,KWT,High income
Kuwait,2016,4003.971,100.0,99.0,99.0,>99,-,>99,Eastern Mediterranean,KWT,High income
Kuwait,2017,4154.685,100.0,99.0,99.0,>99,-,>99,Eastern Mediterranean,KWT,High income
Kuwait,2018,4323.387,100.0,99.0,99.0,>99,-,>99,Eastern Mediterranean,KWT,High income
Kuwait,2019,4442.194,100.0,99.0,99.0,>99,-,>99,Eastern Mediterranean,KWT,High income
Kuwait,2020,4400.144,100.0,99.0,99.0,>99,-,>99,Eastern Mediterranean,KWT,High income
Kuwait,2021,4360.742,100.0,99.0,99.0,>99,-,>99,Eastern Mediterranean,KWT,High income
Kuwait,2022,4589.511,100.0,99.0,99.0,>99,-,>99,Eastern Mediterranean,KWT,High income
Kuwait,2023,4838.782,100.0,99.0,99.0,>99,-,>99,Eastern Mediterranean,KWT,High income
Kuwait,2024,4934.507,100.0,99.0,99.0,>99,-,>99,Eastern Mediterranean,KWT,High income
Kyrgyzstan,2000,5025.145,35.29800033569336,92.8282031249624,86.04478164288666,14.04240995840391,<1,17.33123260951503,Europe,KGZ,Lower middle income
Kyrgyzstan,2001,5071.956,35.295997619628906,92.8282378799564,86.1330619874244,14.12977258311756,<1,17.33043793762111,Europe,KGZ,Lower middle income
Kyrgyzstan,2002,5116.254,35.29500198364258,93.00557259595097,86.39525796338792,14.26028613325919,<1,17.38317503868404,Europe,KGZ,Lower middle income
Kyrgyzstan,2003,5159.422,35.292999267578125,93.18293015747857,86.65812053466534,14.39099471425004,<1,17.43550621293774,Europe,KGZ,Lower middle income
Kyrgyzstan,2004,5203.041,35.29199981689453,93.36027582611858,86.92137799177647,14.52255010704224,<1,17.48823283662308,Europe,KGZ,Lower middle income
Kyrgyzstan,2005,5246.332,35.290000915527344,93.65602260095214,87.29154852914893,14.68237168692394,<1,17.54055080870371,Europe,KGZ,Lower middle income
Kyrgyzstan,2006,5282.453,35.28900146484375,93.95208743909328,87.65228501927588,14.84359026686221,<1,17.59326838988701,Europe,KGZ,Lower middle income
Kyrgyzstan,2007,5313.368,35.2869987487793,94.24851696942537,88.01434567578046,15.00553299848994,<1,17.64557197974178,Europe,KGZ,Lower middle income
Kyrgyzstan,2008,5342.52,35.28499984741211,94.54528694746578,88.3775957857945,15.1685405665132,<1,17.69786889013717,Europe,KGZ,Lower middle income
Kyrgyzstan,2009,5398.007,35.28400039672852,94.84237239363016,88.74190898161675,15.33296873031591,<1,17.75057090216631,Europe,KGZ,Lower middle income
Kyrgyzstan,2010,5491.761,35.305999755859375,95.1391384215873,89.10439514371657,15.50670076073155,<1,17.81280488914617,Europe,KGZ,Lower middle income
Kyrgyzstan,2011,5594.535,35.35200119018555,95.43549543987704,89.46501629685369,15.69041872244265,<1,17.88512173996008,Europe,KGZ,Lower middle income
Kyrgyzstan,2012,5696.519,35.42300033569336,95.73134796816208,89.82374197876028,15.88482616262117,<1,17.96807793838938,Europe,KGZ,Lower middle income
Kyrgyzstan,2013,5797.289,35.51700210571289,96.02668979575022,90.1809322697116,16.08954018862451,<1,18.060981063863,Europe,KGZ,Lower middle income
Kyrgyzstan,2014,5898.319,35.63500213623047,96.32141668573554,90.53655522667395,16.30526734386715,<1,18.16438261056337,Europe,KGZ,Lower middle income
Kyrgyzstan,2015,6001.882,35.777000427246094,96.61547067405232,90.8907285713781,16.53236267483164,<1,18.27842370556497,Europe,KGZ,Lower middle income
Kyrgyzstan,2016,6108.462,35.944000244140625,96.90874810570266,91.24343956915573,16.77157127355946,<1,18.40367084929094,Europe,KGZ,Lower middle income
Kyrgyzstan,2017,6220.15,36.1349983215332,97.20121050055472,91.54638824293195,17.02288016931188,<1,18.53983997069693,Europe,KGZ,Lower middle income
Kyrgyzstan,2018,6341.732,36.35100173950195,97.49275585951676,91.84844899757135,17.28705405313909,1.015655435229539,18.68750070022513,Europe,KGZ,Lower middle income
Kyrgyzstan,2019,6494.035,36.59099960327149,97.78335195135124,92.14847930169688,17.564082424407,1.037337331915125,18.8463664609617,Europe,KGZ,Lower middle income
Kyrgyzstan,2020,6664.14,36.85599899291992,98.01762846584198,92.39614124627975,17.85474728251378,1.059329899624326,19.01700730721655,Europe,KGZ,Lower middle income
Kyrgyzstan,2021,6820.479,37.14599990844727,98.14785499133744,92.5465125807338,18.15945404682024,1.08161312248172,19.1995739168773,Europe,KGZ,Lower middle income
Kyrgyzstan,2022,6955.788,37.46100234985352,98.27822776654298,92.70127755254929,18.47860437707513,1.104166573931025,19.3942069061739,Europe,KGZ,Lower middle income
Kyrgyzstan,2023,7073.516,37.80099868774414,98.40887382275012,92.86121251532796,18.81261162112193,1.126970109825303,19.60105335296731,Europe,KGZ,Lower middle income
Kyrgyzstan,2024,7186.009,38.16600036621094,98.5398995968815,93.02707973782034,19.16189190547369,1.15000338719909,19.82025728975285,Europe,KGZ,Lower middle income
Lao People's Democratic Republic,2000,5431.212,21.976999282836918,28.57920783870458,21.15060486458861,<1,8.629221006649312,<1,Western Pacific,LAO,Lower middle income
Lao People's Democratic Republic,2001,5521.482,22.993000030517575,31.51023517120474,23.70303213572553,<1,8.855149128611872,<1,Western Pacific,LAO,Lower middle income
Lao People's Democratic Republic,2002,5610.889,24.04399871826172,34.42694953444911,26.10594273051137,<1,9.350246701067034,<1,Western Pacific,LAO,Lower middle income
Lao People's Democratic Republic,2003,5697.945,25.126001358032227,37.3258889602635,28.46339001865733,<1,9.84674079337862,<1,Western Pacific,LAO,Lower middle income
Lao People's Democratic Republic,2004,5781.626,26.242000579833984,40.20697014051596,30.79736618809885,<1,10.34503729512986,<1,Western Pacific,LAO,Lower middle income
Lao People's Democratic Republic,2005,5869.523,27.18600082397461,43.00654195499006,33.07591861334451,<1,10.80116510075517,<1,Western Pacific,LAO,Lower middle income
Lao People's Democratic Republic,2006,5963.2,27.74800109863281,45.61812720620284,35.24868093857545,<1,11.17240270171669,1.069619878029028,Western Pacific,LAO,Lower middle income
Lao People's Democratic Republic,2007,6056.236,28.31599998474121,48.21589947629922,37.40659105395141,<1,11.54202701162184,1.144209531707051,Western Pacific,LAO,Lower middle income
Lao People's Democratic Republic,2008,6148.969,28.89299964904785,50.80095511192231,39.55008213252966,<1,11.9106069135158,1.218581834147906,Western Pacific,LAO,Lower middle income
Lao People's Democratic Republic,2009,6241.642,29.475000381469727,53.37155780451217,41.6782512203916,<1,12.27726591280252,1.292617308872382,Western Pacific,LAO,Lower middle income
Lao People's Democratic Republic,2010,6334.194,30.06399917602539,55.92839334626003,43.7913357382097,<1,12.64236353061681,1.366363075191414,Western Pacific,LAO,Lower middle income
Lao People's Democratic Republic,2011,6426.59,30.65999984741211,58.47134471381943,45.88919434301004,<1,13.00584810829818,1.439810735816198,Western Pacific,LAO,Lower middle income
Lao People's Democratic Republic,2012,6518.978,31.26400184631348,61.00063564412557,47.97181554378154,<1,13.36785973165579,1.512977439685562,Western Pacific,LAO,Lower middle income
Lao People's Democratic Republic,2013,6611.385,31.87200164794922,63.51478431277182,50.03854677916236,<1,13.72756896899168,1.585751376233691,Western Pacific,LAO,Lower middle income
Lao People's Democratic Republic,2014,6703.172,32.48699951171875,66.01475841843526,52.08969012942315,<1,14.08551513992135,1.658203013142448,Western Pacific,LAO,Lower middle income
Lao People's Democratic Republic,2015,6801.645,33.10799789428711,68.50013648158874,54.1250124162201,<1,14.44145739703521,1.730299045312441,Western Pacific,LAO,Lower middle income
Lao People's Democratic Republic,2016,6908.802,33.73600006103516,70.97114853364857,56.28626260062942,<1,14.79553411515913,1.802056306845475,Western Pacific,LAO,Lower middle income
Lao People's Democratic Republic,2017,7018.147,34.36800003051758,73.42685094878169,58.36663146067054,<1,15.14714698504546,1.873394727436021,Western Pacific,LAO,Lower middle income
Lao People's Democratic Republic,2018,7128.045,35.003997802734375,75.8672585757636,60.43634561483973,<1,15.49626486999441,1.944309302595971,Western Pacific,LAO,Lower middle income
Lao People's Democratic Republic,2019,7237.636,35.64500045776367,78.29264248583696,62.49552427981896,<1,15.84303435832704,2.014818196284581,Western Pacific,LAO,Lower middle income
Lao People's Democratic Republic,2020,7346.533,36.28999710083008,80.70274208957927,64.54417205516823,1.014046546692948,16.18724329435877,2.08489266267327,Western Pacific,LAO,Lower middle income
Lao People's Democratic Republic,2021,7453.194,36.939002990722656,83.0975867054683,66.58237446266594,1.048876673096725,16.52886306752849,2.154528032011751,Western Pacific,LAO,Lower middle income
Lao People's Democratic Republic,2022,7559.007,37.59199905395508,85.12920564000314,68.31534880044902,1.083540671772218,16.86785936424265,2.223718897197819,Western Pacific,LAO,Lower middle income
Lao People's Democratic Republic,2023,7664.993,38.24700164794922,86.99599818407482,69.9095138501972,1.118017515292864,17.20387184047202,2.292417983284258,Western Pacific,LAO,Lower middle income
Lao People's Democratic Republic,2024,7769.819,38.90599822998047,88.73141316055991,71.38223664037695,1.152329171876277,17.53721114499465,2.360664516369331,Western Pacific,LAO,Lower middle income
Latvia,2000,2368.313,68.06700134277344,89.18222985252038,79.76133137855467,79.76133137855467,<1,89.18222985252038,Europe,LVA,High income
Latvia,2001,2338.301,67.94999694824219,89.15803109428794,79.7396888924056,79.7396888924056,<1,89.15803109428794,Europe,LVA,High income
Latvia,2002,2311.351,67.8499984741211,89.38605539557352,79.94362550497156,79.94362550497156,<1,89.38605539557352,Europe,LVA,High income
Latvia,2003,2288.984,67.79999542236328,89.52635569077128,80.06910496827142,80.06910496827142,<1,89.62479420134925,Europe,LVA,High income
Latvia,2004,2264.174,67.9000015258789,89.61308298056055,80.14667069085858,80.14667069085858,<1,89.89326036230057,Europe,LVA,High income
Latvia,2005,2239.784,68.0,89.69800837361907,80.22262486277599,80.22262486277599,<1,90.1609825495371,Europe,LVA,High income
Latvia,2006,2219.032,67.96699523925781,89.75673945065755,80.87945093682288,80.87945093682288,<1,90.40292652619121,Europe,LVA,High income
Latvia,2007,2200.776,67.9000015258789,89.80892640810312,81.53112690036842,81.53112690036842,<1,90.63883279642049,Europe,LVA,High income
Latvia,2008,2177.711,67.83399963378906,89.86116248957944,82.18355050206902,82.18355050206902,<1,90.87542313912108,Europe,LVA,High income
Latvia,2009,2142.043,67.81399536132812,89.92100421996918,82.84368451540207,82.84368451540207,<1,91.1206476041112,Europe,LVA,High income
Latvia,2010,2097.831,67.84099578857422,89.987937726115,83.51120567049298,83.51120567049298,<1,91.37417778979281,Europe,LVA,High income
Latvia,2011,2059.941,67.86900329589844,90.05395776568719,84.17877423161136,84.17877423161136,<1,91.62767266501118,Europe,LVA,High income
Latvia,2012,2034.633,67.8969955444336,90.1188989835072,84.84621606808685,84.84621606808685,<1,91.88095772005398,Europe,LVA,High income
Latvia,2013,2013.01,67.92500305175781,90.182767248935,85.51351495545954,85.51351495545954,<1,92.13403849359902,Europe,LVA,High income
Latvia,2014,1994.149,67.9520034790039,90.24541719560054,86.18051040368609,86.18051040368609,<1,92.38675415381368,Europe,LVA,High income
Latvia,2015,1977.867,67.97999572753906,90.49308376160344,87.02627805065703,87.02627805065703,<1,92.63941938633764,Europe,LVA,High income
Latvia,2016,1959.863,68.02099609375,90.7423211464844,87.8769018098584,87.8769018098584,<1,92.89384624526367,Europe,LVA,High income
Latvia,2017,1942.594,68.07500457763672,90.99297874610151,88.73226654613325,88.73226654613325,<1,93.14988259250256,Europe,LVA,High income
Latvia,2018,1927.588,68.14200592041016,91.2449187722214,89.59226565225843,89.59226565225843,<1,93.40738935746124,Europe,LVA,High income
Latvia,2019,1914.263,68.22200012207031,91.4979934262128,90.45677891381747,90.45677891381747,<1,93.66621727701892,Europe,LVA,High income
Latvia,2020,1901.123,68.31500244140625,91.75206455957034,91.32569174138008,91.32569174138007,<1,93.92622706789001,Europe,LVA,High income
Latvia,2021,1885.587,68.4209976196289,92.0069797523466,92.0069797523466,92.0069797523466,<1,94.18726470233663,Europe,LVA,High income
Latvia,2022,1881.063,68.54000091552734,92.26260873956907,92.26260873956907,92.26260873956907,<1,94.44919890835465,Europe,LVA,High income
Latvia,2023,1882.396,68.6709976196289,92.51868354708016,92.51868354708016,92.51868354708017,<1,94.71174539600416,Europe,LVA,High income
Latvia,2024,1871.871,68.81500244140625,92.53461428063866,92.53461428063866,92.53461428063866,<1,94.72977469464914,Europe,LVA,High income
Lebanon,2000,4329.34,86.0,76.9237295197972,17.85218076225047,13.6479107350157,13.154165,63.99057921518988,Eastern Mediterranean,LBN,Lower middle income
Lebanon,2001,4401.918,86.11800384521484,76.9237295197972,17.85218076225047,13.6479107350157,13.154165,63.99057921518988,Eastern Mediterranean,LBN,Lower middle income
Lebanon,2002,4463.504,86.23999786376953,76.9237295197972,17.85218076225047,13.6479107350157,13.154165,63.99057921518988,Eastern Mediterranean,LBN,Lower middle income
Lebanon,2003,4525.508,86.36599731445312,78.23290783270862,18.34685738402263,13.81259755976506,13.154165,64.76274174683545,Eastern Mediterranean,LBN,Lower middle income
Lebanon,2004,4599.279,86.4939956665039,79.54208614562002,18.8415340057948,13.97728438451443,13.154165,65.53490427848101,Eastern Mediterranean,LBN,Lower middle income
Lebanon,2005,4671.102,86.62699890136719,80.85126445853143,19.33621062756696,14.1419712092638,13.154165,66.30706681012657,Eastern Mediterranean,LBN,Lower middle income
Lebanon,2006,4751.136,86.76200103759766,82.16044277144283,19.83088724933912,14.30665803401316,13.154165,67.07922934177213,Eastern Mediterranean,LBN,Lower middle income
Lebanon,2007,4844.118,86.9010009765625,83.46962108435423,20.32556387111128,14.47134485876252,13.154165,67.8513918734177,Eastern Mediterranean,LBN,Lower middle income
Lebanon,2008,4925.354,87.04199981689453,84.77879939726564,20.82024049288345,14.63603168351189,13.154165,68.62355440506326,Eastern Mediterranean,LBN,Lower middle income
Lebanon,2009,4992.287,87.18699645996094,86.08797771017704,21.31491711465561,14.80071850826126,13.154165,69.39571693670882,Eastern Mediterranean,LBN,Lower middle income
Lebanon,2010,5041.288,87.33399963378906,87.39715602308844,21.80959373642777,14.96540533301062,13.154165,70.16787946835439,Eastern Mediterranean,LBN,Lower middle income
Lebanon,2011,5096.02,87.48400115966797,88.70633433599986,22.30427035819993,15.13009215775999,13.154165,70.94004199999995,Eastern Mediterranean,LBN,Lower middle income
Lebanon,2012,5235.742,87.63600158691406,90.01551264891125,22.79894697997209,15.29477898250935,13.154165,71.71220453164551,Eastern Mediterranean,LBN,Lower middle income
Lebanon,2013,5743.436,87.79000091552734,91.32469096182268,23.29362360174425,15.45946580725872,13.154165,72.48436706329107,Eastern Mediterranean,LBN,Lower middle income
Lebanon,2014,6346.99,87.9469985961914,92.63386927473408,23.78830022351642,15.62415263200809,13.154165,73.25652959493664,Eastern Mediterranean,LBN,Lower middle income
Lebanon,2015,6472.469,88.10600280761719,93.94304758764548,24.28297684528858,15.78883945675745,13.154165,74.0286921265822,Eastern Mediterranean,LBN,Lower middle income
Lebanon,2016,6323.06,88.26599884033203,95.25222590055688,24.77765346706074,15.95352628150682,13.154165,74.80085465822776,Eastern Mediterranean,LBN,Lower middle income
Lebanon,2017,6160.128,88.42900085449219,96.56140421346828,25.2723300888329,16.11821310625618,13.154165,75.57301718987333,Eastern Mediterranean,LBN,Lower middle income
Lebanon,2018,5984.119,88.59300231933594,97.87058252637968,25.76700671060507,16.28289993100555,13.154165,76.34517972151889,Eastern Mediterranean,LBN,Lower middle income
Lebanon,2019,5794.594,88.75799560546875,99.0,26.1934115964468,16.44758675575492,13.154165,77.11734225316445,Eastern Mediterranean,LBN,Lower middle income
Lebanon,2020,5702.398,88.92499542236328,99.0,25.97332941918637,16.61227358050428,13.154165,77.88950478481001,Eastern Mediterranean,LBN,Lower middle income
Lebanon,2021,5718.122,89.09300231933594,99.0,25.67268021586485,16.77696040525364,13.154165,78.66166731645558,Eastern Mediterranean,LBN,Lower middle income
Lebanon,2022,5744.489,89.26200103759766,99.0,25.67268021586485,16.77696040525364,13.154165,78.66166731645558,Eastern Mediterranean,LBN,Lower middle income
Lebanon,2023,5773.493,89.43199920654297,99.0,25.67268021586485,16.77696040525364,13.154165,78.66166731645558,Eastern Mediterranean,LBN,Lower middle income
Lebanon,2024,5805.962,89.6030044555664,99.0,25.67268021586485,16.77696040525364,13.154165,78.66166731645558,Eastern Mediterranean,LBN,Lower middle income
Lesotho,2000,2003.913,19.54800033569336,13.91096805956207,12.89558030865029,<1,<1,1.026361094102445,Africa,LSO,Lower middle income
Lesotho,2001,2000.853,20.06700134277344,15.49573942078672,14.43022596094267,<1,<1,1.0514413316115,Africa,LSO,Lower middle income
Lesotho,2002,1994.679,20.597000122070312,17.07181643327418,15.95494967648756,<1,<1,1.07661461661154,Africa,LSO,Lower middle income
Lesotho,2003,1985.059,21.137001037597656,18.61891653430313,17.44802004335885,<1,<1,1.101825549562755,Africa,LSO,Lower middle income
Lesotho,2004,1971.129,21.689001083374023,20.15194656737476,18.9255812156635,<1,<1,1.127148436338267,Africa,LSO,Lower middle income
Lesotho,2005,1953.076,22.249000549316406,21.6703679710685,20.36247159306436,<1,<1,1.152400690608311,Africa,LSO,Lower middle income
Lesotho,2006,1945.063,22.81999969482422,23.17443686051513,21.78311728558213,<1,<1,1.177699241388452,Africa,LSO,Lower middle income
Lesotho,2007,1953.268,23.304000854492188,24.65578261391074,23.18399955305554,<1,<1,1.19895906347324,Africa,LSO,Lower middle income
Lesotho,2008,1966.541,23.79599952697754,26.12399174008031,24.57014357297725,<1,<1,1.220189781987379,Africa,LSO,Lower middle income
Lesotho,2009,1980.883,24.292999267578125,27.57882268297421,25.94142615673774,<1,<1,1.241260045404279,Africa,LSO,Lower middle income
Lesotho,2010,1996.251,24.79800033569336,29.02049593841303,27.29787834382893,<1,<1,1.262285649513675,Africa,LSO,Lower middle income
Lesotho,2011,2014.009,25.310001373291016,30.44893183048812,28.63943577131482,<1,<1,1.28321761343265,Africa,LSO,Lower middle income
Lesotho,2012,2034.354,25.703998565673828,31.85860433604017,29.96756287067553,<1,<1,1.29908467729851,Africa,LSO,Lower middle income
Lesotho,2013,2056.504,26.10099983215332,33.25683477668409,31.28306156446373,<1,<1,1.314777844080398,Africa,LSO,Lower middle income
Lesotho,2014,2080.089,26.50200080871582,34.64370796558079,32.58593861517472,<1,1.04531265362168,1.330332851978733,Africa,LSO,Lower middle income
Lesotho,2015,2104.611,26.90800094604492,36.01929158718118,33.8761788020891,<1,1.119767802288563,1.345783713474025,Africa,LSO,Lower middle income
Lesotho,2016,2130.422,27.316999435424805,37.3835722556357,35.15386460473614,<1,1.195487189693183,1.36104818361885,Africa,LSO,Lower middle income
Lesotho,2017,2157.11,27.729999542236328,38.73663012477338,36.44078524363943,<1,1.272516766669894,1.376161288671148,Africa,LSO,Lower middle income
Lesotho,2018,2183.603,28.152999877929688,40.07850806517767,37.60293586701054,<1,1.351077502221233,1.391343093210409,Africa,LSO,Lower middle income
Lesotho,2019,2209.405,28.584999084472656,41.40913561960071,38.68657625143294,<1,1.431177325765691,1.40654550064993,Africa,LSO,Lower middle income
Lesotho,2020,2235.727,29.02800178527832,42.72843828340522,39.74716616161368,<1,1.512929071103014,1.421832115154858,Africa,LSO,Lower middle income
Lesotho,2021,2261.542,29.48000144958496,44.03637294373929,40.78461432265633,<1,1.596303492937547,1.437117772995455,Africa,LSO,Lower middle income
Lesotho,2022,2286.11,29.94300079345703,45.33284850394767,41.79847807240041,<1,1.681419120425671,1.452464532906286,Africa,LSO,Lower middle income
Lesotho,2023,2311.472,30.41499900817871,46.61786217373278,42.78870995193714,<1,1.768240995612333,1.467788796077586,Africa,LSO,Lower middle income
Lesotho,2024,2337.423,30.89700126647949,47.89134814227171,43.75495377140562,<1,1.856851068661372,1.483116133698805,Africa,LSO,Lower middle income
Liberia,2000,2928.117,44.330997467041016,12.17348949436234,,-,7.591064495863169,4.073591095546639,Africa,LBR,Low income
Liberia,2001,3015.338,44.67300033569336,12.46778388810135,,-,7.649627211424698,3.916972711778097,Africa,LBR,Low income
Liberia,2002,3094.782,45.01700210571289,12.76508391463536,,-,7.708533318061328,3.75827177669261,Africa,LBR,Low income
Liberia,2003,3119.532,45.36100006103516,13.06498487137306,,-,7.767437991507298,3.597341978380547,Africa,LBR,Low income
Liberia,2004,3156.892,45.70600128173828,13.3677053295354,,-,7.82651435956992,3.434243853079909,Africa,LBR,Low income
Liberia,2005,3301.015,46.05099868774414,13.67303635871205,,-,7.885590758751862,3.268911027610486,Africa,LBR,Low income
Liberia,2006,3490.787,46.39599990844727,14.11580117297662,,-,8.798783356090919,3.101343383186788,Africa,LBR,Low income
Liberia,2007,3669.05,46.742000579833984,14.56433152877197,,-,9.799622279554477,2.931591349652237,Africa,LBR,Low income
Liberia,2008,3821.003,47.0880012512207,15.01834350226301,,-,10.80905628648772,2.759597737304947,Africa,LBR,Low income
Liberia,2009,3943.028,47.44499969482422,15.48027453651524,,-,11.82953359872373,2.585841810674215,Africa,LBR,Low income
Liberia,2010,4058.89,47.8129997253418,15.95011736309232,,-,12.86146361091324,2.41021653378877,Africa,LBR,Low income
Liberia,2011,4221.178,48.192996978759766,16.42809077506256,,-,13.90550261917413,2.232651931042596,Africa,LBR,Low income
Liberia,2012,4373.043,48.58300018310547,16.91372320164049,,-,14.9615799561281,2.052964042177682,Africa,LBR,Low income
Liberia,2013,4470.239,48.98500061035156,17.40745800779781,,-,16.03061231642926,1.871116784740066,Africa,LBR,Low income
Liberia,2014,4564.293,49.39699935913086,17.90880711069712,,-,17.11247672455827,1.686938771067887,Africa,LBR,Low income
Liberia,2015,4659.431,49.81999969482422,18.41797812039807,,-,18.20784470454931,1.500357120743915,Africa,LBR,Low income
Liberia,2016,4755.608,50.253997802734375,18.93493901750138,,-,19.31712390005333,1.311264746884593,Africa,LBR,Low income
Liberia,2017,4848.925,50.696998596191406,19.4591800299081,,-,20.44008165559554,1.119519647240974,Africa,LBR,Low income
Liberia,2018,4944.726,51.1510009765625,19.99113662167276,,-,21.57772261322363,<1,Africa,LBR,Low income
Liberia,2019,5043.721,51.61499786376953,20.53052583253167,,-,22.73010895587016,<1,Africa,LBR,Low income
Liberia,2020,5149.463,52.0890007019043,21.07729950019027,,-,23.89761301338845,<1,Africa,LBR,Low income
Liberia,2021,5259.323,52.573001861572266,21.631407651363,,-,25.08060986226151,<1,Africa,LBR,Low income
Liberia,2022,5373.294,53.06500244140625,22.19230636010743,,-,26.27870323855959,<1,Africa,LBR,Low income
Liberia,2023,5493.031,53.56699752807617,22.76041951675763,,-,27.49298125252616,<1,Africa,LBR,Low income
Liberia,2024,5612.817,54.07699966430664,23.33519549040676,,-,28.723001541363,<1,Africa,LBR,Low income
Libya,2000,5305.021,76.38700103759766,91.0645500144262,27.57441153817512,8.36163370105687,8.594736842105263,57.99386281588454,Eastern Mediterranean,LBY,Upper middle income
Libya,2001,5403.639,76.50199890136719,90.95765818229506,27.24106796755187,8.463627695424645,8.573684210526316,58.70126353790624,Eastern Mediterranean,LBY,Upper middle income
Libya,2002,5508.41,76.62899780273438,90.85076635016392,26.90772439692871,8.565621689792382,8.55263157894737,59.40866425992772,Eastern Mediterranean,LBY,Upper middle income
Libya,2003,5619.398,76.76799774169922,90.74387451803275,26.57438082630546,8.667615684160154,8.531578947368423,60.11606498194942,Eastern Mediterranean,LBY,Upper middle income
Libya,2004,5736.693,76.91899871826172,90.6369826859016,26.2410372556822,8.769609678527925,8.510526315789477,60.82346570397112,Eastern Mediterranean,LBY,Upper middle income
Libya,2005,5858.798,77.08000183105469,90.53009085377047,25.90769368505895,8.871603672895697,8.48947368421053,61.53086642599283,Eastern Mediterranean,LBY,Upper middle income
Libya,2006,5980.211,77.25299835205078,90.42319902163932,25.5743501144357,8.97359766726347,8.468421052631577,62.23826714801453,Eastern Mediterranean,LBY,Upper middle income
Libya,2007,6104.38,77.43700408935547,90.31630718950817,25.24100654381245,9.07559166163124,8.44736842105263,62.94566787003623,Eastern Mediterranean,LBY,Upper middle income
Libya,2008,6235.43,77.63199615478516,90.20941535737704,24.90766297318928,9.177585655998978,8.426315789473684,63.65306859205771,Eastern Mediterranean,LBY,Upper middle income
Libya,2009,6366.686,77.83700561523438,90.10252352524589,24.57431940256603,9.279579650366749,8.405263157894737,64.36046931407941,Eastern Mediterranean,LBY,Upper middle income
Libya,2010,6497.839,78.052001953125,89.99563169311473,24.24097583194278,9.381573644734523,8.38421052631579,65.06787003610111,Eastern Mediterranean,LBY,Upper middle income
Libya,2011,6343.203,78.2770004272461,89.88873986098358,23.90763226131952,9.483567639102292,8.363157894736844,65.77527075812282,Eastern Mediterranean,LBY,Upper middle income
Libya,2012,6179.328,78.51200103759766,89.78184802885242,23.57428869069627,9.585561633470064,8.342105263157897,66.48267148014452,Eastern Mediterranean,LBY,Upper middle income
Libya,2013,6304.628,78.75599670410156,89.67495619672128,23.2409451200731,9.687555627837801,8.32105263157895,67.190072202166,Eastern Mediterranean,LBY,Upper middle income
Libya,2014,6427.252,79.00900268554688,89.56806436459013,22.90760154944985,9.789549622205573,8.300000000000004,67.8974729241877,Eastern Mediterranean,LBY,Upper middle income
Libya,2015,6531.819,79.2699966430664,89.46117253245899,22.5742579788266,9.891543616573346,8.27894736842105,68.6048736462094,Eastern Mediterranean,LBY,Upper middle income
Libya,2016,6632.126,79.54000091552734,89.35428070032783,22.24091440820335,9.993537610941116,8.257894736842104,69.3122743682311,Eastern Mediterranean,LBY,Upper middle income
Libya,2017,6738.77,79.8169937133789,89.24738886819671,22.17916471565308,9.993537610941116,8.257894736842104,69.3122743682311,Eastern Mediterranean,LBY,Upper middle income
Libya,2018,6849.055,80.10200500488281,89.14049703606557,22.1174150231028,9.993537610941116,8.257894736842104,69.3122743682311,Eastern Mediterranean,LBY,Upper middle income
Libya,2019,6951.033,80.39299774169922,89.03360520393441,22.05566533055251,9.993537610941116,8.257894736842104,69.3122743682311,Eastern Mediterranean,LBY,Upper middle income
Libya,2020,7045.399,80.69099426269531,88.92671337180326,21.99391563800223,9.993537610941114,8.257894736842104,69.3122743682311,Eastern Mediterranean,LBY,Upper middle income
Libya,2021,7135.175,80.9939956665039,88.81982153967212,21.93216594545195,9.993537610941116,8.257894736842104,69.3122743682311,Eastern Mediterranean,LBY,Upper middle income
Libya,2022,7223.805,81.302001953125,88.71292970754097,21.87041625290167,9.993537610941116,8.257894736842104,69.3122743682311,Eastern Mediterranean,LBY,Upper middle income
Libya,2023,7305.659,81.60600280761719,88.60603787540983,21.80866656035138,9.993537610941116,8.257894736842104,69.3122743682311,Eastern Mediterranean,LBY,Upper middle income
Libya,2024,7381.023,81.90699768066406,88.49914604327867,21.7469168678011,9.993537610941116,8.257894736842104,69.3122743682311,Eastern Mediterranean,LBY,Upper middle income
Liechtenstein,2000,33.113,15.130000114440918,99.0,96.16947181018068,95.53197181018066,1.2,98.7,Europe,LIE,High income
Liechtenstein,2001,33.444,14.961999893188477,99.0,96.16947181018068,95.53197181018066,1.2,98.7,Europe,LIE,High income
Liechtenstein,2002,33.742,14.905999183654783,99.0,96.16947181018068,95.53197181018066,1.2,98.7,Europe,LIE,High income
Liechtenstein,2003,34.06,14.84999942779541,99.0,96.16947181018068,95.53197181018066,1.2,98.7,Europe,LIE,High income
Liechtenstein,2004,34.389,14.794999122619627,99.0,96.16947181018068,95.53197181018066,1.2,98.7,Europe,LIE,High income
Liechtenstein,2005,34.691,14.738999366760254,99.0,96.16947181018068,95.53197181018066,1.2,98.7,Europe,LIE,High income
Liechtenstein,2006,34.975,14.684000968933104,99.0,96.16947181018068,95.53197181018066,1.2,98.7,Europe,LIE,High income
Liechtenstein,2007,35.226,14.629000663757324,99.0,96.16947181018068,95.53197181018066,1.2,98.7,Europe,LIE,High income
Liechtenstein,2008,35.444,14.574000358581545,99.0,96.16947181018068,95.53197181018066,1.2,98.7,Europe,LIE,High income
Liechtenstein,2009,35.717,14.519000053405762,99.0,96.16947181018068,95.53197181018066,1.2,98.7,Europe,LIE,High income
Liechtenstein,2010,35.999,14.46399974822998,99.0,96.16947181018068,95.53197181018066,1.2,98.7,Europe,LIE,High income
Liechtenstein,2011,36.27,14.40999984741211,99.0,96.16947181018068,95.53197181018066,1.2,98.7,Europe,LIE,High income
Liechtenstein,2012,36.596,14.366999626159668,99.0,96.16947181018068,95.53197181018066,1.2,98.7,Europe,LIE,High income
Liechtenstein,2013,36.91,14.33400058746338,99.0,96.16947181018068,95.53197181018066,1.2,98.7,Europe,LIE,High income
Liechtenstein,2014,37.163,14.313000679016112,99.0,96.18261025369264,95.54511025369263,1.2,98.7,Europe,LIE,High income
Liechtenstein,2015,37.4,14.303000450134276,99.0,96.19574869720458,95.55824869720458,1.2,98.7,Europe,LIE,High income
Liechtenstein,2016,37.615,14.303000450134276,99.0,96.20888714071654,95.57138714071654,1.2,98.7,Europe,LIE,High income
Liechtenstein,2017,37.85,14.315000534057615,99.0,96.22202558422852,95.58452558422852,1.2,98.7,Europe,LIE,High income
Liechtenstein,2018,38.129,14.338000297546388,99.0,96.23516402774048,95.59766402774046,1.2,98.7,Europe,LIE,High income
Liechtenstein,2019,38.44,14.371000289916992,99.0,96.24830247125244,95.61080247125243,1.2,98.7,Europe,LIE,High income
Liechtenstein,2020,38.767,14.416000366210938,99.0,96.2614409147644,95.6239409147644,1.2,98.7,Europe,LIE,High income
Liechtenstein,2021,39.044,14.47100067138672,99.0,96.27457935827636,95.63707935827637,1.2,98.7,Europe,LIE,High income
Liechtenstein,2022,39.317,14.538000106811523,99.0,96.28771780178832,95.65021780178833,1.2,98.7,Europe,LIE,High income
Liechtenstein,2023,39.598,14.617000579833984,99.0,96.30085624530032,95.6633562453003,1.2,98.7,Europe,LIE,High income
Liechtenstein,2024,39.87,14.707000732421877,99.0,96.30085624530032,95.6633562453003,1.2,98.7,Europe,LIE,High income
Lithuania,2000,3500.402,66.98600006103516,84.26283272732752,81.99686090832213,72.27627682903862,-,76.0744072509498,Europe,LTU,High income
Lithuania,2001,3473.004,66.91899871826172,84.73127472079248,82.4403875531088,73.49765511054993,-,77.36835990902998,Europe,LTU,High income
Lithuania,2002,3444.05,66.8280029296875,85.1946973431147,82.87906639267884,74.71229380037528,-,78.65546477745593,Europe,LTU,High income
Lithuania,2003,3415.278,66.73699951171875,85.65986026455465,83.31941544727424,75.92997443318535,-,79.94582642400857,Europe,LTU,High income
Lithuania,2004,3376.699,66.64599609375,86.12676867881687,83.76143977268278,77.15070134737988,-,81.23944944823408,Europe,LTU,High income
Lithuania,2005,3322.263,66.63500213623047,86.61410612496404,84.22317201111427,78.40037822290493,-,82.5628410079121,Europe,LTU,High income
Lithuania,2006,3269.808,66.70600128173828,87.12002575101799,84.70284225474995,79.67560594003993,-,83.91233143416069,Europe,LTU,High income
Lithuania,2007,3231.374,66.7770004272461,87.62458974997173,85.18121149987721,80.9484617210028,-,85.2592824188092,Europe,LTU,High income
Lithuania,2008,3198.481,66.8479995727539,88.12779549496368,85.6582771913988,82.21894323785207,-,86.60369151354574,Europe,LTU,High income
Lithuania,2009,3163.254,66.84200286865234,88.66765613677084,86.3796912234894,83.72099410693403,-,87.92555293425212,Europe,LTU,High income
Lithuania,2010,3097.72,66.75699615478516,89.19414770606588,87.09383257126602,85.11602580049389,-,89.12722032885105,Europe,LTU,High income
Lithuania,2011,3028.642,66.74100494384766,89.73548613461244,87.82954754931305,86.27858844232304,-,90.07775923900233,Europe,LTU,High income
Lithuania,2012,2988.329,66.86399841308594,90.30097050813062,88.59254493223767,87.47571257224082,-,91.05593757973487,Europe,LTU,High income
Lithuania,2013,2958.36,66.98600006103516,90.8648178620678,89.3577394379647,88.67400208655373,-,92.02817451420721,Europe,LTU,High income
Lithuania,2014,2933.168,67.10800170898438,91.42719353059752,90.13118583576244,89.07703923380448,-,92.16581074733163,Europe,LTU,High income
Lithuania,2015,2905.764,67.22999572753906,91.98808214862817,90.90495364172055,89.48129973214574,-,92.30386867187397,Europe,LTU,High income
Lithuania,2016,2869.11,67.36599731445312,92.54918364649276,91.6807188063557,89.88924551063047,-,92.44480720910026,Europe,LTU,High income
Lithuania,2017,2829.313,67.51599884033203,93.1100410366065,92.45803677957046,90.30093287037906,-,92.58869523728443,Europe,LTU,High income
Lithuania,2018,2802.478,67.67900085449219,93.6701055685758,93.23636989743872,90.71625148942462,-,92.73543413686359,Europe,LTU,High income
Lithuania,2019,2795.058,67.8550033569336,94.22894371433844,94.0152921791408,91.13525141847812,-,92.88508443457168,Europe,LTU,High income
Lithuania,2020,2795.765,68.0459976196289,94.78628476989302,94.774413393459,91.53857400430489,-,93.0380761530839,Europe,LTU,High income
Lithuania,2021,2794.488,68.2490005493164,95.34143642313744,95.33326898030477,91.74952364019974,-,93.1939456736609,Europe,LTU,High income
Lithuania,2022,2816.919,68.46500396728516,95.89405176631772,95.88960497279542,91.96332832641738,-,93.35293643553935,Europe,LTU,High income
Lithuania,2023,2854.099,68.69400024414062,96.38484095527583,96.38413228225008,92.12678467325867,-,93.51511662292862,Europe,LTU,High income
Lithuania,2024,2859.11,68.93600463867188,96.39656459623824,96.39656459623824,92.17212709987989,-,93.56047374940283,Europe,LTU,High income
Luxembourg,2000,436.132,84.21599578857422,97.69018598752828,92.21338720389365,90.737335669805,3.012903480562615,96.9542415878292,Europe,LUX,High income
Luxembourg,2001,441.752,84.8429946899414,97.68316460089,92.26105292123982,90.84268784581782,2.894313868658991,97.07424308378425,Europe,LUX,High income
Luxembourg,2002,446.389,85.29899597167969,97.67824324639469,92.29612335327838,90.91930228664185,2.807614238814432,97.1615112035419,Europe,LUX,High income
Luxembourg,2003,451.838,85.74299621582031,97.67342766281992,92.33024766086788,90.99389690722055,2.723195902432355,97.24647890230565,Europe,LUX,High income
Luxembourg,2004,458.296,86.17699432373047,97.66870937218144,92.36359175891415,91.06682164424576,2.640679451164542,97.32954377267784,Europe,LUX,High income
Luxembourg,2005,465.363,86.5979995727539,97.66410727546868,92.39591317498753,91.13755433534344,2.560633233480583,97.41011240811862,Europe,LUX,High income
Luxembourg,2006,472.866,87.00900268554688,97.65959858102406,92.42745028276374,91.20660948851867,2.482489916789425,97.48876995944296,Europe,LUX,High income
Luxembourg,2007,480.27,87.40900421142578,97.65519650264515,92.45812965283756,91.27382021442378,2.406437337884826,97.56532639221643,Europe,LUX,High income
Luxembourg,2008,488.99,87.80000305175781,97.65086534855676,92.48809111640624,91.3395108819011,2.332096077364566,97.64015192864723,Europe,LUX,High income
Luxembourg,2009,498.187,88.1780014038086,97.646673581353,92.517051652341,91.40302415307251,2.260226499123097,97.7124968252271,Europe,LUX,High income
Luxembourg,2010,507.41,88.5469970703125,97.642561725648,92.54530249356894,91.465022182154,2.190069302684953,97.78311591708415,Europe,LUX,High income
Luxembourg,2011,518.584,88.906005859375,97.63854532201366,92.57277283935798,91.5253410909459,2.12181145665906,97.85182244587318,Europe,LUX,High income
Luxembourg,2012,530.947,89.2490005493164,97.6347032194608,92.59901403076404,91.58296901556281,2.05659632606211,97.91746394492947,Europe,LUX,High income
Luxembourg,2013,543.354,89.5739974975586,97.63106826761054,92.91117596921583,91.9241222082402,1.994804941018646,97.97966116808279,Europe,LUX,High income
Luxembourg,2014,556.279,89.88400268554688,97.62760411873244,93.22292417858164,92.26353276653062,1.935863608115173,98.03899264378582,Europe,LUX,High income
Luxembourg,2015,569.536,90.1790008544922,97.62430355774508,93.53423084660014,92.60116650608707,1.87977471880165,98.09544623226155,Europe,LUX,High income
Luxembourg,2016,583.506,90.45999908447266,97.62116801500034,93.84516670748212,92.93718294114255,1.826347955881323,98.14922648240228,Europe,LUX,High income
Luxembourg,2017,596.495,90.7270050048828,97.61818839603497,94.15570447760167,93.27154998195715,1.775583214990112,98.20032216051816,Europe,LUX,High income
Luxembourg,2018,608.101,90.9810028076172,97.6153595742426,94.46591079485944,93.60442367731521,1.727290065526057,98.24893145377155,Europe,LUX,High income
Luxembourg,2019,620.163,91.2229995727539,97.61267774054367,94.77585532908432,93.93596345709769,1.681278308216012,98.29525384344471,Europe,LUX,High income
Luxembourg,2020,630.597,91.45299530029295,97.6101288941599,95.08550796143052,94.2661345450675,1.637548925477744,98.33927217979073,Europe,LUX,High income
Luxembourg,2021,640.274,91.6719970703125,97.60770172763408,95.39493379013756,94.59509305366099,1.595910351754752,98.38117996879659,Europe,LUX,High income
Luxembourg,2022,653.313,91.8810043334961,97.6053918019199,95.7042058971878,94.9230029124745,1.556172296853769,98.42117657691375,Europe,LUX,High income
Luxembourg,2023,665.098,92.0780029296875,97.60323047995576,96.01315592901268,95.24950207911674,1.518716590836541,98.45888027208035,Europe,LUX,High income
Luxembourg,2024,673.036,92.26599884033205,97.60117390959364,96.3220039091808,95.5750911976903,1.482972204832527,98.49486132353917,Europe,LUX,High income
Madagascar,2000,16516.338,27.121002197265625,3.824522819759972,3.169428977542379,<1,1.780733559773063,<1,Africa,MDG,Low income
Madagascar,2001,17032.939,27.39099884033203,4.276235273668612,3.564404921963655,<1,1.968135698988632,<1,Africa,MDG,Low income
Madagascar,2002,17549.913,27.66300201416016,4.729024859325664,3.959677477052351,<1,2.158307607895403,<1,Africa,MDG,Low income
Madagascar,2003,18071.854,27.935998916625977,5.183444845067486,4.355391723180602,<1,2.351215564041004,<1,Africa,MDG,Low income
Madagascar,2004,18606.608,28.211000442504883,5.638795037520124,4.751172253419331,<1,2.546942254203267,<1,Africa,MDG,Low income
Madagascar,2005,19159.707,28.81399917602539,6.12117413127887,5.165354053343855,<1,2.769250336859772,<1,Africa,MDG,Low income
Madagascar,2006,19730.909,29.42500114440918,6.60626042533301,5.580290236997048,<1,2.998106571345969,<1,Africa,MDG,Low income
Madagascar,2007,20318.583,30.042999267578125,7.094046083139752,5.995960615725919,<1,3.233545560353769,<1,Africa,MDG,Low income
Madagascar,2008,20923.84,30.669998168945312,7.584774140064825,6.412517096358094,<1,3.475845688095283,<1,Africa,MDG,Low income
Madagascar,2009,21547.28,31.301000595092773,8.078091726901288,6.829709987151213,<1,3.724678015812344,<1,Africa,MDG,Low income
Madagascar,2010,22183.34,31.937997817993164,8.574232641068283,7.247689055243621,<1,3.980295501767585,<1,Africa,MDG,Low income
Madagascar,2011,22822.3,32.58000183105469,9.073173779186464,7.666432130009068,<1,4.242684708216044,<1,Africa,MDG,Low income
Madagascar,2012,23462.438,33.22700119018555,9.574977376684735,8.085974483869611,<1,4.51191912780205,<1,Africa,MDG,Low income
Madagascar,2013,24109.29,33.87799835205078,10.07961084333941,8.506291502846096,<1,4.787960374694148,<1,Africa,MDG,Low income
Madagascar,2014,24764.348,34.53400039672852,10.58722972774916,8.927479187028155,<1,5.070984723390399,<1,Africa,MDG,Low income
Madagascar,2015,25426.702,35.19300079345703,11.09769847550326,9.34945078956545,<1,5.360821443009503,<1,Africa,MDG,Low income
Madagascar,2016,26099.952,35.85599899291992,11.61117080383412,9.77230171585027,<1,5.657642081379897,1.034026662215579,Africa,MDG,Low income
Madagascar,2017,26788.375,36.52199935913086,12.12760264424954,10.19600552559062,<1,5.961374022778744,1.069201399245728,Africa,MDG,Low income
Madagascar,2018,27494.926,37.19100189208984,12.64704520037201,10.62059478037717,<1,6.272060730071638,1.105082624387093,Africa,MDG,Low income
Madagascar,2019,28219.554,37.86100006103516,13.16933754839972,11.04597681495928,<1,6.589463953086013,1.141639824409473,Africa,MDG,Low income
Madagascar,2020,28953.556,38.53400039672852,13.69473904055026,11.47231033299644,<1,6.913891503913373,1.17891048737242,Africa,MDG,Low income
Madagascar,2021,29691.083,39.20700073242188,14.22296634423321,11.89943320477736,<1,7.244932046058659,1.216843331527151,Africa,MDG,Low income
Madagascar,2022,30437.261,39.88199996948242,14.75428490474989,12.32750802640859,<1,7.582900507815142,1.25547668745575,Africa,MDG,Low income
Madagascar,2023,31195.932,40.555999755859375,15.2883891812498,12.75636399070696,<1,7.927339696879791,1.294754574533673,Africa,MDG,Low income
Madagascar,2024,31964.956,41.23099899291992,15.36714699677537,12.80169313145045,<1,8.036183841512164,1.307926552419197,Africa,MDG,Low income
Malawi,2000,11315.942,14.609999656677246,9.351191745652098,7.831087226724703,<1,2.444576296268443,1.987985821663958,Africa,MWI,Low income
Malawi,2001,11593.058,14.697999954223633,9.353027589114893,7.839982767224245,<1,2.45363265358612,1.963147785728249,Africa,MWI,Low income
Malawi,2002,11880.44,14.78600025177002,9.354806087245828,7.84712476223005,<1,2.454759471820369,1.938338947264833,Africa,MWI,Low income
Malawi,2003,12181.574,14.875000953674316,9.356701065777186,7.854267831002325,<1,2.456195810473898,1.913609147404311,Africa,MWI,Low income
Malawi,2004,12500.737,14.96399974822998,9.358538445681262,7.861288700142444,<1,2.45783856475848,1.888908917378135,Africa,MWI,Low income
Malawi,2005,12840.031,15.053998947143556,11.6430173155279,10.06081082192328,<1,2.459795598107544,1.864288394639352,Africa,MWI,Low income
Malawi,2006,13198.701,15.143999099731444,13.91951826666373,12.25262335068591,<1,2.461961441199973,1.839697776845556,Africa,MWI,Low income
Malawi,2007,13576.343,15.234999656677246,16.1881872542677,14.43682170960433,<1,2.464446142026707,1.815187560997389,Africa,MWI,Low income
Malawi,2008,13976.417,15.32599925994873,18.44886562975895,16.6132982777683,<1,2.467142166391566,1.790707670639737,Africa,MWI,Low income
Malawi,2009,14395.788,15.429000854492188,20.70300119164327,18.78290142898693,<1,2.471395773715364,1.766866784656775,Africa,MWI,Low income
Malawi,2010,14826.463,15.544000625610352,22.950220782325,20.94526729861125,<1,2.477248632397143,1.743670846758871,Africa,MWI,Low income
Malawi,2011,15265.022,15.67199993133545,25.19025079730829,23.10008212802899,<1,2.484857052514007,1.721176887282857,Africa,MWI,Low income
Malawi,2012,15709.577,15.812000274658203,27.42260210084119,25.24691576556667,<1,2.494150995307565,1.699340389618189,Africa,MWI,Low income
Malawi,2013,16161.816,15.965999603271484,29.6470619671529,27.38546712862968,<1,2.505405307494181,1.678269862272531,Africa,MWI,Low income
Malawi,2014,16621.538,16.131999969482422,31.86305954783821,29.51527351600726,<1,2.518433198913367,1.657869303747385,Africa,MWI,Low income
Malawi,2015,17085.587,16.312999725341797,34.07040358503553,31.63600757291479,<1,2.533633892489636,1.638299933205241,Africa,MWI,Low income
Malawi,2016,17557.739,16.506000518798828,36.26848980707885,33.74722135243346,<1,2.550698366452901,1.619413400643626,Africa,MWI,Low income
Malawi,2017,18039.715,16.714000701904297,38.45706614780877,35.84852807344403,<1,2.57003336787845,1.601372132166895,Africa,MWI,Low income
Malawi,2018,18528.081,16.937000274658203,40.63567419885326,37.93948127719592,<1,2.591690418369677,1.584183299908223,Africa,MWI,Low income
Malawi,2019,19025.752,17.173999786376953,42.80383845631555,40.01966444293265,<1,2.615598456300176,1.567802183993777,Africa,MWI,Low income
Malawi,2020,19533.888,17.427000045776367,44.9611479828173,42.08858327642225,<1,2.642055963510953,1.552340827441443,Africa,MWI,Low income
Malawi,2021,20047.258,17.69499969482422,47.10712773274552,44.14582187192148,<1,2.670992473643554,1.537754520437278,Africa,MWI,Low income
Malawi,2022,20568.728,17.979999542236328,49.24128794644508,46.19080911895318,<1,2.702715150551753,1.5241566096816,Africa,MWI,Low income
Malawi,2023,21104.482,18.279998779296875,49.23687867184,46.17241280533666,<1,2.740900204418514,1.540023680172078,Africa,MWI,Low income
Malawi,2024,21655.286,18.59800148010254,49.23220904482618,46.15291663445013,<1,2.78137665176641,1.556842929799314,Africa,MWI,Low income
Malaysia,2000,22967.816,61.97699737548828,93.09003030930708,76.42103235058497,62.30446911919911,25.74530791746679,69.29347996132105,Western Pacific,MYS,Upper middle income
Malaysia,2001,23526.538,62.922000885009766,93.271833713747,76.5968564155683,62.30548691630155,25.74530791746679,69.29347996132105,Western Pacific,MYS,Upper middle income
Malaysia,2002,24102.477,63.85599899291992,93.4499785457309,76.76914034505751,62.30649281278055,25.74530791746679,69.29347996132105,Western Pacific,MYS,Upper middle income
Malaysia,2003,24679.602,64.7800064086914,93.6245544667529,76.93797068862669,62.30748805086215,25.74530791746679,69.29347996132105,Western Pacific,MYS,Upper middle income
Malaysia,2004,25256.772,65.69400024414062,93.79561453104051,77.10339880189498,62.308472717366,25.74530791746679,69.29347996132105,Western Pacific,MYS,Upper middle income
Malaysia,2005,25836.071,66.59400177001953,93.96309193192953,77.26536096476568,62.30944240020193,25.74530791746679,69.29347996132105,Western Pacific,MYS,Upper middle income
Malaysia,2006,26417.909,67.48300170898438,94.1271404616595,77.4240053360201,62.31040057282296,25.74530791746679,69.29347996132105,Western Pacific,MYS,Upper middle income
Malaysia,2007,26998.389,68.36000061035156,94.28780307742598,77.5793737445327,62.31134618396479,25.74530791746679,69.29347996132105,Western Pacific,MYS,Upper middle income
Malaysia,2008,27570.059,69.2249984741211,94.44512442567031,77.91324424015652,62.4880197866818,25.74530791746679,69.29347996132105,Western Pacific,MYS,Upper middle income
Malaysia,2009,28124.778,70.07499694824219,94.59910983961512,78.24429635522301,62.66468275729224,25.74530791746679,69.29347996132105,Western Pacific,MYS,Upper middle income
Malaysia,2010,28655.776,70.91199493408203,94.7498776690501,78.7233755609937,63.70750366135257,25.35808798435494,70.24857868231175,Western Pacific,MYS,Upper middle income
Malaysia,2011,29162.039,71.60900115966797,94.89502710767258,79.20077370327157,64.75503605434612,24.9708680512432,71.20367740330244,Western Pacific,MYS,Upper middle income
Malaysia,2012,29662.831,72.2750015258789,95.03721529777178,79.67903191270256,65.80740251926717,24.58364811813135,72.1587761242929,Western Pacific,MYS,Upper middle income
Malaysia,2013,30174.265,72.93000030517578,95.17692344342387,80.1586033568827,66.86462585567375,24.1964281850195,73.11387484528359,Western Pacific,MYS,Upper middle income
Malaysia,2014,30696.137,73.57699584960938,95.314250824297,80.63957457026838,67.92670938098185,23.80920825190765,74.06897356627428,Western Pacific,MYS,Upper middle income
Malaysia,2015,31232.798,74.21299743652344,95.44919281770343,81.12193228954635,68.99364911571054,23.4219883187958,75.02407228726474,Western Pacific,MYS,Upper middle income
Malaysia,2016,31789.685,74.83999633789062,95.58183875117038,81.6057541686251,70.06544721765654,23.03476838568395,75.97917100825543,Western Pacific,MYS,Upper middle income
Malaysia,2017,32355.644,75.4469985961914,95.71213934694543,82.0909851298789,71.14208910821198,22.64754845257221,76.93426972924613,Western Pacific,MYS,Upper middle income
Malaysia,2018,32910.967,76.03600311279297,95.80871791773583,82.7159182520221,72.22356606248643,21.89620659198067,77.88936845023682,Western Pacific,MYS,Upper middle income
Malaysia,2019,33440.596,76.60700225830078,95.93567943551,83.40901388143476,73.30989840487707,21.07235503766334,78.84446717122728,Western Pacific,MYS,Upper middle income
Malaysia,2020,33889.558,77.16000366210938,95.99664493919732,84.07388676451293,74.40105369993546,20.17982557522014,79.79956589221797,Western Pacific,MYS,Upper middle income
Malaysia,2021,34282.399,77.69599914550781,96.01734676213827,84.72340140648991,75.49709521785448,19.24533374600769,80.75466461320866,Western Pacific,MYS,Upper middle income
Malaysia,2022,34695.493,78.21400451660156,96.01826362722876,85.36776442691941,76.59800003903361,18.29023995333162,81.70976333419912,Western Pacific,MYS,Upper middle income
Malaysia,2023,35126.298,78.71599578857422,96.01914401523489,85.57706451932152,76.80596967298834,18.29023624321862,81.70976333419912,Western Pacific,MYS,Upper middle income
Malaysia,2024,35557.673,79.20100402832031,96.01999936887802,85.7863441595325,77.01391912523394,18.2902376215545,81.70976333419912,Western Pacific,MYS,Upper middle income
Maldives,2000,282.019,27.70599937438965,76.12041809215476,,-,45.52348173760002,25.96243543565654,South-East Asia,MDV,Upper middle income
Maldives,2001,286.767,28.85900115966797,77.31389172748551,,-,44.27581520394727,28.78052721328499,South-East Asia,MDV,Upper middle income
Maldives,2002,291.616,30.0419979095459,78.49094145218476,,-,43.01871813986929,31.58612892571988,South-East Asia,MDV,Upper middle income
Maldives,2003,296.491,31.251998901367188,79.65005948909045,,-,41.75394268509645,34.37539002318918,South-East Asia,MDV,Upper middle income
Maldives,2004,301.413,32.4900016784668,80.7906424264184,,-,40.48119340433467,37.14779693380861,South-East Asia,MDV,Upper middle income
Maldives,2005,306.429,33.75,81.9107386991057,,-,39.20370353295502,39.89737038756632,South-East Asia,MDV,Upper middle income
Maldives,2006,313.851,34.79399871826172,82.96784196111048,,-,38.04078234671368,42.44336990572329,South-East Asia,MDV,Upper middle income
Maldives,2007,324.479,35.20000076293945,83.89837171398457,,-,37.20094509944611,44.48440781762044,South-East Asia,MDV,Upper middle income
Maldives,2008,336.17,35.61000061035156,84.96316319241839,,-,36.36120390405696,46.51528785816284,South-East Asia,MDV,Upper middle income
Maldives,2009,348.275,36.020999908447266,86.02316874465106,,-,35.52306293368813,48.53369482315679,South-East Asia,MDV,Upper middle income
Maldives,2010,360.792,36.43400192260742,87.07847211845586,,-,34.68604220816739,50.54026995731823,South-East Asia,MDV,Upper middle income
Maldives,2011,373.674,36.849002838134766,88.12899336305101,,-,33.85015907153112,52.53491903320359,South-East Asia,MDV,Upper middle income
Maldives,2012,386.818,37.266998291015625,89.17476408697763,,-,33.01494058104553,54.51820295483454,South-East Asia,MDV,Upper middle income
Maldives,2013,400.07,37.685001373291016,90.21534334492416,,-,32.15980388909316,56.48805503837825,South-East Asia,MDV,Upper middle income
Maldives,2014,413.617,38.10599899291992,91.25099604975298,,-,31.26510738637745,58.44634390189514,South-East Asia,MDV,Upper middle income
Maldives,2015,428.154,38.52899932861328,92.28153122247616,,-,30.37023321312625,60.39232302919947,South-East Asia,MDV,Upper middle income
Maldives,2016,443.308,38.95399856567383,93.30684693981352,,-,29.47517824060238,62.32588901776801,South-East Asia,MDV,Upper middle income
Maldives,2017,458.287,39.37999725341797,94.32680323219812,,-,28.77410536125283,64.2463794362742,South-East Asia,MDV,Upper middle income
Maldives,2018,473.099,39.80799865722656,95.34138709156224,,-,28.13361905253703,66.05366802968203,South-East Asia,MDV,Upper middle income
Maldives,2019,487.731,40.23799896240234,96.35051804911164,,-,27.49843287280167,67.75831580188824,South-East Asia,MDV,Upper middle income
Maldives,2020,502.118,40.66899871826172,97.12136363981672,,-,26.8690399185196,69.37312216887481,South-East Asia,MDV,Upper middle income
Maldives,2021,516.154,41.10200119018555,97.86410040750292,,-,26.24502003912039,70.95145777017518,South-East Asia,MDV,Upper middle income
Maldives,2022,524.106,41.5359992980957,98.59622129348264,,-,25.62685607255944,72.51034365546917,South-East Asia,MDV,Upper middle income
Maldives,2023,525.994,41.97100067138672,99.0,,-,25.01456676415261,74.0497120680273,South-East Asia,MDV,Upper middle income
Maldives,2024,527.799,42.40700149536133,99.0,,-,24.40817367420586,75.56948602428444,South-East Asia,MDV,Upper middle income
Mali,2000,11559.29,28.356000900268555,17.33361776975687,7.003196588273308,1.10133751225304,1.318085299348329,3.79358916408621,Africa,MLI,Low income
Mali,2001,11912.158,29.07499885559082,18.53662882940771,7.637858279609683,1.080252313608946,1.33697078769945,3.702477072082625,Africa,MLI,Low income
Mali,2002,12288.05,29.80599975585937,19.74785257610626,8.267633679906458,1.05893569363184,1.366156006758317,3.611138063949778,Africa,MLI,Low income
Mali,2003,12684.955,30.546998977661133,20.96660838547352,8.892137673731659,1.037350473923657,1.395393097323507,3.519447112404852,Africa,MLI,Low income
Mali,2004,13102.409,31.299999237060547,22.19327365642401,9.510941750837716,1.015507717118808,1.424729455080443,3.427488695720445,Africa,MLI,Low income
Mali,2005,13538.647,32.060001373291016,23.42640998068758,10.12377436873472,<1,1.45403153145923,3.334988391671052,Africa,MLI,Low income
Mali,2006,13990.139,32.832000732421875,24.66716608251446,10.73012058287445,<1,1.483423995920468,3.242183655231405,Africa,MLI,Low income
Mali,2007,14457.775,33.61199951171875,25.91438284999917,11.32972851087029,<1,1.512800242066116,3.148855629255584,Africa,MLI,Low income
Mali,2008,14940.782,34.40299987792969,27.16867157848984,11.92208405848717,<1,1.54223250279337,3.055136208833577,Africa,MLI,Low income
Mali,2009,15435.539,35.20000076293945,28.4286615146563,12.49335114114366,<1,1.85448562386911,2.960764660694581,Africa,MLI,Low income
Mali,2010,15945.198,35.999000549316406,29.69328564248044,13.05626342480954,<1,2.179404825077128,2.865539788508197,Africa,MLI,Low income
Mali,2011,16469.049,36.79899978637695,30.96223728125074,13.61065733496531,<1,2.516988455263497,2.769410890922275,Africa,MLI,Low income
Mali,2012,16957.033,37.5989990234375,32.23522270480234,14.15640116321271,<1,2.867203384784701,2.672329768765905,Africa,MLI,Low income
Mali,2013,17459.615,38.39799880981445,33.51195964612345,14.69339557493763,<1,3.229984868450598,2.574250535367472,Africa,MLI,Low income
Mali,2014,18020.267,39.19599914550781,34.79240797049436,15.22147352756796,<1,3.605309048749833,2.475174888286702,Africa,MLI,Low income
Mali,2015,18593.022,39.99100112915039,36.07608215667184,15.74069330414386,<1,3.992991666143058,2.37501558069795,Africa,MLI,Low income
Mali,2016,19191.289,40.78300094604492,37.36295858141023,16.250939842601,<1,4.392960964140032,2.273777546741092,Africa,MLI,Low income
Mali,2017,19813.011,41.571998596191406,38.65302018700826,16.75209941698023,<1,4.805146610600875,2.171466529690055,Africa,MLI,Low income
Mali,2018,20442.03,42.35599899291992,39.94581528758088,17.24433751052574,<1,5.229268277721784,2.0680017316637,Africa,MLI,Low income
Mali,2019,21068.405,43.13600158691406,41.24156366884588,17.72745203728472,<1,5.665320868635996,1.963434867739599,Africa,MLI,Low income
Mali,2020,21713.836,43.90900039672852,42.5396302417606,18.20183227852239,<1,6.112848360660186,1.857647508669648,Africa,MLI,Low income
Mali,2021,22388.63,44.677001953125,43.84044773804847,18.65838754736261,<1,6.571941663415984,1.797962414351048,Africa,MLI,Low income
Mali,2022,23072.64,45.4370002746582,45.14342153830329,19.10378155122108,<1,7.042074561524073,1.750460304116641,Africa,MLI,Low income
Mali,2023,23769.127,46.189002990722656,46.44858407493606,19.5408414085671,<1,7.523057822955726,1.700051549075991,Africa,MLI,Low income
Mali,2024,24478.595,46.93399810791016,47.75616769525663,20.00905265976462,<1,7.630106025408965,1.727472297266789,Africa,MLI,Low income
Malta,2000,399.895,92.36800384521484,99.0,1.976696654280374,<1,-,97.97250439660036,Europe,MLT,High income
Malta,2001,402.784,92.64099884033205,99.0,2.703548008062159,<1,-,98.01679536267689,Europe,MLT,High income
Malta,2002,405.565,92.9050064086914,99.0,8.305325586249563,6.417512825092826,-,98.06108632875343,Europe,MLT,High income
Malta,2003,408.226,93.15999603271484,99.0,13.91221644602945,12.06882851179656,-,98.10537729482998,Europe,MLT,High income
Malta,2004,410.798,93.40699768066406,99.0,19.52420134640253,17.72524430325442,-,98.14966826090651,Europe,MLT,High income
Malta,2005,413.32,93.64500427246094,99.0,25.14129891562697,23.38676019946466,-,98.19395922698305,Europe,MLT,High income
Malta,2006,415.454,93.78399658203124,99.0,30.76354262775508,29.05337620042546,-,98.2382501930596,Europe,MLT,High income
Malta,2007,417.197,93.85700225830078,99.0,36.39093128723835,34.7250923061404,-,98.28254115913613,Europe,MLT,High income
Malta,2008,418.969,93.9290008544922,99.0,42.02341540937589,40.40190851660772,-,98.32683212521268,Europe,MLT,High income
Malta,2009,420.795,94.0009994506836,99.0,47.6610012079212,46.08382483182739,-,98.3711230912892,Europe,MLT,High income
Malta,2010,422.651,94.0719985961914,99.0,53.30368647115755,51.77084125179762,-,98.41541405736575,Europe,MLT,High income
Malta,2011,424.628,94.14099884033205,99.0,58.95618366071364,57.46295777652201,-,98.4597050234423,Europe,MLT,High income
Malta,2012,426.611,94.21099853515624,99.0,64.61378348073038,63.16017440599875,-,98.50399598951883,Europe,MLT,High income
Malta,2013,428.452,94.27899932861328,99.0,70.27649206246187,68.86249114022607,-,98.54828695559537,Europe,MLT,High income
Malta,2014,434.485,94.34700012207033,99.0,75.94430611483251,74.56990797920754,-,98.59257792167192,Europe,MLT,High income
Malta,2015,444.981,94.41400146484376,99.0,81.6172294658422,80.28242492294136,-,98.63686888774845,Europe,MLT,High income
Malta,2016,455.269,94.4800033569336,99.0,87.29526066290578,86.00004197142755,-,98.681159853825,Europe,MLT,High income
Malta,2017,467.902,94.54600524902344,99.0,92.97839797296707,91.72275912466431,-,98.72545081990154,Europe,MLT,High income
Malta,2018,484.558,94.61199951171876,99.0,98.66663976426388,97.45057638265519,-,98.76974178597807,Europe,MLT,High income
Malta,2019,504.015,94.6780014038086,99.0,99.0,98.81403275205462,-,98.81403275205462,Europe,MLT,High income
Malta,2020,518.207,94.74400329589844,99.0,99.0,98.85832371813115,-,98.85832371813115,Europe,MLT,High income
Malta,2021,524.376,94.80999755859376,99.0,99.0,98.90261468420769,-,98.90261468420769,Europe,MLT,High income
Malta,2022,528.192,94.875,99.0,99.0,98.94690565028424,-,98.94690565028424,Europe,MLT,High income
Malta,2023,532.956,94.94100189208984,99.0,99.0,98.99119661636077,-,98.99119661636077,Europe,MLT,High income
Malta,2024,539.607,95.0060043334961,99.0,99.0,>99,-,>99,Europe,MLT,High income
Marshall Islands,2000,50.706,68.58000183105469,74.72755354092773,,-,18.15985897309026,44.1541403393778,Western Pacific,MHL,Upper middle income
Marshall Islands,2001,51.123,69.10099792480469,74.89837063146783,,-,18.14264325342911,44.48957864911364,Western Pacific,MHL,Upper middle income
Marshall Islands,2002,51.425,69.61799621582031,75.06787604104011,,-,18.12555984187021,44.82244073108657,Western Pacific,MHL,Upper middle income
Marshall Islands,2003,51.639,70.1300048828125,75.23574199059789,,-,18.10864103893494,45.15208584954267,Western Pacific,MHL,Upper middle income
Marshall Islands,2004,51.791,70.63700103759766,75.40196443350749,,-,18.09188727135408,45.4785059825514,Western Pacific,MHL,Upper middle income
Marshall Islands,2005,51.906,71.13800048828125,75.78266626193256,,-,19.3633218779981,45.63248564773823,Western Pacific,MHL,Upper middle income
Marshall Islands,2006,51.992,71.63500213623047,76.0448233755654,,-,20.62114499208628,45.78152599176963,Western Pacific,MHL,Upper middle income
Marshall Islands,2007,52.035,72.1259994506836,76.29606463324622,,-,21.86567606883733,45.93198010970976,Western Pacific,MHL,Upper middle income
Marshall Islands,2008,52.03,72.61299896240234,76.53710742890253,,-,23.09698396908454,46.15138651047103,Western Pacific,MHL,Upper middle income
Marshall Islands,2009,52.019,73.0929946899414,76.76720352210877,,-,24.31554363108155,46.36120497395959,Western Pacific,MHL,Upper middle income
Marshall Islands,2010,52.044,73.56800079345703,76.98706803191102,,-,25.52141019869814,46.56278640657928,Western Pacific,MHL,Upper middle income
Marshall Islands,2011,51.907,74.03800201416016,77.19683261865494,,-,26.71479455455938,46.75621823558369,Western Pacific,MHL,Upper middle income
Marshall Islands,2012,51.419,74.49800109863281,77.39534346680745,,-,27.89662016291329,46.93852304408512,Western Pacific,MHL,Upper middle income
Marshall Islands,2013,50.681,74.94599914550781,77.58238786997367,,-,29.06761710596938,47.10865923894903,Western Pacific,MHL,Upper middle income
Marshall Islands,2014,49.796,75.38400268554688,77.75875594937868,,-,30.22793937237042,47.26801422010865,Western Pacific,MHL,Upper middle income
Marshall Islands,2015,48.8,75.81099700927734,77.9244886482311,,-,31.37818767480145,47.4161461015841,Western Pacific,MHL,Upper middle income
Marshall Islands,2016,47.709,76.22799682617188,78.08011394704744,,-,32.5186206262623,47.55383527762758,Western Pacific,MHL,Upper middle income
Marshall Islands,2017,46.529,76.63400268554688,78.22569741216971,,-,33.64986544070903,47.68065636812927,Western Pacific,MHL,Upper middle income
Marshall Islands,2018,45.285,77.03099822998047,78.36191743345759,,-,34.7719229986831,47.79792873451934,Western Pacific,MHL,Upper middle income
Marshall Islands,2019,44.007,77.41699981689453,78.48865964357098,,-,35.88564862314908,47.90466197870172,Western Pacific,MHL,Upper middle income
Marshall Islands,2020,42.706,77.79399871826172,78.60658233690476,,-,36.99099212507263,48.00216957914964,Western Pacific,MHL,Upper middle income
Marshall Islands,2021,41.367,78.16200256347656,78.71591938077233,,-,38.08832065431759,48.09058814401532,Western Pacific,MHL,Upper middle income
Marshall Islands,2022,40.077,78.5199966430664,78.81677306586417,,-,39.17829614749899,48.16950796533138,Western Pacific,MHL,Upper middle income
Marshall Islands,2023,38.827,78.86800384521484,78.9094220356239,,-,40.26133030828803,48.23909380679346,Western Pacific,MHL,Upper middle income
Marshall Islands,2024,37.548,79.20800018310547,78.95856405435768,,-,40.16079249305326,48.42639802784648,Western Pacific,MHL,Upper middle income
Martinique,2001,417.147,89.63999938964844,97.82678978388306,,42.30821863707416,50.53155680281441,43.52697390645488,Americas,MTQ,
Martinique,2002,412.466,89.56600189208984,97.82678978388306,,42.30821863707416,50.53155680281441,43.52697390645488,Americas,MTQ,
Martinique,2003,408.406,89.49199676513672,97.82678978388306,,42.30821863707416,50.53155680281441,43.52697390645488,Americas,MTQ,
Martinique,2004,405.096,89.41699981689453,97.82678978388306,,42.30821863707416,50.53155680281441,43.52697390645488,Americas,MTQ,
Martinique,2005,401.847,89.34199523925781,97.82678978388306,,42.30821863707416,50.53155680281441,43.52697390645488,Americas,MTQ,
Martinique,2006,400.45,89.26599884033203,97.91892913129936,,42.46377702535388,50.61962865917218,43.68701340056981,Americas,MTQ,
Martinique,2007,400.807,89.1989974975586,98.0110684787156,,42.61933541363359,50.70770051552998,43.84705289468474,Americas,MTQ,
Martinique,2008,400.696,89.13999938964844,98.10320782613188,,42.77489380191324,50.79577237188778,44.00709238879961,Americas,MTQ,
Martinique,2009,399.521,89.09100341796875,98.19534717354814,,42.93045219019294,50.88384422824558,44.16713188291453,Americas,MTQ,
Martinique,2010,397.384,89.05000305175781,98.28748652096444,,43.08601057847265,50.97191608460338,44.32717137702946,Americas,MTQ,
Martinique,2011,394.565,89.01799774169922,98.3796258683807,,43.24156896675236,51.05998794096115,44.48721087114438,Americas,MTQ,
Martinique,2012,391.731,88.9949951171875,98.47176521579696,,43.57571635649304,51.14805979731895,44.64725036525925,Americas,MTQ,
Martinique,2013,389.466,88.98100280761719,98.56390456321324,,43.91114406218669,51.23613165367675,44.80728985937418,Americas,MTQ,
Martinique,2014,387.014,88.97699737548828,98.65604391062952,,44.24785208383327,51.32420351003455,44.96732935348911,Americas,MTQ,
Martinique,2015,383.731,88.98100280761719,98.74818325804578,,44.58584042143271,51.41227536639232,45.12736884760398,Americas,MTQ,
Martinique,2016,378.886,88.9949951171875,98.84032260546203,,44.92510907498517,51.50034722275012,45.2874083417189,Americas,MTQ,
Martinique,2017,371.502,89.01799774169922,98.93246195287834,,45.2656580444905,51.58841907910792,45.44744783583383,Americas,MTQ,
Martinique,2018,364.089,89.04899597167969,99.0,,45.6074873299487,51.67649093546572,45.6074873299487,Americas,MTQ,
Martinique,2019,359.611,89.09000396728516,99.0,,45.76752682406362,51.76456279182352,45.76752682406362,Americas,MTQ,
Martinique,2020,356.615,89.13999938964844,99.0,,45.92756631817855,51.85263464818129,45.92756631817855,Americas,MTQ,
Martinique,2021,353.278,89.197998046875,99.0,,46.08760581229342,51.94070650453909,46.08760581229342,Americas,MTQ,
Martinique,2022,349.459,89.26499938964844,99.0,,46.24764530640834,52.02877836089689,46.24764530640834,Americas,MTQ,
Martinique,2023,346.002,89.34100341796875,99.0,,46.40768480052327,52.11685021725469,46.40768480052327,Americas,MTQ,
Martinique,2024,343.195,89.42499542236328,99.0,,46.40768480052327,52.11685021725469,46.40768480052327,Americas,MTQ,
Mauritania,2000,2613.441,38.09099960327149,18.15297339416987,,-,11.12046513407804,<1,Africa,MRT,Lower middle income
Mauritania,2001,2678.76,38.615997314453125,19.30932736565767,,-,11.24918210465745,<1,Africa,MRT,Lower middle income
Mauritania,2002,2738.655,39.47999954223633,20.57599180232569,,-,11.46101534918947,1.131200093396145,Africa,MRT,Lower middle income
Mauritania,2003,2802.046,40.35100173950195,21.85192589185732,,-,11.67456303702211,1.311303140980907,Africa,MRT,Lower middle income
Mauritania,2004,2868.664,41.229000091552734,23.13721998102274,,-,11.88982862106717,1.496209015713668,Africa,MRT,Lower middle income
Mauritania,2005,2939.059,42.11100006103516,24.43097986792794,,-,12.10607317817376,1.685866414047649,Africa,MRT,Lower middle income
Mauritania,2006,3013.66,42.99800109863281,25.99971648973893,,-,12.46848515627143,1.880345272858265,Africa,MRT,Lower middle income
Mauritania,2007,3093.059,43.88999938964844,27.60376789049851,,-,12.81642572529545,2.0796844943844,Africa,MRT,Lower middle income
Mauritania,2008,3183.269,44.78799819946289,29.24445933278663,,-,13.14998427390709,2.283967081336874,Africa,MRT,Lower middle income
Mauritania,2009,3284.448,45.68600082397461,30.92059851866579,,-,13.46774133652769,2.492965084851499,Africa,MRT,Lower middle income
Mauritania,2010,3390.965,46.5880012512207,32.63451391057802,,-,13.77050186132691,2.706872369361315,Africa,MRT,Lower middle income
Mauritania,2011,3502.811,47.49300003051758,34.38676950268773,,-,14.05796685712635,2.925669128040217,Africa,MRT,Lower middle income
Mauritania,2012,3619.034,48.400001525878906,36.17789639606575,,-,14.32987535470027,3.149325720629172,Africa,MRT,Lower middle income
Mauritania,2013,3734.318,49.305999755859375,38.00755433966162,,-,14.58564938438309,3.377688624618561,Africa,MRT,Lower middle income
Mauritania,2014,3848.514,50.2030029296875,39.87314074013268,,-,14.82398795741436,3.61027847876755,Africa,MRT,Lower middle income
Mauritania,2015,3965.959,51.0890007019043,41.77426521837862,,-,15.04481259519099,3.84690068128231,Africa,MRT,Lower middle income
Mauritania,2016,4086.657,51.96200180053711,43.7104270690001,,-,15.24811866617919,4.08734068645548,Africa,MRT,Lower middle income
Mauritania,2017,4210.6,52.82400131225586,45.68284461708132,,-,15.43452761659637,4.331629628629147,Africa,MRT,Lower middle income
Mauritania,2018,4337.685,53.6719970703125,47.69043800541994,,-,15.60393659751231,4.579472000553941,Africa,MRT,Lower middle income
Mauritania,2019,4467.708,54.50699996948242,49.73390984363721,,-,15.75683849920838,4.830830275854266,Africa,MRT,Lower middle income
Mauritania,2020,4600.131,55.32699966430664,51.81247551253789,,-,15.89334984170775,5.085452401776656,Africa,MRT,Lower middle income
Mauritania,2021,4734.874,56.13300323486328,53.92676718706478,,-,16.01397041201014,5.343297607220822,Africa,MRT,Lower middle income
Mauritania,2022,4875.637,56.92300033569336,56.07584900780807,,-,16.1188785543191,5.604095456742154,Africa,MRT,Lower middle income
Mauritania,2023,5022.441,57.69900131225586,58.26083402329329,,-,16.20867038979701,5.867885231779355,Africa,MRT,Lower middle income
Mauritania,2024,5169.395,58.45800018310547,58.67692029593099,,-,16.27456043874727,5.930575642189998,Africa,MRT,Lower middle income
Mauritius,2000,1216.629,42.66999816894531,90.51944243953012,,13.16652545778611,5.349378411678269,18.71189638899128,Africa,MUS,Upper middle income
Mauritius,2001,1225.801,42.55900192260742,90.80109350788888,,13.48632623285639,5.353961923470113,19.11960463625372,Africa,MUS,Upper middle income
Mauritius,2002,1234.085,42.44700241088867,91.0831578826494,,13.80603151380731,5.358586460056224,19.52517662765495,Africa,MUS,Upper middle income
Mauritius,2003,1242.099,42.334999084472656,91.3656724156252,,14.12589932760181,5.363211131684213,19.92899167237862,Africa,MUS,Upper middle income
Mauritius,2004,1249.8,42.22299957275391,91.64864093237723,,14.44592443546954,5.367835588804263,20.33105498266418,Africa,MUS,Upper middle income
Mauritius,2005,1257.215,42.11199951171875,91.93209162632664,,14.73814976833022,5.372418917737891,20.7317814732562,Africa,MUS,Upper middle income
Mauritius,2006,1263.781,42.0,92.21597240372118,,15.02883467978552,5.377043666396334,21.13034373561624,Africa,MUS,Upper middle income
Mauritius,2007,1269.518,41.88899993896485,92.5003340946351,,15.31856615411892,5.381627025719609,21.52758565820701,Africa,MUS,Upper middle income
Mauritius,2008,1274.635,41.777000427246094,92.78512544256716,,15.60671710129654,5.386251634614752,21.92264602657192,Africa,MUS,Upper middle income
Mauritius,2009,1278.972,41.66600036621094,93.07039939557954,,15.893899996241,5.39083482197834,22.31640274047637,Africa,MUS,Upper middle income
Mauritius,2010,1282.709,41.55500030517578,93.35613342142096,,16.17979088318701,6.019446477063563,22.70842017167686,Africa,MUS,Upper middle income
Mauritius,2011,1286.267,41.44400024414063,93.64233022066556,,16.46437730593421,6.64845609875892,23.0986996869991,Africa,MUS,Upper middle income
Mauritius,2012,1289.17,41.33200073242188,93.92895733875204,,16.74730388117047,7.277909687492153,23.48676372660212,Africa,MUS,Upper middle income
Mauritius,2013,1290.984,41.22200012207031,94.2160990172905,,17.02958045828408,7.907667957727869,23.87404106451493,Africa,MUS,Upper middle income
Mauritius,2014,1292.005,41.11100006103516,94.5036776997777,,17.31017106461514,8.537870520902244,24.2591036756759,Africa,MUS,Upper middle income
Mauritius,2015,1292.275,41.0,94.7917221671352,,17.58940317400474,9.168471045036958,24.64242736390406,Africa,MUS,Upper middle income
Mauritius,2016,1291.803,40.90999984741211,95.08066492137472,,17.87490408445001,9.798338796092317,25.03464060295984,Africa,MUS,Upper middle income
Mauritius,2017,1290.655,40.84099960327149,95.37045621234223,,18.16703802867922,10.42736057640727,25.4362377930884,Africa,MUS,Upper middle income
Mauritius,2018,1288.833,40.792999267578125,95.66104365494336,,18.46616542489765,11.05542363550719,25.84770623456477,Africa,MUS,Upper middle income
Mauritius,2019,1286.27,40.76599884033203,95.95239528876462,,18.77266073497908,11.68241628716901,26.26955101119828,Africa,MUS,Upper middle income
Mauritius,2020,1283.223,40.7599983215332,96.2430585209024,,19.08688427439776,12.30822432121055,26.70225574851154,Africa,MUS,Upper middle income
Mauritius,2021,1279.623,40.775001525878906,96.52499882406406,,19.40920831582474,12.93273455148173,27.14631899468116,Africa,MUS,Upper middle income
Mauritius,2022,1276.13,40.810001373291016,96.80745785065056,,19.73959962399845,13.55589957321976,27.60167667717077,Africa,MUS,Upper middle income
Mauritius,2023,1273.588,40.867000579833984,97.09040860998508,,20.07922760753974,14.17747996301853,28.06992719514691,Africa,MUS,Upper middle income
Mauritius,2024,1271.169,40.94400024414063,97.37373911416444,,20.42765454654768,14.79749200842111,28.55044418911898,Africa,MUS,Upper middle income
Mayotte,2006,184.992,50.185001373291016,69.01885608527391,,-,35.26412082112869,7.18933900905904,Africa,MYT,
Mayotte,2007,190.761,50.137001037597656,69.01885608527391,,-,35.26412082112869,7.18933900905904,Africa,MYT,
Mayotte,2008,196.406,49.78100204467773,69.01885608527391,,-,35.26412082112869,7.18933900905904,Africa,MYT,
Mayotte,2009,201.895,49.36800003051758,69.01885608527391,,-,35.26412082112869,7.18933900905904,Africa,MYT,
Mayotte,2010,207.422,48.95400238037109,69.01885608527391,,-,35.26412082112869,7.18933900905904,Africa,MYT,
Mayotte,2011,212.978,48.54100036621094,72.94782429098996,,-,35.27022799447257,12.83329441732712,Africa,MYT,
Mayotte,2012,218.992,48.12799835205078,76.876792496706,,-,35.27633516781645,18.47724982559521,Africa,MYT,
Mayotte,2013,226.623,47.71500015258789,80.80576070242296,,-,35.28244234116033,24.12120523386329,Africa,MYT,
Mayotte,2014,235.775,47.33599853515625,84.734728908139,,-,35.28854951450421,29.76516064213138,Africa,MYT,
Mayotte,2015,245.579,46.98899841308594,88.66369711385505,,-,35.29465668784809,35.40911605039946,Africa,MYT,
Mayotte,2016,255.872,46.676002502441406,92.5926653195711,,-,35.30076386119197,41.05307145866755,Africa,MYT,
Mayotte,2017,265.164,46.39500045776367,96.52163352528714,,-,35.30687103453585,46.69702686693563,Africa,MYT,
Mayotte,2018,269.69,46.14799880981445,99.0,,-,35.31297820787974,52.34098227520371,Africa,MYT,
Mayotte,2019,274.911,45.93299865722656,99.0,,-,35.31908538122362,57.9849376834718,Africa,MYT,
Mayotte,2020,284.37,45.7509994506836,99.0,,-,35.31908538122362,57.9849376834718,Africa,MYT,
Mayotte,2021,294.421,45.60200119018555,99.0,,-,35.31908538122362,57.9849376834718,Africa,MYT,
Mayotte,2022,305.269,45.48600006103516,99.0,,-,35.31908538122362,57.9849376834718,Africa,MYT,
Mayotte,2023,316.015,45.40299987792969,99.0,,-,35.31908538122362,57.9849376834718,Africa,MYT,
Mayotte,2024,326.505,45.35200119018555,99.0,,-,35.31908538122362,57.9849376834718,Africa,MYT,
Mexico,2000,98625.552,74.72200012207031,79.2052351502487,17.73727978810815,11.40148650013893,13.71794421183357,66.65124173280839,Americas,MEX,Upper middle income
Mexico,2001,100099.099,75.04499816894531,79.91059932333506,17.83598757164846,11.52560594037288,13.89766535268023,67.36583234952101,Americas,MEX,Upper middle income
Mexico,2002,101548.624,75.36499786376953,80.6059707016954,17.93245584252823,11.6489811830074,14.07072620918937,68.07624299516523,Americas,MEX,Upper middle income
Mexico,2003,102978.515,75.68199920654297,81.2915094361491,19.88429644610451,13.48733473958802,14.23722526417998,68.78249419095786,Americas,MEX,Upper middle income
Mexico,2004,104394.131,75.99700164794922,81.96764853466384,21.86744440535874,15.36063292502401,14.39704657603539,69.48521262812356,Americas,MEX,Upper middle income
Mexico,2005,105811.504,76.30799865722656,82.63404686187297,23.88150208542556,17.26832928317521,14.55071648697749,70.1832549907363,Americas,MEX,Upper middle income
Mexico,2006,107253.666,76.61599731445312,83.29113805118605,25.92609315877905,19.21024453128815,14.69812820249766,70.87724557944831,Americas,MEX,Upper middle income
Mexico,2007,108774.36,76.92000579833984,83.9388749115264,28.00081475775801,21.18591798960113,14.83963589888421,71.5666405902074,Americas,MEX,Upper middle income
Mexico,2008,110374.288,77.22200012207031,84.57786813699265,30.10537068353345,23.19539426279923,14.9748467395367,72.25262596011831,Americas,MEX,Upper middle income
Mexico,2009,111999.721,77.52000427246094,85.20786796876074,32.23933532103707,25.23804155520692,15.10437867503856,72.93409206013091,Americas,MEX,Upper middle income
Mexico,2010,113623.895,77.81500244140625,85.82924959914645,34.40240238455013,27.31375790055457,15.22807778311394,73.61164327618619,Americas,MEX,Upper middle income
Mexico,2011,115243.504,78.11100006103516,86.44288018137347,36.59451592306076,29.42317977917557,15.34485930674297,74.2875664679803,Americas,MEX,Upper middle income
Mexico,2012,116818.208,78.40499877929688,87.04830096419194,38.81521844862357,31.56548970194481,15.45561201048183,74.96017588289925,Americas,MEX,Upper middle income
Mexico,2013,118343.573,78.6989974975586,87.64594872232637,41.06438422855241,33.74097347012361,15.55976572229462,75.63060405659664,Americas,MEX,Upper middle income
Mexico,2014,119784.261,78.99299621582031,88.23589267644793,43.34177435373698,35.94949815877676,15.65732089714877,76.29885538245873,Americas,MEX,Upper middle income
Mexico,2015,121072.306,79.28500366210938,88.81792582133534,45.64695498123037,38.19037430513081,15.74895903571828,76.9638267681313,Americas,MEX,Upper middle income
Mexico,2016,122251.351,79.57699584960938,89.39241814396487,47.97986292063095,40.46397573795223,15.83404401533741,77.6266260487291,Americas,MEX,Upper middle income
Mexico,2017,123400.057,79.86699676513672,89.95922246092984,50.34005890974288,42.76957839124216,15.91330345759152,78.286182788526,Americas,MEX,Upper middle income
Mexico,2018,124573.711,80.15599822998047,90.5185596102805,52.72740070196312,45.10729846953032,15.98642883992552,78.94305014735897,Americas,MEX,Upper middle income
Mexico,2019,125762.982,80.44400024414062,91.07051977698023,55.14165599082496,47.47697979588438,16.0534521597858,79.597235976222,Americas,MEX,Upper middle income
Mexico,2020,126799.054,80.73099517822266,91.6152077254503,57.58260732629681,49.87847448520609,16.11441278996845,80.24875591938941,Americas,MEX,Upper middle income
Mexico,2021,127648.148,81.01599884033203,92.15264400100224,60.04990039331189,52.3112847340471,16.16974804125172,80.89709634987456,Americas,MEX,Upper middle income
Mexico,2022,128613.117,81.30000305175781,92.6614618116548,62.52495975070021,54.77559584433745,16.21910511686808,81.54280145426688,Americas,MEX,Upper middle income
Mexico,2023,129739.759,81.58200073242188,92.97845687984965,62.71328408375481,55.21529849778796,16.22403255419392,82.18535599480731,Americas,MEX,Upper middle income
Mexico,2024,130861.007,81.86199951171875,92.99128223571763,62.74836003060724,55.64568679280067,15.94904687365515,82.82479005835977,Americas,MEX,Upper middle income
Micronesia (Federated States of),2000,112.044,22.32999992370605,25.04842974603434,,-,16.58603795898352,8.46239178705082,Western Pacific,FSM,Lower middle income
Micronesia (Federated States of),2001,112.365,22.32999992370605,29.13627168170115,,-,19.32982884027115,9.806442841429998,Western Pacific,FSM,Lower middle income
Micronesia (Federated States of),2002,112.448,22.32999992370605,33.22411361736795,,-,21.56700124238068,11.15049389580963,Western Pacific,FSM,Lower middle income
Micronesia (Federated States of),2003,112.285,22.32999992370605,37.31195555303475,,-,23.75117069179123,12.49454495018881,Western Pacific,FSM,Lower middle income
Micronesia (Federated States of),2004,111.925,22.32999992370605,41.39979748870246,,-,25.93534014120178,13.83859600456844,Western Pacific,FSM,Lower middle income
Micronesia (Federated States of),2005,111.412,22.32999992370605,45.48763942436926,,-,28.11950959061323,15.18264705894762,Western Pacific,FSM,Lower middle income
Micronesia (Federated States of),2006,110.729,22.323999404907227,49.57548136003606,,-,30.30367904002378,16.5266981133268,Western Pacific,FSM,Lower middle income
Micronesia (Federated States of),2007,109.88,22.316999435424805,53.66332329570287,,-,32.48784848943433,17.87074916770644,Western Pacific,FSM,Lower middle income
Micronesia (Federated States of),2008,108.936,22.31100082397461,57.75116523136967,,-,34.67201793884578,19.21480022208561,Western Pacific,FSM,Lower middle income
Micronesia (Federated States of),2009,107.957,22.30500030517578,61.83900716703647,,-,36.85618738825633,20.55885127646479,Western Pacific,FSM,Lower middle income
Micronesia (Federated States of),2010,107.54,22.297998428344727,65.92684910270327,,-,39.04035683766688,21.90290233084443,Western Pacific,FSM,Lower middle income
Micronesia (Federated States of),2011,107.698,22.30500030517578,70.01469103837007,,-,41.22452628707833,23.24695338522361,Western Pacific,FSM,Lower middle income
Micronesia (Federated States of),2012,107.89,22.323999404907227,74.10253297403688,,-,43.40869573648888,24.59100443960278,Western Pacific,FSM,Lower middle income
Micronesia (Federated States of),2013,108.121,22.35500144958496,78.19037490970368,,-,45.59286518589943,25.93505549398242,Western Pacific,FSM,Lower middle income
Micronesia (Federated States of),2014,108.396,22.39900016784668,82.27821684537048,,-,47.77703463530997,27.2791065483616,Western Pacific,FSM,Lower middle income
Micronesia (Federated States of),2015,108.716,22.45599937438965,86.36605878103728,,-,49.96120408472143,28.62315760274078,Western Pacific,FSM,Lower middle income
Micronesia (Federated States of),2016,109.075,22.5260009765625,90.45390071670408,,-,52.14537353413198,29.96720865712041,Western Pacific,FSM,Lower middle income
Micronesia (Federated States of),2017,109.481,22.607999801635746,90.45390071670408,,-,52.14537353413198,29.96720865712041,Western Pacific,FSM,Lower middle income
Micronesia (Federated States of),2018,109.909,22.702999114990234,90.45390071670408,,-,52.14537353413198,29.96720865712041,Western Pacific,FSM,Lower middle income
Micronesia (Federated States of),2019,110.282,22.812000274658203,90.45390071670408,,-,52.14537353413198,29.96720865712041,Western Pacific,FSM,Lower middle income
Micronesia (Federated States of),2020,110.916,22.933000564575195,90.45390071670408,,-,52.14537353413198,29.96720865712041,Western Pacific,FSM,Lower middle income
Monaco,2000,32.455,100.0,99.0,99.0,>99,-,>99,Europe,MCO,High income
Monaco,2001,32.447,100.0,99.0,99.0,>99,-,>99,Europe,MCO,High income
Monaco,2002,32.422,100.0,99.0,99.0,>99,-,>99,Europe,MCO,High income
Monaco,2003,32.374,100.0,99.0,99.0,>99,-,>99,Europe,MCO,High income
Monaco,2004,32.307,100.0,99.0,99.0,>99,-,>99,Europe,MCO,High income
Monaco,2005,32.21,100.0,99.0,99.0,>99,-,>99,Europe,MCO,High income
Monaco,2006,32.057,100.0,99.0,99.0,>99,-,>99,Europe,MCO,High income
Monaco,2007,31.837,100.0,99.0,99.0,>99,-,>99,Europe,MCO,High income
Monaco,2008,31.836,100.0,99.0,99.0,>99,-,>99,Europe,MCO,High income
Monaco,2009,32.364,100.0,99.0,99.0,>99,-,>99,Europe,MCO,High income
Monaco,2010,33.163,100.0,99.0,99.0,>99,-,>99,Europe,MCO,High income
Monaco,2011,33.946,100.0,99.0,99.0,>99,-,>99,Europe,MCO,High income
Monaco,2012,34.711,100.0,99.0,99.0,>99,-,>99,Europe,MCO,High income
Monaco,2013,35.447,100.0,99.0,99.0,>99,-,>99,Europe,MCO,High income
Monaco,2014,36.128,100.0,99.0,99.0,>99,-,>99,Europe,MCO,High income
Monaco,2015,36.757,100.0,99.0,99.0,>99,-,>99,Europe,MCO,High income
Monaco,2016,37.276,100.0,99.0,99.0,>99,-,>99,Europe,MCO,High income
Monaco,2017,37.678,100.0,99.0,99.0,>99,-,>99,Europe,MCO,High income
Monaco,2018,38.154,100.0,99.0,99.0,>99,-,>99,Europe,MCO,High income
Monaco,2019,38.109,100.0,99.0,99.0,>99,-,>99,Europe,MCO,High income
Monaco,2020,38.05,100.0,99.0,99.0,>99,-,>99,Europe,MCO,High income
Monaco,2021,38.527,100.0,99.0,99.0,>99,-,>99,Europe,MCO,High income
Monaco,2022,38.931,100.0,99.0,99.0,>99,-,>99,Europe,MCO,High income
Monaco,2023,38.956,100.0,99.0,99.0,>99,-,>99,Europe,MCO,High income
Monaco,2024,38.631,100.0,99.0,99.0,>99,-,>99,Europe,MCO,High income
Mongolia,2000,2455.182,57.132999420166016,43.35095770054425,41.0901086837547,11.48253090157784,<1,20.21192706639545,Western Pacific,MNG,Upper middle income
Mongolia,2001,2477.7,58.22200012207031,43.92934363538351,41.61425025447197,11.80988805238041,<1,20.79779788130079,Western Pacific,MNG,Upper middle income
Mongolia,2002,2500.075,59.30400085449219,44.49883800433934,42.12938391447313,12.13694348216756,<1,21.3824926329935,Western Pacific,MNG,Upper middle income
Mongolia,2003,2521.805,60.37799835205078,45.0591791576731,42.63528697173727,12.46349304038225,<1,21.96566151794548,Western Pacific,MNG,Upper middle income
Mongolia,2004,2542.793,61.44300079345703,46.56573009451603,44.03929401610301,13.03510453345623,<1,22.54694807837173,Western Pacific,MNG,Upper middle income
Mongolia,2005,2563.461,62.49399948120117,48.07967417512594,45.44878531646022,13.61778119589554,<1,23.12462186375776,Western Pacific,MNG,Upper middle income
Mongolia,2006,2584.756,63.53499984741211,49.60172606971845,46.86434038414404,14.21219266509596,<1,23.70003467837524,Western Pacific,MNG,Upper middle income
Mongolia,2007,2607.965,64.56400299072266,51.13063182107749,48.28479230701236,14.81779749492915,<1,24.27248022562754,Western Pacific,MNG,Upper middle income
Mongolia,2008,2634.424,65.58100128173828,52.66581646469594,49.70957989969368,15.43445618817366,<1,24.84194008289533,Western Pacific,MNG,Upper middle income
Mongolia,2009,2665.326,66.57999420166016,54.20472373318957,51.13640667280013,16.06070078726161,<1,25.40632134233065,Western Pacific,MNG,Upper middle income
Mongolia,2010,2701.732,67.56700134277344,55.74879666038604,52.56649491984498,16.69766949618566,<1,25.96767326871717,Western Pacific,MNG,Upper middle income
Mongolia,2011,2745.18,67.96299743652344,57.1062265256697,53.83270207103639,17.21246585562145,<1,26.32556752975798,Western Pacific,MNG,Upper middle income
Mongolia,2012,2795.459,68.02999877929688,58.36389614375454,55.01487649410618,17.66166708235503,<1,26.56984964423205,Western Pacific,MNG,Upper middle income
Mongolia,2013,2851.881,68.09700012207031,59.63057885411984,56.20539277236615,18.11665228681683,<1,26.81420696273108,Western Pacific,MNG,Upper middle income
Mongolia,2014,2913.039,68.16300201416016,60.90591017131507,57.40393310509462,18.57718302773029,<1,27.05829194430794,Western Pacific,MNG,Upper middle income
Mongolia,2015,2976.526,68.22999572753906,62.19050230375084,58.61102264750608,19.04373890798891,<1,27.30279470576291,Western Pacific,MNG,Upper middle income
Mongolia,2016,3040.812,68.2969970703125,63.48400501608051,59.82635574734047,19.51609245051899,<1,27.5473779064639,Western Pacific,MNG,Upper middle income
Mongolia,2017,3104.364,68.36299896240234,64.78604017730716,61.04960485451583,19.99398529407872,<1,27.79168213615293,Western Pacific,MNG,Upper middle income
Mongolia,2018,3167.706,68.44499969482422,66.102065585159,62.28540704793983,20.4818129311694,<1,28.04166026480553,Western Pacific,MNG,Upper middle income
Mongolia,2019,3232.113,68.54299926757812,67.43195990155515,63.53360089529522,20.97978504102411,<1,28.29734186027438,Western Pacific,MNG,Upper middle income
Mongolia,2020,3290.785,68.65699768066406,68.77557174337282,64.79399555956213,21.48810626209578,<1,28.55874909760543,Western Pacific,MNG,Upper middle income
Mongolia,2021,3339.674,68.78500366210938,70.1321116661664,66.06586296031413,22.00644347005191,<1,28.82520786167806,Western Pacific,MNG,Upper middle income
Mongolia,2022,3386.015,68.93000030517578,71.50235566836454,67.3497878038106,22.53580683048113,<1,29.09779692881131,Western Pacific,MNG,Upper middle income
Mongolia,2023,3431.932,69.08900451660156,72.88516630377032,68.64474720634705,23.07557829865093,<1,29.37548712931591,Western Pacific,MNG,Upper middle income
Mongolia,2024,3475.54,69.26300048828125,74.28065028782224,69.9469928494417,23.62245800159017,<1,29.65865159815912,Western Pacific,MNG,Upper middle income
Montenegro,2006,633.871,62.803001403808594,90.6415121374975,29.72495143770582,12.5928760392707,36.18695108205978,52.88482446711413,Europe,MNE,Upper middle income
Montenegro,2007,633.379,63.13899612426758,91.17759038846064,31.04832103945265,13.58616599537773,37.35574414939388,52.30210477246174,Europe,MNE,Upper middle income
Montenegro,2008,632.845,63.47500228881836,91.71583782976714,32.3583749898437,14.5581843762242,38.5227329372698,51.71905332540372,Europe,MNE,Upper middle income
Montenegro,2009,632.438,63.80799865722656,92.25610946206882,33.65514535158238,15.50838504289372,39.68882912617691,51.1344191925961,Europe,MNE,Upper middle income
Montenegro,2010,632.088,64.13999938964844,92.79849341159556,34.93841440909591,16.4367897643503,40.85344237288921,50.54903510038815,Europe,MNE,Upper middle income
Montenegro,2011,632.688,64.47200012207031,93.34305261849032,36.20807864388745,17.3433511936999,42.01627545045294,49.96332531592956,Europe,MNE,Upper middle income
Montenegro,2012,633.54,64.80400085449219,93.8897863076242,37.46407423784616,18.22790091090419,43.17732869250232,49.37728464098639,Europe,MNE,Upper middle income
Montenegro,2013,633.202,65.13700103759766,94.43875400291395,38.70635982245668,19.09043493591205,44.33628708350574,48.79132951117293,Europe,MNE,Upper middle income
Montenegro,2014,631.375,65.47100067138672,94.98996161808908,39.9349131240122,19.93081320994317,45.49314215612667,48.20545704957949,Europe,MNE,Upper middle income
Montenegro,2015,628.145,65.80599975585938,95.54342138164216,41.149715755179,20.74889790993237,46.64788697157142,47.61966924094259,Europe,MNE,Upper middle income
Montenegro,2016,624.249,66.14099884033203,96.09907840936216,42.35068687432874,21.5443587693619,47.80083727577748,47.03354592158771,Europe,MNE,Upper middle income
Montenegro,2017,620.114,66.47699737548828,96.65699627071112,43.53784182024334,22.31723020530458,48.95166296702956,46.44750495100832,Europe,MNE,Upper middle income
Montenegro,2018,615.795,66.81299591064453,97.2142443586762,44.70823495863384,23.06716473678715,50.10068736529315,45.86112830190212,Europe,MNE,Upper middle income
Montenegro,2019,611.667,67.1500015258789,97.5022963479866,45.59646413498429,23.79421644865527,51.24757958191653,45.27483469179796,Europe,MNE,Upper middle income
Montenegro,2020,607.935,67.48800659179688,97.77177247046204,46.4596504268312,24.49654514800418,52.39233448432886,44.68861671434356,Europe,MNE,Upper middle income
Montenegro,2021,603.851,67.82600402832031,97.79110921132512,47.5508287497119,25.54560732771941,52.28004951391529,44.8275494448436,Europe,MNE,Upper middle income
Montenegro,2022,614.648,68.16400146484375,97.8104504105016,48.64884710318365,26.60069071995612,52.16776633732893,44.96648484447334,Europe,MNE,Upper middle income
Montenegro,2023,633.552,68.50200653076172,97.82978833958808,49.75370162927332,27.66179305547368,52.0554812392929,45.10541892883817,Europe,MNE,Upper middle income
Montenegro,2024,638.479,68.83999633789062,97.84912745258109,50.86539358063515,28.7289135413393,51.94319958212169,45.24435057745971,Europe,MNE,Upper middle income
Montserrat,2000,5.029,2.086999893188477,81.69702500010571,,-,72.85888605920024,14.32583893933588,Americas,MSR,
Montserrat,2001,4.59,9.494999885559082,82.09970854071013,,-,73.21527143093658,14.61400234468283,Americas,MSR,
Montserrat,2002,4.476,9.455999374389648,82.50239208131464,,-,73.57165680267303,14.90216575002989,Americas,MSR,
Montserrat,2003,4.49,9.41800022125244,82.90507562191905,,-,73.92804217440937,15.19032915537696,Americas,MSR,
Montserrat,2004,4.515,9.379000663757324,83.30775916252357,,-,74.28442754614582,15.47849256072391,Americas,MSR,
Montserrat,2005,4.547,9.340999603271484,83.71044270312797,,-,74.64081291788216,15.76665596607097,Americas,MSR,
Montserrat,2006,4.582,9.30299949645996,84.11312624373248,,-,74.99719828961861,16.05481937141803,Americas,MSR,
Montserrat,2007,4.623,9.264999389648438,84.5158097843369,,-,75.35358366135495,16.34298277676498,Americas,MSR,
Montserrat,2008,4.677,9.22700023651123,84.91849332494141,,-,75.70996903309128,16.63114618211205,Americas,MSR,
Montserrat,2009,4.735,9.1899995803833,85.32117686554582,,-,76.06635440482773,16.91930958745911,Americas,MSR,
Montserrat,2010,4.794,9.151999473571776,85.72386040615034,,-,76.42273977656407,17.20747299280606,Americas,MSR,
Montserrat,2011,4.822,9.114999771118164,86.12654394675475,,-,76.77912514830052,17.49563639815312,Americas,MSR,
Montserrat,2012,4.796,9.085000038146973,86.52922748735926,,-,77.13551052003686,17.78379980350019,Americas,MSR,
Montserrat,2013,4.753,9.063000679016112,86.93191102796368,,-,77.49189589177331,18.07196320884714,Americas,MSR,
Montserrat,2014,4.711,9.04800033569336,87.33459456856819,,-,77.84828126350965,18.3601266141942,Americas,MSR,
Montserrat,2015,4.673,9.041000366210938,87.7372781091726,,-,78.2046666352461,18.64829001954126,Americas,MSR,
Montserrat,2016,4.638,9.041000366210938,88.13996164977712,,-,78.56105200698244,18.93645342488821,Americas,MSR,
Montserrat,2017,4.603,9.04800033569336,88.54264519038152,,-,78.91743737871877,19.22461683023528,Americas,MSR,
Montserrat,2018,4.569,9.063000679016112,88.79074798595154,,-,79.27382275045522,19.51278023558223,Americas,MSR,
Montserrat,2019,4.54,9.086000442504885,88.94559116870124,,-,79.63020812219156,19.80094364092929,Americas,MSR,
Montserrat,2020,4.508,9.114999771118164,89.41363756964712,,-,79.91089295372365,20.08910704627635,Americas,MSR,
Montserrat,2021,4.479,9.152999877929688,89.41363756964712,,-,79.91089295372365,20.08910704627635,Americas,MSR,
Montserrat,2022,4.453,9.197999954223633,89.41363756964712,,-,79.91089295372365,20.08910704627635,Americas,MSR,
Montserrat,2023,4.42,9.25100040435791,89.41363756964712,,-,79.91089295372365,20.08910704627635,Americas,MSR,
Montserrat,2024,4.389,9.312000274658203,89.41363756964712,,-,79.91089295372365,20.08910704627635,Americas,MSR,
Morocco,2000,28423.435,53.334999084472656,68.21729804220463,10.91341232142674,16.40594720603728,14.56791117410875,45.18084551718842,Eastern Mediterranean,MAR,Lower middle income
Morocco,2001,28814.643,53.66200256347656,68.9979286734151,10.95836236472574,16.60158390430988,14.86139460613321,45.80512608979579,Eastern Mediterranean,MAR,Lower middle income
Morocco,2002,29198.142,53.9900016784668,70.19594717681859,11.07226920496552,16.91597601894157,15.14924220942006,46.43186009797939,Eastern Mediterranean,MAR,Lower middle income
Morocco,2003,29571.415,54.31699752807617,71.36110315790935,11.16746230382232,17.23393278533425,15.43180492006653,47.05940934069525,Eastern Mediterranean,MAR,Lower middle income
Morocco,2004,29953.018,54.64400100708008,72.23801183225116,11.11882518497831,17.55578940803135,15.70891009051815,47.68860085998067,Eastern Mediterranean,MAR,Lower middle income
Morocco,2005,30358.144,55.17399978637695,73.17732315730667,11.03340466096917,17.94744505458149,15.93895842143592,48.4879259661739,Eastern Mediterranean,MAR,Lower middle income
Morocco,2006,30771.178,55.746002197265625,74.12862773643863,10.93648055942618,18.35845739616772,16.15120406458893,49.32486966797281,Eastern Mediterranean,MAR,Lower middle income
Morocco,2007,31186.468,56.31700134277344,75.07865785852995,10.83502013541661,18.77507139452176,16.35412790065636,50.16384054417778,Eastern Mediterranean,MAR,Lower middle income
Morocco,2008,31606.767,56.8859977722168,76.02704658937934,10.72915586290418,19.19698103402882,16.54798408245665,51.00399654099331,Eastern Mediterranean,MAR,Lower middle income
Morocco,2009,32030.778,57.45199966430664,76.97343404080128,10.61903421487777,19.62385995686857,16.73306117507818,51.84447543644335,Eastern Mediterranean,MAR,Lower middle income
Morocco,2010,32467.016,58.01799774169922,77.91863218428853,10.50408346923871,20.05674934988613,16.90869301398809,52.68778919188634,Eastern Mediterranean,MAR,Lower middle income
Morocco,2011,32912.588,58.58100128173828,78.86170981793035,10.38480917236555,20.49464390104087,17.07564589830907,53.53140269409947,Eastern Mediterranean,MAR,Lower middle income
Morocco,2012,33355.241,59.141998291015625,79.8028926607457,10.26099924418325,20.93789882294258,17.23373180849885,54.37613717964543,Eastern Mediterranean,MAR,Lower middle income
Morocco,2013,33787.571,59.70000076293945,80.7418405934609,10.13281284414164,21.38617278778728,17.38327137322996,55.22112704495491,Eastern Mediterranean,MAR,Lower middle income
Morocco,2014,34204.78,60.25599670410156,81.6787833331369,10.00003243037629,21.83983104765493,17.52406197405418,56.0672051309306,Eastern Mediterranean,MAR,Lower middle income
Morocco,2015,34607.588,60.80899810791016,82.61338576952123,9.862823065199166,22.29852336467375,17.65643887527638,56.91350078216452,Eastern Mediterranean,MAR,Lower middle income
Morocco,2016,35023.457,61.36000061035156,83.5458723077839,9.72095940646421,22.76262399745102,17.78018141247276,57.76085496305671,Eastern Mediterranean,MAR,Lower middle income
Morocco,2017,35446.392,61.90800094604492,84.47591061008252,9.574616784676616,23.23176742455072,17.89564554522647,58.6083775294603,Eastern Mediterranean,MAR,Lower middle income
Morocco,2018,35839.76,62.4530029296875,85.40346615012325,9.423772861420334,23.70596080810208,18.00290600671634,59.45605974386988,Eastern Mediterranean,MAR,Lower middle income
Morocco,2019,36210.898,62.99399566650391,86.32823217644169,9.322222607739295,24.18481783025952,17.88301666848016,60.30300240643098,Eastern Mediterranean,MAR,Lower middle income
Morocco,2020,36584.208,63.53200149536133,87.25043344005618,9.223228091529752,24.66872063829939,17.7285550477637,61.15006087221929,Eastern Mediterranean,MAR,Lower middle income
Morocco,2021,36954.442,64.06499481201172,87.38364410484829,8.993930237621361,25.00275436116073,17.2457603829085,61.99545443459751,Eastern Mediterranean,MAR,Lower middle income
Morocco,2022,37329.064,64.59600067138672,87.51635088818689,8.765004545755357,25.33807461005486,16.75861553872477,62.84177105759932,Eastern Mediterranean,MAR,Lower middle income
Morocco,2023,37712.505,65.12100219726562,87.64756175488463,8.537320646893651,25.67310081288901,16.26855793810649,63.68549867346164,Eastern Mediterranean,MAR,Lower middle income
Morocco,2024,38081.173,65.64299774169922,87.77802054605081,8.424071417084702,25.87800539138021,16.08502804685746,64.14229236706296,Eastern Mediterranean,MAR,Lower middle income
Mozambique,2000,18129.653,29.09800148010254,10.73680865281613,9.037645387158342,<1,1.094005461491097,1.695282622149623,Africa,MOZ,Low income
Mozambique,2001,18537.729,29.277000427246094,11.68913829341767,9.881063184618965,<1,1.411234249075224,1.659711860534267,Africa,MOZ,Low income
Mozambique,2002,18958.338,29.457000732421875,12.67060238872806,10.74944824576727,<1,1.732318638075923,1.623673962017302,Africa,MOZ,Low income
Mozambique,2003,19392.475,29.636999130249023,13.65972067544919,11.62446305240074,<1,2.057221000358172,1.587113781080434,Africa,MOZ,Low income
Mozambique,2004,19840.313,29.81800079345703,14.65679143784904,12.50708569538582,<1,2.404521863355769,1.550080809172165,Africa,MOZ,Low income
Mozambique,2005,20304.569,29.999000549316406,15.66149560758797,13.39837984542053,<1,2.807206493223205,1.512522411012381,Africa,MOZ,Low income
Mozambique,2006,20787.087,30.1820011138916,16.67446577300159,14.29680523759889,<1,3.213566259992736,1.474531918394964,Africa,MOZ,Low income
Mozambique,2007,21287.635,30.36400032043457,17.69473391309428,15.20156495124759,<1,3.623332346120248,1.435965342245018,Africa,MOZ,Low income
Mozambique,2008,21819.036,30.83199882507324,18.81757288963948,16.19045382620536,<1,4.070391342293439,1.409315327024911,Africa,MOZ,Low income
Mozambique,2009,22391.745,31.327999114990234,19.96030525602034,17.19571893162083,<1,4.530018386517694,1.382485420371961,Africa,MOZ,Low income
Mozambique,2010,22999.235,31.830001831054688,21.11578329940669,18.21149970447386,<1,4.999997107171549,1.354460007946839,Africa,MOZ,Low income
Mozambique,2011,23649.039,32.33599853515625,22.28336153191229,19.23725604607272,<1,5.480206127972065,1.325134578607045,Africa,MOZ,Low income
Mozambique,2012,24337.846,32.84600067138672,23.4630594441157,20.27299064900989,<1,5.970761303190399,1.294491896882008,Africa,MOZ,Low income
Mozambique,2013,25051.611,33.36000061035156,24.65489292545951,21.32251310656393,<1,6.47177733112914,1.262514417243825,Africa,MOZ,Low income
Mozambique,2014,25788.475,33.87799835205078,25.85887940843762,22.38071969673613,<1,6.98336925702031,1.22918469433927,Africa,MOZ,Low income
Mozambique,2015,26547.572,34.400001525878906,27.07503815762305,23.44755428179,<1,7.505653935336333,1.194485636232145,Africa,MOZ,Low income
Mozambique,2016,27337.105,34.92599868774414,28.30338083400673,24.56099054158543,<1,8.038744888702592,1.1583994973459,Africa,MOZ,Low income
Mozambique,2017,28166.393,35.45500183105469,29.54354605851678,25.68695824491199,<1,8.582552795787034,1.120878450134547,Africa,MOZ,Low income
Mozambique,2018,29018.644,35.987998962402344,30.79591765921952,26.82573165585571,<1,9.137379338660715,1.08193859366805,Africa,MOZ,Low income
Mozambique,2019,29884.38,36.52799987792969,32.06166450649969,27.97820332065909,<1,9.704010564023616,1.041645090573378,Africa,MOZ,Low income
Mozambique,2020,30783.688,37.07400131225586,33.34045326455946,29.14405565305887,<1,10.282415099584,<1,Africa,MOZ,Low income
Mozambique,2021,31707.8,37.62800216674805,34.63311530201548,30.3238926121746,<1,10.87325259315356,<1,Africa,MOZ,Low income
Mozambique,2022,32656.246,38.1870002746582,35.93851236727526,31.51675138526543,<1,11.47599302141156,<1,Africa,MOZ,Low income
Mozambique,2023,33635.16,38.75299835205078,37.25748600233899,32.7232343532505,<1,12.09130795954506,<1,Africa,MOZ,Low income
Mozambique,2024,34631.766,39.32600021362305,38.5900804802051,33.94330458614233,<1,12.71939693469781,<1,Africa,MOZ,Low income
Myanmar,2000,45290.841,27.024999618530277,63.4598787059053,58.38124260037974,<1,4.059317378322077,1.974703064242723,South-East Asia,MMR,Lower middle income
Myanmar,2001,45771.139,27.20800018310547,64.01387714250642,58.92317914333068,<1,4.072244504063778,1.931543310897176,South-East Asia,MMR,Lower middle income
Myanmar,2002,46232.653,27.39099884033203,64.56596793677505,59.24143463624082,<1,4.563316709901954,1.887552252772031,South-East Asia,MMR,Lower middle income
Myanmar,2003,46667.192,27.575000762939453,65.11635968986438,59.55522202444733,<1,5.060884229212344,1.842788794879958,South-East Asia,MMR,Lower middle income
Myanmar,2004,47068.772,27.759998321533203,65.66502298483451,59.86449178902809,<1,5.564998086277207,1.797245463729087,South-East Asia,MMR,Lower middle income
Myanmar,2005,47438.365,27.946001052856445,66.21195169286385,60.16921506882684,<1,6.075711581872367,1.750915823544398,South-East Asia,MMR,Lower middle income
Myanmar,2006,47785.135,28.131999969482425,66.75694078758796,60.46930757168328,<1,6.592918411625974,1.703741440894258,South-East Asia,MMR,Lower middle income
Myanmar,2007,48125.043,28.319000244140625,67.30017699704875,60.76480621970295,<1,7.116794864344217,1.655771674643275,South-East Asia,MMR,Lower middle income
Myanmar,2008,48390.793,28.506999969482425,67.84163923150722,61.05566884218285,<1,7.647392647105987,1.606999531442307,South-East Asia,MMR,Lower middle income
Myanmar,2009,48660.459,28.69499969482422,68.33691944636728,61.04632202969403,<1,8.800166575397473,1.557373600811475,South-East Asia,MMR,Lower middle income
Myanmar,2010,49024.382,28.88500022888184,68.82981810056596,61.03403867410869,<1,9.956679787574398,1.50697873214013,South-East Asia,MMR,Lower middle income
Myanmar,2011,49419.82,29.07499885559082,69.3199771322654,61.01879740355299,<1,11.1165449740117,1.455720938547704,South-East Asia,MMR,Lower middle income
Myanmar,2012,49837.446,29.26599884033203,69.80753143209209,61.00058738105745,<1,12.27999114947412,1.40363816970307,South-East Asia,MMR,Lower middle income
Myanmar,2013,50262.658,29.457000732421875,70.29231417449138,60.97942742657981,<1,13.44680743118352,1.350688093381043,South-East Asia,MMR,Lower middle income
Myanmar,2014,50681.634,29.649999618530277,70.7745876052099,60.95525476134146,<1,14.6174862784173,1.29693712458777,South-East Asia,MMR,Lower middle income
Myanmar,2015,51089.056,29.857999801635746,71.25587056952992,60.92729995475096,<1,15.79538873614785,1.242773518288866,South-East Asia,MMR,Lower middle income
Myanmar,2016,51495.696,30.08199882507324,71.73593809639871,60.89505732660847,<1,16.9811762875132,1.188123832363064,South-East Asia,MMR,Lower middle income
Myanmar,2017,51894.938,30.32200050354004,72.21441986060815,60.85805112464991,<1,18.17527281578979,1.132879120341817,South-East Asia,MMR,Lower middle income
Myanmar,2018,52272.247,30.57900047302246,72.69104464698582,60.81572425092698,<1,19.37838269581765,1.076954468542607,South-East Asia,MMR,Lower middle income
Myanmar,2019,52640.713,30.851999282836918,73.16531733401087,60.76766521483423,<1,20.59066343382872,1.02021210670501,South-East Asia,MMR,Lower middle income
Myanmar,2020,53016.522,31.141000747680664,73.63687377400231,60.71341411162287,<1,21.81254226749515,<1,South-East Asia,MMR,Lower middle income
Myanmar,2021,53387.102,31.447999954223636,74.10549387876388,60.65227703952885,<1,23.04505664534024,<1,South-East Asia,MMR,Lower middle income
Myanmar,2022,53756.787,31.7710018157959,74.13015796554363,60.61475342087902,<1,23.14439031985292,<1,South-East Asia,MMR,Lower middle income
Myanmar,2023,54133.798,32.11199951171875,74.15618831879505,60.57513240260649,<1,23.24925640946624,<1,South-East Asia,MMR,Lower middle income
Myanmar,2024,54500.091,32.470001220703125,74.18352101143189,60.5335397782737,<1,23.35935212563179,<1,South-East Asia,MMR,Lower middle income
Namibia,2000,1818.647,32.37300109863281,27.14884408279732,,-,1.754820154822192,28.55737610213419,Africa,NAM,Upper middle income
Namibia,2001,1857.048,32.89799880981445,27.59983961631481,,-,1.759942311212697,28.70007963062055,Africa,NAM,Upper middle income
Namibia,2002,1889.97,33.7660026550293,28.19683118093746,,-,1.816918507437879,29.04769597587072,Africa,NAM,Upper middle income
Namibia,2003,1917.464,34.70899963378906,28.81228751226165,,-,1.873640249773644,29.43486478439873,Africa,NAM,Upper middle income
Namibia,2004,1942.082,35.66600036621094,29.4178256763319,,-,1.929490616650275,29.8241842078049,Africa,NAM,Upper middle income
Namibia,2005,1966.582,36.63199996948242,30.01095187026154,,-,1.984409120617327,30.21252609882521,Africa,NAM,Upper middle income
Namibia,2006,1991.888,37.61000061035156,30.59266801570683,,-,2.038403401843091,30.60158588762974,Africa,NAM,Upper middle income
Namibia,2007,2018.6,38.59799957275391,31.1618359120794,,-,2.091441018983714,30.9900571801385,Africa,NAM,Upper middle income
Namibia,2008,2047.056,39.59700012207031,31.71858687427585,,-,2.14351276381096,31.37843281492617,Africa,NAM,Upper middle income
Namibia,2009,2077.394,40.60100173950195,32.26030363533427,,-,2.194567657568241,31.76309562464793,Africa,NAM,Upper middle income
Namibia,2010,2109.811,41.615997314453125,32.7891161090276,,-,2.244628214427247,32.14747989969396,Africa,NAM,Upper middle income
Namibia,2011,2146.325,42.637001037597656,33.30288941181179,,-,2.293654577271447,32.52859119964796,Africa,NAM,Upper middle income
Namibia,2012,2194.654,43.69300079345703,33.81187448966856,,-,2.341753409774585,32.92302272229097,Africa,NAM,Upper middle income
Namibia,2013,2252.508,44.75600051879883,34.30532465030925,,-,2.388772538397267,33.3144405878737,Africa,NAM,Upper middle income
Namibia,2014,2312.139,45.82600021362305,34.78304783604106,,-,2.434700668813096,33.70276978800968,Africa,NAM,Upper middle income
Namibia,2015,2374.3,46.900001525878906,35.24386797291597,,-,2.47951989733876,34.08625427107135,Africa,NAM,Upper middle income
Namibia,2016,2439.213,47.96099853515625,35.68218646148003,,-,2.523191007454054,34.45530854173525,Africa,NAM,Upper middle income
Namibia,2017,2506.853,49.00499725341797,36.09710967447738,,-,2.565729056814222,34.80783367362017,Africa,NAM,Upper middle income
Namibia,2018,2577.327,50.03200149536133,36.48910601859277,,-,2.607160651713893,35.14400247458182,Africa,NAM,Upper middle income
Namibia,2019,2650.494,51.0420036315918,36.91230669132607,,-,2.647512455208953,35.46398078335885,Africa,NAM,Upper middle income
Namibia,2020,2728.762,52.03300094604492,37.31478167088379,,-,2.686811569228906,35.76684191899858,Africa,NAM,Upper middle income
Namibia,2021,2810.548,53.00499725341797,37.69695934296328,,-,2.725087670832525,36.05277441711203,Africa,NAM,Upper middle income
Namibia,2022,2889.662,53.95600128173828,38.05872268008546,,-,2.762372939956481,36.32089038304726,Africa,NAM,Upper middle income
Namibia,2023,2963.095,54.88600158691406,38.40054468330984,,-,2.798700533895481,36.57139266639592,Africa,NAM,Upper middle income
Namibia,2024,3030.131,55.79500198364258,38.72290205283941,,-,2.834103317462061,36.80449500754375,Africa,NAM,Upper middle income
Nauru,2000,10.168,100.0,64.67159036404632,45.65062077020765,8.031484528749715,20.62897472654458,23.9591644667305,Western Pacific,NRU,High income
Nauru,2001,10.13,100.0,64.6701987454564,45.64932349838806,8.031484528749717,20.62897472654458,23.9591644667305,Western Pacific,NRU,High income
Nauru,2002,10.082,100.0,64.66880712686647,45.64802622656846,8.031484528749715,20.62897472654458,23.9591644667305,Western Pacific,NRU,High income
Nauru,2003,10.059,100.0,64.66741550827653,45.64672895474885,8.031484528749715,20.62897472654458,23.9591644667305,Western Pacific,NRU,High income
Nauru,2004,10.06,100.0,64.66602388968661,45.64543168292925,8.031484528749715,20.62897472654458,23.9591644667305,Western Pacific,NRU,High income
Nauru,2005,10.049,100.0,64.66463227109668,45.64413441110965,8.031484528749715,20.62897472654458,23.9591644667305,Western Pacific,NRU,High income
Nauru,2006,10.034,100.0,65.01511083398223,45.06724409986141,7.982848323786717,23.03906041916071,23.68519026926754,Western Pacific,NRU,High income
Nauru,2007,10.02,100.0,65.36557425166058,44.48142089062645,7.933212604973193,25.44914611177592,23.41121607180457,Western Pacific,NRU,High income
Nauru,2008,10.009,100.0,65.71602252413193,43.88666478340419,7.882577372309169,27.85923180439204,23.13724187434161,Western Pacific,NRU,High income
Nauru,2009,10.016,100.0,66.06645565139617,43.28297577819492,7.830942625794633,30.26931749700816,22.86326767687865,Western Pacific,NRU,High income
Nauru,2010,10.043,100.0,66.4168736334532,42.67035387499889,7.77830836542961,32.67940318962337,22.5892934794158,Western Pacific,NRU,High income
Nauru,2011,10.098,100.0,66.76727647030326,42.04879907381562,7.724674591214049,35.08948888223949,22.31531928195284,Western Pacific,NRU,High income
Nauru,2012,10.267,100.0,67.11766416194608,41.41831137464524,7.670041303147961,37.49957457485561,22.04134508448988,Western Pacific,NRU,High income
Nauru,2013,10.517,100.0,67.46803670838192,40.7788907774883,7.614408501231374,39.90966026747083,21.76737088702691,Western Pacific,NRU,High income
Nauru,2014,10.742,100.0,67.81839410961067,40.130537282344,7.557776185464276,42.31974596008695,21.49339668956395,Western Pacific,NRU,High income
Nauru,2015,10.954,100.0,68.16873636563218,39.47325088921261,7.500144355846651,44.72983165270307,21.21942249210099,Western Pacific,NRU,High income
Nauru,2016,11.15,100.0,68.51906347644672,38.80703159809465,7.441513012378527,47.13991734531828,20.94544829463803,Western Pacific,NRU,High income
Nauru,2017,11.324,100.0,68.86937544205405,38.13187940898926,7.381882155059879,49.5500030379344,20.67147409717506,Western Pacific,NRU,High income
Nauru,2018,11.477,100.0,69.21967226245438,37.44779432189691,7.321251783890728,51.96008873055052,20.3974998997121,Western Pacific,NRU,High income
Nauru,2019,11.587,100.0,69.5699539376476,36.75477633681791,7.259621898871066,54.37017442316574,20.12352570224914,Western Pacific,NRU,High income
Nauru,2020,11.643,100.0,69.92022046763363,36.0528254537515,7.196992500000879,56.78026011578186,19.84955150478618,Western Pacific,NRU,High income
Nauru,2021,11.709,100.0,70.27047185241264,35.34194167269846,7.133363587280231,59.19034580839707,19.57557730732333,Western Pacific,NRU,High income
Nauru,2022,11.801,100.0,70.62070809198445,34.62212499365803,7.068735160709021,61.60043150101319,19.30160310986037,Western Pacific,NRU,High income
Nauru,2023,11.875,100.0,70.97092918634927,33.89337541663063,7.003107220287306,64.01051719362931,19.0276289123974,Western Pacific,NRU,High income
Nauru,2024,11.947,100.0,71.32113513550699,33.15569294161661,6.93647976601508,66.42060288624452,18.75365471493444,Western Pacific,NRU,High income
Nepal,2000,24546.509,13.397000312805176,14.89487510747315,7.309030406645947,<1,17.44127940673053,4.556936346793559,South-East Asia,NPL,Lower middle income
Nepal,2001,24946.748,13.946999549865724,17.39596270433566,9.349034601109368,<1,17.62052004139629,4.642211061713293,South-East Asia,NPL,Lower middle income
Nepal,2002,25328.981,14.239999771118164,19.88880972637754,10.92666085985167,<1,19.36073249093621,4.654048766929193,South-East Asia,NPL,Lower middle income
Nepal,2003,25688.758,14.538000106811523,22.4289482098159,12.53601201138416,<1,21.0935968556529,4.66287218544213,South-East Asia,NPL,Lower middle income
Nepal,2004,26016.656,14.8410005569458,25.01604313368947,14.17697220435088,<1,22.81888608738732,4.668572302916128,South-East Asia,NPL,Lower middle income
Nepal,2005,26309.458,15.14900016784668,27.64975626518009,15.84942719349764,<1,24.53637643902142,4.671040577620856,South-East Asia,NPL,Lower middle income
Nepal,2006,26565.425,15.462000846862791,30.32973932540082,17.55326020760632,<1,26.24584162214916,4.670168498288544,South-East Asia,NPL,Lower middle income
Nepal,2007,26788.492,15.781000137329102,33.05578870067936,19.28837282357311,<1,27.94728967853081,4.666064950058141,South-East Asia,NPL,Lower middle income
Nepal,2008,26990.037,16.10500144958496,35.82737142816736,21.0546152718491,<1,29.64022946859956,4.658388527818039,South-East Asia,NPL,Lower middle income
Nepal,2009,27173.035,16.43400001525879,38.64411964541068,22.85187026642961,<1,31.32443615317026,4.647030538792661,South-East Asia,NPL,Lower middle income
Nepal,2010,27341.952,16.76799964904785,41.50565688058965,24.68001907867928,<1,32.99968335807992,4.631881799098975,South-East Asia,NPL,Lower middle income
Nepal,2011,27464.494,17.107999801635742,44.41171255407546,26.53893466484138,<1,34.66592062593248,4.613023518690187,South-East Asia,NPL,Lower middle income
Nepal,2012,27534.915,17.45800018310547,47.36227069467338,28.42841887070582,<1,36.3235153302179,4.591053208638546,South-East Asia,NPL,Lower middle income
Nepal,2013,27589.996,17.815000534057617,50.35650226366221,30.34831575187786,<1,37.97158327549417,4.565228624197717,South-East Asia,NPL,Lower middle income
Nepal,2014,27672.37,18.1820011138916,53.39417539763298,32.2983813097562,<1,39.61019926212544,4.535900670069749,South-East Asia,NPL,Lower middle income
Nepal,2015,27823.629,18.55699920654297,56.47455992257817,34.27845673964196,<1,41.23867607123344,4.502530137608098,South-East Asia,NPL,Lower middle income
Nepal,2016,27955.462,18.941999435424805,59.59724679192984,36.28827921651225,<1,42.85685631239156,4.46524978023414,South-East Asia,NPL,Lower middle income
Nepal,2017,28011.258,19.336000442504883,62.76157817482888,38.32767082723819,<1,44.46420271794148,4.423695883643968,South-East Asia,NPL,Lower middle income
Nepal,2018,28079.689,19.739999771118164,65.96699410795699,40.39636751176432,<1,46.06037527915145,4.377811228125152,South-East Asia,NPL,Lower middle income
Nepal,2019,28414.064,20.152999877929688,69.21284099739631,42.49420739394183,<1,47.64487189008925,4.327246725286883,South-East Asia,NPL,Lower middle income
Nepal,2020,28966.574,20.576000213623047,72.49851229082313,44.62091284234776,<1,49.21732491705701,4.271930843902452,South-East Asia,NPL,Lower middle income
Nepal,2021,29475.01,21.007999420166016,75.82334198300127,46.77632685300905,<1,50.77725535943647,4.211528818767163,South-East Asia,NPL,Lower middle income
Nepal,2022,29715.436,21.451000213623047,79.18665716559464,48.96007430679271,<1,52.32427554853989,4.146063989316653,South-East Asia,NPL,Lower middle income
Nepal,2023,29694.614,21.902999877929688,82.58779111404675,51.17208469816638,<1,53.85790406087878,4.075092577935965,South-East Asia,NPL,Lower middle income
Nepal,2024,29651.054,22.36600112915039,86.02598059376486,53.41194605613945,<1,55.37768563743091,3.998608435595483,South-East Asia,NPL,Lower middle income
Netherlands (Kingdom of the),2000,16058.76,76.79499816894531,98.056483719237,97.4430039606258,96.87795086250841,1.12656574354874,98.8705367328195,Europe,NLD,High income
Netherlands (Kingdom of the),2001,16182.705,77.83000183105469,98.03165929942048,97.44327145627052,96.90342110392778,1.076318164820859,98.92090955920955,Europe,NLD,High income
Netherlands (Kingdom of the),2002,16288.051,79.11299896240234,98.00082584490455,97.4435423241299,96.9350005278366,1.0140305258605,98.98335875503007,Europe,NLD,High income
Netherlands (Kingdom of the),2003,16366.912,80.34099578857422,97.97131858779902,97.44380597276066,96.96522556596085,<1,>99,Europe,NLD,High income
Netherlands (Kingdom of the),2004,16425.566,81.51399993896484,97.94313449038272,97.44706704311352,96.99709450505755,<1,>99,Europe,NLD,High income
Netherlands (Kingdom of the),2005,16465.71,82.6300048828125,97.91632696236591,97.45032364299722,97.02756503747955,<1,>99,Europe,NLD,High income
Netherlands (Kingdom of the),2006,16493.852,83.63600158691406,97.89216455738288,97.45355921711268,97.05533122001553,<1,>99,Europe,NLD,High income
Netherlands (Kingdom of the),2007,16531.357,84.53900146484375,97.8704752768738,97.45677162118956,97.0805624357395,<1,>99,Europe,NLD,High income
Netherlands (Kingdom of the),2008,16597.258,85.4020004272461,97.8497502030324,97.45997900347449,97.1048102218597,<1,>99,Europe,NLD,High income
Netherlands (Kingdom of the),2009,16684.15,86.28800201416016,97.82847518191171,97.46319476930591,97.12962105656534,<1,>99,Europe,NLD,High income
Netherlands (Kingdom of the),2010,16771.235,87.13399505615234,97.80816893792196,97.46641010022122,97.1534534318883,<1,>99,Europe,NLD,High income
Netherlands (Kingdom of the),2011,16851.057,87.8790054321289,97.7902878211501,97.46960250471228,97.17480182318072,<1,>99,Europe,NLD,High income
Netherlands (Kingdom of the),2012,16915.194,88.58799743652344,97.7732705537269,97.4727862442758,97.19526166802193,<1,>99,Europe,NLD,High income
Netherlands (Kingdom of the),2013,16967.063,89.18700408935547,97.75889311184169,97.47594329336876,97.21301621241211,<1,>99,Europe,NLD,High income
Netherlands (Kingdom of the),2014,17030.089,89.69000244140625,97.7468177052972,97.47907494395058,97.22840780363636,<1,>99,Europe,NLD,High income
Netherlands (Kingdom of the),2015,17107.433,90.1729965209961,97.73521926498653,97.4821990518228,97.24330287114728,<1,>99,Europe,NLD,High income
Netherlands (Kingdom of the),2016,17204.693,90.63500213623048,97.72413214759668,97.48532566891662,97.25768729716793,<1,>99,Europe,NLD,High income
Netherlands (Kingdom of the),2017,17315.37,91.0770034790039,97.71352523537828,97.48844778425747,97.27157843382743,<1,>99,Europe,NLD,High income
Netherlands (Kingdom of the),2018,17421.28,91.48999786376952,97.7036451274894,97.49159387719766,97.28475911431465,<1,>99,Europe,NLD,High income
Netherlands (Kingdom of the),2019,17537.507,91.8759994506836,97.69440508820752,97.49472560230956,97.29726947747803,<1,>99,Europe,NLD,High income
Netherlands (Kingdom of the),2020,17636.731,92.23600006103516,97.68579034635049,97.49751409289377,97.30880528055474,<1,>99,Europe,NLD,High income
Netherlands (Kingdom of the),2021,17730.564,92.5719985961914,97.67775002789976,97.49762168216736,97.31707949711921,<1,>99,Europe,NLD,High income
Netherlands (Kingdom of the),2022,17904.421,92.88600158691406,97.67023961171456,97.49772581932557,97.32481568182216,<1,>99,Europe,NLD,High income
Netherlands (Kingdom of the),2023,18092.524,93.1790008544922,97.66322964312282,97.49782103243544,97.33203240056933,<1,>99,Europe,NLD,High income
Netherlands (Kingdom of the),2024,18228.742,93.4530029296875,97.6566689550594,97.49790487646858,97.33877604230652,<1,>99,Europe,NLD,High income
New Caledonia,2000,223.098,61.91899871826172,99.0,,-,-,-,Western Pacific,NCL,High income
New Caledonia,2001,227.707,62.2760009765625,99.0,,-,-,-,Western Pacific,NCL,High income
New Caledonia,2002,232.236,62.63199996948242,99.0,,-,-,-,Western Pacific,NCL,High income
New Caledonia,2003,236.678,62.98699951171875,99.0,,-,-,-,Western Pacific,NCL,High income
New Caledonia,2004,240.852,63.34099578857422,99.0,,-,-,-,Western Pacific,NCL,High income
New Caledonia,2005,244.381,63.96500015258789,99.0,,-,-,-,Western Pacific,NCL,High income
New Caledonia,2006,247.547,64.63800048828125,99.0,,-,-,-,Western Pacific,NCL,High income
New Caledonia,2007,250.725,65.30599975585938,99.0,,-,-,-,Western Pacific,NCL,High income
New Caledonia,2008,253.825,65.96900177001953,99.0,,-,-,-,Western Pacific,NCL,High income
New Caledonia,2009,257.25,66.6240005493164,99.0,,-,-,-,Western Pacific,NCL,High income
New Caledonia,2010,261.582,67.10199737548828,99.0,,-,-,-,Western Pacific,NCL,High income
New Caledonia,2011,266.543,67.56500244140625,99.0,,-,-,-,Western Pacific,NCL,High income
New Caledonia,2012,271.633,68.02399444580078,99.0,,-,-,-,Western Pacific,NCL,High income
New Caledonia,2013,276.822,68.47900390625,99.0,,-,-,-,Western Pacific,NCL,High income
New Caledonia,2014,281.224,68.93099975585938,99.0,,-,-,-,Western Pacific,NCL,High income
New Caledonia,2015,283.168,69.3790054321289,99.0,,-,-,-,Western Pacific,NCL,High income
New Caledonia,2016,283.423,69.82099914550781,99.0,,-,-,-,Western Pacific,NCL,High income
New Caledonia,2017,283.546,70.2560043334961,99.0,,-,-,-,Western Pacific,NCL,High income
New Caledonia,2018,283.541,70.68299865722656,99.0,,-,-,-,Western Pacific,NCL,High income
New Caledonia,2019,283.606,71.10400390625,99.0,,-,-,-,Western Pacific,NCL,High income
New Caledonia,2020,284.176,71.51799774169922,99.0,,-,-,-,Western Pacific,NCL,High income
New Caledonia,2021,285.214,71.92500305175781,99.0,,-,-,-,Western Pacific,NCL,High income
New Caledonia,2022,287.123,72.32499694824219,99.0,,-,-,-,Western Pacific,NCL,High income
New Caledonia,2023,289.87,72.71900177001953,99.0,,-,-,-,Western Pacific,NCL,High income
New Caledonia,2024,292.639,73.10600280761719,99.0,,-,-,-,Western Pacific,NCL,High income
New Zealand,2000,3857.574,86.02100372314453,99.0,80.43644697269296,67.08181608529827,8.997868051479145,80.89945583347273,Western Pacific,NZL,High income
New Zealand,2001,3891.762,86.0999984741211,99.0,81.0221774579859,67.73617987829779,8.997868051479145,81.02798916885635,Western Pacific,NZL,High income
New Zealand,2002,3951.119,86.16100311279297,99.0,81.60877700902284,68.39228155228518,8.997868051479145,81.15652250424003,Western Pacific,NZL,High income
New Zealand,2003,4022.586,86.22100067138672,99.0,82.1962409162084,69.05012110726,8.997868051479145,81.28505583962365,Western Pacific,NZL,High income
New Zealand,2004,4083.91,86.28099822998047,99.0,82.78457788310482,69.70969854322247,8.997868051479145,81.41358917500727,Western Pacific,NZL,High income
New Zealand,2005,4135.007,86.34100341796875,99.0,83.37378125343392,70.37101386017281,8.997868051479145,81.54212251039095,Western Pacific,NZL,High income
New Zealand,2006,4181.94,86.4000015258789,99.0,83.9638590147969,71.03406705811058,8.997868051479145,81.67065584577458,Western Pacific,NZL,High income
New Zealand,2007,4223.266,86.33999633789062,99.0,84.55479765043803,71.69885813703604,8.997868051479145,81.79918918115825,Western Pacific,NZL,High income
New Zealand,2008,4261.824,86.27999877929688,99.0,85.14661324763512,72.36538709694909,8.997868051479145,81.92772251654188,Western Pacific,NZL,High income
New Zealand,2009,4304.304,86.22000122070312,99.0,85.7392909766566,73.03365393784999,8.997868051479145,82.0562558519255,Western Pacific,NZL,High income
New Zealand,2010,4347.77,86.15999603271484,99.0,86.33284351240799,73.70365865973841,8.997868051479145,82.18478918730918,Western Pacific,NZL,High income
New Zealand,2011,4382.7,86.0999984741211,99.0,86.92726074985558,74.3754012626144,8.997868051479145,82.3133225226928,Western Pacific,NZL,High income
New Zealand,2012,4411.676,86.16100311279297,99.0,87.52254738143276,75.04888174647807,8.997868051479145,82.44185585807642,Western Pacific,NZL,High income
New Zealand,2013,4453.851,86.22100067138672,99.0,87.5767422153431,75.72410011132962,10.12867660498796,82.5703891934601,Western Pacific,NZL,High income
New Zealand,2014,4522.983,86.28099822998047,99.0,87.62798293703395,76.40105635716856,11.25948515849632,82.69892252884372,Western Pacific,NZL,High income
New Zealand,2015,4614.029,86.34100341796875,99.0,87.67626764383789,77.07975048399517,12.39029371200468,82.82745586422735,Western Pacific,NZL,High income
New Zealand,2016,4714.77,86.4000015258789,99.0,87.7215965858237,77.76018249180947,13.52110226551349,82.95598919961103,Western Pacific,NZL,High income
New Zealand,2017,4812.752,86.46600341796875,99.0,87.76397276447582,78.44235238061157,14.65191081902185,83.08452253499465,Western Pacific,NZL,High income
New Zealand,2018,4900.847,86.53800201416016,99.0,87.80339874579691,79.12626015040111,15.78271937253021,83.21305587037827,Western Pacific,NZL,High income
New Zealand,2019,4989.403,86.61500549316406,99.0,87.96472967758737,79.81190580117837,16.65840620443228,83.34158920576195,Western Pacific,NZL,High income
New Zealand,2020,5069.895,86.6989974975586,99.0,88.61714892787276,80.4992893329434,16.52988145571666,83.47012254114557,Western Pacific,NZL,High income
New Zealand,2021,5107.697,86.78900146484375,99.0,88.67798046389129,80.62324796435519,16.401339764241,83.5986558765292,Western Pacific,NZL,High income
New Zealand,2022,5131.734,86.88399505615234,99.0,88.73881891264237,80.74720659576703,16.27281214872309,83.72718921191287,Western Pacific,NZL,High income
New Zealand,2023,5172.836,86.98500061035156,99.0,88.79965387023711,80.87116522717882,16.14427742438551,83.8557225472965,Western Pacific,NZL,High income
New Zealand,2024,5213.944,87.09099578857422,99.0,88.79965474878016,80.87116522717882,16.14427921330689,83.8557225472965,Western Pacific,NZL,High income
Nicaragua,2000,5022.633,55.185001373291016,,,-,-,-,Americas,NIC,Lower middle income
Nicaragua,2001,5087.825,55.334999084472656,,,-,-,-,Americas,NIC,Lower middle income
Nicaragua,2002,5149.909,55.48400115966797,,,-,-,-,Americas,NIC,Lower middle income
Nicaragua,2003,5210.963,55.63300323486328,,,-,-,-,Americas,NIC,Lower middle income
Nicaragua,2004,5272.912,55.78200149536133,,,-,-,-,Americas,NIC,Lower middle income
Nicaragua,2005,5342.105,55.935001373291016,,,-,-,-,Americas,NIC,Lower middle income
Nicaragua,2006,5418.855,56.13199996948242,,,-,-,-,Americas,NIC,Lower middle income
Nicaragua,2007,5497.243,56.32799911499024,,,-,-,-,Americas,NIC,Lower middle income
Nicaragua,2008,5576.593,56.52499771118164,,,-,-,-,Americas,NIC,Lower middle income
Nicaragua,2009,5656.601,56.72100067138672,,,-,-,-,Americas,NIC,Lower middle income
Nicaragua,2010,5737.45,56.91699981689453,,,-,-,-,Americas,NIC,Lower middle income
Nicaragua,2011,5819.051,57.11299896240234,,,-,-,-,Americas,NIC,Lower middle income
Nicaragua,2012,5901.287,57.30900192260742,,,-,-,-,Americas,NIC,Lower middle income
Nicaragua,2013,5983.845,57.505001068115234,,,-,-,-,Americas,NIC,Lower middle income
Nicaragua,2014,6066.492,57.70000076293945,,,-,-,-,Americas,NIC,Lower middle income
Nicaragua,2015,6149.417,57.89500045776367,,,-,-,-,Americas,NIC,Lower middle income
Nicaragua,2016,6232.666,58.09000015258789,,,-,-,-,Americas,NIC,Lower middle income
Nicaragua,2017,6316.231,58.29899978637695,,,-,-,-,Americas,NIC,Lower middle income
Nicaragua,2018,6400.08,58.52199935913086,,,-,-,-,Americas,NIC,Lower middle income
Nicaragua,2019,6483.657,58.7599983215332,,,-,-,-,Americas,NIC,Lower middle income
Nicaragua,2020,6565.267,59.012001037597656,,,-,-,-,Americas,NIC,Lower middle income
Nicaragua,2021,6644.741,59.27699661254883,,,-,-,-,Americas,NIC,Lower middle income
Nicaragua,2022,6730.654,59.555999755859375,,,-,-,-,Americas,NIC,Lower middle income
Nicaragua,2023,6823.613,59.8489990234375,,,-,-,-,Americas,NIC,Lower middle income
Nicaragua,2024,6916.14,60.15499877929688,,,-,-,-,Americas,NIC,Lower middle income
Niger,2000,11509.63,16.18600082397461,6.49095998473198,3.645066140407232,<1,1.99354597628725,<1,Africa,NER,Low income
Niger,2001,11920.647,16.260000228881836,6.909428983888134,3.922949319017711,<1,1.996860522544702,<1,Africa,NER,Low income
Niger,2002,12349.144,16.255001068115234,7.309868821331624,4.192828010015578,<1,1.996636674719705,<1,Africa,NER,Low income
Niger,2003,12796.984,16.250999450683594,7.710487374355806,4.462785846101587,<1,1.996457425070382,<1,Africa,NER,Low income
Niger,2004,13265.836,16.246999740600586,8.111051894037464,4.708368211755142,<1,2.083548355797148,1.019438430517023,Africa,NER,Low income
Niger,2005,13756.192,16.242000579833984,8.512252998554365,4.949160526914396,<1,2.170537610193122,1.040608286302682,Africa,NER,Low income
Niger,2006,14268.581,16.237998962402344,8.912259882382548,5.188486849904572,<1,2.257531779542477,1.061824172814732,Africa,NER,Low income
Niger,2007,14803.61,16.233999252319336,9.3108172797856,5.426235249003986,<1,2.344480555937497,1.083048687044639,Africa,NER,Low income
Niger,2008,15361.915,16.229000091552734,9.707634883484266,5.662283846284724,<1,2.431310690900014,1.104248586796041,Africa,NER,Low income
Niger,2009,15943.675,16.225000381469727,10.10327945982337,5.896871330120398,<1,2.518162780475142,1.125491316017339,Africa,NER,Low income
Niger,2010,16548.835,16.22100067138672,10.49746977134742,6.129878586460504,<1,2.604969343129381,1.146742610396558,Africa,NER,Low income
Niger,2011,17176.283,16.215999603271484,10.88988898058788,6.361176012023066,<1,2.69164014087966,1.167972480075577,Africa,NER,Low income
Niger,2012,17836.769,16.211999893188477,11.28115859804163,6.591018572525603,<1,2.778350261286213,1.189242095021817,Africa,NER,Low income
Niger,2013,18519.898,16.20800018310547,11.67096893970121,6.819278287125518,<1,2.86501468216587,1.210520190274001,Africa,NER,Low income
Niger,2014,19215.909,16.2189998626709,12.06447144388505,7.064249709498289,<1,2.953243764626428,1.232208733693154,Africa,NER,Low income
Niger,2015,19939.498,16.246999740600586,12.46279738842107,7.310686275101657,<1,3.043519137861213,1.254310804809115,Africa,NER,Low income
Niger,2016,20685.753,16.290000915527344,12.8657160959019,7.558710118693472,<1,3.135893413612769,1.276722400718069,Africa,NER,Low income
Niger,2017,21435.446,16.350000381469727,13.27442018724195,7.809058347495012,<1,3.230871218015134,1.299442461915044,Africa,NER,Low income
Niger,2018,22188.069,16.424999237060547,13.68866299427443,8.061891744235675,<1,3.328482572870081,1.32237129675829,Africa,NER,Low income
Niger,2019,22947.757,16.517000198364258,14.10969749241005,8.318036299792993,<1,3.429254627779293,1.345503515479234,Africa,NER,Low income
Niger,2020,23717.613,16.625999450683594,14.53806314410608,8.578048036939013,<1,3.533477430669444,1.368784299978799,Africa,NER,Low income
Niger,2021,24502.14,16.750999450683594,14.97389941517297,8.84233120756192,<1,3.641293633261637,1.392139783190027,Africa,NER,Low income
Niger,2022,25311.973,16.893999099731445,15.41858334823625,9.109520882379636,<1,3.753281775392348,1.415554758850853,Africa,NER,Low income
Niger,2023,26159.867,17.054000854492188,15.87228961131922,9.217639604704866,<1,3.869590746378585,1.438954363622134,Africa,NER,Low income
Niger,2024,27032.412,17.231998443603516,16.33604765086297,9.14683342354384,<1,3.990674347861275,1.462299916176862,Africa,NER,Low income
Nigeria,2000,126382.494,34.84000015258789,27.99463686303525,20.49709332901661,1.239086073098051,3.264108938278891,5.667912131415099,Africa,NGA,Lower middle income
Nigeria,2001,129862.595,35.66899871826172,28.03390746900859,20.4674016050959,1.279875221845885,3.341776691006841,5.8229511208853,Africa,NGA,Lower middle income
Nigeria,2002,133471.989,36.507999420166016,28.68634853857527,20.86018368335637,1.359960776596644,3.420381447860215,5.975087875755345,Africa,NGA,Lower middle income
Nigeria,2003,137202.644,37.35600280761719,29.35925928108071,21.2627329989361,1.440824809501999,4.206080456768519,6.124131624550269,Africa,NGA,Lower middle income
Nigeria,2004,141057.045,38.21200180053711,30.05326429870199,21.67915162397224,1.522380828920919,5.069025120021274,6.269901056166634,Africa,NGA,Lower middle income
Nigeria,2005,145017.253,39.07400131225586,30.76891367573132,22.10746452618319,1.604517289506961,5.948218647898495,6.412114247234248,Africa,NGA,Lower middle income
Nigeria,2006,149077.334,39.94300079345703,31.50684919414726,22.54801259874987,1.687189968399174,6.843954861386809,6.550835690677533,Africa,NGA,Lower middle income
Nigeria,2007,153267.261,40.81900024414063,32.26769211295484,23.00116731257302,1.770330703952604,7.756424040062924,6.686013463535977,Africa,NGA,Lower middle income
Nigeria,2008,157595.014,41.70199966430664,33.05207509261046,23.46730787788269,1.853870326030866,8.685816830506088,6.817596041145634,Africa,NGA,Lower middle income
Nigeria,2009,162049.464,42.5880012512207,33.86028604243743,23.9467830996113,1.937644084062148,9.631690733220946,6.945124056461519,Africa,NGA,Lower middle income
Nigeria,2010,166642.886,43.47999954223633,34.69313468134284,24.4399470790357,2.021651011085727,10.59462965230409,7.068873859844849,Africa,NGA,Lower middle income
Nigeria,2011,171379.598,44.365997314453125,35.54994138953122,24.94692836522493,2.105535564595852,11.57268108254278,7.18763825250022,Africa,NGA,Lower middle income
Nigeria,2012,176200.625,45.24599838256836,36.43093382532944,25.46787008932141,2.189225385272209,12.56568208030037,7.3014618554858,Africa,NGA,Lower middle income
Nigeria,2013,181049.443,46.11800003051758,37.33607519270474,26.00284690982442,2.272602142392928,13.57308136644233,7.410205638784391,Africa,NGA,Lower middle income
Nigeria,2014,185896.915,46.98199844360352,38.26551037672427,26.55195291926525,2.355595704106763,14.59466037798145,7.513928296416243,Africa,NGA,Lower middle income
Nigeria,2015,190671.878,47.8380012512207,39.21938083122267,27.11528032831746,2.438137543100754,15.6302024823362,7.612689540552261,Africa,NGA,Lower middle income
Nigeria,2016,195443.7,48.68299865722656,40.19732860588439,27.69275867832292,2.520090887049536,16.67882631372479,7.706295464543695,Africa,NGA,Lower middle income
Nigeria,2017,200254.579,49.51900100708008,41.19971922247824,28.28452429022426,2.60143681968199,17.74069124307636,7.794990407008185,Africa,NGA,Lower middle income
Nigeria,2018,204938.755,50.34400177001953,42.22626273626708,28.89050274904337,2.682066221803602,18.8150769416066,7.878683398558948,Africa,NGA,Lower middle income
Nigeria,2019,209485.641,51.15699768066406,43.27675227636268,29.51062526604019,2.761894760919755,19.9014302200924,7.957376907500145,Africa,NGA,Lower middle income
Nigeria,2020,213996.181,51.95800018310547,44.3511472247714,30.14487585373854,2.840864520665395,20.99943154022832,8.031162112484884,Africa,NGA,Lower middle income
Nigeria,2021,218529.286,52.74599838256836,45.44915595687938,30.79313553075844,2.918896083815477,22.10848134828346,8.100053617729202,Africa,NGA,Lower middle income
Nigeria,2022,223150.896,53.52099990844727,46.57067554842828,31.45535154145557,2.995936127291943,23.22823101830149,8.164149207420635,Africa,NGA,Lower middle income
Nigeria,2023,227882.945,54.282997131347656,47.71558135534962,32.13145892292965,3.071932649436136,24.35832334558647,8.223544137939683,Africa,NGA,Lower middle income
Nigeria,2024,232679.478,55.02999877929688,47.90193706191357,32.20825928184153,3.087968221630188,24.57121393451797,8.27375343721609,Africa,NGA,Lower middle income
Niue,2000,2.047,33.069000244140625,99.0,,-,94.93999999999983,-,Western Pacific,NIU,
Niue,2001,1.988,33.44499969482422,99.0,,-,94.93999999999983,-,Western Pacific,NIU,
Niue,2002,1.942,33.874000549316406,99.0,,-,94.93999999999983,-,Western Pacific,NIU,
Niue,2003,1.908,34.31699752807617,99.0,,-,94.93999999999983,-,Western Pacific,NIU,
Niue,2004,1.869,34.763999938964844,99.0,,-,94.93999999999983,-,Western Pacific,NIU,
Niue,2005,1.827,35.21200180053711,99.0,,-,94.93999999999983,-,Western Pacific,NIU,
Niue,2006,1.798,35.66299819946289,99.0,,-,94.93999999999983,-,Western Pacific,NIU,
Niue,2007,1.784,36.3640022277832,99.0,,-,94.93999999999983,-,Western Pacific,NIU,
Niue,2008,1.78,37.13100051879883,99.0,,-,94.93999999999983,-,Western Pacific,NIU,
Niue,2009,1.777,37.902000427246094,99.0,,-,94.93999999999983,-,Western Pacific,NIU,
Niue,2010,1.768,38.68000030517578,99.0,,-,94.93999999999983,-,Western Pacific,NIU,
Niue,2011,1.757,39.46500015258789,98.97097888249924,,-,94.93999999999983,-,Western Pacific,NIU,
Niue,2012,1.757,40.255001068115234,98.89154771900364,,-,94.93999999999983,-,Western Pacific,NIU,
Niue,2013,1.762,41.03499984741211,98.81211655550806,,-,94.93999999999983,-,Western Pacific,NIU,
Niue,2014,1.769,41.80699920654297,98.73268539201244,,-,94.93999999999983,-,Western Pacific,NIU,
Niue,2015,1.779,42.56800079345703,98.65325422851684,,-,94.93999999999983,-,Western Pacific,NIU,
Niue,2016,1.782,43.31800079345703,98.57382306502124,,-,95.51999999999998,-,Western Pacific,NIU,
Niue,2017,1.78,44.05699920654297,98.4943919015256,,-,96.09999999999991,-,Western Pacific,NIU,
Niue,2018,1.786,44.78499984741211,98.41496073803,,-,96.67999999999984,-,Western Pacific,NIU,
Niue,2019,1.793,45.5,98.3355295745344,,-,97.25999999999999,-,Western Pacific,NIU,
Niue,2020,1.799,46.20199966430664,98.25609841103878,,-,97.83999999999992,-,Western Pacific,NIU,
Niue,2021,1.813,46.8910026550293,98.17666724754318,,-,98.17666724754318,-,Western Pacific,NIU,
Niue,2022,1.821,47.56700134277344,98.09723608404757,,-,98.09723608404755,-,Western Pacific,NIU,
Niue,2023,1.817,48.229000091552734,98.01780492055197,,-,98.01780492055195,-,Western Pacific,NIU,
Niue,2024,1.819,48.87699890136719,97.93837375705635,,-,97.93837375705635,-,Western Pacific,NIU,
North Macedonia,2000,2057.253,58.547996520996094,88.6499475814466,12.90411717289651,4.707358821233427,28.44046539070354,60.18777430173272,Europe,MKD,Upper middle income
North Macedonia,2001,2066.301,58.3390007019043,88.6252235401792,12.91805839883922,4.697568701161267,28.52687960434707,60.06509684764317,Europe,MKD,Upper middle income
North Macedonia,2002,2074.484,58.130001068115234,88.60049986710628,12.93199972027584,4.687778580390566,28.613294161481,59.94241939058905,Europe,MKD,Upper middle income
North Macedonia,2003,2081.411,57.920997619628906,88.57577368840347,12.9459411748494,4.677988085949042,28.69971059270728,59.81973722672309,Europe,MKD,Upper middle income
North Macedonia,2004,2086.581,57.71099853515625,88.55093452567611,12.95994945635035,4.66815134550239,28.78653869266978,59.69647562571924,Europe,MKD,Upper middle income
North Macedonia,2005,2089.807,57.53200149536133,89.14413755853417,12.9287241112103,4.778826318303824,27.70964666047882,60.96613631542832,Europe,MKD,Upper middle income
North Macedonia,2006,2089.233,57.382999420166016,89.74484335840847,12.89566508793636,4.891711000363179,26.61803714107058,62.25533889293222,Europe,MKD,Upper middle income
North Macedonia,2007,2081.972,57.26399993896485,90.35259861060966,12.86060031686051,5.006772163252497,25.51240695168088,63.5634913748268,Europe,MKD,Upper middle income
North Macedonia,2008,2070.834,57.17499923706055,90.966962665795,12.82335912710692,5.123976530113869,24.39345806516119,64.89001593651274,Europe,MKD,Upper middle income
North Macedonia,2009,2060.599,57.11699676513672,91.58757257744374,12.78369113571911,5.243334447126888,23.26151146299558,66.23488841841937,Europe,MKD,Upper middle income
North Macedonia,2010,2051.505,57.0890007019043,92.2138622798074,12.74149416548261,5.364764209846463,22.11765627462986,67.59695800497181,Europe,MKD,Upper middle income
North Macedonia,2011,2040.446,57.09199905395508,92.84544347788714,12.69651276221844,5.488272191083857,20.96223604871495,68.97617784646732,Europe,MKD,Upper middle income
North Macedonia,2012,2027.289,57.12500381469727,93.48175190772938,12.64864571580919,5.613775913903219,19.7963210418013,70.37141939269355,Europe,MKD,Upper middle income
North Macedonia,2013,2013.28,57.18899917602539,94.12237174161814,12.5976306475059,5.74127833224802,18.62026966190962,71.78262025006694,Europe,MKD,Upper middle income
North Macedonia,2014,1997.833,57.28399658203125,94.76680415581336,12.54328191936689,5.870738228592103,17.43480227190546,73.20918790087855,Europe,MKD,Upper middle income
North Macedonia,2015,1980.366,57.407997131347656,95.41441142826488,12.48558828457823,6.002027790689839,16.24129580800906,74.6494867894282,Europe,MKD,Upper middle income
North Macedonia,2016,1961.259,57.5629997253418,96.06481715780312,12.42419351128689,6.135188681345081,15.03978791135543,76.10396919669971,Europe,MKD,Upper middle income
North Macedonia,2017,1940.879,57.74800109863281,96.71744583428568,12.35900039759638,6.27013403073136,13.83131379934252,77.57153014732283,Europe,MKD,Upper middle income
North Macedonia,2018,1919.728,57.9630012512207,97.32968143373331,12.20573654058694,6.406818558667092,12.7287322708025,79.05158764260072,Europe,MKD,Upper middle income
North Macedonia,2019,1897.641,58.20800018310547,97.87916972969384,12.19233426659475,6.496862353417371,11.98681446209579,79.95046725810995,Europe,MKD,Upper middle income
North Macedonia,2020,1872.015,58.48199844360352,98.42777060265676,12.2049140729073,6.583959728854844,11.24487169390811,80.80720629336138,Europe,MKD,Upper middle income
North Macedonia,2021,1851.108,58.7859992980957,98.97481955510646,12.21429618618873,6.671838964691194,10.5040364379075,81.66771985390281,Europe,MKD,Upper middle income
North Macedonia,2022,1840.233,59.11800384521485,98.98180306953998,12.18185432969937,6.684044585720843,10.41942076800185,81.81539294997256,Europe,MKD,Upper middle income
North Macedonia,2023,1831.802,59.47899627685547,98.98940176094835,12.14657953565767,6.697316638192746,10.32741503402046,81.97596861290349,Europe,MKD,Upper middle income
North Macedonia,2024,1823.009,59.86800384521485,98.9975865642367,12.10856767868617,6.711618116647862,10.22827106961089,82.14899904335981,Europe,MKD,Upper middle income
Northern Mariana Islands,2000,68.356,90.1520004272461,94.01336378103775,,-,49.2241872997278,44.61600308258437,Western Pacific,MNP,High income
Northern Mariana Islands,2001,67.984,90.23500061035156,94.27450992212816,,-,49.27861325414875,44.93765168305481,Western Pacific,MNP,High income
Northern Mariana Islands,2002,66.778,90.31599426269533,94.5356560632186,,-,49.27635577969323,45.25930028352536,Western Pacific,MNP,High income
Northern Mariana Islands,2003,65.421,90.39800262451172,94.79680220430902,,-,49.21585332031322,45.5809488839958,Western Pacific,MNP,High income
Northern Mariana Islands,2004,63.938,90.47799682617188,95.05794834539944,,-,49.1553508609332,45.90259748446624,Western Pacific,MNP,High income
Northern Mariana Islands,2005,62.354,90.55799865722656,95.31909448648976,,-,49.09484840155295,46.22424608493679,Western Pacific,MNP,High income
Northern Mariana Islands,2006,60.682,90.63800048828124,95.58024062758015,,-,49.03434594217293,46.54589468540723,Western Pacific,MNP,High income
Northern Mariana Islands,2007,58.941,90.71599578857422,95.8413867686706,,-,48.97384348279292,46.86754328587767,Western Pacific,MNP,High income
Northern Mariana Islands,2008,57.15,90.79499816894533,96.102532909761,,-,48.9133410234129,47.18919188634811,Western Pacific,MNP,High income
Northern Mariana Islands,2009,55.325,90.87200164794922,96.36367905085132,,-,48.85283856403265,47.51084048681867,Western Pacific,MNP,High income
Northern Mariana Islands,2010,54.091,90.9489974975586,96.62482519194174,,-,48.79233610465263,47.8324890872891,Western Pacific,MNP,High income
Northern Mariana Islands,2011,53.608,91.02799987792967,96.88597133303216,,-,48.73183364527262,48.15413768775954,Western Pacific,MNP,High income
Northern Mariana Islands,2012,53.234,91.10800170898438,97.14711747412258,,-,48.67133118589248,48.4757862882301,Western Pacific,MNP,High income
Northern Mariana Islands,2013,52.758,91.18999481201172,97.408263615213,,-,48.61082872651247,48.79743488870054,Western Pacific,MNP,High income
Northern Mariana Islands,2014,52.178,91.2729949951172,97.66940975630332,,-,48.55032626713233,49.11908348917098,Western Pacific,MNP,High income
Northern Mariana Islands,2015,51.514,91.35700225830078,97.93055589739372,,-,48.4898238077522,49.44073208964153,Western Pacific,MNP,High income
Northern Mariana Islands,2016,50.773,91.44300079345705,98.19170203848417,,-,48.42932134837218,49.76238069011197,Western Pacific,MNP,High income
Northern Mariana Islands,2017,49.959,91.52999877929688,98.45284817957456,,-,48.36881888899217,50.08402929058241,Western Pacific,MNP,High income
Northern Mariana Islands,2018,49.077,91.61800384521484,98.713994320665,,-,48.30831642961215,50.40567789105285,Western Pacific,MNP,High income
Northern Mariana Islands,2019,48.129,91.70800018310548,98.9751404617553,,-,48.2478139702319,50.7273264915234,Western Pacific,MNP,High income
Northern Mariana Islands,2020,47.528,91.79800415039062,99.0,,-,48.18731151085188,51.04897509199384,Western Pacific,MNP,High income
Northern Mariana Islands,2021,46.979,91.88999938964844,99.0,,-,48.12680905147187,51.37062369246428,Western Pacific,MNP,High income
Northern Mariana Islands,2022,46.078,91.98300170898438,99.0,,-,48.06630659209173,51.69227229293483,Western Pacific,MNP,High income
Northern Mariana Islands,2023,45.143,92.07599639892578,99.0,,-,48.06630659209173,51.69227229293483,Western Pacific,MNP,High income
Northern Mariana Islands,2024,44.278,92.17100524902344,99.0,,-,48.06630659209173,51.69227229293483,Western Pacific,MNP,High income
Norway,2000,4490.867,76.02000427246094,98.07194142002449,76.66051661236978,57.0936146573657,18.976332490093,79.25272450446539,Europe,NOR,High income
Norway,2001,4513.657,76.37799835205078,98.07086561887172,76.70717115730397,57.40544913388884,18.69791651958917,79.54193050725894,Europe,NOR,High income
Norway,2002,4538.014,76.73300170898438,98.06980182405457,76.7543769991664,57.71803917497599,18.41950054908523,79.83113651005249,Europe,NOR,High income
Norway,2003,4564.669,77.08399963378906,98.0687468260808,76.80213027143553,58.03138662281716,18.1410845785814,80.12034251284604,Europe,NOR,High income
Norway,2004,4591.743,77.39899444580078,98.06780390091568,76.85051347982882,58.34554868550297,17.86266860807757,80.40954851563959,Europe,NOR,High income
Norway,2005,4623.124,77.67500305175781,98.0669754884968,76.89952727234905,58.66053175319724,17.58425263757363,80.69875451843325,Europe,NOR,High income
Norway,2006,4660.494,77.94999694824219,98.06615295632923,76.94908772124455,58.97626839769643,17.3058366670698,80.9879605212268,Europe,NOR,High income
Norway,2007,4709.01,78.23400115966797,98.06529820439135,76.9991631664649,59.29274047768406,17.02742069656597,81.27716652402034,Europe,NOR,High income
Norway,2008,4768.101,78.5260009765625,98.06441975622008,77.0497614340769,59.60994953101987,16.74900472606214,81.5663725268139,Europe,NOR,High income
Norway,2009,4828.623,78.81500244140625,98.06355347032375,77.10091127264585,59.92791548067899,16.4705887555582,81.85557852960744,Europe,NOR,High income
Norway,2010,4889.162,79.10199737548828,98.06269375214904,77.15260772712551,60.24663655148861,16.19217278505437,82.14478453240099,Europe,NOR,High income
Norway,2011,4952.968,79.45500183105469,98.06163293278853,77.20468651785849,60.56598677165406,15.91375681455054,82.43399053519454,Europe,NOR,High income
Norway,2012,5018.458,79.8740005493164,98.06037933562703,77.25715562831648,60.88596418339945,15.63534084404671,82.72319653798809,Europe,NOR,High income
Norway,2013,5080.124,80.28600311279297,98.0591412687485,77.31017667776848,61.20670352369967,15.35692487354277,83.01240254078164,Europe,NOR,High income
Norway,2014,5137.395,80.69200134277344,98.05792554020375,77.36375712403603,61.52820308098832,15.07850890303894,83.30160854357518,Europe,NOR,High income
Norway,2015,5189.771,81.09099578857422,98.0567246248415,77.41788882228727,61.85046489109442,14.80009293253511,83.59081454636873,Europe,NOR,High income
Norway,2016,5235.983,81.48500061035156,98.05554332589624,77.4725778494861,62.17348533319809,14.52167696203128,83.88002054916228,Europe,NOR,High income
Norway,2017,5276.802,81.87100219726562,98.05439042846947,77.52783111737904,62.49727025034629,14.24326099152734,84.16922655195594,Europe,NOR,High income
Norway,2018,5311.752,82.24800109863281,98.053258505645,77.58364058598748,62.82182180278772,13.96484502102351,84.45843255474949,Europe,NOR,High income
Norway,2019,5347.73,82.61600494384766,98.05214939995936,77.6400081292395,63.14714022309308,13.68642905051968,84.74763855754304,Europe,NOR,High income
Norway,2020,5379.274,82.9739990234375,98.05108109859916,77.69695114148207,63.47322769418467,13.40801308001573,85.03684456033659,Europe,NOR,High income
Norway,2021,5408.091,83.322998046875,98.05002773780872,77.75444441733583,63.80008253223016,13.12959710951191,85.32605056313014,Europe,NOR,High income
Norway,2022,5456.801,83.66400146484375,98.04900736113272,77.8125066456579,64.12770303610898,12.85118113900808,85.61525656592369,Europe,NOR,High income
Norway,2023,5519.167,83.99500274658203,98.0480105181421,77.87112717279014,64.45609335104983,12.57276516850425,85.90446256871724,Europe,NOR,High income
Norway,2024,5576.66,84.31800079345703,98.04704981722756,77.93031987129605,64.78524980722513,12.2943491980003,86.19366857151078,Europe,NOR,High income
occupied Palestinian territory*,2000,3151.793,71.96900177001953,90.2843720055734,32.48667841609821,23.50885529265224,49.0696511995313,49.55990349500617,Eastern Mediterranean,PSE,Lower middle income
occupied Palestinian territory*,2001,3242.285,72.18899536132812,90.33962009791114,32.5808103404972,23.607843045384,48.91330779762814,49.76890841858612,Eastern Mediterranean,PSE,Lower middle income
occupied Palestinian territory*,2002,3322.364,72.40899658203125,90.3948305962946,32.67472220337567,23.7065621917246,48.75749892458663,49.97732894549427,Eastern Mediterranean,PSE,Lower middle income
occupied Palestinian territory*,2003,3398.07,72.62699890136719,90.44990808479336,32.7679031950302,23.80450785669146,48.60324863179427,50.18410771115294,Eastern Mediterranean,PSE,Lower middle income
occupied Palestinian territory*,2004,3475.177,72.84500122070312,90.935395618891,33.00459001958205,24.00321675086099,48.44953702469343,50.3903042460452,Eastern Mediterranean,PSE,Lower middle income
occupied Palestinian territory*,2005,3557.401,73.06100463867188,91.42025951935577,33.24123823957316,24.20200393945322,48.29737227797901,50.5948678584842,Eastern Mediterranean,PSE,Lower middle income
occupied Palestinian territory*,2006,3645.096,73.2760009765625,91.9045563015934,33.47809726812995,24.40111405017518,48.14624535660275,50.79832957286578,Eastern Mediterranean,PSE,Lower middle income
occupied Palestinian territory*,2007,3736.691,73.49099731445312,92.3883325224338,33.71541946012906,24.60079522175383,47.99564539160263,51.00122020586956,Eastern Mediterranean,PSE,Lower middle income
occupied Palestinian territory*,2008,3829.041,73.70399475097656,92.8715067384258,33.95268473138958,24.80053179144411,47.84658216575401,51.20249123350847,Eastern Mediterranean,PSE,Lower middle income
occupied Palestinian territory*,2009,3921.246,73.9229965209961,93.3543676724512,34.45690073043727,25.00234656411461,47.20951681082436,51.40631518144513,Eastern Mediterranean,PSE,Lower middle income
occupied Palestinian territory*,2010,4016.916,74.14900207519531,93.83690249145216,35.21952947843916,25.20648943437989,46.09863358907442,51.61318416334792,Eastern Mediterranean,PSE,Lower middle income
occupied Palestinian territory*,2011,4115.908,74.38099670410156,94.31902779454782,35.98673997659622,25.41270203592363,44.98998014301826,51.82254856124354,Eastern Mediterranean,PSE,Lower middle income
occupied Palestinian territory*,2012,4215.313,74.61900329589844,94.80070666090596,36.75836276164205,25.62098353447744,43.88375874522346,52.03438944737326,Eastern Mediterranean,PSE,Lower middle income
occupied Palestinian territory*,2013,4315.261,74.86299896240234,95.28188792533746,37.53421737304808,25.83132676342922,42.78016924383108,52.24867570888738,Eastern Mediterranean,PSE,Lower middle income
occupied Palestinian territory*,2014,4415.882,75.11299896240234,95.76254237342351,41.61250967490157,28.91967041186448,41.67941595393832,52.46539432476574,Eastern Mediterranean,PSE,Lower middle income
occupied Palestinian territory*,2015,4521.565,75.36799621582031,96.24259627344053,45.74572952215214,32.05663128732789,40.58212288007859,52.68400226225097,Eastern Mediterranean,PSE,Lower middle income
occupied Palestinian territory*,2016,4632.739,75.62799835205078,96.72202000531276,49.9347072783862,35.24312104289269,39.48845937896615,52.90448471829033,Eastern Mediterranean,PSE,Lower middle income
occupied Palestinian territory*,2017,4742.743,75.89399719238281,97.20078229051968,54.18065023481745,38.4804633484019,38.39818815748798,53.12732167553457,Eastern Mediterranean,PSE,Lower middle income
occupied Palestinian territory*,2018,4850.592,76.16400146484375,97.67882045485769,58.48369110893217,41.76881684858601,37.31229328763495,53.35148409493834,Eastern Mediterranean,PSE,Lower middle income
occupied Palestinian territory*,2019,4957.768,76.44000244140625,98.156123198693,62.84547345698405,45.10997646388797,36.23015164732603,53.57795866371522,Eastern Mediterranean,PSE,Lower middle income
occupied Palestinian territory*,2020,5069.692,76.718994140625,98.62159540592634,67.254985179898,48.50343370123178,35.15307283157791,53.80521533313192,Eastern Mediterranean,PSE,Lower middle income
occupied Palestinian territory*,2021,5185.336,77.00300598144531,99.0,71.70075966398583,51.95105102467568,34.08043420405941,54.03424624845374,Eastern Mediterranean,PSE,Lower middle income
occupied Palestinian territory*,2022,5305.27,77.29100036621094,99.0,72.65400536877719,52.37125522659015,33.01275872081387,54.26452228329052,Eastern Mediterranean,PSE,Lower middle income
occupied Palestinian territory*,2023,5409.202,77.58200073242188,99.0,73.35689002414351,52.60258196101493,31.95051297209402,54.49554113088154,Eastern Mediterranean,PSE,Lower middle income
occupied Palestinian territory*,2024,5495.443,77.87700653076172,99.0,73.51198450577576,52.7716632510979,31.85131536339562,54.6433415793738,Eastern Mediterranean,PSE,Lower middle income
Oman,2000,2282.131,71.56900024414062,89.15584419289246,,18.00809062288836,71.63772128339842,18.13086050014315,Eastern Mediterranean,OMN,High income
Oman,2001,2310.217,71.54899597167969,89.15278596458421,,18.0036418568601,71.6391251708773,18.12638154867806,Eastern Mediterranean,OMN,High income
Oman,2002,2337.14,71.52899932861328,89.9116284921649,,17.9991940733298,72.4077267035926,18.12190358638633,Eastern Mediterranean,OMN,High income
Oman,2003,2363.796,71.50899505615234,90.67088849102277,,17.99474425617574,73.17675075323622,18.11742357665008,Eastern Mediterranean,OMN,High income
Oman,2004,2404.821,71.8270034790039,91.47156253972516,,18.06547577424373,73.91170823488815,18.18863501696209,Eastern Mediterranean,OMN,High income
Oman,2005,2459.802,72.39999389648438,92.29376382726916,,18.19292358347516,74.61118117464436,18.31694757559809,Eastern Mediterranean,OMN,High income
Oman,2006,2514.795,72.96699523925781,93.1032818281143,,18.31903765479094,75.29922413620687,18.44391734674445,Eastern Mediterranean,OMN,High income
Oman,2007,2570.174,73.5270004272461,93.9002107979075,,18.44359454981076,75.97615726309759,18.56931937592682,Eastern Mediterranean,OMN,High income
Oman,2008,2626.529,74.08000183105469,94.68478370736888,,18.5665952206292,76.64221423707646,18.69315462177551,Eastern Mediterranean,OMN,High income
Oman,2009,2684.659,74.6240005493164,95.4570743657186,,18.68759311219373,77.29791949571475,18.81497349923923,Eastern Mediterranean,OMN,High income
Oman,2010,2757.446,75.16099548339844,96.21748421744924,,18.80703284130033,77.94322921988076,18.93522364190022,Eastern Mediterranean,OMN,High income
Oman,2011,3076.763,76.18299865722656,96.98958875545289,,19.03434841139939,78.1773568079288,19.16408157669789,Eastern Mediterranean,OMN,High income
Oman,2012,3547.106,77.56400299072266,97.75339772586638,,19.34151568413218,77.95128082520569,19.473333017988,Eastern Mediterranean,OMN,High income
Oman,2013,3833.913,78.88200378417969,98.4864188461934,,19.6346691107915,77.71199994370808,19.76847552747521,Eastern Mediterranean,OMN,High income
Oman,2014,4002.439,80.14500427246094,99.0,,19.91558953499494,77.48270823973692,20.05130203207433,Eastern Mediterranean,OMN,High income
Oman,2015,4184.895,81.3499984741211,99.0,,20.18360835460894,77.26394401411,20.32113939305614,Eastern Mediterranean,OMN,High income
Oman,2016,4390.877,82.5,99.0,,20.43939366939824,77.05516121878199,20.57866024332169,Eastern Mediterranean,OMN,High income
Oman,2017,4537.396,83.56000518798828,99.0,,20.67516333264109,76.86272331583315,20.81602963337716,Eastern Mediterranean,OMN,High income
Oman,2018,4597.877,84.53900146484375,99.0,,20.89291466208331,76.68498682999532,21.03525843293812,Eastern Mediterranean,OMN,High income
Oman,2019,4591.241,85.44300079345703,99.0,,21.09398469689143,76.52086722213467,21.23769275319202,Eastern Mediterranean,OMN,High income
Oman,2020,4522.497,86.2760009765625,99.0,,21.27926338580254,76.36964127504145,21.42422858130979,Eastern Mediterranean,OMN,High income
Oman,2021,4500.424,87.04399871826172,99.0,,21.45008396743991,76.2302118096808,21.59620820205058,Eastern Mediterranean,OMN,High income
Oman,2022,4730.226,87.75,99.0,,21.60711483741294,76.10204153874268,21.75430454622345,Eastern Mediterranean,OMN,High income
Oman,2023,5049.269,88.4000015258789,99.0,,21.75168862539578,75.98403246985582,21.89985928549851,Eastern Mediterranean,OMN,High income
Oman,2024,5281.538,88.99800109863281,99.0,,21.88469871026828,75.87546914149023,22.03377186052899,Eastern Mediterranean,OMN,High income
Pakistan,2000,154879.127,32.98200225830078,36.38204448812623,,-,21.87452954883513,20.03442104013734,Eastern Mediterranean,PAK,Lower middle income
Pakistan,2001,159270.907,33.18000030517578,36.47047673371743,,-,21.86925116657847,20.13538100141767,Eastern Mediterranean,PAK,Lower middle income
Pakistan,2002,163222.549,33.37999725341797,36.55979900393078,,-,21.8639186510749,20.23735797456778,Eastern Mediterranean,PAK,Lower middle income
Pakistan,2003,167110.248,33.57999801635742,36.64912353322671,,-,21.85858567809577,20.33933781532723,Eastern Mediterranean,PAK,Lower middle income
Pakistan,2004,171286.0,33.781002044677734,38.35332683505123,,-,23.42694328163794,20.78602830258676,Eastern Mediterranean,PAK,Lower middle income
Pakistan,2005,175453.212,33.98199844360352,40.05194870732603,,-,24.96594078615255,21.23332039945292,Eastern Mediterranean,PAK,Lower middle income
Pakistan,2006,179682.69,34.18399810791016,41.87120785504534,,-,25.67667970179392,21.68172848659973,Eastern Mediterranean,PAK,Lower middle income
Pakistan,2007,184493.231,34.387001037597656,43.69659245168247,,-,25.87184083679353,22.13125917755263,Eastern Mediterranean,PAK,Lower middle income
Pakistan,2008,189499.113,34.59000015258789,45.52761086504309,,-,26.06472945362396,22.58139528751754,Eastern Mediterranean,PAK,Lower middle income
Pakistan,2009,194376.534,34.79300308227539,47.36419827208085,,-,26.25534552279089,23.03214184218629,Eastern Mediterranean,PAK,Lower middle income
Pakistan,2010,199239.047,34.99700164794922,49.20663536757786,,-,26.44358856402878,23.48401702162575,Eastern Mediterranean,PAK,Lower middle income
Pakistan,2011,203746.065,35.20199966430664,51.05480826702172,,-,26.62944143198914,23.93702186659446,Eastern Mediterranean,PAK,Lower middle income
Pakistan,2012,207667.125,35.40800094604492,52.90860968666191,,-,26.81288660789378,24.39116627069913,Eastern Mediterranean,PAK,Lower middle income
Pakistan,2013,211073.978,35.612998962402344,54.76730798381626,,-,26.99414443071391,24.8454031229804,Eastern Mediterranean,PAK,Lower middle income
Pakistan,2014,214264.647,35.819000244140625,56.63146361704232,,-,27.17298245234349,25.30078050867775,Eastern Mediterranean,PAK,Lower middle income
Pakistan,2015,217290.883,36.0260009765625,58.50097082322246,,-,27.34938816909982,25.7573044771547,Eastern Mediterranean,PAK,Lower middle income
Pakistan,2016,220138.869,36.23400115966797,60.37570496584761,,-,27.52333951890347,26.21497426170107,Eastern Mediterranean,PAK,Lower middle income
Pakistan,2017,223273.967,36.44200134277344,62.2553089946578,,-,27.69496358285759,26.67326929896086,Eastern Mediterranean,PAK,Lower middle income
Pakistan,2018,226928.892,36.66600036621094,64.14353424429946,,-,27.86193383289262,27.14070492219227,Eastern Mediterranean,PAK,Lower middle income
Pakistan,2019,230800.899,36.90699768066406,66.03983687464772,,-,28.02383368683543,27.61788651950715,Eastern Mediterranean,PAK,Lower middle income
Pakistan,2020,235001.746,37.165000915527344,67.94338209487553,,-,28.18037263107558,28.10489100417557,Eastern Mediterranean,PAK,Lower middle income
Pakistan,2021,239477.801,37.43999862670898,69.85333767265567,,-,28.3312700125977,28.60179437275894,Eastern Mediterranean,PAK,Lower middle income
Pakistan,2022,243700.667,37.73099899291992,71.76867367298017,,-,28.47640663523626,29.1081382661596,Eastern Mediterranean,PAK,Lower middle income
Pakistan,2023,247504.495,38.040000915527344,71.82432453878526,,-,28.42460299594949,29.2744878513454,Eastern Mediterranean,PAK,Lower middle income
Pakistan,2024,251269.164,38.3650016784668,71.88286004167557,,-,28.37011838880528,29.44945182048557,Eastern Mediterranean,PAK,Lower middle income
Palau,2000,19.178,70.33799743652344,92.30552118237694,,-,-,61.79046405139926,Western Pacific,PLW,High income
Palau,2001,19.352,70.09300231933594,92.57327321941936,,-,-,62.73449859362516,Western Pacific,PLW,High income
Palau,2002,19.503,69.84700012207031,92.84392276099508,,-,-,63.68531986866406,Western Pacific,PLW,High income
Palau,2003,19.659,69.5999984741211,93.11749536622452,,-,-,64.64297932128876,Western Pacific,PLW,High income
Palau,2004,19.82,70.38300323486328,93.51618789325325,,-,-,66.0539797703103,Western Pacific,PLW,High income
Palau,2005,19.819,71.1520004272461,93.90361833333758,,-,-,67.43594288568566,Western Pacific,PLW,High income
Palau,2006,19.593,71.91000366210938,94.28037277158433,,-,-,68.79070595466236,Western Pacific,PLW,High income
Palau,2007,19.302,72.65499877929688,94.64645713914923,,-,-,70.11798180288412,Western Pacific,PLW,High income
Palau,2008,19.009,73.38899993896484,95.00229252203044,,-,-,71.41909171996244,Western Pacific,PLW,High income
Palau,2009,18.709,74.10900115966797,95.34782840284232,,-,-,72.69345089771693,Western Pacific,PLW,High income
Palau,2010,18.396,74.81700134277344,95.68347291353128,,-,-,73.94235971060523,Western Pacific,PLW,High income
Palau,2011,18.078,75.51100158691406,96.00931693874088,,-,-,75.16570516256866,Western Pacific,PLW,High income
Palau,2012,17.765,76.19400024414062,96.32581372557608,,-,-,76.36504249656564,Western Pacific,PLW,High income
Palau,2013,17.648,76.86199951171875,96.63292123159532,,-,-,77.53966637275764,Western Pacific,PLW,High income
Palau,2014,17.715,77.51700592041016,96.93103038765298,,-,-,78.69081140424723,Western Pacific,PLW,High income
Palau,2015,17.77,78.15899658203125,97.22038413056444,,-,-,79.81905494804535,Western Pacific,PLW,High income
Palau,2016,17.797,78.7750015258789,97.50064287745587,,-,-,80.92165228135967,Western Pacific,PLW,High income
Palau,2017,17.812,79.36499786376953,97.77229651905148,,-,-,81.99976192511136,Western Pacific,PLW,High income
Palau,2018,17.814,79.93000030517578,98.0358496591014,,-,-,83.05475813780298,Western Pacific,PLW,High income
Palau,2019,17.798,80.47000122070312,98.29177428191004,,-,-,84.08775592226526,Western Pacific,PLW,High income
Palau,2020,17.792,80.98799896240234,98.54058973386906,,-,-,85.10045212529502,Western Pacific,PLW,High income
Palau,2021,17.783,81.48300170898438,98.78268668649378,,-,-,86.09363810110531,Western Pacific,PLW,High income
Palau,2022,17.759,81.95600128173828,99.0,,-,-,87.06850745494292,Western Pacific,PLW,High income
Palau,2023,17.727,82.40799713134766,99.0,,-,-,87.14382693141249,Western Pacific,PLW,High income
Palau,2024,17.695,82.83899688720703,99.0,,-,-,87.21564504591038,Western Pacific,PLW,High income
Panama,2000,3010.369,62.198001861572266,62.56129649322348,,<1,19.81711477299676,28.74373987577492,Americas,PAN,High income
Panama,2001,3069.537,62.49700164794922,63.30004839786497,,<1,20.95862254001905,29.07337674276822,Americas,PAN,High income
Panama,2002,3129.344,62.79399871826172,64.35890213800522,,<1,22.09462499055118,29.40347556863395,Americas,PAN,High income
Panama,2003,3189.807,63.09099960327149,65.42274942631755,,<1,23.22541398594809,29.73487892890945,Americas,PAN,High income
Panama,2004,3251.155,63.387001037597656,66.49129097845668,,<1,24.35087872084561,30.06715825224326,Americas,PAN,High income
Panama,2005,3313.026,63.68200302124024,67.56453058423617,,<1,25.47104714820961,30.40030748540608,Americas,PAN,High income
Panama,2006,3375.024,63.97600173950195,68.64245956991431,,<1,26.58594274667714,30.73431605167975,Americas,PAN,High income
Panama,2007,3437.49,64.26799774169922,69.72479746166962,,<1,27.6955110857272,31.06874589812168,Americas,PAN,High income
Panama,2008,3500.648,64.56000518798828,70.81211357310262,,<1,28.7999522640891,31.40445720105631,Americas,PAN,High income
Panama,2009,3564.381,64.85099792480469,71.90412162788125,,<1,29.89920158178564,31.74101019244852,Americas,PAN,High income
Panama,2010,3628.535,65.13999938964844,73.00053740551458,,<1,30.99322736599261,32.07795849565665,Americas,PAN,High income
Panama,2011,3693.505,65.43700408935547,74.10417711829068,,2.24739136246162,32.08256722697863,32.41972945947247,Americas,PAN,High income
Panama,2012,3759.256,65.74100494384766,75.21471651981562,,3.634254775157242,33.1669687168037,32.76592788587293,Americas,PAN,High income
Panama,2013,3825.329,66.052001953125,76.33212222299422,,5.064889089257581,34.24624864397961,33.11660029716113,Americas,PAN,High income
Panama,2014,3892.101,66.37100219726562,77.45663523009723,,6.540411418561703,35.32024440645802,33.47224516412047,Americas,PAN,High income
Panama,2015,3960.035,66.69599914550781,78.58766937624087,,8.061714835776364,36.38872117500735,33.83201071781403,Americas,PAN,High income
Panama,2016,4029.086,67.0270004272461,79.72518292351263,,9.629808694604565,37.45151607037102,34.1959332958194,Americas,PAN,High income
Panama,2017,4098.707,67.36500549316406,80.86941814219927,,11.24586961677791,38.50846892230858,34.5645075191765,Americas,PAN,High income
Panama,2018,4167.86,67.70899963378906,82.02007682107985,,12.91083941929069,39.55941240671648,34.93732563320966,Americas,PAN,High income
Panama,2019,4234.7,68.05899810791016,83.17711597993221,,14.62578424298211,40.60418298272109,35.31442414127532,Americas,PAN,High income
Panama,2020,4293.261,68.41400146484375,84.34023847629437,,16.39157710571641,41.64265492138695,35.69537992910197,Americas,PAN,High income
Panama,2021,4345.405,68.7750015258789,85.5096832210543,,18.20949107737062,42.67465914799795,36.08068951007882,Americas,PAN,High income
Panama,2022,4400.773,69.14099884033203,86.68515268565353,,20.08039298605646,43.70008425235945,36.4699281501,Americas,PAN,High income
Panama,2023,4458.759,69.51200103759766,87.86661625345778,,22.00535426953569,44.7187994080328,36.86312462526185,Americas,PAN,High income
Panama,2024,4515.577,69.88800048828125,89.0540402475148,,22.3527153165328,45.73066855306107,37.26031378833518,Americas,PAN,High income
Papua New Guinea,2000,5537.064,13.203999519348145,16.21647003008164,10.70872268162451,1.794379062422207,4.961128421531031,3.689892184694187,Western Pacific,PNG,Lower middle income
Papua New Guinea,2001,5728.435,13.181999206542969,16.20628541325425,10.70369754341692,1.791956740173222,4.955323953301504,3.684932168278683,Western Pacific,PNG,Lower middle income
Papua New Guinea,2002,5924.003,13.164000511169434,16.19795347206298,10.69958665499304,1.789974960979582,4.950575164427874,3.680874221198341,Western Pacific,PNG,Lower middle income
Papua New Guinea,2003,6123.997,13.145999908447266,16.18962151013611,10.69547592951999,1.787993044921689,4.945826089898731,3.676815994873187,Western Pacific,PNG,Lower middle income
Papua New Guinea,2004,6328.041,13.12700080871582,16.18082664510977,10.69113653516709,1.785901237316625,4.940813622696081,3.672532749904171,Western Pacific,PNG,Lower middle income
Papua New Guinea,2005,6535.905,13.109000205993652,16.60591350712944,11.04772377563672,1.783919302080655,4.936064479999692,3.66847448378315,Western Pacific,PNG,Lower middle income
Papua New Guinea,2006,6747.72,13.090999603271484,17.0313208013981,11.40457207141427,1.781937335979964,4.931315231065406,3.66441615369784,Western Pacific,PNG,Lower middle income
Papua New Guinea,2007,6963.345,13.072999954223633,17.45704999504176,11.76168232440783,1.779955552572276,4.926566432006228,3.660358197986617,Western Pacific,PNG,Lower middle income
Papua New Guinea,2008,7183.002,13.054999351501465,17.88309993364792,12.11905400990674,1.77797364419734,4.921817348734899,3.656299986749961,Western Pacific,PNG,Lower middle income
Papua New Guinea,2009,7406.438,13.03700065612793,18.24861728045395,12.41388665250317,1.877450254095624,4.830511713658101,3.870580279999119,Western Pacific,PNG,Lower middle income
Papua New Guinea,2010,7633.523,13.019000053405762,18.61015077495008,12.70574966819729,1.976136138116474,4.73980519365147,4.084703176237535,Western Pacific,PNG,Lower middle income
Papua New Guinea,2011,7859.346,13.0,18.96729782803478,12.99444916519955,2.073915511002733,4.649484651982466,4.298430832114961,Western Pacific,PNG,Lower middle income
Papua New Guinea,2012,8081.39,12.982000350952148,19.32086661666536,13.28037228279881,2.171018730953159,4.559994651305366,4.512236084838665,Western Pacific,PNG,Lower middle income
Papua New Guinea,2013,8302.698,12.977999687194824,19.67579822837756,13.56595483032381,2.269013456614853,4.473631282695926,4.72934507951287,Western Pacific,PNG,Lower middle income
Papua New Guinea,2014,8523.441,12.98799991607666,20.03172739706957,13.85110854042635,2.367984961490388,4.389696354170881,4.949942516886323,Western Pacific,PNG,Lower middle income
Papua New Guinea,2015,8743.246,13.011999130249023,20.38828567383516,14.13574265818176,2.468016988132123,4.307489107963382,5.174210001936297,Western Pacific,PNG,Lower middle income
Papua New Guinea,2016,8961.718,13.050000190734863,20.74511600871903,14.41977299479734,2.569194465716854,4.226310730268108,5.402331666955499,Western Pacific,PNG,Lower middle income
Papua New Guinea,2017,9178.714,13.101999282836914,21.10186096993948,14.70311457786902,2.671601227262006,4.145460915849132,5.634489439698708,Western Pacific,PNG,Lower middle income
Papua New Guinea,2018,9394.513,13.168999671936035,21.4585108450562,14.98586468360097,2.775452093737289,4.064337590644961,5.871135951466062,Western Pacific,PNG,Lower middle income
Papua New Guinea,2019,9609.01,13.249999046325684,21.8143659983838,15.26776456382334,2.880705327688131,3.98211085034029,6.1121942606842,Western Pacific,PNG,Lower middle income
Papua New Guinea,2020,9815.746,13.345000267028809,22.16908631237796,15.54873832338851,2.987445319350742,3.898080998138343,6.35784765724223,Western Pacific,PNG,Lower middle income
Papua New Guinea,2021,10012.896,13.456000328063965,22.52296363597591,15.82905554956452,3.096028162428972,3.811642503310957,6.608842110507254,Western Pacific,PNG,Lower middle income
Papua New Guinea,2022,10203.169,13.58199977874756,22.87531637996137,16.10846719705073,3.206412366615438,3.721965891668686,6.865101432815583,Western Pacific,PNG,Lower middle income
Papua New Guinea,2023,10389.635,13.722999572753906,23.22579132195623,16.38689704390046,3.318687710196812,3.628300842097306,7.126820849383188,Western Pacific,PNG,Lower middle income
Papua New Guinea,2024,10576.502,13.879999160766602,23.57433914582373,16.66444432566091,3.433087149507789,3.529895760446699,7.394492837070729,Western Pacific,PNG,Lower middle income
Paraguay,2000,5100.868,55.330997467041016,70.767087190756,47.28182973288916,6.185314363801559,25.67070085580611,12.89873069670212,Americas,PRY,Upper middle income
Paraguay,2001,5187.689,55.96600341796875,72.05023851654276,47.89755387894007,6.102654036984366,26.99836641874645,12.72944369536029,Americas,PRY,Upper middle income
Paraguay,2002,5261.328,56.59999847412109,73.30601003806973,48.48887134733558,6.019578075235014,28.32273055373127,12.55834707530383,Americas,PRY,Upper middle income
Paraguay,2003,5326.436,56.97699737548828,74.4672620916261,49.05089933428721,5.916472326233977,29.58044776400587,12.34480067416598,Americas,PRY,Upper middle income
Paraguay,2004,5388.175,57.30500030517578,75.60314031423627,49.60121956552823,5.80931104196621,30.8243479988938,12.12256092629192,Americas,PRY,Upper middle income
Paraguay,2005,5448.097,57.632999420166016,76.72877150170098,50.14298790708101,5.701807776222901,32.06667099138066,11.89946837698859,Americas,PRY,Upper middle income
Paraguay,2006,5505.148,57.959999084472656,77.84392778583926,50.67620174880345,5.593887242927599,33.30717616415787,11.67536868154921,Americas,PRY,Upper middle income
Paraguay,2007,5559.386,58.2859992980957,78.94868769328087,51.20091958900159,5.485549986848404,34.54587475501489,11.45026734933862,Americas,PRY,Upper middle income
Paraguay,2008,5613.574,58.61199951171875,80.04333966564032,51.7171843447507,5.376867609997936,35.78300653300207,11.22431919816402,Americas,PRY,Upper middle income
Paraguay,2009,5671.236,58.9370002746582,81.12770394665209,52.2250339611093,5.267766654406257,37.01834014670975,10.99737399028741,Americas,PRY,Upper middle income
Paraguay,2010,5737.971,59.26100158691406,82.2018433166323,52.72451798687319,5.15824615408395,38.25187902355176,10.76943401293934,Americas,PRY,Upper middle income
Paraguay,2011,5814.626,59.58399963378906,83.26583438691985,53.21569273162812,5.048306865845983,39.48363489663417,10.54050513733226,Americas,PRY,Upper middle income
Paraguay,2012,5897.008,59.90700149536133,84.31991329539191,53.69855533017276,4.938018654435156,40.71384004048451,10.31073807759893,Americas,PRY,Upper middle income
Paraguay,2013,5982.445,60.19700241088867,85.35897787468882,54.17529813294017,4.825082651551448,41.93511696435525,10.0753206184371,Americas,PRY,Upper middle income
Paraguay,2014,6069.811,60.474002838134766,86.38725717026497,54.64555073339097,4.710935370259831,43.15213020702222,9.837272612105536,Americas,PRY,Upper middle income
Paraguay,2015,6159.103,60.75,87.4068345992566,55.1087059624008,4.596418280349697,44.36759226921333,9.598361635817415,Americas,PRY,Upper middle income
Paraguay,2016,6249.126,61.0260009765625,88.41789473245254,55.56471650621542,4.481599575072463,45.58172932210875,9.358733958818869,Americas,PRY,Upper middle income
Paraguay,2017,6338.66,61.29999923706055,89.42025044521978,56.01381623132479,4.366342789662784,46.79410905012386,9.118107682355237,Americas,PRY,Upper middle income
Paraguay,2018,6427.382,61.584999084472656,90.41514671189904,56.45447854562343,4.251517123490358,48.00750055689085,8.87830291110358,Americas,PRY,Upper middle income
Paraguay,2019,6515.058,61.878997802734375,91.41548810568662,56.89883660985151,4.13625168109106,49.2214066180379,8.63900039887825,Americas,PRY,Upper middle income
Paraguay,2020,6603.739,62.18299865722656,92.4079453626308,57.31766592497397,4.03970382569895,50.43596392530929,8.438056465123681,Americas,PRY,Upper middle income
Paraguay,2021,6684.182,62.496002197265625,93.39204777992524,57.7111426756709,3.961377919084789,51.65089888836192,8.274450802132302,Americas,PRY,Upper middle income
Paraguay,2022,6760.464,62.81800079345703,94.24346792332912,57.9878320287825,3.882620487532398,52.86615015906135,8.109943778062979,Americas,PRY,Upper middle income
Paraguay,2023,6844.146,63.14899826049805,95.24918027785137,58.39824642112971,3.803387738082694,54.08164497289397,7.944443919016276,Americas,PRY,Upper middle income
Paraguay,2024,6929.153,63.4890022277832,95.93475867651512,58.52833345803553,3.723638070141138,55.29732349930636,7.777864330462088,Americas,PRY,Upper middle income
Peru,2000,26598.331,73.04199981689453,64.68993707201392,12.90462736841516,5.050505738460548,11.23065061172213,57.04198250634411,Americas,PER,Upper middle income
Peru,2001,26964.601,73.44800567626953,65.40688392695185,14.36919123658982,6.441587220679719,10.94505585526848,57.91654537637508,Americas,PER,Upper middle income
Peru,2002,27288.217,73.8499984741211,66.11347896640248,15.86823315434512,7.871589702310851,10.65903325317325,58.78585785753464,Americas,PER,Upper middle income
Peru,2003,27580.49,74.2490005493164,66.81030004615728,17.40139360814711,9.3402101612457,10.37243295367378,59.65068730970599,Americas,PER,Upper middle income
Peru,2004,27852.19,74.64399719238281,67.4970575513904,18.96836374649777,10.84695540160186,10.08543310956381,60.51033116269391,Americas,PER,Upper middle income
Peru,2005,28101.18,75.03399658203125,68.17351524947588,20.56880313196585,12.39127780191206,9.798217559209878,61.36411660007562,Americas,PER,Upper middle income
Peru,2006,28324.491,75.4209976196289,68.84061749708124,22.20238213547889,13.97304752171505,9.510467530428777,62.21350350782067,Americas,PER,Upper middle income
Peru,2007,28530.699,75.8030014038086,69.49774213230124,23.8687572520584,15.59157052372488,9.222536642495779,63.05710802706574,Americas,PER,Upper middle income
Peru,2008,28719.041,76.052001953125,70.0979718244948,25.56309488842008,17.22220899376086,8.956412717249055,63.80454812045156,Americas,PER,Upper middle income
Peru,2009,28896.811,76.24099731445312,70.67120780702813,27.28470083800645,18.87368955743044,8.700001677767764,64.50833560644598,Americas,PER,Upper middle income
Peru,2010,29086.019,76.43000030517578,71.24009908314274,29.03498182899976,20.556331417673,8.443086325616523,65.2110292591052,Americas,PER,Upper middle income
Peru,2011,29304.086,76.61700439453125,71.80398647492798,30.81368724680683,22.26954915893441,8.186017262915284,65.91123748917539,Americas,PER,Upper middle income
Peru,2012,29550.366,76.80400085449219,72.3636014252996,32.62078089336459,24.01363034789427,7.928450278235521,66.61035889564292,Americas,PER,Upper middle income
Peru,2013,29817.919,76.98899841308594,72.9183194169617,34.45597835761685,25.78793467342208,7.670740125875685,67.30701387282376,Americas,PER,Upper middle income
Peru,2014,30115.826,77.17300415039062,73.4685325137981,36.31919811154667,27.59253908532103,7.412716758852014,68.00191239935124,Americas,PER,Upper middle income
Peru,2015,30457.6,77.35700225830078,74.01458209099022,38.21038850448775,29.42757556061278,7.15420190591418,68.69574235488153,Americas,PER,Upper middle income
Peru,2016,30866.494,77.53900146484375,74.55590408761327,40.12922209013248,31.29232523337441,6.895560520762754,69.38714491487461,Americas,PER,Upper middle income
Peru,2017,31324.637,77.72000122070312,75.0928493726003,42.07564302218883,33.18690765526361,6.636618112430997,70.07680719779003,Americas,PER,Upper middle income
Peru,2018,31897.584,77.9070053100586,75.62740982963636,44.05037786213525,35.11350506257605,6.37608193817779,70.76949123253132,Americas,PER,Upper middle income
Peru,2019,32449.303,78.0989990234375,76.1591748496731,46.05333003246465,37.07190701657336,6.114115938097999,71.46446634689552,Americas,PER,Upper middle income
Peru,2020,32838.579,78.29700469970703,76.68828654310776,48.08464514292743,39.06256569114048,5.850511602951167,72.16235874973525,Americas,PER,Upper middle income
Peru,2021,33155.882,78.5,77.21435812093118,50.14420785135661,41.0852411164806,5.585433806867257,72.86245125585383,Americas,PER,Upper middle income
Peru,2022,33475.438,78.70800018310547,77.73727344206179,52.23201994646653,43.14001685717047,5.318864109726842,73.5646923871908,Americas,PER,Upper middle income
Peru,2023,33845.617,78.9219970703125,78.25715777013535,54.34824965974313,45.22738213127134,5.050588904095302,74.26970905882766,Americas,PER,Upper middle income
Peru,2024,34217.848,79.13899993896484,78.77320365743654,56.49240948242863,47.34622294965824,4.781163080940043,74.97547065811547,Americas,PER,Upper middle income
Philippines,2000,79625.397,46.1349983215332,64.57801503632686,47.09745595428908,1.471903553294379,70.90942146725475,3.723937290394892,Western Pacific,PHL,Lower middle income
Philippines,2001,81401.488,46.04999923706055,65.01013506048389,47.48354261740509,1.512019047367126,70.9235722432253,3.82574046247229,Western Pacific,PHL,Lower middle income
Philippines,2002,83068.889,45.96500015258789,65.44308075929062,47.87052875240028,1.552080215734968,70.93758035750649,3.927411236269963,Western Pacific,PHL,Lower middle income
Philippines,2003,84731.835,45.87999725341797,65.87685133985542,48.25841398958357,1.592087003599552,70.95144463223946,4.028949476028129,Western Pacific,PHL,Lower middle income
Philippines,2004,86394.504,45.79499816894531,66.31144959443095,48.64719959117501,1.632039597251355,70.96516930465562,4.130355642650187,Western Pacific,PHL,Lower middle income
Philippines,2005,88015.962,45.709999084472656,66.74687764265651,49.03948825687554,1.67193795297462,70.96604962631194,4.231629634046484,Western Pacific,PHL,Lower middle income
Philippines,2006,89508.986,45.625,67.18313018722843,49.43781317729475,1.711781975482105,70.94168308394768,4.332771205900295,Western Pacific,PHL,Lower middle income
Philippines,2007,91075.184,45.540000915527344,68.2064372279476,50.24419292626238,1.765235402553455,71.13513540156144,4.433780247466983,Western Pacific,PHL,Lower middle income
Philippines,2008,92699.095,45.45499801635742,69.23990982294441,51.05856023632249,1.81928548644056,71.33060374059676,4.534657503968829,Western Pacific,PHL,Lower middle income
Philippines,2009,94384.25,45.37099838256836,70.28368190400943,51.88092545128944,1.873949682363556,71.52832835455912,4.635446512814067,Western Pacific,PHL,Lower middle income
Philippines,2010,96337.125,45.33200073242188,71.34240566544175,52.71089232226898,1.930050487828981,71.73881324320983,4.738138670443495,Western Pacific,PHL,Lower middle income
Philippines,2011,98248.614,45.522003173828125,72.43319570755813,53.54508396550951,1.99114986759801,72.00232600109908,4.851297352784982,Western Pacific,PHL,Lower middle income
Philippines,2012,100175.512,45.71200180053711,73.53023502298005,54.3843666262926,2.05306396709927,72.26134652491275,4.964751810377622,Western Pacific,PHL,Lower middle income
Philippines,2013,102076.336,45.90299987792969,74.63353664186388,55.22866784856588,2.115813672341921,72.51607765067524,5.078549500721296,Western Pacific,PHL,Lower middle income
Philippines,2014,103767.13,46.09299850463867,75.74285601991612,56.07798618500298,2.179360623804195,72.76609863551221,5.192595996778818,Western Pacific,PHL,Lower middle income
Philippines,2015,105312.992,46.28400039672852,76.85828539745147,56.93222073186477,2.243746081516091,73.01180793703917,5.306987291390248,Western Pacific,PHL,Lower middle income
Philippines,2016,106735.719,46.47499847412109,77.97966929160525,57.51623253018693,2.308951296411662,73.25300019589129,5.421676032096284,Western Pacific,PHL,Lower middle income
Philippines,2017,108119.693,46.68199920654297,79.10777566922141,58.10154453007034,2.375321075979185,73.49217970377374,5.537471993801428,Western Pacific,PHL,Lower middle income
Philippines,2018,109465.287,46.90699768066406,80.24223842125328,58.68736517731087,2.442920136903748,73.72907051514905,5.654515656334622,Western Pacific,PHL,Lower middle income
Philippines,2019,110804.683,47.14899826049805,81.38250557935415,59.27305195647434,2.511749724282794,73.96290282581147,5.772797161505363,Western Pacific,PHL,Lower middle income
Philippines,2020,112081.264,47.40800094604492,82.52806553316013,59.8578963147958,2.581831874941799,74.19306720420583,5.892355392360416,Western Pacific,PHL,Lower middle income
Philippines,2021,113100.95,47.68399810791016,83.67840770554977,60.44118628486689,2.653189429009906,74.41896742992479,6.013230658531128,Western Pacific,PHL,Lower middle income
Philippines,2022,113964.338,47.97700119018555,84.8329995746262,61.02219054468231,2.725845178949293,74.6399987733135,6.135462730314168,Western Pacific,PHL,Lower middle income
Philippines,2023,114891.199,48.28700256347656,85.99129439601498,61.60016579030677,2.799821835262554,74.85555416627383,6.259090763829953,Western Pacific,PHL,Lower middle income
Philippines,2024,115843.67,48.6140022277832,87.15273984164776,62.17436153992154,2.87514257349583,75.06503287516206,6.384154549553235,Western Pacific,PHL,Lower middle income
Poland,2000,38258.071,61.71600341796875,87.57454821459075,86.1118649553605,56.83618758607535,-,58.57477141017398,Europe,POL,High income
Poland,2001,38247.357,61.7609977722168,88.2568300626224,86.7860364535541,56.83693331899985,-,58.57477141017398,Europe,POL,High income
Poland,2002,38229.408,61.7869987487793,88.93535459037378,87.45649500947434,56.8377133780219,-,58.57477141017398,Europe,POL,High income
Poland,2003,38203.524,61.676002502441406,89.59467916705259,88.10797918514524,56.83883049221578,-,58.57477141017398,Europe,POL,High income
Poland,2004,38167.572,61.56399917602539,90.25626184680158,88.79395471988211,57.87447812318628,-,59.59016419832597,Europe,POL,High income
Poland,2005,38124.379,61.45199966430664,90.92024656242609,89.48419321937999,58.9118333148588,-,60.60555698647795,Europe,POL,High income
Poland,2006,38071.167,61.34099960327149,91.5867449958382,90.17880282845512,59.95089304275363,-,61.62094977462993,Europe,POL,High income
Poland,2007,38020.421,61.22900390625,92.25553786412516,90.87756489180644,60.99166239584168,-,62.63634256278192,Europe,POL,High income
Poland,2008,37995.902,61.115997314453125,92.92664837300478,91.58050029066116,62.0341412909211,-,63.6517353509339,Europe,POL,High income
Poland,2009,38002.155,61.00400161743164,93.60026777874506,92.28779562340092,63.07832374557015,-,64.66712813908566,Europe,POL,High income
Poland,2010,38095.351,60.891998291015625,94.27628453974472,92.9993386825215,64.124212315829,-,65.68252092723765,Europe,POL,High income
Poland,2011,38208.643,60.77999877929688,94.95471259413914,93.71514108413506,65.17180667089275,-,66.69791371538963,Europe,POL,High income
Poland,2012,38247.868,60.65400314331055,95.63499716027276,94.43465416792851,66.22114966742717,-,67.71330650354162,Europe,POL,High income
Poland,2013,38259.262,60.52899932861328,96.31801751610357,95.158742396788,67.27219641867306,-,68.7286992916936,Europe,POL,High income
Poland,2014,38265.113,60.40299987792969,97.00370378738134,95.887334551216,68.32495282970314,-,69.74409207984559,Europe,POL,High income
Poland,2015,38266.314,60.27799987792969,97.6921036491612,96.61353722125088,69.3724743960713,-,70.75948486799757,Europe,POL,High income
Poland,2016,38263.265,60.178001403808594,98.38310518594552,97.28587666384684,70.36332067433199,-,71.77487765614956,Europe,POL,High income
Poland,2017,38254.959,60.1050033569336,98.79661268252032,97.68512728506634,71.3532570280826,-,72.79027044430131,Europe,POL,High income
Poland,2018,38241.071,60.05799865722656,98.95542510303362,97.83396337682488,72.34231374154918,-,73.8056632324533,Europe,POL,High income
Poland,2019,38225.885,60.0369987487793,98.9575340330854,97.82896527546892,73.33121173032796,-,74.82105602060528,Europe,POL,High income
Poland,2020,38171.012,60.042999267578125,98.95750853750782,97.82955659018856,74.31972971031702,-,75.83644880875727,Europe,POL,High income
Poland,2021,38040.302,60.07500457763672,98.95735987174515,97.82973105113302,75.30786005090512,-,76.85184159690925,Europe,POL,High income
Poland,2022,38385.739,60.13399887084961,98.95708434780366,97.82948035330055,76.29559090388807,-,77.86723438506124,Europe,POL,High income
Poland,2023,38762.844,60.21800231933594,98.95669254473556,97.82881029652808,77.28292110827017,-,78.88262717321322,Europe,POL,High income
Poland,2024,38539.201,60.32999801635742,98.95617295344616,97.82770484037724,78.26983150111097,-,79.89801996136521,Europe,POL,High income
Portugal,2000,10283.204,54.39900207519531,97.65092336844717,53.70319998520563,32.90843121939384,35.54092542043548,57.68962907966865,Europe,PRT,High income
Portugal,2001,10354.325,55.04400253295898,97.76814841023383,53.8275550232816,33.80706121250959,34.31258617111727,59.26810272263826,Europe,PRT,High income
Portugal,2002,10413.044,55.66600036621094,97.8834679572702,53.94919555113784,34.68776481215244,33.11111542398232,60.8150534845382,Europe,PRT,High income
Portugal,2003,10454.245,56.28700256347656,97.99731017740278,54.06912397721585,35.55723875232311,31.92611575452521,62.34214928957549,Europe,PRT,High income
Portugal,2004,10481.381,56.90699768066406,98.10967490314168,56.07426832388104,38.21028507227319,30.75755550321488,63.84942563569407,Europe,PRT,High income
Portugal,2005,10502.994,57.52199935913086,98.22052012920004,58.15203143384088,40.93451754241887,29.60701507023276,65.3351428299126,Europe,PRT,High income
Portugal,2006,10524.12,58.137001037597656,98.32991819042172,60.30113296257142,43.72971294850947,28.47233632174627,66.8016990221546,Europe,PRT,High income
Portugal,2007,10546.825,58.749000549316406,98.43783423204434,62.51984628010599,46.59340243940908,27.35465898161493,68.2478371707846,Europe,PRT,High income
Portugal,2008,10564.081,59.35900115966797,98.54429964048214,64.80671274524056,49.5242695268776,26.2535048364093,69.6741059645778,Europe,PRT,High income
Portugal,2009,10576.267,59.9640007019043,98.64927990914497,67.1599172221956,52.51984460614044,25.16985338991467,71.07942751450625,Europe,PRT,High income
Portugal,2010,10578.66,60.56699752807617,98.75283301427088,69.57821223436854,55.57942579710301,24.1024936116178,72.46516178492466,Europe,PRT,High income
Portugal,2011,10557.052,61.16699981689453,98.85494114075124,72.05998726704338,58.70115450368893,23.05166692968599,73.83103786257226,Europe,PRT,High income
Portugal,2012,10513.15,61.76300048828125,98.95562318860878,74.60364179699323,61.88320077670296,22.01758273453908,75.17685810163965,Europe,PRT,High income
Portugal,2013,10458.298,62.35200119018555,99.0,77.20732986113327,65.12319704302168,21.00098976452667,76.50183103625477,Europe,PRT,High income
Portugal,2014,10406.199,62.93600082397461,99.0,79.86979116338898,68.42023735808633,20.0010388936207,77.80690568040177,Europe,PRT,High income
Portugal,2015,10370.267,63.51399993896485,99.0,82.58944634214154,71.77258924244202,19.01781380881311,79.0920170520807,Europe,PRT,High income
Portugal,2016,10346.372,64.08599853515625,99.0,85.36486660030354,75.1788460956488,18.05108166751687,80.35745207127972,Europe,PRT,High income
Portugal,2017,10330.844,64.6520004272461,99.0,88.19464276747851,78.63762264965438,17.1006108367885,81.60348665880305,Europe,PRT,High income
Portugal,2018,10325.353,65.21099853515625,99.0,90.8683845716909,81.94138009453536,16.16640767277459,82.8301478151572,Europe,PRT,High income
Portugal,2019,10343.213,65.76399993896484,99.0,91.40713208194794,83.13619623198986,15.24797553183999,84.03800664340433,Europe,PRT,High income
Portugal,2020,10370.519,66.30999755859375,99.0,91.8816622629746,84.31257454393008,14.34529496938356,85.22712413071173,Europe,PRT,High income
Portugal,2021,10390.956,66.8489990234375,99.0,92.3252135880382,85.47082510845637,13.45809482101992,86.39781653538358,Europe,PRT,High income
Portugal,2022,10417.073,67.38099670410156,99.0,92.8190405808778,86.61128237114335,12.44957529814547,87.55042468310525,Europe,PRT,High income
Portugal,2023,10430.738,67.90599822998047,99.0,93.37608758825309,87.73425974222732,11.31473216407785,88.68526819169156,Europe,PRT,High income
Portugal,2024,10425.292,68.42300415039062,99.0,93.92460101092682,88.83992109309237,10.1974778336211,89.80252209144095,Europe,PRT,High income
Puerto Rico,2000,3809.866,94.38700103759766,97.62576220055712,32.53851260069604,30.96547130802953,-,95.25152440111424,Americas,PRI,High income
Puerto Rico,2001,3813.013,94.33300018310548,97.8050783983287,32.53629578863593,31.08205969046378,-,95.6101567966574,Americas,PRI,High income
Puerto Rico,2002,3810.713,94.27799987792967,97.98439459610027,32.53407897657583,31.19864807289802,-,95.96878919220057,Americas,PRI,High income
Puerto Rico,2003,3806.043,94.2239990234375,98.16371079387189,32.53186216451572,31.31523645533226,-,96.32742158774374,Americas,PRI,High income
Puerto Rico,2004,3798.657,94.16799926757812,98.34302699164346,32.52964535245561,31.43182483776651,-,96.68605398328691,Americas,PRI,High income
Puerto Rico,2005,3788.415,94.11199951171876,98.52234318941504,32.5274285403955,31.54841322020075,-,97.04468637883008,Americas,PRI,High income
Puerto Rico,2006,3776.215,94.05599975585938,98.70165938718662,32.52521172833539,31.665001602635,-,97.40331877437325,Americas,PRI,High income
Puerto Rico,2007,3763.088,93.9990005493164,98.8809755849582,32.52299491627528,31.78158998506924,-,97.76195116991641,Americas,PRI,High income
Puerto Rico,2008,3749.128,93.94200134277344,99.0,32.52077810421518,31.89817836750349,-,98.12058356545958,Americas,PRI,High income
Puerto Rico,2009,3735.015,93.88399505615234,99.0,32.51856129215511,32.01476674993773,-,98.47921596100275,Americas,PRI,High income
Puerto Rico,2010,3714.836,93.8249969482422,99.0,32.516344480095,32.13135513237198,-,98.83784835654592,Americas,PRI,High income
Puerto Rico,2011,3683.71,93.77300262451172,99.0,32.51412766803485,32.24794351480626,-,>99,Americas,PRI,High income
Puerto Rico,2012,3646.422,93.72599792480467,99.0,32.51191085597474,32.3645318972405,-,>99,Americas,PRI,High income
Puerto Rico,2013,3606.769,93.68600463867188,99.0,32.50969404391463,32.48112027967475,-,>99,Americas,PRI,High income
Puerto Rico,2014,3565.367,93.6510009765625,99.0,32.50916087980982,32.50916087980982,-,>99,Americas,PRI,High income
Puerto Rico,2015,3521.811,93.6240005493164,99.0,32.50916087980982,32.50916087980982,-,>99,Americas,PRI,High income
Puerto Rico,2016,3476.008,93.6020050048828,99.0,32.50916087980982,32.50916087980982,-,>99,Americas,PRI,High income
Puerto Rico,2017,3371.874,93.58699798583984,99.0,32.50916087980982,32.50916087980982,-,>99,Americas,PRI,High income
Puerto Rico,2018,3290.068,93.57799530029295,99.0,32.50916087980982,32.50916087980982,-,>99,Americas,PRI,High income
Puerto Rico,2019,3288.028,93.57600402832033,99.0,32.50916087980982,32.50916087980982,-,>99,Americas,PRI,High income
Puerto Rico,2020,3275.805,93.58100128173828,99.0,32.50916087980982,32.50916087980982,-,>99,Americas,PRI,High income
Puerto Rico,2021,3253.21,93.59200286865234,99.0,32.50916087980982,32.50916087980982,-,>99,Americas,PRI,High income
Puerto Rico,2022,3240.968,93.61000061035156,99.0,32.50916087980982,32.50916087980982,-,>99,Americas,PRI,High income
Puerto Rico,2023,3242.023,93.63399505615234,99.0,32.50916087980982,32.50916087980982,-,>99,Americas,PRI,High income
Puerto Rico,2024,3242.204,93.66400146484376,99.0,32.50916087980982,32.50916087980982,-,>99,Americas,PRI,High income
Qatar,2000,644.989,96.31100463867188,99.0,87.54925215897734,64.04960958304127,24.77459420245077,64.04960958304127,Eastern Mediterranean,QAT,High income
Qatar,2001,677.925,96.50599670410156,99.0,87.54925215897734,64.04960958304127,24.77459420245077,64.04960958304127,Eastern Mediterranean,QAT,High income
Qatar,2002,711.205,96.69200134277344,99.0,87.54925215897734,64.04960958304127,24.77459420245077,64.04960958304127,Eastern Mediterranean,QAT,High income
Qatar,2003,744.682,96.86800384521484,99.0,87.54925215897734,65.86263192888555,24.77459420245077,65.86263192888555,Eastern Mediterranean,QAT,High income
Qatar,2004,773.332,97.08999633789062,99.0,87.54925215897734,67.67565427472982,24.77459420245077,67.67565427472982,Eastern Mediterranean,QAT,High income
Qatar,2005,825.408,97.39599609375,99.0,87.54925215897734,69.4886766205741,24.77459420245077,69.4886766205741,Eastern Mediterranean,QAT,High income
Qatar,2006,972.831,97.67100524902344,99.0,87.54925215897734,71.30169896641837,24.77459420245077,71.30169896641837,Eastern Mediterranean,QAT,High income
Qatar,2007,1208.595,97.91699981689452,99.0,87.54925189796752,73.11472131226265,24.77459420245077,73.11472131226265,Eastern Mediterranean,QAT,High income
Qatar,2008,1426.938,98.13899993896484,99.0,87.54925163695556,74.92774365810692,24.77459420245077,74.92774365810692,Eastern Mediterranean,QAT,High income
Qatar,2009,1586.05,98.33599853515624,99.0,88.4374643895745,76.7407660039512,22.99816817518467,76.7407660039512,Eastern Mediterranean,QAT,High income
Qatar,2010,1709.229,98.5009994506836,99.0,89.32567714219107,78.55378834979547,21.22174214791903,78.55378834979547,Eastern Mediterranean,QAT,High income
Qatar,2011,1810.95,98.6020050048828,99.0,90.21388989480548,80.36681069563929,19.44531612065339,80.36681069563929,Eastern Mediterranean,QAT,High income
Qatar,2012,1907.117,98.6969985961914,99.0,91.10210264741777,82.17983304148356,17.66889009338774,82.17983304148356,Eastern Mediterranean,QAT,High income
Qatar,2013,2032.641,98.78500366210938,99.0,91.9903154000279,83.99285538732784,15.8924640661221,83.99285538732784,Eastern Mediterranean,QAT,High income
Qatar,2014,2218.372,98.86800384521484,99.0,92.87852815263588,85.80587773317211,14.11603803885646,85.80587773317211,Eastern Mediterranean,QAT,High income
Qatar,2015,2427.331,98.94499969482422,99.0,93.77772349502676,87.61890007901638,12.31764683202073,87.61890007901638,Eastern Mediterranean,QAT,High income
Qatar,2016,2599.372,99.01499938964844,99.0,94.68423453743432,89.43192242486066,10.50462422514731,89.43192242486066,Eastern Mediterranean,QAT,High income
Qatar,2017,2706.709,99.0780029296875,99.0,95.5907455798408,91.24494477070493,8.691601618271747,91.24494477070493,Eastern Mediterranean,QAT,High income
Qatar,2018,2761.142,99.13500213623048,99.0,96.49725662224624,93.05796711654921,6.878579011394024,93.05796711654921,Eastern Mediterranean,QAT,High income
Qatar,2019,2797.921,99.18800354003906,99.0,97.40376766465032,94.87098946239303,5.065556404514624,94.87098946239303,Eastern Mediterranean,QAT,High income
Qatar,2020,2803.375,99.23500061035156,99.0,98.3102787070536,96.6840118082373,3.252533797632623,96.6840118082373,Eastern Mediterranean,QAT,High income
Qatar,2021,2814.982,99.27799987792967,99.0,99.0,98.49703415408158,1.439511190748476,98.49703415408158,Eastern Mediterranean,QAT,High income
Qatar,2022,2892.455,99.31800079345705,99.0,99.0,>99,<1,>99,Eastern Mediterranean,QAT,High income
Qatar,2023,2979.082,99.35399627685548,99.0,99.0,>99,<1,>99,Eastern Mediterranean,QAT,High income
Qatar,2024,3048.423,99.38700103759766,99.0,99.0,>99,<1,>99,Eastern Mediterranean,QAT,High income
Republic of Korea,2000,46766.661,79.62100219726562,99.0,86.87420551873866,76.11563167984826,21.75133872252445,78.23939489672057,Western Pacific,KOR,High income
Republic of Korea,2001,47043.468,79.93999481201172,99.0,87.4694869117938,77.18372200166847,20.68821795287067,79.25467471124352,Western Pacific,KOR,High income
Republic of Korea,2002,47299.12,80.29900360107422,99.0,88.06633492734558,78.25387145062923,19.62509718321644,80.26995452576648,Western Pacific,KOR,High income
Republic of Korea,2003,47514.16,80.6520004272461,99.0,88.66474956539355,79.32608002673076,18.56197641356266,81.28523434028966,Western Pacific,KOR,High income
Republic of Korea,2004,47697.075,81.00200653076172,99.0,89.26473082593793,80.40034772997262,17.49885564390888,82.30051415481262,Western Pacific,KOR,High income
Republic of Korea,2005,47851.644,81.34500122070312,99.0,89.86627870897871,81.47667456035522,16.4357348742551,83.3157939693358,Western Pacific,KOR,High income
Republic of Korea,2006,48006.518,81.52799987792969,99.0,90.46939321451592,82.55506051787815,15.37261410460133,84.33107378385876,Western Pacific,KOR,High income
Republic of Korea,2007,48178.118,81.63099670410156,99.0,91.07407434254957,83.63550560254185,14.30949333494755,85.34635359838194,Western Pacific,KOR,High income
Republic of Korea,2008,48356.493,81.73300170898438,99.0,91.67174157525672,84.71800981434585,13.24637256529331,86.3616334129049,Western Pacific,KOR,High income
Republic of Korea,2009,48546.687,81.83499908447266,99.0,92.26329157180184,85.80257315329062,12.18325179563953,87.37691322742808,Western Pacific,KOR,High income
Republic of Korea,2010,48769.332,81.93600463867188,99.0,92.85639151839804,86.88919561937571,11.12013102598576,88.39219304195103,Western Pacific,KOR,High income
Republic of Korea,2011,49127.643,81.92300415039062,99.0,93.45104141504538,87.9778772126016,10.05701025633198,89.40747285647421,Western Pacific,KOR,High income
Republic of Korea,2012,49599.579,81.85099792480469,99.0,94.0472412617438,89.06861793296777,8.9938894866782,90.42275267099717,Western Pacific,KOR,High income
Republic of Korea,2013,50071.164,81.77899932861328,99.0,94.64499105849332,90.1614177804747,7.930768717024421,91.43803248552035,Western Pacific,KOR,High income
Republic of Korea,2014,50539.056,81.70700073242188,99.0,95.24429080529416,91.25627675512195,6.867647947370187,92.45331230004331,Western Pacific,KOR,High income
Republic of Korea,2015,50983.912,81.63400268554688,99.0,95.84514050214594,92.35319485690998,5.804527177716409,93.46859211456649,Western Pacific,KOR,High income
Republic of Korea,2016,51297.839,81.56200408935547,99.0,96.44754014904878,93.45217208583831,4.74140640806263,94.48387192908945,Western Pacific,KOR,High income
Republic of Korea,2017,51486.27,81.50299835205078,99.0,97.05148974600276,94.5532084419072,3.678285638408852,95.4991517436124,Western Pacific,KOR,High income
Republic of Korea,2018,51640.894,81.45899963378906,99.0,97.6569892930078,95.65630392511683,2.615164868755073,96.51443155813558,Western Pacific,KOR,High income
Republic of Korea,2019,51767.846,81.43000030517578,99.0,98.26403879006402,96.76145853546704,1.552044099101295,97.52971137265877,Western Pacific,KOR,High income
Republic of Korea,2020,51858.482,81.41400146484375,99.0,98.87263823717154,97.86867227295731,<1,98.5449911871815,Western Pacific,KOR,High income
Republic of Korea,2021,51848.397,81.41400146484375,99.0,99.0,98.97794513758858,<1,>99,Western Pacific,KOR,High income
Republic of Korea,2022,51782.512,81.427001953125,99.0,99.0,>99,<1,>99,Western Pacific,KOR,High income
Republic of Korea,2023,51748.739,81.45600128173828,99.0,99.0,>99,<1,>99,Western Pacific,KOR,High income
Republic of Korea,2024,51717.59,81.49799346923828,99.0,99.0,>99,<1,>99,Western Pacific,KOR,High income
Republic of Moldova,2000,4234.967,44.5890007019043,71.2506597546078,,26.74163438124631,9.047819776883044,34.13288248843161,Europe,MDA,Upper middle income
Republic of Moldova,2001,4189.77,44.18899917602539,71.65663601393526,,26.61845208466287,9.058294047591678,33.95694462247334,Europe,MDA,Upper middle income
Republic of Moldova,2002,4142.93,43.78899765014648,72.06791897276212,,26.49383423230432,9.068768180992734,33.77937163903769,Europe,MDA,Upper middle income
Republic of Moldova,2003,4095.419,43.38899993896485,72.48450866837783,,26.36778124048776,9.079241858886563,33.60016677889674,Europe,MDA,Upper middle income
Republic of Moldova,2004,4046.669,42.98999786376953,73.05850422772548,,26.25409307844706,9.089690071427992,33.42003004023788,Europe,MDA,Upper middle income
Republic of Moldova,2005,3988.669,42.77499771118164,73.68816748713043,,26.2414662524058,9.095319578263565,33.36860602455683,Europe,MDA,Upper middle income
Republic of Moldova,2006,3921.316,42.74399948120117,74.36864650286572,,26.33100509728663,9.096131495270456,33.44702440235733,Europe,MDA,Upper middle income
Republic of Moldova,2007,3851.396,42.7130012512207,75.05340466856102,,26.42061405780881,9.096943053453266,33.52531600212002,Europe,MDA,Upper middle income
Republic of Moldova,2008,3779.504,42.68199920654297,75.742452878246,,26.51029152321,9.097755226133053,33.60347883442007,Europe,MDA,Upper middle income
Republic of Moldova,2009,3706.21,42.6510009765625,76.43578785765908,,26.60003773731869,9.098566520013451,33.68151327797143,Europe,MDA,Upper middle income
Republic of Moldova,2010,3631.992,42.619998931884766,77.13342785677669,,26.68985569263254,9.099378550619546,33.75942317877685,Europe,MDA,Upper middle income
Republic of Moldova,2011,3557.266,42.5890007019043,77.835369795755,,26.77974431546726,9.100190044397245,33.8372072384711,Europe,MDA,Upper middle income
Republic of Moldova,2012,3482.626,42.55799865722656,78.54162353246033,,26.869702256456,9.101001735783466,33.91486380086292,Europe,MDA,Upper middle income
Republic of Moldova,2013,3408.738,42.527000427246094,79.25219571339115,,26.95973032783874,9.101813643641275,33.99239395213754,Europe,MDA,Upper middle income
Republic of Moldova,2014,3342.709,42.49599838256836,79.96708788392976,,27.04982693749805,9.102625269575123,34.06979574340711,Europe,MDA,Upper middle income
Republic of Moldova,2015,3287.164,42.48999786376953,80.6901033429329,,27.15441873617647,9.102782245121205,34.16529246148662,Europe,MDA,Upper middle income
Republic of Moldova,2016,3237.794,42.51100158691406,81.42081832427499,,27.27481704339476,9.102232648221674,34.28050105340044,Europe,MDA,Upper middle income
Republic of Moldova,2017,3193.497,42.55699920654297,82.15817685446324,,27.41001714200956,9.10102783375487,34.41411255048796,Europe,MDA,Upper middle income
Republic of Moldova,2018,3153.773,42.62900161743164,82.90158000008236,,27.56076019696909,9.099142526213605,34.56702234274994,Europe,MDA,Upper middle income
Republic of Moldova,2019,3112.562,42.72600173950195,83.6501429350345,,27.72662012608101,9.096602722921572,34.73865305967653,Europe,MDA,Upper middle income
Republic of Moldova,2020,3069.131,42.849002838134766,84.40321690708876,,27.90833511795586,9.093382227224595,34.92989449202432,Europe,MDA,Upper middle income
Republic of Moldova,2021,3023.778,42.99800109863281,85.16000427724565,,28.10606186628631,9.08948024221601,35.14090254191791,Europe,MDA,Upper middle income
Republic of Moldova,2022,3039.985,43.17300033569336,85.73499374889798,,28.30572495503429,9.084897933935562,35.37184395070536,Europe,MDA,Upper middle income
Republic of Moldova,2023,3067.07,43.37300109863281,86.3094330336137,,28.52098262819015,9.079660823604403,35.62212764206907,Europe,MDA,Upper middle income
Republic of Moldova,2024,3034.961,43.5989990234375,86.88285642000785,,28.75257900888889,9.073742974337582,35.89265658658277,Europe,MDA,Upper middle income
Réunion,2001,772.236,92.54800415039062,99.0,71.5992827080885,40.34235609274706,53.88182114796405,40.74985463913845,Africa,REU,
Réunion,2002,781.303,93.72799682617188,99.0,71.5992827080885,40.34235609274706,53.88182114796405,40.74985463913845,Africa,REU,
Réunion,2003,790.561,94.73199462890624,99.0,71.5992827080885,40.34235609274706,53.88182114796405,40.74985463913845,Africa,REU,
Réunion,2004,797.0,95.58399963378906,99.0,71.5992827080885,40.34235609274706,53.88182114796405,40.74985463913845,Africa,REU,
Réunion,2005,800.224,96.302001953125,99.0,71.5992827080885,40.34235609274706,53.88182114796405,40.74985463913845,Africa,REU,
Réunion,2006,806.679,96.9070053100586,99.0,71.9004236958594,41.0143369543177,53.30811795852446,41.42862318617949,Africa,REU,
Réunion,2007,818.729,97.41600036621094,99.0,72.2015646836303,41.68631781588856,52.73441476908488,42.10739173322077,Africa,REU,
Réunion,2008,830.488,97.84400177001952,99.0,72.5027056714012,42.35829867745942,52.16071157964529,42.78616028026204,Africa,REU,
Réunion,2009,838.467,98.20100402832033,99.0,72.80384665917212,43.03027953903005,51.58700839020571,43.46492882730308,Africa,REU,
Réunion,2010,844.471,98.5009994506836,99.0,73.104987646943,43.70226040060091,51.01330520076613,44.14369737434436,Africa,REU,
Réunion,2011,846.782,98.74299621582033,99.0,73.40612863471392,44.37424126217154,50.43960201132654,44.8224659213854,Africa,REU,
Réunion,2012,845.058,98.94000244140624,99.0,73.7072696224848,45.0462221237424,49.86589882188696,45.50123446842667,Africa,REU,
Réunion,2013,847.596,99.0999984741211,99.0,74.00841061025572,45.71820298531327,49.29219563244737,46.18000301546795,Africa,REU,
Réunion,2014,858.67,99.23099517822266,99.0,74.30955159802662,46.3901838468839,48.71849244300779,46.85877156250899,Africa,REU,
Réunion,2015,865.012,99.33900451660156,99.0,74.61069258579752,47.06216470845476,48.14478925356821,47.53754010955026,Africa,REU,
Réunion,2016,862.86,99.4290008544922,99.0,74.91183357356843,47.73414557002562,47.57108606412862,48.21630865659154,Africa,REU,
Réunion,2017,858.754,99.50299835205078,99.0,75.21297456133934,48.40612643159626,46.99738287468904,48.89507720363258,Africa,REU,
Réunion,2018,856.942,99.56399536132812,99.0,75.51411554911024,49.07810729316711,46.42367968524945,49.57384575067385,Africa,REU,
Réunion,2019,857.327,99.61599731445312,99.0,75.81525653688112,49.75008815473797,45.84997649580987,50.25261429771513,Africa,REU,
Réunion,2020,861.446,99.65900421142578,99.0,76.11639752465204,50.42206901630861,45.27627330637029,50.93138284475617,Africa,REU,
Réunion,2021,868.079,99.6959991455078,99.0,76.41753851242295,51.09404987787947,44.7025701169307,51.61015139179744,Africa,REU,
Réunion,2022,871.54,99.72599792480467,99.0,76.71867950019384,51.7660307394501,44.12886692749112,52.28891993883849,Africa,REU,
Réunion,2023,874.883,99.75299835205078,99.0,77.01982048796475,52.43801160102096,43.55516373805153,52.96768848587976,Africa,REU,
Réunion,2024,878.591,99.7750015258789,99.0,77.01982048796475,52.43801160102096,43.55516373805153,52.96768848587976,Africa,REU,
Romania,2001,21919.917,52.85199737548828,74.12218502155145,47.91779296894298,18.83659467459183,3.152665978672189,37.00595115239071,Europe,ROU,High income
Romania,2002,21770.017,52.78000259399414,74.09455062982438,47.89563943032114,18.83653514108297,3.152665978672189,37.00595115239071,Europe,ROU,High income
Romania,2003,21593.45,52.91200256347656,74.1452194428032,47.93625889374523,18.83664425955757,3.152665978672189,37.00595115239071,Europe,ROU,High income
Romania,2004,21403.217,53.04300308227539,74.19550586457083,48.90549606379429,20.23318810819014,3.075163398692837,38.04660130718935,Europe,ROU,High income
Romania,2005,21213.388,53.17399978637695,74.2457870285484,49.91814402662498,21.69208767352518,2.997660818713484,39.08725146198844,Europe,ROU,High income
Romania,2006,21035.732,53.30500030517578,75.18351598805326,51.71493537227723,23.21392628684801,2.920158238734103,40.12790161678709,Europe,ROU,High income
Romania,2007,20870.716,53.43600082397461,76.118166846837,53.55095937258394,24.80044105476208,2.842655658754751,41.16855177158573,Europe,ROU,High income
Romania,2008,20718.742,53.56699752807617,77.04973735368789,55.45049482938352,26.45282279756762,2.765153078775398,42.20920192638437,Europe,ROU,High income
Romania,2009,20576.927,53.697998046875,77.97822488344494,57.41459668094128,28.17226236933674,2.687650498796046,43.24985208118346,Europe,ROU,High income
Romania,2010,20432.574,53.82900238037109,78.90363422164917,59.44432812711737,29.95995066438469,2.610147918816665,44.2905022359821,Europe,ROU,High income
Romania,2011,20282.011,53.96000289916992,79.82596884508558,61.540753310391,31.81707858116233,2.532645338837312,45.33115239078074,Europe,ROU,High income
Romania,2012,20158.452,53.974002838134766,80.70993258817252,63.67345936417853,33.74465779169878,2.45514275885796,46.37180254557938,Europe,ROU,High income
Romania,2013,20062.921,53.9370002746582,81.57878813181269,65.86342649791888,35.74395231323657,2.377640178878579,47.41245270037848,Europe,ROU,High income
Romania,2014,19968.174,53.89999771118164,82.44851736928716,68.12593046946255,37.81622455930927,2.300137598899227,48.45310285517712,Europe,ROU,High income
Romania,2015,19871.019,53.88699722290039,83.32550019520954,70.46803885134076,39.96270787833074,2.222635018919874,49.49375300997576,Europe,ROU,High income
Romania,2016,19777.051,53.89999771118164,84.20941244971789,72.89083023623532,42.18460324018225,2.145132438940522,50.53440316477486,Europe,ROU,High income
Romania,2017,19689.401,53.935997009277344,85.09860059892725,75.39412029130128,44.48310274635219,2.067629858961141,51.5750533195735,Europe,ROU,High income
Romania,2018,19597.872,53.99800109863281,85.99295377665022,77.97912950794789,46.85941078918916,1.990127278981788,52.61570347437214,Europe,ROU,High income
Romania,2019,19501.542,54.08400344848633,86.89110909465852,80.64587169317207,49.31472223480264,1.912624699002436,53.65635362917078,Europe,ROU,High income
Romania,2020,19392.469,54.19399642944336,87.79221915078087,83.1414311390111,51.59685801203543,1.835122119023083,54.69700378396988,Europe,ROU,High income
Romania,2021,19248.161,54.32900238037109,88.69564287510978,85.44919984298089,53.68977880386358,1.757619539043702,55.73765393876852,Europe,ROU,High income
Romania,2022,19166.772,54.48899841308594,89.60048995023685,87.79911057579353,55.82425499726782,1.68011695906435,56.77830409356716,Europe,ROU,High income
Romania,2023,19118.479,54.67200469970703,90.50553249293196,89.73633560615548,57.64536253251832,1.602614379084997,57.8189542483658,Europe,ROU,High income
Romania,2024,19015.088,54.87999725341797,90.54136124228408,89.79862875164824,58.68346479453749,1.525111799105616,58.85960440316489,Europe,ROU,High income
Russian Federation,2002,145939.5,73.34100341796875,81.66069408785584,54.41310596622266,45.81880840143138,<1,71.20218170832885,Europe,RUS,High income
Russian Federation,2003,145794.229,73.37300109863281,81.66551987879677,54.55830324706658,45.95641644677114,<1,71.20963747679883,Europe,RUS,High income
Russian Federation,2004,145180.097,73.41799926757812,81.67231165019128,54.70389103225332,46.0986450613043,<1,71.22418923441813,Europe,RUS,High income
Russian Federation,2005,144597.884,73.46299743652344,81.67910400243828,54.84951257792599,46.24095209704666,<1,71.23877818427809,Europe,RUS,High income
Russian Federation,2006,144102.948,73.50800323486328,81.68589393043229,54.99516671110055,46.3833332785654,<1,71.2533974388455,Europe,RUS,High income
Russian Federation,2007,143859.764,73.5530014038086,82.24544510487945,55.29445950683499,46.88815521573937,<1,71.8231186944611,Europe,RUS,High income
Russian Federation,2008,143811.84,73.5979995727539,82.80568557934947,55.44207807445796,47.39556862086764,1.372904182037398,72.39355225232025,Europe,RUS,High income
Russian Federation,2009,143869.132,73.64199829101562,83.36643931653146,55.53197968816324,47.74105237698108,2.492334039468626,72.7141109143927,Europe,RUS,High income
Russian Federation,2010,143934.465,73.68699645996094,83.92804330416998,55.59156384223772,48.00036927310471,3.742691290271412,72.90198506262509,Europe,RUS,High income
Russian Federation,2011,144043.748,73.73200225830078,84.49033839410568,55.65295234476007,48.26055027216471,4.990540980414563,73.09010654197277,Europe,RUS,High income
Russian Federation,2012,144291.029,73.79100036621094,85.05607242728361,55.71804181746967,48.52690569664438,6.233569976102066,73.28649303845394,Europe,RUS,High income
Russian Federation,2013,144604.098,73.86299896240234,85.62536296967352,55.78745346732826,48.7991783190035,7.470799612032271,73.49068752898616,Europe,RUS,High income
Russian Federation,2014,144925.638,73.94999694824219,86.19893520531693,55.86225617895448,49.07825281283856,8.700702935046092,73.70395297676606,Europe,RUS,High income
Russian Federation,2015,145307.616,74.04999542236328,86.77669220897468,55.94290497141383,49.36348441281535,9.922523944461467,73.9252477938111,Europe,RUS,High income
Russian Federation,2016,145778.677,74.16399383544922,87.35915289027939,56.03033505096147,49.6553779552313,11.13489705293397,74.15525880974792,Europe,RUS,High income
Russian Federation,2017,146186.799,74.29199981689453,87.94664098753525,56.12533739285324,49.95405961087811,12.33665302055649,74.3941012956722,Europe,RUS,High income
Russian Federation,2018,146430.146,74.43299865722656,88.53924143039681,56.22846338916925,50.25926211363058,13.52695544673128,74.64130494240162,Europe,RUS,High income
Russian Federation,2019,146533.067,74.58699798583984,89.13724175558387,56.53495661663101,50.57109788929519,14.24027478594102,74.89696696964285,Europe,RUS,High income
Russian Federation,2020,146371.299,74.75399780273438,89.7409453652069,56.85553968215044,50.74950917293317,14.57974715330592,75.16119821190098,Europe,RUS,High income
Russian Federation,2021,145836.175,74.93399810791016,90.3506542509722,57.18086299615904,50.93378025753623,14.91654629589761,75.43410795507458,Europe,RUS,High income
Russian Federation,2022,145579.899,75.1259994506836,90.9663797021895,57.51080133005925,51.12356892173067,15.25119034080452,75.71518936138497,Europe,RUS,High income
Russian Federation,2023,145440.5,75.33100128173828,91.58869309207267,57.84577782545306,51.31935930516851,15.58353363920544,76.00515945286725,Europe,RUS,High income
Russian Federation,2024,144820.423,75.5479965209961,92.21758782968408,58.18565676161931,51.52080127631928,15.91408815306677,76.3034996766173,Europe,RUS,High income
Rwanda,2000,8213.931,14.925999641418455,43.88764136781931,,-,<1,<1,Africa,RWA,Low income
Rwanda,2001,8287.094,15.828999519348145,45.69020287969291,,-,<1,<1,Africa,RWA,Low income
Rwanda,2002,8400.18,16.777000427246094,47.46119363521878,,-,<1,<1,Africa,RWA,Low income
Rwanda,2003,8586.875,16.90399932861328,49.08272780427195,,-,<1,<1,Africa,RWA,Low income
Rwanda,2004,8816.844,16.908000946044922,50.68294865978416,,-,<1,<1,Africa,RWA,Low income
Rwanda,2005,9054.528,16.91200065612793,52.28065858137487,,-,<1,<1,Africa,RWA,Low income
Rwanda,2006,9299.246,16.91699981689453,53.87592944528821,,-,<1,<1,Africa,RWA,Low income
Rwanda,2007,9549.933,16.92099952697754,55.46859621508059,,-,<1,<1,Africa,RWA,Low income
Rwanda,2008,9804.269,16.924999237060547,57.05874844021261,,-,<1,<1,Africa,RWA,Low income
Rwanda,2009,10060.432,16.93000030517578,58.64639931307511,,-,<1,<1,Africa,RWA,Low income
Rwanda,2010,10317.553,16.93400001525879,60.23150119717648,,-,<1,<1,Africa,RWA,Low income
Rwanda,2011,10573.733,16.937999725341797,61.8140834716847,,-,<1,<1,Africa,RWA,Low income
Rwanda,2012,10829.901,16.94300079345703,63.39410243874534,,-,<1,<1,Africa,RWA,Low income
Rwanda,2013,11093.34,16.94700050354004,64.97162792112852,,-,<1,1.030589016887125,Africa,RWA,Low income
Rwanda,2014,11364.757,16.96700096130371,66.54512695976359,,-,<1,1.070912439842516,Africa,RWA,Low income
Rwanda,2015,11640.022,17.003999710083008,68.11345782370628,,-,<1,1.112214780794506,Africa,RWA,Low income
Rwanda,2016,11919.183,17.055999755859375,69.6758086260828,,-,<1,1.154460667950778,Africa,RWA,Low income
Rwanda,2017,12202.06,17.125,71.23089546906743,,-,<1,1.197830857092268,Africa,RWA,Low income
Rwanda,2018,12487.996,17.211000442504883,72.77761261049567,,-,<1,1.242401166184352,Africa,RWA,Low income
Rwanda,2019,12776.103,17.312999725341797,74.31504947923368,,-,<1,1.28818712541566,Africa,RWA,Low income
Rwanda,2020,13065.837,17.43199920654297,75.84192801375364,,-,<1,1.3353215475799,Africa,RWA,Low income
Rwanda,2021,13355.26,17.5679988861084,77.35711264844045,,-,<1,1.383880037610189,Africa,RWA,Low income
Rwanda,2022,13651.03,17.72100067138672,78.85946838918089,,-,<1,1.39351876508398,Africa,RWA,Low income
Rwanda,2023,13954.471,17.892000198364258,80.34756318510865,,-,<1,1.404291281093669,Africa,RWA,Low income
Rwanda,2024,14256.567,18.08100128173828,81.33073237837453,,-,<1,1.416197885750468,Africa,RWA,Low income
Saint Barthelemy,2000,7.082,,99.0,,-,76.59048376391206,<1,Americas,BLM,
Saint Barthelemy,2001,7.272,,99.0,,-,76.59048376391206,<1,Americas,BLM,
Saint Barthelemy,2002,7.466,,99.0,,-,76.59048376391206,<1,Americas,BLM,
Saint Barthelemy,2003,7.658,,99.0,,-,76.59048376391206,<1,Americas,BLM,
Saint Barthelemy,2004,7.846,,99.0,,-,76.59048376391206,<1,Americas,BLM,
Saint Barthelemy,2005,8.03,,99.0,,-,77.14774486813258,<1,Americas,BLM,
Saint Barthelemy,2006,8.22,,99.0,,-,77.70500597235332,<1,Americas,BLM,
Saint Barthelemy,2007,8.412,,99.0,,-,78.26226707657406,<1,Americas,BLM,
Saint Barthelemy,2008,8.602,,99.0,,-,78.81952818079458,<1,Americas,BLM,
Saint Barthelemy,2009,8.796,,99.0,,-,79.37678928501532,<1,Americas,BLM,
Saint Barthelemy,2010,8.965,,99.0,,-,79.93405038923606,1.457984301428496,Americas,BLM,
Saint Barthelemy,2011,9.088,,99.0,,-,80.49131149345658,1.956293485537003,Americas,BLM,
Saint Barthelemy,2012,9.197,,99.0,,-,81.04857259767732,2.45460266964551,Americas,BLM,
Saint Barthelemy,2013,9.318,,99.0,,-,81.60583370189806,2.952911853754017,Americas,BLM,
Saint Barthelemy,2014,9.447,,99.0,,-,82.16309480611858,3.45122103786241,Americas,BLM,
Saint Barthelemy,2015,9.59,,99.0,,-,82.72035591033932,3.949530221970917,Americas,BLM,
Saint Barthelemy,2016,9.75,,99.0,,-,83.27761701456006,4.447839406079424,Americas,BLM,
Saint Barthelemy,2017,9.928,,99.0,,-,83.83487811878081,4.946148590187931,Americas,BLM,
Saint Barthelemy,2018,10.107,,99.0,,-,84.39213922300132,5.444457774296325,Americas,BLM,
Saint Barthelemy,2019,10.299,,99.0,,-,84.94940032722207,5.942766958404832,Americas,BLM,
Saint Barthelemy,2020,10.543,,99.0,,-,85.50666143144281,6.441076142513339,Americas,BLM,
Saint Barthelemy,2021,10.764,,99.0,,-,86.06392253566332,6.939385326621846,Americas,BLM,
Saint Barthelemy,2022,10.92,,99.0,,-,86.62118363988407,7.437694510730239,Americas,BLM,
Saint Barthelemy,2023,11.085,,99.0,,-,87.17844474410481,7.936003694838746,Americas,BLM,
Saint Barthelemy,2024,11.258,,99.0,,-,87.17844474410481,7.936003694838746,Americas,BLM,
Saint Helena,2002,5.85,40.17900085449219,99.0,,-,47.12289695165144,51.91780072276714,Africa,SHN,
Saint Helena,2003,5.753,40.08699798583984,99.0,,-,47.12289695165144,51.91780072276714,Africa,SHN,
Saint Helena,2004,5.651,39.99400329589844,99.0,,-,47.12289695165144,51.91780072276714,Africa,SHN,
Saint Helena,2005,5.543,39.9010009765625,99.0,,-,47.12289695165144,51.91780072276714,Africa,SHN,
Saint Helena,2006,5.433,39.80900192260742,99.0,,-,47.12289695165144,51.91780072276714,Africa,SHN,
Saint Helena,2007,5.322,39.71699905395508,99.0,,-,47.19615276560494,51.91780072276714,Africa,SHN,
Saint Helena,2008,5.272,39.624000549316406,99.0,,-,47.26940857955843,51.91780072276714,Africa,SHN,
Saint Helena,2009,5.296,39.552001953125,99.0,,-,47.34266439351192,51.91780072276714,Africa,SHN,
Saint Helena,2010,5.329,39.5,99.0,,-,47.41592020746542,51.91780072276714,Africa,SHN,
Saint Helena,2011,5.364,39.46799850463867,99.0,,-,47.48917602141888,51.91780072276714,Africa,SHN,
Saint Helena,2012,5.403,39.45600128173828,99.0,,-,47.56243183537238,51.91780072276714,Africa,SHN,
Saint Helena,2013,5.435,39.4640007019043,99.0,,-,47.63568764932587,51.91780072276714,Africa,SHN,
Saint Helena,2014,5.466,39.492000579833984,99.0,,-,47.70894346327937,51.91780072276714,Africa,SHN,
Saint Helena,2015,5.505,39.53999710083008,99.0,,-,47.69109963861645,52.00890036138355,Africa,SHN,
Saint Helena,2016,5.517,39.60799789428711,99.0,,-,47.6732558139535,52.09999999999997,Africa,SHN,
Saint Helena,2017,5.501,39.69599914550781,99.0,,-,47.64890036138358,52.19109963861638,Africa,SHN,
Saint Helena,2018,5.481,39.80500030517578,99.0,,-,47.59780072276716,52.28219927723279,Africa,SHN,
Saint Helena,2019,5.458,39.93299865722656,99.0,,-,47.54670108415074,52.37329891584923,Africa,SHN,
Saint Helena,2020,5.43,40.08199691772461,99.0,,-,47.49560144553432,52.46439855446565,Africa,SHN,
Saint Helena,2021,5.39,40.2509994506836,99.0,,-,47.44450180691791,52.55549819308206,Africa,SHN,
Saint Helena,2022,5.343,40.44100189208984,99.0,,-,47.35340216830153,52.64659783169847,Africa,SHN,
Saint Helena,2023,5.289,40.6510009765625,99.0,,-,47.26230252968512,52.73769747031488,Africa,SHN,
Saint Helena,2024,5.237,40.88100051879883,99.0,,-,47.26230252968512,52.73769747031488,Africa,SHN,
Saint Kitts and Nevis,2000,45.248,32.77799987792969,86.45086338009152,,<1,76.56785714285661,<1,Americas,KNA,High income
Saint Kitts and Nevis,2001,45.761,32.597999572753906,87.1049196213683,,<1,77.72959183673447,<1,Americas,KNA,High income
Saint Kitts and Nevis,2002,46.02,32.45500183105469,87.75897586264483,,<1,78.89132653061188,1.625680272108866,Americas,KNA,High income
Saint Kitts and Nevis,2003,46.176,32.3120002746582,88.41303210392161,,1.213048299319755,80.05306122448928,2.460544217687129,Americas,KNA,High income
Saint Kitts and Nevis,2004,46.315,32.17000198364258,89.06708834519837,,1.624636224489838,81.21479591836714,3.295408163265392,Americas,KNA,High income
Saint Kitts and Nevis,2005,46.437,32.02799987792969,89.72114458647515,,2.036224149659922,82.37653061224455,4.130272108843656,Americas,KNA,High income
Saint Kitts and Nevis,2006,46.569,31.88599967956543,90.37520082775168,,2.447812074830006,83.53826530612196,4.965136054421919,Americas,KNA,High income
Saint Kitts and Nevis,2007,46.706,31.74399948120117,91.02925706902846,,2.85940000000009,84.69999999999982,5.800000000000182,Americas,KNA,High income
Saint Kitts and Nevis,2008,46.835,31.602998733520508,91.68331331030522,,3.270987925170173,85.86173469387722,6.634863945578445,Americas,KNA,High income
Saint Kitts and Nevis,2009,46.916,31.46299934387207,92.337369551582,,3.682575850340145,86.17871992992059,7.469727891156481,Americas,KNA,High income
Saint Kitts and Nevis,2010,46.846,31.321998596191406,92.99142579285854,,3.682575850340145,86.84206297381161,7.469727891156481,Americas,KNA,High income
Saint Kitts and Nevis,2011,46.886,31.18199920654297,93.6454820341353,,3.682575850340145,87.02346938775463,7.469727891156481,Americas,KNA,High income
Saint Kitts and Nevis,2012,47.033,31.062000274658203,94.29953827541208,,3.682575850340145,87.02346938775463,7.469727891156481,Americas,KNA,High income
Saint Kitts and Nevis,2013,47.069,30.963998794555664,94.95359451668884,,3.682575850340145,87.02346938775463,7.469727891156481,Americas,KNA,High income
Saint Kitts and Nevis,2014,47.089,30.884998321533203,94.95359451668884,,3.682575850340145,87.02346938775463,7.469727891156481,Americas,KNA,High income
Saint Kitts and Nevis,2015,47.087,30.827001571655277,94.95359451668884,,3.682575850340145,87.02346938775463,7.469727891156481,Americas,KNA,High income
Saint Kitts and Nevis,2016,47.075,30.790000915527344,94.95359451668884,,3.682575850340145,87.02346938775463,7.469727891156481,Americas,KNA,High income
Saint Kitts and Nevis,2017,47.05,30.772998809814453,94.95359451668884,,3.682575850340145,87.02346938775463,7.469727891156481,Americas,KNA,High income
Saint Lucia,2000,158.616,27.77400016784668,84.97445847805288,,-,27.26719337472617,6.363799105107464,Americas,LCA,Upper middle income
Saint Lucia,2001,160.237,27.472999572753903,84.9803185483626,,-,27.22833619262456,6.340822332553756,Americas,LCA,Upper middle income
Saint Lucia,2002,161.641,26.328998565673828,85.00258587922687,,-,27.08065150016844,6.253494949860977,Americas,LCA,Upper middle income
Saint Lucia,2003,162.976,25.21600151062012,85.02424957808662,,-,26.93696939336838,6.16853434972573,Americas,LCA,Upper middle income
Saint Lucia,2004,164.239,24.132999420166016,84.83124634064265,,-,31.78366751091351,6.024942773551533,Americas,LCA,Upper middle income
Saint Lucia,2005,165.45,23.084999084472656,84.63842758349357,,-,36.65842694937412,5.885032399337835,Americas,LCA,Upper middle income
Saint Lucia,2006,166.639,22.06800079345703,84.44639897555187,,-,41.55968937301255,5.748453378376483,Americas,LCA,Upper middle income
Saint Lucia,2007,167.758,21.083999633789062,84.2555483784104,,-,46.4865751227691,5.61530940746468,Americas,LCA,Upper middle income
Saint Lucia,2008,168.808,20.130998611450195,84.06634146818142,,-,51.43782418702361,5.485404713271516,Americas,LCA,Upper middle income
Saint Lucia,2009,169.869,19.21299934387207,83.87897144486053,,-,56.41264842603913,5.358989258812462,Americas,LCA,Upper middle income
Saint Lucia,2010,170.906,18.44999885559082,83.68750551714912,,-,61.41591303470813,5.244766933765182,Americas,LCA,Upper middle income
Saint Lucia,2011,171.801,18.44999885559082,83.45543583814977,,-,66.46625591192368,5.186583386139355,Americas,LCA,Upper middle income
Saint Lucia,2012,172.587,18.44999885559082,83.21779706918166,,-,71.51660229243065,5.128400078373066,Americas,LCA,Upper middle income
Saint Lucia,2013,173.369,18.46099853515625,82.97381275760289,,-,76.56712365804574,5.07100293219534,Americas,LCA,Upper middle income
Saint Lucia,2014,174.138,18.48200035095215,82.72336300787309,,-,81.61746118078844,5.014306036630237,Americas,LCA,Upper middle income
Saint Lucia,2015,174.905,18.51499938964844,82.9135424876692,,-,81.61764835952522,5.016650402130984,Americas,LCA,Upper middle income
Saint Lucia,2016,175.646,18.558000564575195,83.10351966602434,,-,81.61788686324111,5.019705110130081,Americas,LCA,Upper middle income
Saint Lucia,2017,176.342,18.61199951171875,83.25699908791867,,-,81.6181817904236,5.023540901873745,Americas,LCA,Upper middle income
Saint Lucia,2018,177.017,18.678001403808597,83.3759977820708,,-,81.61854847478612,5.028229383385277,Americas,LCA,Upper middle income
Saint Lucia,2019,177.661,18.753999710083008,83.37231580433064,,-,81.61896604786753,5.033627934677406,Americas,LCA,Upper middle income
Saint Lucia,2020,178.25,18.840999603271484,83.36811011453828,,-,81.61945311927946,5.039808478037542,Americas,LCA,Upper middle income
Saint Lucia,2021,178.522,18.940000534057617,83.36331392529823,,-,81.61999725739585,5.046840979712085,Americas,LCA,Upper middle income
Saint Lucia,2022,178.781,19.05000114440918,83.35799050798045,,-,81.62060727386655,5.054655012569314,Americas,LCA,Upper middle income
Saint Martin (French part),2000,29.996,,99.0,,-,39.09516545705953,57.73937370671072,Americas,MAF,High income
Saint Martin (French part),2001,30.803,,99.0,,-,39.09516545705953,57.73937370671072,Americas,MAF,High income
Saint Martin (French part),2002,31.604,,99.0,,-,39.09516545705953,57.73937370671072,Americas,MAF,High income
Saint Martin (French part),2003,32.395,,99.0,,-,39.09516545705953,57.73937370671072,Americas,MAF,High income
Saint Martin (French part),2004,33.171,,99.0,,-,39.09516545705953,57.73937370671072,Americas,MAF,High income
Saint Martin (French part),2005,33.928,,99.0,,-,39.13003681120389,57.88748484651038,Americas,MAF,High income
Saint Martin (French part),2006,34.658,,99.0,,-,39.16490816534824,58.03559598630997,Americas,MAF,High income
Saint Martin (French part),2007,35.337,,99.0,,-,39.1997795194926,58.18370712610962,Americas,MAF,High income
Saint Martin (French part),2008,35.958,,99.0,,-,39.23465087363696,58.33181826590928,Americas,MAF,High income
Saint Martin (French part),2009,36.502,,99.0,,-,39.26952222778132,58.47992940570893,Americas,MAF,High income
Saint Martin (French part),2010,36.856,,99.0,,-,39.30439358192567,58.62804054550858,Americas,MAF,High income
Saint Martin (French part),2011,37.069,,99.0,,-,39.33926493607002,58.77615168530818,Americas,MAF,High income
Saint Martin (French part),2012,37.276,,99.0,,-,39.37413629021437,58.92426282510783,Americas,MAF,High income
Saint Martin (French part),2013,37.419,,99.0,,-,39.40900764435873,59.07237396490748,Americas,MAF,High income
Saint Martin (French part),2014,37.45,,99.0,,-,39.44387899850309,59.22048510470714,Americas,MAF,High income
Saint Martin (French part),2015,37.369,,99.0,,-,39.47875035264745,59.36859624450679,Americas,MAF,High income
Saint Martin (French part),2016,37.175,,99.0,,-,39.5136217067918,59.51670738430639,Americas,MAF,High income
Saint Martin (French part),2017,36.837,,99.0,,-,39.54849306093616,59.66481852410604,Americas,MAF,High income
Saint Martin (French part),2018,36.012,,99.0,,-,39.5833644150805,59.81292966390569,Americas,MAF,High income
Saint Martin (French part),2019,34.267,,99.0,,-,39.61823576922486,59.96104080370534,Americas,MAF,High income
Saint Martin (French part),2020,31.786,,99.0,,-,39.65310712336922,60.109151943505,Americas,MAF,High income
Saint Martin (French part),2021,29.961,,99.0,,-,39.68797847751357,60.25726308330459,Americas,MAF,High income
Saint Martin (French part),2022,28.87,,99.0,,-,39.59462577689575,60.40537422310425,Americas,MAF,High income
Saint Martin (French part),2023,27.515,,99.0,,-,39.4465146370961,60.5534853629039,Americas,MAF,High income
Saint Martin (French part),2024,26.129,,99.0,,-,39.4465146370961,60.5534853629039,Americas,MAF,High income
Saint Pierre and Miquelon,2000,6.293,89.14700317382812,99.0,,-,-,-,Americas,SPM,
Saint Pierre and Miquelon,2001,6.274,89.29399871826172,99.0,,-,-,-,Americas,SPM,
Saint Pierre and Miquelon,2002,6.247,89.43899536132812,99.0,,-,-,-,Americas,SPM,
Saint Pierre and Miquelon,2003,6.21,89.58300018310547,99.0,,-,-,-,Americas,SPM,
Saint Pierre and Miquelon,2004,6.165,89.72599792480469,99.0,,-,-,-,Americas,SPM,
Saint Pierre and Miquelon,2005,6.114,89.86599731445312,99.0,,-,-,-,Americas,SPM,
Saint Pierre and Miquelon,2006,6.069,89.93800354003906,99.0,,-,-,-,Americas,SPM,
Saint Pierre and Miquelon,2007,6.048,89.9280014038086,99.0,,-,-,-,Americas,SPM,
Saint Pierre and Miquelon,2008,6.037,89.91799926757812,99.0,,-,-,-,Americas,SPM,
Saint Pierre and Miquelon,2009,6.029,89.90799713134766,99.0,,-,-,-,Americas,SPM,
Saint Pierre and Miquelon,2010,6.024,89.9020004272461,99.0,,-,-,-,Americas,SPM,
Saint Pierre and Miquelon,2011,6.013,89.89899444580078,99.0,,-,-,-,Americas,SPM,
Saint Pierre and Miquelon,2012,5.995,89.89599609375,99.0,,-,-,-,Americas,SPM,
Saint Pierre and Miquelon,2013,5.976,89.89400482177734,99.0,,-,-,-,Americas,SPM,
Saint Pierre and Miquelon,2014,5.961,89.89099884033203,99.0,,-,-,-,Americas,SPM,
Saint Pierre and Miquelon,2015,5.947,89.88899993896484,99.0,,-,-,-,Americas,SPM,
Saint Pierre and Miquelon,2016,5.93,89.89199829101562,99.0,,-,-,-,Americas,SPM,
Saint Pierre and Miquelon,2017,5.919,89.9010009765625,99.0,,-,-,-,Americas,SPM,
Saint Pierre and Miquelon,2018,5.91,89.91600036621094,99.0,,-,-,-,Americas,SPM,
Saint Pierre and Miquelon,2019,5.876,89.93599700927734,99.0,,-,-,-,Americas,SPM,
Saint Pierre and Miquelon,2020,5.827,89.96199798583984,99.0,,-,-,-,Americas,SPM,
Saint Pierre and Miquelon,2021,5.779,89.99400329589844,99.0,,-,-,-,Americas,SPM,
Saint Pierre and Miquelon,2022,5.732,90.03199768066406,99.0,,-,-,-,Americas,SPM,
Saint Pierre and Miquelon,2023,5.681,90.0749969482422,99.0,,-,-,-,Americas,SPM,
Saint Pierre and Miquelon,2024,5.628,90.1230010986328,99.0,,-,-,-,Americas,SPM,
Saint Vincent and the Grenadines,2000,113.545,45.18600082397461,66.72945231374538,,-,48.33175928145587,2.288458120365336,Americas,VCT,Upper middle income
Saint Vincent and the Grenadines,2001,113.501,45.54800033569336,68.29328764553112,,-,49.84337143984523,2.638413229473497,Americas,VCT,Upper middle income
Saint Vincent and the Grenadines,2002,113.347,45.91400146484375,69.86859308128088,,-,51.34878337770579,2.991129659203682,Americas,VCT,Upper middle income
Saint Vincent and the Grenadines,2003,113.141,46.28300094604492,71.45503383535969,,-,52.84770351635226,3.346601927687721,Americas,VCT,Upper middle income
Saint Vincent and the Grenadines,2004,112.835,46.65600204467773,73.05254579281116,,-,54.34020838266537,3.704913782603842,Americas,VCT,Upper middle income
Saint Vincent and the Grenadines,2005,112.45,47.03199768066406,74.66080571014433,,-,55.82602975690754,4.066052504428614,Americas,VCT,Upper middle income
Saint Vincent and the Grenadines,2006,112.014,47.4119987487793,76.27973563137223,,-,57.30522758417781,4.430109746138998,Americas,VCT,Upper middle income
Saint Vincent and the Grenadines,2007,111.531,47.79399871826172,77.90890036543131,,-,58.77741021595733,4.7970022934176,Americas,VCT,Upper middle income
Saint Vincent and the Grenadines,2008,111.028,48.18000030517578,79.54832933004919,,-,60.24277556601557,5.166884326637498,Americas,VCT,Upper middle income
Saint Vincent and the Grenadines,2009,110.508,48.56900024414063,81.19770801621675,,-,61.70109173169004,5.539728834888356,Americas,VCT,Upper middle income
Saint Vincent and the Grenadines,2010,109.959,48.96099853515625,82.8568333078063,,-,63.15227166633699,5.915567763007909,Americas,VCT,Upper middle income
Saint Vincent and the Grenadines,2011,109.349,49.35599899291992,84.52549977664918,,-,64.59622847593772,6.294433326079014,Americas,VCT,Upper middle income
Saint Vincent and the Grenadines,2012,108.736,49.753997802734375,86.20350235501347,,-,66.03287714324712,6.676357712544495,Americas,VCT,Upper middle income
Saint Vincent and the Grenadines,2013,108.135,50.15399932861328,87.89055193396779,,-,67.46204727843497,7.061288454861395,Americas,VCT,Upper middle income
Saint Vincent and the Grenadines,2014,107.535,50.55800247192383,89.58660106313702,,-,68.88382831281945,7.449422866618888,Americas,VCT,Upper middle income
Saint Vincent and the Grenadines,2015,106.96,50.96399688720703,89.61493996478484,,-,68.912917366622,7.485060747320352,Americas,VCT,Upper middle income
Saint Vincent and the Grenadines,2016,106.349,51.37299728393555,89.64348278839762,,-,68.94221724071299,7.520961913361039,Americas,VCT,Upper middle income
Saint Vincent and the Grenadines,2017,105.663,51.78400421142578,89.67216789121069,,-,68.9716625074874,7.557039027732191,Americas,VCT,Upper middle income
Saint Vincent and the Grenadines,2018,104.926,52.197998046875,89.70106298191021,,-,69.00132303961085,7.593378932938723,Americas,VCT,Upper middle income
Samoa,2000,181.685,21.976999282836918,91.95769518375934,41.75326361072973,<1,84.38153590651879,<1,Western Pacific,WSM,Lower middle income
Samoa,2001,183.166,22.06800079345703,91.95884411537946,41.73871144450437,<1,84.38837868383673,<1,Western Pacific,WSM,Lower middle income
Samoa,2002,184.471,21.94099998474121,91.95723970430166,41.75902018376547,<1,84.37882795456528,<1,Western Pacific,WSM,Lower middle income
Samoa,2003,185.43,21.697999954223636,91.95418411857668,41.79788534268382,<1,84.36056673401752,<1,Western Pacific,WSM,Lower middle income
Samoa,2004,186.249,21.457000732421875,91.95114835392374,41.83642788320166,<1,84.34245104619241,<1,Western Pacific,WSM,Lower middle income
Samoa,2005,186.978,21.218000411987305,92.20574500249263,42.03018474124133,<1,84.32448731851443,<1,Western Pacific,WSM,Lower middle income
Samoa,2006,187.709,20.981000900268555,92.46081986514946,42.2243121916934,<1,84.30667333087291,<1,Western Pacific,WSM,Lower middle income
Samoa,2007,188.753,20.75,92.71641869315178,42.41815500293062,<1,84.28930865338847,<1,Western Pacific,WSM,Lower middle income
Samoa,2008,190.107,20.52400016784668,92.97253673562216,42.39914521560958,<1,84.83541752619291,<1,Western Pacific,WSM,Lower middle income
Samoa,2009,191.513,20.299999237060547,93.22912094334114,42.37919261018786,<1,85.38251146273906,<1,Western Pacific,WSM,Lower middle income
Samoa,2010,193.023,20.078001022338867,93.48617944574818,42.35830352597144,<1,85.93058680202473,<1,Western Pacific,WSM,Lower middle income
Samoa,2011,194.713,19.85700035095215,93.74370848432449,42.17244085799188,<1,86.47957124047174,<1,Western Pacific,WSM,Lower middle income
Samoa,2012,196.498,19.623998641967773,94.0015585083901,41.5485080119545,<1,87.02859274171217,1.034821357805685,Western Pacific,WSM,Lower middle income
Samoa,2013,198.268,19.38500022888184,94.25980724411151,40.92223795995847,<1,87.57810743399854,1.83406716312282,Western Pacific,WSM,Lower middle income
Samoa,2014,200.037,19.14900016784668,94.51854927307458,41.42253959590268,<1,88.12870528935981,2.632773571077456,Western Pacific,WSM,Lower middle income
Samoa,2015,201.782,18.91400146484375,94.77776988799044,41.85855132638832,<1,88.6802547271075,3.430935748070581,Western Pacific,WSM,Lower middle income
Samoa,2016,203.499,18.68099975585937,95.03746753649718,42.2305357523157,<1,89.23279741505738,4.228565719526501,Western Pacific,WSM,Lower middle income
Samoa,2017,205.415,18.45199966430664,95.29767172598714,42.6010948963039,<1,89.63069349024381,5.025691167639263,Western Pacific,WSM,Lower middle income
Samoa,2018,207.582,18.243000030517575,95.55851812235976,42.95041726501665,<1,89.95868047184477,5.822506337751578,Western Pacific,WSM,Lower middle income
Samoa,2019,209.78,18.05599975585937,95.82001737289151,43.25143079574645,<1,90.29313306449815,6.619106836889762,Western Pacific,WSM,Lower middle income
Samoa,2020,211.944,17.888999938964844,96.08212411613496,43.50532729537392,<1,90.63307729066992,7.415541890309472,Western Pacific,WSM,Lower middle income
Samoa,2021,213.779,17.742000579833984,96.34482730607412,43.69211836284928,<1,90.97765004889627,8.211881950872575,Western Pacific,WSM,Lower middle income
Samoa,2022,215.261,17.615999221801758,96.59895446106452,43.87860514311709,<1,90.325089034571,9.008213287683375,Western Pacific,WSM,Lower middle income
Samoa,2023,216.663,17.507999420166016,96.84871420723576,43.99760984733991,<1,90.42840018651931,9.006489809182954,Western Pacific,WSM,Lower middle income
Samoa,2024,218.019,17.420000076293945,97.09910395854033,44.1167316650394,<1,90.5317430461899,9.005084997239285,Western Pacific,WSM,Lower middle income
San Marino,2000,26.799,93.44000244140624,99.0,90.1925,82.79,15,85,Europe,SMR,High income
San Marino,2001,27.143,93.75,99.0,90.1925,82.79,15,85,Europe,SMR,High income
San Marino,2002,27.491,93.9250030517578,99.0,90.1925,82.79,15,85,Europe,SMR,High income
San Marino,2003,27.843,93.9749984741211,99.0,90.1925,82.79,15,85,Europe,SMR,High income
San Marino,2004,28.203,94.15499877929688,99.0,90.1925,82.79,15,85,Europe,SMR,High income
San Marino,2005,28.572,94.4530029296875,99.0,90.1925,82.79,15,85,Europe,SMR,High income
San Marino,2006,28.942,94.73600006103516,99.0,90.1925,82.79,15,85,Europe,SMR,High income
San Marino,2007,29.316,95.00700378417967,99.0,90.1925,82.79,15,85,Europe,SMR,High income
San Marino,2008,29.701,95.26399993896484,99.0,90.1925,82.79,15,85,Europe,SMR,High income
San Marino,2009,30.09,95.50799560546876,99.0,90.1925,82.79,15,85,Europe,SMR,High income
San Marino,2010,30.624,95.74000549316406,99.0,90.1925,82.79,15,85,Europe,SMR,High income
San Marino,2011,32.169,95.96099853515624,99.0,90.1925,82.79,15,85,Europe,SMR,High income
San Marino,2012,33.467,96.1709976196289,99.0,90.1925,82.79,15,85,Europe,SMR,High income
San Marino,2013,33.62,96.37000274658205,99.0,90.1925,82.79,15,85,Europe,SMR,High income
San Marino,2014,33.725,96.55899810791016,99.0,90.1925,82.79,15,85,Europe,SMR,High income
San Marino,2015,33.901,96.73899841308594,99.0,90.1925,82.79,15,85,Europe,SMR,High income
San Marino,2016,34.161,96.91000366210938,99.0,90.1925,82.79,15,85,Europe,SMR,High income
San Marino,2017,34.378,97.0719985961914,99.0,90.1925,82.79,15,85,Europe,SMR,High income
San Marino,2018,34.529,97.22599792480467,99.0,90.1925,82.79,15,85,Europe,SMR,High income
San Marino,2019,34.653,97.36800384521484,99.0,90.1925,82.79,15,85,Europe,SMR,High income
San Marino,2020,34.769,97.4990005493164,99.0,90.1925,82.79,15,85,Europe,SMR,High income
San Marino,2021,34.572,97.6199951171875,99.0,90.1925,82.79,15,85,Europe,SMR,High income
San Marino,2022,34.09,97.73200225830078,99.0,90.1925,82.79,15,85,Europe,SMR,High income
San Marino,2023,33.733,97.83599853515624,99.0,90.1925,82.79,15,85,Europe,SMR,High income
San Marino,2024,33.581,97.93199920654295,99.0,90.1925,82.79,15,85,Europe,SMR,High income
Sao Tome and Principe,2000,144.018,53.42399978637695,20.79039370865212,13.17371547169415,1.690891335537091,11.57191550228102,4.138575830541604,Africa,STP,Lower middle income
Sao Tome and Principe,2001,146.375,54.37700271606445,21.94747072498041,14.2117154687613,1.69282378763291,11.66581190420296,4.138020937460616,Africa,STP,Lower middle income
Sao Tome and Principe,2002,149.922,55.55499649047852,23.13917372832345,15.26854895682132,1.695212407326583,11.78187589605379,4.137334878352119,Africa,STP,Lower middle income
Sao Tome and Principe,2003,153.814,56.76599884033203,24.33862908496092,16.32956691535039,1.697667967421535,11.90119188026516,4.136629636432104,Africa,STP,Lower middle income
Sao Tome and Principe,2004,157.705,57.97200012207031,25.5404255353565,17.39182081777393,1.700113406311534,12.02001579405906,4.135927319669382,Africa,STP,Lower middle income
Sao Tome and Principe,2005,161.639,59.165000915527344,26.85778391351734,18.38864357371442,1.949905041172606,12.00667818628373,4.698597379743958,Africa,STP,Lower middle income
Sao Tome and Principe,2006,165.638,60.34799957275391,28.18359577079813,19.39060568336187,2.205577280042047,11.98807364196691,5.27090956591197,Africa,STP,Lower middle income
Sao Tome and Principe,2007,169.7,61.519996643066406,29.51705787034419,20.39708360713689,2.46700227178449,11.96416278358226,5.852730029173947,Africa,STP,Lower middle income
Sao Tome and Principe,2008,173.793,62.68000030517578,30.857384929578,21.40747287600472,2.734046605809994,11.93491492916153,6.443908996150989,Africa,STP,Lower middle income
Sao Tome and Principe,2009,177.853,63.823001861572266,32.20323743509043,22.42090131572655,3.006528185315228,11.89994765312965,7.044200678185024,Africa,STP,Lower middle income
Sao Tome and Principe,2010,181.802,64.95199584960938,33.55444183055562,23.43710422756409,3.284331964365863,11.85961539779778,7.653468936918762,Africa,STP,Lower middle income
Sao Tome and Principe,2011,185.649,66.06400299072266,34.90999285547531,24.45540697240233,3.567280531304785,11.81373785883416,8.271459115592231,Africa,STP,Lower middle income
Sao Tome and Principe,2012,189.439,67.15999603271484,36.26946785170733,25.47543359686526,3.855240876964814,11.76249011423475,8.897995076289268,Africa,STP,Lower middle income
Sao Tome and Principe,2013,193.148,68.20800018310547,37.62798286713756,26.49478762332417,4.147516824007862,11.70332880921548,9.531727796866937,Africa,STP,Lower middle income
Sao Tome and Principe,2014,196.767,69.21300506591797,38.98587561470016,27.5136172888418,4.44390887409177,11.63691608951654,10.17227102718125,Africa,STP,Lower middle income
Sao Tome and Principe,2015,200.291,70.17400360107422,40.34270549340348,28.5317257281557,4.744131533654024,11.56340582325801,10.81905463084372,Africa,STP,Lower middle income
Sao Tome and Principe,2016,203.689,71.09199523925781,41.69835088913452,29.54907808890136,5.047942427387816,11.48311392039482,11.47158931918496,Africa,STP,Lower middle income
Sao Tome and Principe,2017,206.97,71.96800231933594,43.05273474946083,30.56567332831893,5.355111132414278,11.39635082991983,12.12940370541579,Africa,STP,Lower middle income
Sao Tome and Principe,2018,210.187,72.8030014038086,44.40580415260042,31.58153081430623,5.665416450925795,11.30341508094499,12.79203861520361,Africa,STP,Lower middle income
Sao Tome and Principe,2019,213.392,73.5979995727539,45.75755702865835,32.59670764436174,5.978649943327659,11.20460240202009,13.45905545513861,Africa,STP,Lower middle income
Sao Tome and Principe,2020,217.435,74.35399627685547,47.10801328311091,33.61127790016116,6.294612396364825,11.10019848834095,14.13002868467587,Africa,STP,Lower middle income
Sao Tome and Principe,2021,221.961,75.072998046875,48.45735027393927,34.62538273023901,6.61314612018093,10.99055192889599,14.80462086309643,Africa,STP,Lower middle income
Sao Tome and Principe,2022,226.305,75.75499725341797,48.53505427969976,34.64879652188229,6.633368070388668,11.03676510155708,14.85144390637275,Africa,STP,Lower middle income
Sao Tome and Principe,2023,230.871,76.4010009765625,48.60866127683421,34.67097778108378,6.652523208549744,11.08053988381099,14.89579674271142,Africa,STP,Lower middle income
Sao Tome and Principe,2024,235.536,77.01399993896484,48.67850527536119,34.692024025377,6.670699394969044,11.12207770624894,14.9378828881039,Africa,STP,Lower middle income
Saudi Arabia,2000,16177.722,79.8479995727539,,,-,-,-,Eastern Mediterranean,SAU,High income
Saudi Arabia,2001,17041.397,80.07699584960938,,,-,-,-,Eastern Mediterranean,SAU,High income
Saudi Arabia,2002,17910.91,80.30400085449219,,,-,-,-,Eastern Mediterranean,SAU,High income
Saudi Arabia,2003,18786.767,80.52999877929688,,,-,-,-,Eastern Mediterranean,SAU,High income
Saudi Arabia,2004,19669.48,80.75399780273438,,,-,-,-,Eastern Mediterranean,SAU,High income
Saudi Arabia,2005,20559.89,80.97900390625,,,-,-,-,Eastern Mediterranean,SAU,High income
Saudi Arabia,2006,21459.144,81.20399475097656,,,-,-,-,Eastern Mediterranean,SAU,High income
Saudi Arabia,2007,22368.313,81.427001953125,,,-,-,-,Eastern Mediterranean,SAU,High income
Saudi Arabia,2008,23287.877,81.64900207519531,,,-,-,-,Eastern Mediterranean,SAU,High income
Saudi Arabia,2009,24217.654,81.86699676513672,,,-,-,-,Eastern Mediterranean,SAU,High income
Saudi Arabia,2010,25157.128,82.08399963378906,,,-,-,-,Eastern Mediterranean,SAU,High income
Saudi Arabia,2011,26105.645,82.302001953125,,,-,-,-,Eastern Mediterranean,SAU,High income
Saudi Arabia,2012,27062.443,82.52000427246094,,,-,-,-,Eastern Mediterranean,SAU,High income
Saudi Arabia,2013,28026.825,82.74000549316406,97.55151666294864,84.50732187368372,70.28302651605865,26.60183972290107,71.8285827854765,Eastern Mediterranean,SAU,High income
Saudi Arabia,2014,28998.128,82.95999908447266,97.55657886848186,84.54236557461587,70.35325956684095,26.53936029407495,71.89831771613628,Eastern Mediterranean,SAU,High income
Saudi Arabia,2015,29974.938,83.18000030517578,97.56164573877317,84.47754510365593,70.33289892901604,26.47688019196237,71.9680580922928,Eastern Mediterranean,SAU,High income
Saudi Arabia,2016,30717.808,83.4010009765625,97.56673585518588,84.41275099502185,70.31267690784777,26.41411543638933,72.03811636391625,Eastern Mediterranean,SAU,High income
Saudi Arabia,2017,30782.402,83.62200164794922,97.57182783906542,84.34782484218039,70.29227433944789,26.35135151906356,72.10817567051988,Eastern Mediterranean,SAU,High income
Saudi Arabia,2018,30365.121,83.84400177001953,97.57693964494726,84.28291984772213,70.27200404388839,26.28830417337626,72.17854811991775,Eastern Mediterranean,SAU,High income
Saudi Arabia,2019,30472.811,84.06500244140625,97.5820275772784,84.21772289351344,70.25123514171376,26.22553908461013,72.2486045121502,Eastern Mediterranean,SAU,High income
Saudi Arabia,2020,30991.207,84.28700256347656,97.58714174295616,84.15255210946624,70.23060251837978,26.16249209664938,72.31897899448948,Eastern Mediterranean,SAU,High income
Saudi Arabia,2021,31328.375,84.50800323486328,97.59223286593593,84.08709059907756,70.20947261936826,26.09972766582661,72.38903795530808,Eastern Mediterranean,SAU,High income
Saudi Arabia,2022,32175.352,84.72899627685547,97.59732103588593,84.02149199451027,70.18815692749094,26.03696450315107,72.45909259861206,Eastern Mediterranean,SAU,High income
Saudi Arabia,2023,33264.292,84.94999694824219,97.60240909771726,83.95576050910881,70.16666136584757,25.97419961909014,72.5291489111094,Eastern Mediterranean,SAU,High income
Saudi Arabia,2024,33962.757,85.17100524902344,97.60749836192994,83.88989652192488,70.14498527996055,25.91143490607456,72.59920627105045,Eastern Mediterranean,SAU,High income
Senegal,2000,9968.26,40.31999969482422,36.63978501598432,14.64229741834736,2.75587423487692,19.61590818226665,8.176147343345304,Africa,SEN,Lower middle income
Senegal,2001,10212.942,40.4640007019043,37.62306799175585,14.98924960055739,2.755337763436353,20.47262364984425,8.175386313750405,Africa,SEN,Lower middle income
Senegal,2002,10466.214,40.60699844360352,38.63437825206257,15.35837925587655,2.753805618698771,21.32811892441482,8.174567280748308,Africa,SEN,Lower middle income
Senegal,2003,10721.176,40.89800262451172,39.70380707072321,15.7344456246977,2.760685164660025,22.22783466193196,8.19912614943084,Africa,SEN,Lower middle income
Senegal,2004,10975.704,41.305999755859375,40.81601979212117,16.11410569743129,2.774237480455097,23.16101401013293,8.243932848755406,Africa,SEN,Lower middle income
Senegal,2005,11235.472,41.7140007019043,41.92590899691814,16.49185787907114,2.787790136619035,24.09160861536175,8.289057566795714,Africa,SEN,Lower middle income
Senegal,2006,11500.094,42.124000549316406,43.03406214005771,16.86771122091283,2.801459799662393,25.02021445289646,8.334846205501929,Africa,SEN,Lower middle income
Senegal,2007,11770.344,42.53499984741211,44.13995924984685,17.24156407683118,2.815190252332159,25.946516078813,8.381127181286312,Africa,SEN,Lower middle income
Senegal,2008,12048.959,42.946998596191406,45.24345421599869,17.61335414484735,2.828983026696766,26.87050426838377,8.427901683051646,Africa,SEN,Lower middle income
Senegal,2009,12337.389,43.35900115966797,46.34408177776139,17.98300795456183,2.842782383103013,27.79188584101284,8.474998717811825,Africa,SEN,Lower middle income
Senegal,2010,12635.413,43.77300262451172,47.44234289769985,18.68834938071229,2.85670469690383,28.71122445028903,8.52276451884485,Africa,SEN,Lower middle income
Senegal,2011,12958.897,44.1879997253418,48.5377592186689,19.40906063674489,2.870694066179897,29.62822196991789,8.571027722303722,Africa,SEN,Lower middle income
Senegal,2012,13310.495,44.60300064086914,49.62988989950347,20.1449791017116,2.884694266084835,30.54259305610341,8.61961538876971,Africa,SEN,Lower middle income
Senegal,2013,13710.849,45.01900100708008,50.71889732031288,20.8959486310087,2.898764717759465,31.45461149261233,8.668702794016397,Africa,SEN,Lower middle income
Senegal,2014,14152.102,45.43600082397461,51.80462991717468,21.66179930793751,2.91290664627103,32.36426625393155,8.71829010005274,Africa,SEN,Lower middle income
Senegal,2015,14593.331,45.86199951171875,52.88904323986015,22.44229933570254,2.927586102097972,33.27368306017539,8.769781459829467,Africa,SEN,Lower middle income
Senegal,2016,15034.521,46.29600143432617,53.97149407313552,23.23718488211315,2.942748938318974,34.18251413840927,8.823012684824265,Africa,SEN,Lower middle income
Senegal,2017,15475.002,46.7400016784668,55.05210380300316,24.04614770119069,2.958515037873649,35.09120520109828,8.878345332662374,Africa,SEN,Lower middle income
Senegal,2018,15914.498,47.19200134277344,56.12997018187438,24.86890396076308,2.974771621178832,35.99914388031503,8.935437531135873,Africa,SEN,Lower middle income
Senegal,2019,16352.922,47.65299987792969,57.20494384545195,25.70512048497349,2.991580587301577,36.90651031698103,8.99447535468207,Africa,SEN,Lower middle income
Senegal,2020,16789.219,48.12200164794922,58.27639908668399,26.55448203512747,3.008887732612164,37.81296816393702,9.05529329741418,Africa,SEN,Lower middle income
Senegal,2021,17220.867,48.59999847412109,59.34415237662073,27.41661103424197,3.026755041970688,38.71868887106749,9.11807761058257,Africa,SEN,Lower middle income
Senegal,2022,17651.103,49.08599853515625,60.40758705553301,28.29116918565508,3.045127344804485,39.62333926685869,9.182659301293535,Africa,SEN,Lower middle income
Senegal,2023,18077.573,49.57900238037109,61.46613353454728,29.17782435724999,3.063950633325883,40.52660753587333,9.248872309572581,Africa,SEN,Lower middle income
Senegal,2024,18501.984,50.08000183105469,62.51959526677459,30.07615044082839,3.083286840915476,41.42866516609264,9.316902271021632,Africa,SEN,Lower middle income
Serbia,2000,7694.605,52.76900100708008,95.50395109926107,29.5810831565053,9.609138837831802,30.79120792047531,50.33053796112279,Europe,SRB,Upper middle income
Serbia,2001,7651.927,52.99199676513672,95.50247702145852,29.56756427079344,9.637091510686867,31.09388209415374,50.47695551063893,Europe,SRB,Upper middle income
Serbia,2002,7616.743,53.21499633789063,95.50134708197486,29.55431230446454,9.66504417362055,31.39338691862347,50.62337300822201,Europe,SRB,Upper middle income
Serbia,2003,7590.935,53.4370002746582,95.50054043347708,29.54135849446279,9.692872094781015,31.69002229304936,50.76913710185391,Europe,SRB,Upper middle income
Serbia,2004,7565.841,53.6609992980957,95.50012741090865,29.5286115111008,9.720950371306978,31.98289070444287,50.91621256991492,Europe,SRB,Upper middle income
Serbia,2005,7539.133,53.882999420166016,95.66792896823488,29.39455287368477,9.84047275339094,31.96660106258929,51.45101424888022,Europe,SRB,Upper middle income
Serbia,2006,7511.394,54.1050033569336,95.83610334078698,29.17528921080705,9.864093919821611,31.94074953027479,51.98709798203819,Europe,SRB,Upper middle income
Serbia,2007,7482.989,54.32799911499024,96.0046710847047,28.95022281494108,9.884896361648822,31.90883990652422,52.52511974844295,Europe,SRB,Upper middle income
Serbia,2008,7454.279,54.54999923706055,96.17358228801272,28.71934563002491,9.90256909853455,31.87155132591322,53.06375213457515,Europe,SRB,Upper middle income
Serbia,2009,7425.347,54.772003173828125,96.3428666633317,28.48254160772962,9.91717858901255,31.82854801080281,53.60366502998714,Europe,SRB,Upper middle income
Serbia,2010,7395.864,54.99299621582031,96.51249015064226,28.23977438596994,9.928537997006465,31.78021674175921,54.14417300109008,Europe,SRB,Upper middle income
Serbia,2011,7364.859,55.21500015258789,96.68252312903545,27.99087322386885,9.936836102178004,31.72580018428626,54.68663525303035,Europe,SRB,Upper middle income
Serbia,2012,7324.623,55.35600280761719,96.85027908581252,27.74007025822269,9.9319749001861,31.69880406371238,55.17532329782896,Europe,SRB,Upper middle income
Serbia,2013,7276.18,55.46900177001953,97.01733173647328,27.48510987562341,9.920502263439268,31.67999389406663,55.64571474058685,Europe,SRB,Upper middle income
Serbia,2014,7227.203,55.58300018310547,97.1845998620671,27.22447723165513,9.9059284360693,31.65783915025574,56.11743772950854,Europe,SRB,Upper middle income
Serbia,2015,7177.253,55.69599914550781,97.35202641972847,26.95822419761144,9.887958076697597,31.63320099244093,56.58912865122727,Europe,SRB,Upper middle income
Serbia,2016,7126.083,55.80999755859375,97.51967830820205,26.68616002368641,9.866779009116136,31.60519270218912,57.06216313682629,Europe,SRB,Upper middle income
Serbia,2017,7073.507,55.94199752807617,97.68819089702576,26.40702222546933,9.84435235419216,31.56573111222906,57.5483419216901,Europe,SRB,Upper middle income
Serbia,2018,7020.019,56.09199905395508,97.85760906395964,26.12054922659038,9.820579330603604,31.5141184283161,58.04781943263553,Europe,SRB,Upper middle income
Serbia,2019,6966.153,56.26000213623047,97.9156406613819,25.79807335579901,9.782578004763327,31.44966274470156,58.56075637573235,Europe,SRB,Upper middle income
Serbia,2020,6907.812,56.44599914550781,97.91884860590385,25.45295781698466,9.739014308434866,31.37167262088319,59.08730092094886,Europe,SRB,Upper middle income
Serbia,2021,6835.43,56.6510009765625,97.92310882762165,25.10082023001932,9.694057776377427,31.278917452061,59.62832273393961,Europe,SRB,Upper middle income
Serbia,2022,6791.213,56.87300109863281,97.9283883905418,24.76312506619904,9.631175830822327,31.17175117775674,60.08153535909943,Europe,SRB,Upper middle income
Serbia,2023,6773.201,57.11299896240234,97.93477047224457,24.41821021238443,9.56721186605488,31.04896059161196,60.54995193384026,Europe,SRB,Upper middle income
Serbia,2024,6736.216,57.371002197265625,97.94229835066132,24.06578693719887,9.502072164925432,30.90984986577345,61.03385564266649,Europe,SRB,Upper middle income
Seychelles,2000,83.318,50.43299865722656,95.49409975079912,,-,86.91710307669132,6.545891529257005,Africa,SYC,High income
Seychelles,2001,84.606,50.64599990844727,95.6912191218088,,-,86.37305058439847,7.387378680098436,Africa,SYC,High income
Seychelles,2002,85.857,50.8759994506836,95.88833849281848,,-,85.8289980921054,8.22886583093964,Africa,SYC,High income
Seychelles,2003,87.034,51.12300109863281,96.08545786382813,,-,85.28494559981254,9.070352981780843,Africa,SYC,High income
Seychelles,2004,88.156,51.38800048828125,96.2825772348378,,-,84.7408931075197,9.911840132622046,Africa,SYC,High income
Seychelles,2005,89.266,51.67000198364258,96.47969660584748,,-,84.19684061522662,10.75332728346325,Africa,SYC,High income
Seychelles,2006,90.373,51.968997955322266,96.67681597685716,,-,83.65278812293377,11.59481443430468,Africa,SYC,High income
Seychelles,2007,91.468,52.28499603271485,96.87393534786683,,-,83.10873563064092,12.43630158514588,Africa,SYC,High income
Seychelles,2008,92.547,52.61899948120117,97.07105471887648,,-,82.56468313834785,13.27778873598709,Africa,SYC,High income
Seychelles,2009,93.628,52.96900177001953,97.26817408988614,,-,82.020630646055,14.11927588682829,Africa,SYC,High income
Seychelles,2010,94.971,53.33599853515625,97.46529346089584,,-,81.47657815376192,14.96076303766972,Africa,SYC,High income
Seychelles,2011,97.024,53.71999740600586,97.66241283190551,,-,80.93252566146907,15.80225018851093,Africa,SYC,High income
Seychelles,2012,99.543,54.119998931884766,97.85953220291516,,-,80.38847316917622,16.64373733935213,Africa,SYC,High income
Seychelles,2013,102.093,54.5369987487793,98.05665157392482,,-,79.84442067688315,17.48522449019333,Africa,SYC,High income
Seychelles,2014,104.654,54.96900177001953,98.25377094493452,,-,79.3003681845903,18.32671164103454,Africa,SYC,High income
Seychelles,2015,107.23,55.400001525878906,98.4508903159442,,-,78.75631569229745,19.16819879187597,Africa,SYC,High income
Seychelles,2016,109.821,55.830997467041016,98.64800968695388,,-,78.21226320000437,20.00968594271717,Africa,SYC,High income
Seychelles,2017,112.427,56.2609977722168,98.8451290579635,,-,77.66821070771152,20.85117309355837,Africa,SYC,High income
Seychelles,2018,115.04,56.69100189208984,98.87462866448008,,-,77.12415821541867,21.69266024439958,Africa,SYC,High income
Seychelles,2019,117.65,57.11899948120117,98.88583058407302,,-,76.5801057231256,22.53414739524101,Africa,SYC,High income
Seychelles,2020,120.291,57.54600143432617,98.89699061452268,,-,75.81893979145308,23.37563454608221,Africa,SYC,High income
Seychelles,2021,122.987,57.97200012207031,98.89856655174522,,-,74.97903331987219,24.21712169692341,Africa,SYC,High income
Seychelles,2022,125.522,58.39599990844727,99.0,,-,74.94139115223538,25.05860884776462,Africa,SYC,High income
Seychelles,2023,127.951,58.81999588012695,99.0,,-,74.09990400139418,25.90009599860582,Africa,SYC,High income
Seychelles,2024,130.418,59.24199676513672,99.0,,-,73.25841685055275,26.74158314944725,Africa,SYC,High income
Sierra Leone,2000,4423.611,35.625999450683594,7.694687341994921,4.967841372555707,<1,2.165187201669567,<1,Africa,SLE,Low income
Sierra Leone,2001,4692.716,35.867000579833984,7.926170927932164,5.122451020511659,<1,2.179834080346037,<1,Africa,SLE,Low income
Sierra Leone,2002,4971.435,36.10900115966797,8.158258253833653,5.277357751740363,<1,2.19454175247497,<1,Africa,SLE,Low income
Sierra Leone,2003,5177.687,36.35200119018555,8.390952019274366,5.432562785176525,<1,2.209310117734021,<1,Africa,SLE,Low income
Sierra Leone,2004,5355.717,36.59600067138672,8.94954704248469,5.798563540938603,<1,2.375930631431702,<1,Africa,SLE,Low income
Sierra Leone,2005,5501.712,36.91900253295898,9.538650690262829,6.183827243525871,<1,2.550032019845954,<1,Africa,SLE,Low income
Sierra Leone,2006,5624.466,37.303001403808594,10.15665069794096,6.587304669645187,<1,2.731278881549957,<1,Africa,SLE,Low income
Sierra Leone,2007,5749.352,37.68899917602539,10.79560311433976,7.004297970267217,<1,2.915866244750969,<1,Africa,SLE,Low income
Sierra Leone,2008,5894.722,38.07699966430664,11.45550987858175,7.434775610104057,<1,3.103818443654343,<1,Africa,SLE,Low income
Sierra Leone,2009,6055.646,38.46599960327149,12.13622064691852,7.876339129425645,<1,3.351879202150289,<1,Africa,SLE,Low income
Sierra Leone,2010,6222.714,38.85599899291992,12.83772562572197,8.330927641956498,<1,3.605999097529296,<1,Africa,SLE,Low income
Sierra Leone,2011,6387.251,39.24799728393555,13.56017960706668,8.79873601921525,<1,3.862772102364731,<1,Africa,SLE,Low income
Sierra Leone,2012,6551.08,39.641998291015625,14.30358617096674,9.279736733893278,<1,4.122217712468635,<1,Africa,SLE,Low income
Sierra Leone,2013,6714.051,40.0359992980957,15.06760336542722,9.77370748036005,<1,4.384159059223174,<1,Africa,SLE,Low income
Sierra Leone,2014,6876.385,40.43199920654297,15.85256270816656,10.28080671944141,<1,4.648798454288313,<1,Africa,SLE,Low income
Sierra Leone,2015,7037.655,40.82899856567383,16.65828578565381,10.80090478035059,<1,4.916050264408821,<1,Africa,SLE,Low income
Sierra Leone,2016,7205.328,41.22800064086914,17.48494698783739,11.43117882054109,<1,5.186031513328155,<1,Africa,SLE,Low income
Sierra Leone,2017,7379.299,41.6359977722168,18.33385795819358,12.06329393252454,<1,5.459531493341876,<1,Africa,SLE,Low income
Sierra Leone,2018,7554.563,42.05500030517578,19.20548472337404,12.68986818176562,<1,5.736862276693341,<1,Africa,SLE,Low income
Sierra Leone,2019,7731.991,42.48400115966797,20.09973885198493,13.33530885917871,<1,6.018012500691915,<1,Africa,SLE,Low income
Sierra Leone,2020,7912.558,42.92300033569336,21.01671238081233,13.99987426525346,<1,6.303076381566544,<1,Africa,SLE,Low income
Sierra Leone,2021,8094.602,43.37199783325195,21.95649876592258,14.68383137513244,<1,6.5921491837528,<1,Africa,SLE,Low income
Sierra Leone,2022,8276.807,43.83100128173828,22.91918780369433,15.3874525353777,<1,6.885326269818444,<1,Africa,SLE,Low income
Sierra Leone,2023,8460.512,44.29999923706055,23.9048711595784,16.10857045332956,<1,7.182702328472327,<1,Africa,SLE,Low income
Sierra Leone,2024,8642.022,44.77899932861328,24.91363624180864,16.84552422832027,<1,7.484372552680067,<1,Africa,SLE,Low income
Singapore,2000,4035.245,100.0,99.0,99.0,>99,-,>99,Western Pacific,SGP,High income
Singapore,2001,4116.166,100.0,99.0,99.0,>99,-,>99,Western Pacific,SGP,High income
Singapore,2002,4146.892,100.0,99.0,99.0,>99,-,>99,Western Pacific,SGP,High income
Singapore,2003,4138.245,100.0,99.0,99.0,>99,-,>99,Western Pacific,SGP,High income
Singapore,2004,4172.767,100.0,99.0,99.0,>99,-,>99,Western Pacific,SGP,High income
Singapore,2005,4268.364,100.0,99.0,99.0,>99,-,>99,Western Pacific,SGP,High income
Singapore,2006,4407.058,100.0,99.0,99.0,>99,-,>99,Western Pacific,SGP,High income
Singapore,2007,4596.515,100.0,99.0,99.0,>99,-,>99,Western Pacific,SGP,High income
Singapore,2008,4806.741,100.0,99.0,99.0,>99,-,>99,Western Pacific,SGP,High income
Singapore,2009,4968.568,100.0,99.0,99.0,>99,-,>99,Western Pacific,SGP,High income
Singapore,2010,5077.014,100.0,99.0,99.0,>99,-,>99,Western Pacific,SGP,High income
Singapore,2011,5182.239,100.0,99.0,99.0,>99,-,>99,Western Pacific,SGP,High income
Singapore,2012,5293.34,100.0,99.0,99.0,>99,-,>99,Western Pacific,SGP,High income
Singapore,2013,5385.588,100.0,99.0,99.0,>99,-,>99,Western Pacific,SGP,High income
Singapore,2014,5457.9,100.0,99.0,99.0,>99,-,>99,Western Pacific,SGP,High income
Singapore,2015,5525.34,100.0,99.0,99.0,>99,-,>99,Western Pacific,SGP,High income
Singapore,2016,5577.93,100.0,99.0,99.0,>99,-,>99,Western Pacific,SGP,High income
Singapore,2017,5604.078,100.0,99.0,99.0,>99,-,>99,Western Pacific,SGP,High income
Singapore,2018,5634.369,100.0,99.0,99.0,>99,-,>99,Western Pacific,SGP,High income
Singapore,2019,5669.563,100.0,99.0,99.0,>99,-,>99,Western Pacific,SGP,High income
Singapore,2020,5620.15,100.0,99.0,99.0,>99,-,>99,Western Pacific,SGP,High income
Singapore,2021,5546.29,100.0,99.0,99.0,>99,-,>99,Western Pacific,SGP,High income
Singapore,2022,5649.885,100.0,99.0,99.0,>99,-,>99,Western Pacific,SGP,High income
Singapore,2023,5789.09,100.0,99.0,99.0,>99,-,>99,Western Pacific,SGP,High income
Singapore,2024,5832.387,100.0,99.0,99.0,>99,-,>99,Western Pacific,SGP,High income
Sint Maarten (Dutch part),2000,30.773,100.0,98.38442361355771,,-,42.54121431443506,14.59182232697253,Americas,SXM,High income
Sint Maarten (Dutch part),2001,30.726,100.0,98.4149315325455,,-,42.54121431443506,14.17182517351341,Americas,SXM,High income
Sint Maarten (Dutch part),2002,30.96,100.0,98.44543945153328,,-,42.54121431443506,13.75182802005429,Americas,SXM,High income
Sint Maarten (Dutch part),2003,31.327,100.0,98.47594737052106,,-,42.54121431443506,13.33183086659517,Americas,SXM,High income
Sint Maarten (Dutch part),2004,31.69,100.0,98.50645528950884,,-,42.54121431443506,12.91183371313605,Americas,SXM,High income
Sint Maarten (Dutch part),2005,32.057,100.0,98.5369632084966,,-,42.54121431443506,12.49183655967693,Americas,SXM,High income
Sint Maarten (Dutch part),2006,32.428,100.0,98.56747112748438,,-,42.54121431443506,12.07183940621792,Americas,SXM,High income
Sint Maarten (Dutch part),2007,32.791,100.0,98.59797904647216,,-,42.54121431443506,11.6518422527588,Americas,SXM,High income
Sint Maarten (Dutch part),2008,33.145,100.0,98.62848696545991,,-,42.54121431443506,11.23184509929968,Americas,SXM,High income
Sint Maarten (Dutch part),2009,33.491,100.0,98.65899488444772,,-,42.54121431443506,10.81184794584055,Americas,SXM,High income
Sint Maarten (Dutch part),2010,33.794,100.0,98.68950280343547,,-,42.54121431443506,10.39185079238143,Americas,SXM,High income
Sint Maarten (Dutch part),2011,34.267,100.0,98.72001072242328,,-,42.54121431443506,9.971853638922425,Americas,SXM,High income
Sint Maarten (Dutch part),2012,35.023,100.0,98.75051864141103,,-,42.54121431443506,9.551856485463304,Americas,SXM,High income
Sint Maarten (Dutch part),2013,35.854,100.0,98.78102656039884,,-,42.54121431443506,9.131859332004183,Americas,SXM,High income
Sint Maarten (Dutch part),2014,36.672,100.0,98.78102656039884,,-,42.54121431443506,9.131859332004183,Americas,SXM,High income
Sint Maarten (Dutch part),2015,37.471,100.0,98.78102656039884,,-,42.54121431443506,9.131859332004183,Americas,SXM,High income
Sint Maarten (Dutch part),2016,38.249,100.0,98.78102656039884,,-,42.54121431443506,9.131859332004183,Americas,SXM,High income
Sint Maarten (Dutch part),2017,38.996,100.0,98.78102656039884,,-,42.54121431443506,9.131859332004183,Americas,SXM,High income
Slovakia,2000,5379.999,56.233001708984375,99.0,84.2330300608497,67.6182130978565,26.00524463242233,69.9773963440357,Europe,SVK,High income
Slovakia,2001,5379.437,56.16300201416016,99.0,84.23262851912462,67.60038910916387,26.02169520986089,69.95895048065019,Europe,SVK,High income
Slovakia,2002,5377.688,56.01300048828125,99.0,84.21892667829316,67.55832805848966,26.05694506196105,69.91942521449201,Europe,SVK,High income
Slovakia,2003,5376.196,55.86299896240234,99.0,84.0615637483385,67.40868800272085,26.09219429964979,69.87989761171427,Europe,SVK,High income
Slovakia,2004,5376.038,55.71299743652344,99.0,83.93777495974744,67.29182485825552,26.12744470030863,69.84037291870281,Europe,SVK,High income
Slovakia,2005,5376.695,55.56300354003906,99.0,83.8132977468157,67.17449668338894,26.16269335871932,69.80084909924335,Europe,SVK,High income
Slovakia,2006,5376.846,55.4119987487793,99.0,83.68801506444285,67.05644368517093,26.19817933899034,69.7610617688761,Europe,SVK,High income
Slovakia,2007,5376.999,55.2609977722168,98.89217477453975,83.56203782865455,66.93792044213589,26.23366568058863,69.7212731689923,Europe,SVK,High income
Slovakia,2008,5379.12,55.11100387573242,98.69834464110718,83.43548822810138,66.81919094726595,26.26891481752446,69.68175086435564,Europe,SVK,High income
Slovakia,2009,5385.073,54.959999084472656,98.50383562029124,83.3081197109126,66.69972758638802,26.30439950719012,69.64196051662014,Europe,SVK,High income
Slovakia,2010,5391.851,54.685001373291016,98.30654269452889,83.16468472104496,66.54723126785628,26.36902459758399,69.56949931583169,Europe,SVK,High income
Slovakia,2011,5398.109,54.42000198364258,98.10826052005322,83.02140534426698,66.3966336655792,26.43129934627339,69.49966865259407,Europe,SVK,High income
Slovakia,2012,5404.871,54.28000259399414,97.9115016184272,82.8929616927998,66.27841829345854,26.46419918168491,69.46277815908368,Europe,SVK,High income
Slovakia,2013,5410.422,54.1400032043457,97.71412812718472,82.7638579399416,66.15975817117314,26.49710014298417,69.42589202271762,Europe,SVK,High income
Slovakia,2014,5415.23,54.00000381469727,97.51612675904305,82.6340819369736,66.04064362096811,26.52999914149105,69.38900060506795,Europe,SVK,High income
Slovakia,2015,5420.278,53.88899993896485,97.52082844490847,82.70148409848338,66.08037002764715,26.55608562777332,69.3597521892702,Europe,SVK,High income
Slovakia,2016,5427.259,53.805999755859375,97.526250341086,82.7725490488043,66.12755454326607,26.57558873360671,69.33787856690901,Europe,SVK,High income
Slovakia,2017,5435.7,53.7509994506836,97.532398820711,82.84729969361177,66.18222751119922,26.58851545648157,69.32338709762901,Europe,SVK,High income
Slovakia,2018,5443.232,53.72599792480469,97.53177588457024,82.91854119838459,66.24494718096213,26.59439091847798,69.31680320717186,Europe,SVK,High income
Slovakia,2019,5450.626,53.72899627685547,97.53184745069645,82.99347535522143,66.31519291919814,26.59368566410565,69.31759032907054,Europe,SVK,High income
Slovakia,2020,5455.024,53.7599983215332,97.5326284865492,83.07213603182268,66.39300091008151,26.5864014491074,69.32576146321219,Europe,SVK,High income
Slovakia,2021,5442.759,53.82000350952149,97.53413109387476,83.1546639922768,66.47865459775252,26.57229991564968,69.34157069935429,Europe,SVK,High income
Slovakia,2022,5473.197,53.90899658203125,97.53636315091126,83.24108567863131,66.57218129276235,26.55138565387663,69.36502115597168,Europe,SVK,High income
Slovakia,2023,5518.055,54.02699661254883,97.53932560801884,83.33142385895938,66.67360862443414,26.52365655982809,69.39611590905827,Europe,SVK,High income
Slovakia,2024,5506.76,54.1719970703125,97.5429596376154,83.42542672134087,66.7824151765368,26.48958092743623,69.43432113589493,Europe,SVK,High income
Slovenia,2000,1986.816,50.753997802734375,99.0,41.56434149359691,27.11143857214532,37.50300804702579,62.49699195297421,Europe,SVN,High income
Slovenia,2001,1989.679,50.77999877929688,99.0,43.51369256038917,28.92166742064307,37.23824750725737,62.76175249274263,Europe,SVN,High income
Slovenia,2002,1991.572,50.85700225830078,99.0,45.51301442935355,30.7852962597727,36.97348696748884,63.02651303251116,Europe,SVN,High income
Slovenia,2003,1992.49,51.08199691772461,99.0,47.56279980300082,32.70281779204498,36.70872642772042,63.29127357227958,Europe,SVN,High income
Slovenia,2004,1993.545,51.30799865722656,99.0,49.66354138384221,34.67472471997127,36.443965887952,63.556034112048,Europe,SVN,High income
Slovenia,2005,1996.914,51.53300094604492,99.0,51.81573187439049,36.70150974606423,36.17920534818347,63.82079465181653,Europe,SVN,High income
Slovenia,2006,2003.114,51.75799560546875,99.0,54.03135640070719,38.78366557283437,35.88774954423093,64.08555519158494,Europe,SVN,High income
Slovenia,2007,2014.158,51.98299789428711,99.0,56.25585357640485,40.92168490279438,35.58985303558427,64.35031573135336,Europe,SVN,High income
Slovenia,2008,2025.085,52.20900344848633,99.0,58.53884204673421,43.11606043845548,35.2772314211858,64.6150762711219,Europe,SVN,High income
Slovenia,2009,2035.608,52.43300247192383,98.95157165169856,60.97521082310146,45.36728488232888,34.95862472757123,64.87983681089031,Europe,SVN,High income
Slovenia,2010,2044.612,52.657997131347656,98.89820382663024,63.46311924816294,47.67585093692691,34.64001803395655,65.14459735065884,Europe,SVN,High income
Slovenia,2011,2048.804,52.882999420166016,98.8448360015619,66.00301416826548,50.04225130476025,34.32141134034198,65.40935789042726,Europe,SVN,High income
Slovenia,2012,2053.321,53.108001708984375,98.79146817649357,68.59534401801776,52.46697868834164,34.00280464672741,65.67411843019568,Europe,SVN,High income
Slovenia,2013,2056.441,53.33200073242188,98.73810035142522,71.24055882028547,54.95052579018174,33.68419795311272,65.93887896996421,Europe,SVN,High income
Slovenia,2014,2058.401,53.55700302124024,98.6847325263569,73.93911018619623,57.49338531279312,33.36559125949815,66.20363950973262,Europe,SVN,High income
Slovenia,2015,2059.947,53.78100204467773,98.63136470128856,76.69145131513555,60.09604995868702,33.04698456588346,66.46840004950116,Europe,SVN,High income
Slovenia,2016,2061.373,54.02000045776367,98.57799687622024,79.49803699474843,62.7590124303746,32.72837787226889,66.73316058926957,Europe,SVN,High income
Slovenia,2017,2062.41,54.27299880981445,98.5246290511519,81.46420103258177,64.686320315225,32.40977117865432,66.99792112903799,Europe,SVN,High income
Slovenia,2018,2069.481,54.54099655151367,98.47126122608356,82.44312018745745,65.74011293668207,32.09116448503964,67.26268166880652,Europe,SVN,High income
Slovenia,2019,2083.439,54.821998596191406,98.41789340101522,83.42653454255424,66.80018907586582,31.77255779142506,67.52744220857494,Europe,SVN,High income
Slovenia,2020,2102.419,55.11800003051758,98.3645255759469,83.73788311440575,67.18998774930985,31.45395109781049,67.79220274834336,Europe,SVN,High income
Slovenia,2021,2113.494,55.427001953125,98.31115775087856,83.92005330134714,67.45239635534948,31.13534440419581,68.05696328811189,Europe,SVN,High income
Slovenia,2022,2115.228,55.75100326538086,98.31115775087856,84.12906581862777,67.71480496138898,30.87058386442739,68.3217238278803,Europe,SVN,High income
Slovenia,2023,2118.396,56.0880012512207,98.31115775087856,84.336592253169,67.9772135674286,30.60582332465886,68.58648436764884,Europe,SVN,High income
Slovenia,2024,2118.697,56.4379997253418,98.31115775087856,84.54263260497069,68.23962217346812,30.34106278489044,68.85124490741725,Europe,SVN,High income
Solomon Islands,2000,440.469,15.813000679016112,21.81882572526787,,-,12.30966750317565,5.300187591232433,Western Pacific,SLB,Lower middle income
Solomon Islands,2001,449.125,16.201000213623047,22.02003247726913,,-,12.51670541484768,5.381564113469536,Western Pacific,SLB,Lower middle income
Solomon Islands,2002,457.671,16.597000122070312,22.22538693652976,,-,12.72801229391699,5.464618510852839,Western Pacific,SLB,Lower middle income
Solomon Islands,2003,466.154,17.000999450683594,22.43489099696712,,-,12.94358810382694,5.549350859429676,Western Pacific,SLB,Lower middle income
Solomon Islands,2004,474.611,17.413000106811523,22.6485431199764,,-,13.16343288720426,5.635761101912478,Western Pacific,SLB,Lower middle income
Solomon Islands,2005,483.08,17.832000732421875,23.28065678275257,,-,13.3300253141931,5.723639717862494,Western Pacific,SLB,Lower middle income
Solomon Islands,2006,491.594,18.25899887084961,23.91832474736168,,-,13.49382466151611,5.813195782080314,Western Pacific,SLB,Lower middle income
Solomon Islands,2007,500.156,18.694000244140625,24.56158688365536,,-,13.65463385850602,5.90442980256255,Western Pacific,SLB,Lower middle income
Solomon Islands,2008,508.79,19.137998580932617,25.21100991338692,,-,13.81275536069858,5.997551713454826,Western Pacific,SLB,Lower middle income
Solomon Islands,2009,518.141,19.588998794555664,25.86558092747515,,-,13.9669795709506,6.092141236954388,Western Pacific,SLB,Lower middle income
Solomon Islands,2010,532.968,20.04800033569336,26.5258667445609,,-,14.11761945094005,6.188409228765575,Western Pacific,SLB,Lower middle income
Solomon Islands,2011,552.945,20.507999420166016,27.18819449101869,,-,14.26114467036896,6.28488678741117,Western Pacific,SLB,Lower middle income
Solomon Islands,2012,573.606,20.970001220703125,27.85310081976914,,-,14.3979979552223,6.381783662397536,Western Pacific,SLB,Lower middle income
Solomon Islands,2013,594.945,21.433000564575195,28.52006234989883,,-,14.52767111486745,6.478890392577028,Western Pacific,SLB,Lower middle income
Solomon Islands,2014,616.908,21.895999908447266,29.18854771854606,,-,14.64968734070605,6.575996754196687,Western Pacific,SLB,Lower middle income
Solomon Islands,2015,639.415,22.36000061035156,29.85909560399261,,-,14.76449075712145,6.673313154058115,Western Pacific,SLB,Lower middle income
Solomon Islands,2016,662.379,22.822999954223636,30.53063456410004,,-,14.87118749645184,6.770419983719515,Western Pacific,SLB,Lower middle income
Solomon Islands,2017,685.672,23.285999298095703,31.20369785316952,,-,14.97022802183952,6.867526798689583,Western Pacific,SLB,Lower middle income
Solomon Islands,2018,709.101,23.749000549316406,31.87828461698489,,-,15.06161114214691,6.964632979448347,Western Pacific,SLB,Lower middle income
Solomon Islands,2019,728.147,24.209999084472656,32.55331291846911,,-,15.14452083138576,7.061320597447381,Western Pacific,SLB,Lower middle income
Solomon Islands,2020,744.498,24.670000076293945,33.22931297836293,,-,15.21940526026215,7.157798070742834,Western Pacific,SLB,Lower middle income
Solomon Islands,2021,762.591,25.12800025939941,33.90573484417262,,-,15.28589683984488,7.253855950484179,Western Pacific,SLB,Lower middle income
Solomon Islands,2022,781.066,25.583999633789062,34.1549727598984,,-,15.46512717271722,7.349494517442693,Western Pacific,SLB,Lower middle income
Solomon Islands,2023,800.005,26.036998748779297,34.40256783193855,,-,15.64317712900001,7.444503327823631,Western Pacific,SLB,Lower middle income
Solomon Islands,2024,819.198,26.488000869750977,34.64907374259758,,-,15.82044301031044,7.539093666474243,Western Pacific,SLB,Lower middle income
Somalia,2000,8838.713,33.24700164794922,20.18378857962866,7.213286804124228,2.411281808186855,1.116594870534179,7.39151791451299,Eastern Mediterranean,SOM,Low income
Somalia,2001,9198.493,33.617000579833984,20.96313100183594,7.509671941071942,2.438116466261174,1.125755657834461,7.473776593366998,Eastern Mediterranean,SOM,Low income
Somalia,2002,9550.063,33.98999786376953,21.73855243258513,7.804253653321799,2.46516882260301,1.134990748209542,7.55670260220245,Eastern Mediterranean,SOM,Low income
Somalia,2003,9909.157,34.75600051879883,22.66664361529016,8.149637916783618,2.520723974836591,1.153956089032882,7.727000782026893,Eastern Mediterranean,SOM,Low income
Somalia,2004,10280.998,35.53099822998047,23.5876311312832,8.49161924874401,2.576931856477263,1.173144259736744,7.899299831716259,Eastern Mediterranean,SOM,Low income
Somalia,2005,10644.228,36.31100082397461,24.63857302373924,8.849749410412423,2.562236815247875,1.264475056196525,7.840986719990189,Eastern Mediterranean,SOM,Low income
Somalia,2006,10975.502,37.09999847412109,25.6985522654712,9.209426348239504,2.544836018335687,1.357120054308943,7.774604054492866,Eastern Mediterranean,SOM,Low income
Somalia,2007,11322.582,34.40399932861328,25.47248096287052,9.153923617832042,2.291899233151502,1.357340683011403,6.990081801328262,Eastern Mediterranean,SOM,Low income
Somalia,2008,11663.084,36.01100158691406,26.8675518309153,9.634485783743758,2.385843982126601,1.472273955343165,7.28586639779007,Eastern Mediterranean,SOM,Low income
Somalia,2009,11961.201,37.64500045776367,28.26203332439784,10.11050876697289,2.475168258426898,1.590191925434597,7.561365901668005,Eastern Mediterranean,SOM,Low income
Somalia,2010,12261.756,39.30999755859375,29.65523141345679,10.58113289222165,2.558094558043067,1.711266372408952,7.810977977518205,Eastern Mediterranean,SOM,Low income
Somalia,2011,12348.83,41.0,31.04290953842337,11.04471428083148,2.633837134601956,1.835383853917055,8.032821430880915,Eastern Mediterranean,SOM,Low income
Somalia,2012,12461.16,41.55799865722656,32.04763741139685,11.39081434433063,2.642187778913615,1.927548723851187,8.046410518599487,Eastern Mediterranean,SOM,Low income
Somalia,2013,12869.594,42.117000579833984,33.05825155730496,11.73794171203637,2.648536243294502,2.020516237591413,8.049456421315192,Eastern Mediterranean,SOM,Low income
Somalia,2014,13339.491,42.67900085449219,34.0748734228162,12.17902348163101,2.652904540347466,2.114352119574816,8.042204170726945,Eastern Mediterranean,SOM,Low income
Somalia,2015,13806.963,43.244998931884766,35.09724058751542,12.58650687431465,2.655246365345785,2.209094969862996,8.02469414706708,Eastern Mediterranean,SOM,Low income
Somalia,2016,14348.74,43.81600189208984,36.12503785840487,12.9938744214208,2.655501632137577,2.304785871762742,7.996927476568739,Eastern Mediterranean,SOM,Low income
Somalia,2017,14916.629,44.39099884033203,37.15736196253444,13.40548881119776,2.653525272869811,2.401401584043252,7.958653551534567,Eastern Mediterranean,SOM,Low income
Somalia,2018,15452.487,44.97100067138672,38.19386711129319,13.82114836047573,2.649249365460546,2.498985020823132,7.909855879454861,Eastern Mediterranean,SOM,Low income
Somalia,2019,16030.971,45.55400085449219,39.23340530887054,14.24045339253933,2.642503714985698,2.59747602450804,7.850213360471377,Eastern Mediterranean,SOM,Low income
Somalia,2020,16651.191,46.14099884033203,40.27562651355479,14.66318979130792,2.633221865462186,2.696916742603593,7.779718805014985,Eastern Mediterranean,SOM,Low income
Somalia,2021,17271.431,46.73100280761719,41.31968172014594,15.08902851453534,2.621278246617128,2.797279159393157,7.698188611064853,Eastern Mediterranean,SOM,Low income
Somalia,2022,17801.897,47.323997497558594,42.3649691614571,15.51769062732227,2.606578639501302,2.898568985689381,7.605535408005012,Eastern Mediterranean,SOM,Low income
Somalia,2023,18358.615,47.92000198364258,43.41089450047388,15.94889307847506,2.589029086794325,3.00079310224841,7.501674528240146,Eastern Mediterranean,SOM,Low income
Somalia,2024,19009.151,48.51900100708008,44.45684383325713,16.38233973371842,2.56853400594128,3.103957217057697,7.386518419188964,Eastern Mediterranean,SOM,Low income
South Africa,2000,47159.719,56.89099884033203,60.49737168668154,47.38537403879779,27.95296374437708,2.55560747686709,46.59742824707352,Africa,ZAF,Upper middle income
South Africa,2001,47566.8,57.36800003051758,61.27595087010688,47.9944228322462,28.30398817199335,2.638799441088005,47.16845944490471,Africa,ZAF,Upper middle income
South Africa,2002,48019.415,57.89800262451172,62.06237244721089,48.60714886492602,28.68020636099461,2.719531540887519,47.78258541244404,Africa,ZAF,Upper middle income
South Africa,2003,48500.348,58.44600296020508,62.84651448487531,49.21654256850188,29.06711641276182,2.796298714681181,48.41547838739511,Africa,ZAF,Upper middle income
South Africa,2004,48991.421,58.99300003051758,63.62335788665472,49.81921830111347,29.45670570659635,2.868497809047136,49.05366999002526,Africa,ZAF,Upper middle income
South Africa,2005,49490.033,59.5359992980957,64.39209391535144,50.4146386269792,29.847667131936,2.936093418831586,49.69494388278303,Africa,ZAF,Upper middle income
South Africa,2006,49998.277,60.07699966430664,65.1530628772458,51.00300875365419,30.24085426550189,2.999158998218013,50.34071532013379,Africa,ZAF,Upper middle income
South Africa,2007,50528.584,60.615997314453125,65.90613040601939,51.58422450652171,30.63625441693746,3.057719237021232,50.99094415918665,Africa,ZAF,Upper middle income
South Africa,2008,51114.599,61.15400314331055,66.65134635025149,52.15829004237936,31.03430557632975,3.111802548201529,51.64634916597292,Africa,ZAF,Upper middle income
South Africa,2009,51728.516,61.6870002746582,67.38788398239227,52.72470324123403,31.43321735923964,3.161424281863285,52.30389703267102,Africa,ZAF,Upper middle income
South Africa,2010,52344.051,62.21799850463867,68.1161861329021,53.28370805898493,31.83430521587328,3.206632130475245,52.96578340084595,Africa,ZAF,Upper middle income
South Africa,2011,52995.205,62.746002197265625,68.83598753939519,53.83513683906239,32.23711019174901,3.24745995631527,53.63121653131159,Africa,ZAF,Upper middle income
South Africa,2012,53782.567,63.27199935913086,69.54732767611945,54.37898602531951,32.64206549373323,3.283931869801137,54.30090802828564,Africa,ZAF,Upper middle income
South Africa,2013,54678.791,63.792999267578125,70.24973739072733,54.9150122874386,33.04778569428997,3.316124894736456,54.97250357141475,Africa,ZAF,Upper middle income
South Africa,2014,55594.838,64.31199645996094,70.94352618067919,55.44334405555202,33.45562579638387,3.344036841051942,55.64826915617748,Africa,ZAF,Upper middle income
South Africa,2015,56723.537,64.8280029296875,71.62847631293444,57.32825210625234,35.12612395973949,3.367717986085369,56.32737425682936,Africa,ZAF,Upper middle income
South Africa,2016,57259.551,65.34100341796875,72.3045193020221,59.25398140190753,36.8410502672205,3.387206061760547,57.00977774997357,Africa,ZAF,Upper middle income
South Africa,2017,57635.162,65.8499984741211,72.97150542046933,61.22110503780758,38.60047470742056,3.402572086454545,57.69462500174875,Africa,ZAF,Upper middle income
South Africa,2018,58613.001,66.3550033569336,73.62940782826682,63.23024235205918,40.40493830621497,3.413866127690325,58.38185798385059,Africa,ZAF,Upper middle income
South Africa,2019,59587.885,66.85600280761719,74.27819206662186,65.2819973489449,42.25497576532345,3.42113764315426,59.07141183888201,Africa,ZAF,Upper middle income
South Africa,2020,60562.381,67.35399627685547,74.91785778145699,67.3770392793516,44.15170527366146,3.424390513788509,59.76402665543476,Africa,ZAF,Upper middle income
South Africa,2021,61502.603,67.84700012207031,75.54830715054531,69.5158219561238,46.09449788644606,3.423762573379289,60.4580189391146,Africa,ZAF,Upper middle income
South Africa,2022,62378.41,68.33499908447266,76.16956263468396,71.69891815380021,48.08381421632975,3.419316304011782,61.15331011737346,Africa,ZAF,Upper middle income
South Africa,2023,63212.384,68.81900024414062,76.7816295496925,73.17017475183658,49.44050150421666,3.41105560806587,61.85063607567089,Africa,ZAF,Upper middle income
South Africa,2024,64007.187,69.2979965209961,77.384521067613,73.78063708225359,49.99677082869417,3.399092592538138,62.54911014071972,Africa,ZAF,Upper middle income
South Sudan,2011,10288.109,18.03199958801269,6.985935793882758,,-,<1,<1,Africa,SSD,Low income
South Sudan,2012,10756.24,18.21700096130371,7.580075561582138,,-,<1,<1,Africa,SSD,Low income
South Sudan,2013,11166.275,18.41499900817871,8.200892545015991,,-,<1,<1,Africa,SSD,Low income
South Sudan,2014,11235.073,18.625999450683597,8.849156208519984,,-,<1,<1,Africa,SSD,Low income
South Sudan,2015,11107.561,18.851999282836918,9.526079390046633,,-,<1,<1,Africa,SSD,Low income
South Sudan,2016,10830.102,19.09199905395508,10.23236898833616,,-,<1,<1,Africa,SSD,Low income
South Sudan,2017,10259.154,19.34600067138672,10.968942628146,,-,<1,<1,Africa,SSD,Low income
South Sudan,2018,10122.977,19.614999771118164,11.73700577949301,,-,<1,<1,Africa,SSD,Low income
South Sudan,2019,10423.384,19.89900016784668,12.53759756560837,,-,<1,<1,Africa,SSD,Low income
South Sudan,2020,10698.467,20.198999404907227,13.08645896181012,,-,<1,<1,Africa,SSD,Low income
South Sudan,2021,10865.78,20.513999938964844,13.64582810348028,,-,<1,<1,Africa,SSD,Low income
South Sudan,2022,11021.177,20.84600067138672,14.21676308945243,,-,<1,<1,Africa,SSD,Low income
South Sudan,2023,11483.374,21.19499969482422,14.32013199800438,,-,<1,<1,Africa,SSD,Low income
South Sudan,2024,11943.408,21.559999465942383,14.42824014828862,,-,<1,<1,Africa,SSD,Low income
Spain,2000,41019.774,76.26199340820312,99.0,92.7189573846621,89.91959904729283,2.314426470588245,95.83894117647056,Europe,ESP,High income
Spain,2001,41245.599,76.34300231933594,99.0,92.71882803922796,89.91952605430797,2.314426470588245,95.83894117647056,Europe,ESP,High income
Spain,2002,41755.704,76.53300476074219,99.0,92.72568692064308,89.91935421291838,2.314426470588245,95.83894117647056,Europe,ESP,High income
Spain,2003,42506.543,76.77799987792969,99.0,92.73246993300832,89.9191328221842,2.314426470588245,95.83894117647056,Europe,ESP,High income
Spain,2004,43234.566,77.0219955444336,99.0,92.73927176138707,89.9189123431388,2.314426470588245,95.83894117647056,Europe,ESP,High income
Spain,2005,43958.885,77.26300048828125,99.0,92.52722575056757,89.74171113179119,2.20474999999999,95.94049999999997,Europe,ESP,High income
Spain,2006,44695.448,77.50199890136719,99.0,92.3130132927924,89.56236975481822,2.095073529411764,96.04205882352939,Europe,ESP,High income
Spain,2007,45516.507,77.74000549316406,99.0,92.09663213723836,89.38088235263135,1.985397058823537,96.1436176470588,Europe,ESP,High income
Spain,2008,46235.054,77.97599792480469,99.0,91.87807497363552,89.19724486501208,1.875720588235282,96.24517647058822,Europe,ESP,High income
Spain,2009,46635.18,78.20999908447266,99.0,91.65734048316234,89.01145231743895,1.766044117647056,96.34673529411764,Europe,ESP,High income
Spain,2010,46840.471,78.44200134277344,99.0,91.43442341391965,88.82349975309135,1.656367647058829,96.44829411764705,Europe,ESP,High income
Spain,2011,46998.043,78.6729965209961,99.0,91.2093219075563,88.63338131601033,1.546691176470574,96.54985294117644,Europe,ESP,High income
Spain,2012,47018.323,78.9020004272461,99.0,90.9820276171365,88.44109292768859,1.437014705882348,96.65141176470586,Europe,ESP,High income
Spain,2013,46860.389,79.13299560546875,99.0,90.75252711378376,88.24662609411749,1.327338235294121,96.75297058823527,Europe,ESP,High income
Spain,2014,46720.188,79.36599731445312,99.0,90.52047611257883,88.04997561765452,1.217661764705895,96.85452941176469,Europe,ESP,High income
Spain,2015,46683.686,79.60199737548828,99.0,90.28565409635758,87.85113553909932,1.10798529411764,96.9560882352941,Europe,ESP,High income
Spain,2016,46732.771,79.83999633789062,99.0,90.04864583595761,87.65010219732967,<1,97.05764705882352,Europe,ESP,High income
Spain,2017,46868.596,80.08000183105469,99.0,89.80402209514719,87.44687161879348,<1,97.15920588235294,Europe,ESP,High income
Spain,2018,47092.821,80.32099914550781,99.0,89.55596711547439,87.24143896544498,<1,97.26076470588232,Europe,ESP,High income
Spain,2019,47435.119,80.56500244140625,99.0,89.30562680796227,87.03379733256716,<1,97.36232352941174,Europe,ESP,High income
Spain,2020,47679.489,80.80999755859375,99.0,89.0530123348322,86.82394352157777,<1,97.46388235294116,Europe,ESP,High income
Spain,2021,47735.664,81.05599975585938,99.0,88.79812155873604,86.61187258757981,<1,97.56544117647057,Europe,ESP,High income
Spain,2022,47828.382,81.30400085449219,99.0,88.54092497097155,86.39757871844122,<1,97.66699999999999,Europe,ESP,High income
Spain,2023,47911.579,81.552001953125,99.0,88.28145083469316,86.18105870643421,<1,97.7685588235294,Europe,ESP,High income
Spain,2024,47910.526,81.802001953125,99.0,88.28123027955336,86.18084286159969,<1,97.7685588235294,Europe,ESP,High income
Sri Lanka,2000,19293.054,18.3799991607666,76.80726688487566,,-,2.920769679415893,9.121071477313125,South-East Asia,LKA,Lower middle income
Sri Lanka,2001,19600.362,18.364999771118164,77.60401163374014,,-,2.920248349737771,8.761114262894367,South-East Asia,LKA,Lower middle income
Sri Lanka,2002,19805.752,18.3489990234375,78.40392327943795,,-,2.919692200847195,8.401147577479353,South-East Asia,LKA,Lower middle income
Sri Lanka,2003,19951.521,18.333999633789062,79.20697555122888,,-,2.91917094805454,8.041531820740135,South-East Asia,LKA,Lower middle income
Sri Lanka,2004,20087.605,18.319000244140625,80.01317641242994,,-,2.918649516193642,7.682083395940585,South-East Asia,LKA,Lower middle income
Sri Lanka,2005,20216.524,18.30299949645996,80.82254531707588,,-,2.918093399642623,7.322642599512471,South-East Asia,LKA,Lower middle income
Sri Lanka,2006,20352.411,18.288000106811523,81.63505638942591,,-,3.611974142252877,6.963535655819157,South-East Asia,LKA,Lower middle income
Sri Lanka,2007,20492.545,18.27200126647949,82.4507307606243,,-,4.305693438410113,6.60444763704512,South-East Asia,LKA,Lower middle income
Sri Lanka,2008,20629.378,18.256999969482425,83.26954982057447,,-,4.999332509163669,6.24568171541038,South-East Asia,LKA,Lower middle income
Sri Lanka,2009,20756.435,18.242000579833984,84.09152649448859,,-,5.692853027695599,5.887084022451967,South-East Asia,LKA,Lower middle income
Sri Lanka,2010,20879.089,18.22599983215332,84.91665359868595,,-,6.386199641249614,5.528521449555829,South-East Asia,LKA,Lower middle income
Sri Lanka,2011,21009.048,18.211000442504883,85.74493212463098,,-,7.079478112393925,5.170264595309439,South-East Asia,LKA,Lower middle income
Sri Lanka,2012,21169.458,18.196001052856445,86.57636579846401,,-,7.772637789166627,4.812175623376272,South-East Asia,LKA,Lower middle income
Sri Lanka,2013,21358.827,18.197999954223636,87.41094224976098,,-,8.466808322666294,4.456217793445464,South-East Asia,LKA,Lower middle income
Sri Lanka,2014,21547.456,18.218000411987305,88.24872000557826,,-,9.162261860259724,4.102215650086856,South-East Asia,LKA,Lower middle income
Sri Lanka,2015,21729.971,18.256000518798828,89.0897723399477,,-,9.859212965820685,3.749867223571105,South-East Asia,LKA,Lower middle income
Sri Lanka,2016,21910.772,18.31100082397461,89.93415912469891,,-,10.55779726181722,3.398771909126055,South-East Asia,LKA,Lower middle income
Sri Lanka,2017,22087.522,18.38400077819824,90.78193106554475,,-,11.25829738726569,3.048737065984275,South-East Asia,LKA,Lower middle income
Sri Lanka,2018,22253.118,18.47599983215332,91.6331770755008,,-,11.9610156489014,2.699548704073705,South-East Asia,LKA,Lower middle income
Sri Lanka,2019,22410.552,18.584999084472656,92.48794798003388,,-,12.66599671142166,2.350723698811068,South-East Asia,LKA,Lower middle income
Sri Lanka,2020,22561.807,18.713001251220703,93.34631847706927,,-,13.37363139158296,2.00212991162626,South-East Asia,LKA,Lower middle income
Sri Lanka,2021,22700.372,18.86000061035156,94.20834910700286,,-,14.08414400307484,1.653447947200532,South-East Asia,LKA,Lower middle income
Sri Lanka,2022,22834.965,19.025999069213867,94.9480533011818,,-,14.79776161361482,1.304359346207148,South-East Asia,LKA,Lower middle income
Sri Lanka,2023,22971.617,19.211000442504883,95.34919339103448,,-,15.51470977458653,1.107671277740332,South-East Asia,LKA,Lower middle income
Sri Lanka,2024,23103.565,19.416000366210938,95.35302073741484,,-,15.53645443743357,1.119491229940416,South-East Asia,LKA,Lower middle income
Sudan,2000,27816.745,32.49500274658203,17.35753549031308,,-,1.377746399250122,<1,Eastern Mediterranean,SDN,Low income
Sudan,2001,28516.77,32.54800033569336,17.37460709309598,,-,1.379514946639017,<1,Eastern Mediterranean,SDN,Low income
Sudan,2002,29228.727,32.60099792480469,17.3916786977486,,-,1.381283484922023,<1,Eastern Mediterranean,SDN,Low income
Sudan,2003,29896.035,32.65399932861328,17.40875001960238,,-,1.383051999769046,<1,Eastern Mediterranean,SDN,Low income
Sudan,2004,30556.637,32.707000732421875,17.42582246088828,,-,1.384820604239068,<1,Eastern Mediterranean,SDN,Low income
Sudan,2005,31262.444,32.76000213623047,19.13657690472784,,-,1.761434658469774,<1,Eastern Mediterranean,SDN,Low income
Sudan,2006,31992.435,32.8129997253418,20.8471551509776,,-,2.139089013103736,<1,Eastern Mediterranean,SDN,Low income
Sudan,2007,32764.135,32.86600112915039,22.83608010581846,,-,2.517783855987265,<1,Eastern Mediterranean,SDN,Low income
Sudan,2008,33623.98,32.91899871826172,24.87984147486033,,-,2.89751908300096,<1,Eastern Mediterranean,SDN,Low income
Sudan,2009,34569.113,32.99300003051758,26.98500593916098,,-,3.280026260584142,<1,Eastern Mediterranean,SDN,Low income
Sudan,2010,35414.399,33.0890007019043,29.15170690725642,,-,3.666015749933635,<1,Eastern Mediterranean,SDN,Low income
Sudan,2011,36140.806,33.207000732421875,31.3797006029968,,-,4.056135496687834,<1,Eastern Mediterranean,SDN,Low income
Sudan,2012,36923.178,33.34600067138672,33.66837805920818,,-,4.450921601707456,<1,Eastern Mediterranean,SDN,Low income
Sudan,2013,37785.849,33.50699996948242,36.01769591494529,,-,4.851113952414902,<1,Eastern Mediterranean,SDN,Low income
Sudan,2014,38823.318,33.689002990722656,38.4269401247106,,-,5.257228778745945,<1,Eastern Mediterranean,SDN,Low income
Sudan,2015,40024.431,33.89400100708008,40.89624544581672,,-,5.670166911913543,<1,Eastern Mediterranean,SDN,Low income
Sudan,2016,41259.892,34.121002197265625,43.424779800547,,-,6.09045501343452,<1,Eastern Mediterranean,SDN,Low income
Sudan,2017,42714.306,34.369998931884766,46.01195656790267,,-,6.128091992016969,<1,Eastern Mediterranean,SDN,Low income
Sudan,2018,44230.596,34.641998291015625,48.65741947305327,,-,6.169205911109106,<1,Eastern Mediterranean,SDN,Low income
Sudan,2019,45548.175,34.935997009277344,51.36017226076211,,-,6.213645355320832,<1,Eastern Mediterranean,SDN,Low income
Sudan,2020,46789.231,35.25299835205078,54.11972616810392,,-,6.261561299057445,<1,Eastern Mediterranean,SDN,Low income
Sudan,2021,48066.924,35.59299850463867,56.93524766819874,,-,6.312953981053599,<1,Eastern Mediterranean,SDN,Low income
Sudan,2022,49383.346,35.95600128173828,59.80584151202022,,-,6.367823195443066,<1,Eastern Mediterranean,SDN,Low income
Sudan,2023,50042.791,36.34200286865234,62.73054578582516,,-,6.426168113186191,<1,Eastern Mediterranean,SDN,Low income
Sudan,2024,50448.963,36.75199890136719,65.70859656884255,,-,6.488141706932891,<1,Eastern Mediterranean,SDN,Low income
Suriname,2000,476.643,66.44400024414062,78.0261256777533,29.46502924199245,<1,67.24771992796826,<1,Americas,SUR,Upper middle income
Suriname,2001,486.56,66.51699829101562,78.3498083783454,29.70744698435716,<1,67.28478884575578,<1,Americas,SUR,Upper middle income
Suriname,2002,496.551,66.59100341796875,78.6724770234777,29.94854102373403,<1,67.32236318466106,<1,Americas,SUR,Upper middle income
Suriname,2003,506.414,66.66400146484375,78.99356746703349,30.18857458837274,<1,67.35943307664523,<1,Americas,SUR,Upper middle income
Suriname,2004,513.923,66.73699951171875,79.3133628506981,30.42741706832424,<1,67.39650256812735,<1,Americas,SUR,Upper middle income
Suriname,2005,519.313,66.68199920654297,79.9454355206116,30.12066394894892,<1,68.86895659400763,<1,Americas,SUR,Upper middle income
Suriname,2006,524.997,66.61499786376953,80.57861418287129,29.81153310446236,<1,70.33829668261384,1.03460655378224,Americas,SUR,Upper middle income
Suriname,2007,531.016,66.5469970703125,81.21582590745746,29.49834421431267,<1,71.8101739555625,1.126660662468999,Americas,SUR,Upper middle income
Suriname,2008,537.245,66.47899627685547,81.8573477450076,29.18094471956002,<1,73.28507540430778,1.218630840555393,Americas,SUR,Upper middle income
Suriname,2009,543.568,66.41200256347656,82.50341537388663,28.85917825843737,<1,74.76339845459674,1.310520621934032,Americas,SUR,Upper middle income
Suriname,2010,549.923,66.34400177001953,83.15360121153567,28.53333785712425,<1,76.24432531584765,1.402323504705661,Americas,SUR,Upper middle income
Suriname,2011,556.269,66.2760009765625,83.80814957539451,28.20326598909081,<1,77.72827526790411,1.494042402911853,Americas,SUR,Upper middle income
Suriname,2012,562.633,66.20800018310547,84.46708253158914,27.86896069505611,<1,79.21524928167108,1.585677362994309,Americas,SUR,Upper middle income
Suriname,2013,569.02,66.13999938964844,85.13041750267473,27.53041305871975,<1,80.7052482275854,1.677228384562159,Americas,SUR,Upper middle income
Suriname,2014,575.373,66.08899688720703,85.8011033502861,27.18519457130088,<1,82.20311503669195,1.768808304961399,Americas,SUR,Upper middle income
Suriname,2015,581.627,66.05599975585938,86.47885377279556,26.833214387543,<1,83.70799421144747,1.860456193901012,Americas,SUR,Upper middle income
Suriname,2016,587.757,66.04000091552734,87.16300737256142,26.47466913338894,<1,85.2184368688447,1.952197336080451,Americas,SUR,Upper middle income
Suriname,2017,593.713,66.04100036621094,87.8530834622316,26.10961171615201,<1,86.73331236203035,2.044063316161802,Americas,SUR,Upper middle income
Suriname,2018,599.513,66.05999755859375,88.54872216226283,25.73796245210934,<1,88.25168029011637,2.136094659537645,Americas,SUR,Upper middle income
Suriname,2019,605.768,66.09500122070312,89.24914174750086,25.36005979978553,1.043750239975379,89.77198951467136,2.228305153905171,Americas,SUR,Upper middle income
Suriname,2020,612.317,66.14900207519531,89.95421175600275,25.18060231099791,1.091599292170803,90.89626352799519,2.320755713901506,Americas,SUR,Upper middle income
Suriname,2021,617.896,66.21900177001953,89.96224056843789,25.17132294276005,1.09197281317136,90.90648542339811,2.32148037471193,Americas,SUR,Upper middle income
Suriname,2022,623.164,66.30699920654297,89.97233873640907,25.15965843811299,1.092442449294433,90.9193407257391,2.322391516873958,Americas,SUR,Upper middle income
Suriname,2023,628.886,66.41100311279297,89.98427189462127,25.1458730122594,1.092997456651837,90.93453226999932,2.323468285921453,Americas,SUR,Upper middle income
Suriname,2024,634.431,66.53299713134766,89.99827458005636,25.12970262860306,1.093648578088337,90.95235737079717,2.324731534888775,Americas,SUR,Upper middle income
Sweden,2000,8872.101,84.0260009765625,99.0,95.13910230134732,85.07220021325415,13.38146556867458,85.66856319908769,Europe,SWE,High income
Sweden,2001,8896.022,84.07099914550781,99.0,95.1605385245852,85.16406246535722,13.30645294233911,85.76116381977536,Europe,SWE,High income
Sweden,2002,8925.047,84.13299560546875,99.0,95.1787382952083,85.25850162708156,13.22894518356444,85.85641099989854,Europe,SWE,High income
Sweden,2003,8958.431,84.19599914550781,99.0,95.179972805196,85.35302185651484,13.15131121286722,85.9517434715459,Europe,SWE,High income
Sweden,2004,8993.808,84.25800323486328,99.0,95.1811368465304,85.44731508916391,13.07384713936295,86.04684497742849,Europe,SWE,High income
Sweden,2005,9029.771,84.31900024414062,99.0,95.18222607668604,85.54137870269818,12.99655168853951,86.14171286272247,Europe,SWE,High income
Sweden,2006,9080.623,84.43000030517578,99.0,95.18557954665448,85.6429872229164,12.91193070011616,86.2443305060589,Europe,SWE,High income
Sweden,2007,9148.274,84.58799743652344,99.0,95.19102918190028,85.75159696021842,12.82044937991299,86.35414210402764,Europe,SWE,High income
Sweden,2008,9219.9,84.7459945678711,99.0,95.1964095911524,85.86001550371753,12.72902285283225,86.46376278475896,Europe,SWE,High income
Sweden,2009,9298.74,84.9020004272461,99.0,95.20163850273724,85.96794950655982,12.63794431446349,86.57289107518893,Europe,SWE,High income
Sweden,2010,9378.232,85.05599975585938,99.0,95.20670914707092,86.07539442642293,12.54721286320071,86.68152234606443,Europe,SWE,High income
Sweden,2011,9449.259,85.2969970703125,99.0,95.2156081145291,86.19565154232012,12.44382650838595,86.80332277743844,Europe,SWE,High income
Sweden,2012,9519.487,85.6199951171875,99.0,95.22805417380896,86.327817403585,12.32856036716317,86.93736862180782,Europe,SWE,High income
Sweden,2013,9600.62,85.93599700927734,98.97817451442047,95.2400599831474,86.45856611250949,12.21442707012006,87.06996926152956,Europe,SWE,High income
Sweden,2014,9696.433,86.24699401855469,98.95507944569924,95.25170720607782,86.58819491639584,12.10113112950916,87.20143004148883,Europe,SWE,High income
Sweden,2015,9799.481,86.5530014038086,98.9319079494218,95.2630201394736,86.71673263905261,11.98867169970001,87.331779930769,Europe,SWE,High income
Sweden,2016,9923.28,86.85200500488281,98.90864188049048,95.27389249491172,86.84387438999943,11.87733519297211,87.46070563821714,Europe,SWE,High income
Sweden,2017,10057.862,87.14600372314453,98.8852906425608,95.28442390045024,86.96993210293112,11.7668284985504,87.58852735259804,Europe,SWE,High income
Sweden,2018,10175.405,87.43099975585938,98.86187108940054,95.29445345698832,87.09434241354873,11.65772922723785,87.7146653370678,Europe,SWE,High income
Sweden,2019,10279.125,87.70800018310547,98.83836504688884,95.30400972753878,87.2172475767479,11.54988555803782,87.8392657960941,Europe,SWE,High income
Sweden,2020,10353.686,87.97699737548828,98.81479455471936,95.31311513692476,87.33867719286948,11.44329630345831,87.96235839837938,Europe,SWE,High income
Sweden,2021,10416.131,88.23799896240234,98.7911500544417,95.32176240607792,87.45863548779363,11.33795409992259,88.08394731001577,Europe,SWE,High income
Sweden,2022,10487.338,88.49199676513672,98.767447686991,95.3300124921534,87.57729114412759,11.23371337861562,88.20420535967658,Europe,SWE,High income
Sweden,2023,10551.494,88.73799896240234,98.74368124611222,95.34158436324827,87.69450445720777,11.11838713125672,88.32298864488946,Europe,SWE,High income
Sweden,2024,10606.999,88.97599792480469,98.74318822327398,95.35164694637888,87.72835489731088,11.08408602569333,88.35781752115989,Europe,SWE,High income
Switzerland,2000,7184.007,73.38299560546875,99.0,97.81492941142795,96.61571168938012,2.354866085207697,97.60322876273187,Europe,CHE,High income
Switzerland,2001,7226.391,73.375,99.0,97.81458855476328,96.61503486762548,2.355543702487268,97.6025450306347,Europe,CHE,High income
Switzerland,2002,7278.752,73.4010009765625,99.0,97.81568982911818,96.61722816084158,2.353341183736264,97.6047607172781,Europe,CHE,High income
Switzerland,2003,7333.447,73.42699432373047,99.0,97.81678596293808,96.61941637025194,2.351138553918928,97.60697126815391,Europe,CHE,High income
Switzerland,2004,7384.194,73.4520034790039,99.0,97.81784332348757,96.62152394600068,2.3490203510979,97.60910036213932,Europe,CHE,High income
Switzerland,2005,7431.823,73.4780044555664,99.0,97.81893894780332,96.62371162645138,2.346817760836849,97.61131037864948,Europe,CHE,High income
Switzerland,2006,7478.509,73.50399780273438,99.0,97.8200411087891,96.62590578867646,2.344615277044637,97.61352694318423,Europe,CHE,High income
Switzerland,2007,7545.381,73.52999877929688,99.0,97.8211373291729,96.62809407716566,2.342412662263366,97.61573757394727,Europe,CHE,High income
Switzerland,2008,7641.728,73.55599975585938,99.0,97.82223325672044,96.63028204644196,2.340210100853475,97.61794788223543,Europe,CHE,High income
Switzerland,2009,7737.645,73.58100128173828,99.0,97.88197670963716,96.6910754575517,2.338092414020405,97.62008017352308,Europe,CHE,High income
Switzerland,2010,7825.753,73.60699462890625,99.0,97.941757850525,96.75194866173203,2.335889809205977,97.62229038805754,Europe,CHE,High income
Switzerland,2011,7914.372,73.63099670410156,99.0,98.09024835193776,96.99849990938058,2.159073237529781,97.81173281993901,Europe,CHE,High income
Switzerland,2012,7998.926,73.65299987792969,99.0,98.23873983251744,97.2448280921882,1.982718119836712,98.00072092419481,Europe,CHE,High income
Switzerland,2013,8091.202,73.67399597167969,99.0,98.39354274879328,97.49102319400633,1.794162283416853,98.1893461535066,Europe,CHE,High income
Switzerland,2014,8190.235,73.69599914550781,99.0,98.57080691057284,97.73722588122436,1.561082856015401,98.3777507529219,Europe,CHE,High income
Switzerland,2015,8283.934,73.71800231933594,99.0,98.74811783864892,97.98337223519093,1.328368861134689,98.56587082499723,Europe,CHE,High income
Switzerland,2016,8374.901,73.73899841308594,99.0,98.92544413153576,98.22940536734124,1.096059986775046,98.75364969438328,Europe,CHE,High income
Switzerland,2017,8453.628,73.76100158691406,99.0,99.0,98.47543291820568,<1,98.94119612701854,Europe,CHE,High income
Switzerland,2018,8516.344,73.7969970703125,99.0,99.0,98.7218382624456,<1,>99,Europe,CHE,High income
Switzerland,2019,8577.524,73.8489990234375,99.0,99.0,98.96841167343817,<1,>99,Europe,CHE,High income
Switzerland,2020,8640.582,73.91500091552734,99.0,99.0,>99,<1,>99,Europe,CHE,High income
Switzerland,2021,8707.023,73.99600219726562,99.0,99.0,>99,<1,>99,Europe,CHE,High income
Switzerland,2022,8792.182,74.09200286865234,99.0,99.0,>99,<1,>99,Europe,CHE,High income
Switzerland,2023,8870.561,74.2020034790039,99.0,99.0,>99,<1,>99,Europe,CHE,High income
Switzerland,2024,8921.981,74.32699584960938,99.0,99.0,>99,<1,>99,Europe,CHE,High income
Syrian Arab Republic,2000,16637.888,51.946998596191406,88.43624344367066,,-,5.161789960025035,67.59439929122772,Eastern Mediterranean,SYR,Low income
Syrian Arab Republic,2001,17051.338,52.314002990722656,88.59342835021853,,-,5.328074078763037,68.73978372018426,Eastern Mediterranean,SYR,Low income
Syrian Arab Republic,2002,17468.332,52.68199920654297,88.74928742577573,,-,5.490653715115592,69.87401586363386,Eastern Mediterranean,SYR,Low income
Syrian Arab Republic,2003,17889.296,53.04899978637695,88.90367322751185,,-,5.649693636045184,70.99602411920371,Eastern Mediterranean,SYR,Low income
Syrian Arab Republic,2004,18336.875,53.41699600219727,89.05672185780728,,-,5.805018026751842,72.10684659481961,Eastern Mediterranean,SYR,Low income
Syrian Arab Republic,2005,18814.091,53.78199768066406,89.40089993776274,,-,5.957011341060809,73.20451426117756,Eastern Mediterranean,SYR,Low income
Syrian Arab Republic,2006,19637.022,54.14599609375,89.74381546684141,,-,6.105508813966063,74.29009924319742,Eastern Mediterranean,SYR,Low income
Syrian Arab Republic,2007,20884.125,54.5109977722168,90.0855961151044,,-,6.250306155844513,75.36455657737467,Eastern Mediterranean,SYR,Low income
Syrian Arab Republic,2008,21636.564,54.875,90.42609589593992,,-,6.391618073900132,76.4269610793043,Eastern Mediterranean,SYR,Low income
Syrian Arab Republic,2009,21976.969,55.23699951171875,90.76525257469302,,-,6.529577688733899,77.47694514529289,Eastern Mediterranean,SYR,Low income
Syrian Arab Republic,2010,22482.421,55.59999847412109,91.1032333325641,,-,6.663842416305927,78.5158070795561,Eastern Mediterranean,SYR,Low income
Syrian Arab Republic,2011,22878.098,54.57999801635742,91.36615327558845,,-,6.973281054568851,79.00736152026298,Eastern Mediterranean,SYR,Low income
Syrian Arab Republic,2012,22759.763,53.55500030517578,91.63465371373516,,-,7.293451672332557,79.52951911932368,Eastern Mediterranean,SYR,Low income
Syrian Arab Republic,2013,21666.917,52.52899932861328,91.90899824596994,,-,7.623872738466391,80.08393805931165,Eastern Mediterranean,SYR,Low income
Syrian Arab Republic,2014,20273.659,51.5,92.18913473667727,,-,7.964846585008566,80.66998692145336,Eastern Mediterranean,SYR,Low income
Syrian Arab Republic,2015,19424.618,52.167999267578125,92.54832393519024,,-,8.06315209597588,81.838175518792,Eastern Mediterranean,SYR,Low income
Syrian Arab Republic,2016,19193.834,52.834999084472656,92.9046403526053,,-,8.15502151102222,82.98479997718213,Eastern Mediterranean,SYR,Low income
Syrian Arab Republic,2017,19224.668,53.50000381469727,93.25803413269102,,-,8.240629243787449,84.10961602945224,Eastern Mediterranean,SYR,Low income
Syrian Arab Republic,2018,19577.845,54.16200256347656,93.60846257786363,,-,8.320169182434421,85.2124402955296,Eastern Mediterranean,SYR,Low income
Syrian Arab Republic,2019,20353.534,54.82100296020508,93.9559328365603,,-,8.393685238552004,86.29342158751311,Eastern Mediterranean,SYR,Low income
Syrian Arab Republic,2020,21049.429,55.47500228881836,94.30038012580488,,-,8.461569045489377,87.35220680985017,Eastern Mediterranean,SYR,Low income
Syrian Arab Republic,2021,21628.839,56.124000549316406,94.64183056756136,,-,8.523894552226526,88.38904217003595,Eastern Mediterranean,SYR,Low income
Syrian Arab Republic,2022,22462.173,56.76900100708008,94.980328483975,,-,8.58055236455615,89.40437907426072,Eastern Mediterranean,SYR,Low income
Syrian Arab Republic,2023,23594.623,57.40900039672852,95.31585264729428,,-,8.631789343925618,90.39820157367505,Eastern Mediterranean,SYR,Low income
Syrian Arab Republic,2024,24672.76,58.04399871826172,95.64843245669913,,-,8.248078120586676,91.37075707367978,Eastern Mediterranean,SYR,Low income
Tajikistan,2000,6284.735,26.500999450683597,91.56999960650894,,-,<1,10.72512212588879,Europe,TJK,Lower middle income
Tajikistan,2001,6407.377,26.50300025939941,91.80927891044168,,-,<1,11.02349462667147,Europe,TJK,Lower middle income
Tajikistan,2002,6531.669,26.5049991607666,92.04824833914502,,-,<1,11.32191143136955,Europe,TJK,Lower middle income
Tajikistan,2003,6658.575,26.506999969482425,92.28690782366571,,-,<1,11.62037173000109,Europe,TJK,Lower middle income
Tajikistan,2004,6790.547,26.50800132751465,92.52523946193122,,-,<1,11.91846009007599,Europe,TJK,Lower middle income
Tajikistan,2005,6924.72,26.51000022888184,92.76329101897122,,-,<1,12.21699823383393,Europe,TJK,Lower middle income
Tajikistan,2006,7057.566,26.511999130249023,93.00103717530608,,-,<1,12.51558065884532,Europe,TJK,Lower middle income
Tajikistan,2007,7194.477,26.513999938964844,93.23848216225916,,-,<1,12.81420670602189,Europe,TJK,Lower middle income
Tajikistan,2008,7338.403,26.51599884033203,93.4756158486128,,-,1.133982246275865,13.11287783571827,Europe,TJK,Lower middle income
Tajikistan,2009,7490.23,26.51799964904785,93.71243823553078,,-,1.322724402026376,13.41159240063224,Europe,TJK,Lower middle income
Tajikistan,2010,7652.141,26.51999855041504,93.94896136563328,,-,1.511452750721804,13.71035090135755,Europe,TJK,Lower middle income
Tajikistan,2011,7824.785,26.520999908447266,94.18517454770802,,-,1.700174326668733,14.0086602581276,Europe,TJK,Lower middle income
Tajikistan,2012,8014.084,26.545000076293945,94.42094558017835,,-,1.888642369858724,14.3186189306537,Europe,TJK,Lower middle income
Tajikistan,2013,8216.724,26.589000701904297,94.65600525289612,,-,2.076659118962369,14.63943969140246,Europe,TJK,Lower middle income
Tajikistan,2014,8425.552,26.655000686645508,94.89008771358934,,-,2.26398084281464,14.97283874385812,Europe,TJK,Lower middle income
Tajikistan,2015,8643.84,26.74199867248535,95.1229285632346,,-,2.450398753867673,15.31900992469606,Europe,TJK,Lower middle income
Tajikistan,2016,8865.631,26.851001739501957,95.3542477429458,,-,2.635669162378158,15.67919877729126,Europe,TJK,Lower middle income
Tajikistan,2017,9085.946,26.98200035095215,95.5837707483272,,-,2.819562573637623,16.05413180174427,Europe,TJK,Lower middle income
Tajikistan,2018,9307.333,27.13400077819824,95.81125293744638,,-,3.001880819886175,16.44396853610925,Europe,TJK,Lower middle income
Tajikistan,2019,9529.966,27.30900001525879,95.9706194331764,,-,3.182334528698567,16.85056985472166,Europe,TJK,Lower middle income
Tajikistan,2020,9749.31,27.506000518798828,95.9796685499025,,-,3.175423807428406,16.96539550947164,Europe,TJK,Lower middle income
Tajikistan,2021,9966.908,27.72599983215332,95.98782600032004,,-,3.167706039563041,17.09362836440156,Europe,TJK,Lower middle income
Tajikistan,2022,10182.222,27.968002319335938,95.99511847225172,,-,3.159216697314061,17.23468360440105,Europe,TJK,Lower middle income
Tajikistan,2023,10389.799,28.233999252319336,95.98570397311153,,-,3.149885520711433,17.38972766456052,Europe,TJK,Lower middle income
Thailand,2000,63007.815,31.38599967956543,92.17506023727567,19.37457848908122,2.236052849831272,90.61765863102396,4.764294428707837,South-East Asia,THA,Upper middle income
Thailand,2001,63651.141,32.54800033569336,92.42698152922236,19.51909357556498,2.249864871812191,90.62200533500632,4.785394027087995,South-East Asia,THA,Upper middle income
Thailand,2002,64266.437,33.73400115966797,92.68250855034924,19.66545475016016,2.264059313825085,90.62645126939509,4.806929851024425,South-East Asia,THA,Upper middle income
Thailand,2003,64868.166,34.94099807739258,92.94184118546856,19.81354656933381,2.278620060073282,90.63097387732351,4.828846877029098,South-East Asia,THA,Upper middle income
Thailand,2004,65452.047,36.16900253295898,93.2050846909476,19.96338547257182,2.293552664804114,90.63557018206502,4.851145032857393,South-East Asia,THA,Upper middle income
Thailand,2005,66017.42,37.41100311279297,93.47253235439086,20.26984341112936,2.596898338994184,90.06568464156733,5.487760497900775,South-East Asia,THA,Upper middle income
Thailand,2006,66567.687,38.67300033569336,93.7441160220544,20.5832967494759,2.91226113592889,89.47657300528275,6.146049966371867,South-East Asia,THA,Upper middle income
Thailand,2007,67102.394,39.95000076293945,94.02005047644562,20.90368585733471,3.239934255151594,88.8678733162908,6.826302968762151,South-East Asia,THA,Upper middle income
Thailand,2008,67619.83,41.242000579833984,94.30039921343072,21.23117111048344,3.580251308521631,88.23922858837659,7.528898303456261,South-East Asia,THA,Upper middle income
Thailand,2009,68121.08,42.542999267578125,94.58536330043373,21.56559381160687,3.933384771706367,87.59051326320309,8.253854527586268,South-East Asia,THA,Upper middle income
Thailand,2010,68579.447,43.85600280761719,94.87493173398332,21.90725229635531,4.299696547003429,86.92138889309038,9.0016057326192,South-East Asia,THA,Upper middle income
Thailand,2011,69007.208,44.697998046875,95.17649857563836,22.22798853353505,4.662136054319904,86.25563832865002,9.735139306630298,South-East Asia,THA,Upper middle income
Thailand,2012,69436.098,45.44499969482422,95.48254728252238,22.54773407412382,5.029995011422293,85.58246203054217,10.47474951831413,South-East Asia,THA,Upper middle income
Thailand,2013,69845.114,46.19300079345703,95.79145831783764,22.87196418347875,5.406423857646359,84.89779043007918,11.22706754975957,South-East Asia,THA,Upper middle income
Thailand,2014,70216.367,46.94300079345703,96.1032346574694,23.20079491727541,5.791574082571405,84.20153571694998,11.99222186377658,South-East Asia,THA,Upper middle income
Thailand,2015,70540.795,47.69400024414063,96.41788527512604,23.53421372185236,6.185508447184029,83.49372386858877,12.77015221832309,South-East Asia,THA,Upper middle income
Thailand,2016,70859.841,48.447998046875,96.73541022914526,23.87241024688796,6.588444986252664,82.77416400869782,13.5611229621275,South-East Asia,THA,Upper middle income
Thailand,2017,71160.187,49.20000076293945,97.05584478180263,24.21508927275698,7.00020420830363,82.04326269586707,14.36457041497422,South-East Asia,THA,Upper middle income
Thailand,2018,71376.079,49.948997497558594,97.37917546694814,24.56220572605367,7.420783039818209,81.30116483082281,15.18030670012593,South-East Asia,THA,Upper middle income
Thailand,2019,71522.271,50.69199752807617,97.705394777576,24.91355597905444,7.850018972557252,80.54827672130315,16.00782201262409,South-East Asia,THA,Upper middle income
Thailand,2020,71641.484,51.43000030517578,98.0344733663979,25.26922178946403,8.287996174295152,79.78461843978253,16.84711905761159,South-East Asia,THA,Upper middle income
Thailand,2021,71727.332,52.16299819946289,98.3663780543942,25.62920962084847,8.734734100668577,79.01030018963229,17.69806926008406,South-East Asia,THA,Upper middle income
Thailand,2022,71735.329,52.88899993896485,98.70107627218287,25.99336225584858,9.190082797194425,78.2257066724002,18.5602056942065,South-East Asia,THA,Upper middle income
Thailand,2023,71702.435,53.608001708984375,99.0,26.36167523574003,9.65403317872356,77.43100336802019,19.43335283731782,South-East Asia,THA,Upper middle income
Thailand,2024,71668.011,54.31999969482422,99.0,26.71879943757367,10.12657276723901,76.62633999851938,20.31733169870336,South-East Asia,THA,Upper middle income
Timor-Leste,2002,879.159,24.97900009155273,18.7862054534433,,-,11.72452537177343,8.422651636579747,South-East Asia,TLS,Lower middle income
Timor-Leste,2003,916.878,25.343000411987305,21.26566448375035,,-,12.52144526433542,8.457668585996652,South-East Asia,TLS,Lower middle income
Timor-Leste,2004,929.074,25.709999084472656,23.73738210279992,,-,13.03279108477111,8.492973979841544,South-East Asia,TLS,Lower middle income
Timor-Leste,2005,948.311,26.041000366210938,26.18519442130664,,-,13.52528496050592,8.524816339036343,South-East Asia,TLS,Lower middle income
Timor-Leste,2006,976.597,26.374000549316406,28.63972410431221,,-,14.01084684563535,8.556850729904557,South-East Asia,TLS,Lower middle income
Timor-Leste,2007,1004.889,26.708999633789062,31.09664450424853,,-,14.48941022335309,8.58907777158335,South-East Asia,TLS,Lower middle income
Timor-Leste,2008,1032.429,27.04800033569336,33.55638643306362,,-,14.96142580812195,8.621689943419986,South-East Asia,TLS,Lower middle income
Timor-Leste,2009,1058.782,27.38899803161621,36.01783926856776,,-,15.42625984242583,9.837282434627479,South-East Asia,TLS,Lower middle income
Timor-Leste,2010,1084.679,27.73200035095215,38.48069298686067,,-,15.88384746575439,11.05377014944819,South-East Asia,TLS,Lower middle income
Timor-Leste,2011,1110.207,28.07900047302246,40.94527652863635,,-,16.33456834705243,12.27135711859727,South-East Asia,TLS,Lower middle income
Timor-Leste,2012,1134.885,28.42799949645996,43.41056257645998,,-,16.77786105410012,13.48985557728181,South-East Asia,TLS,Lower middle income
Timor-Leste,2013,1158.695,28.77899932861328,45.87622656231809,,-,17.21365658262136,14.70927132134458,South-East Asia,TLS,Lower middle income
Timor-Leste,2014,1181.903,29.13300132751465,48.34221735179865,,-,17.64207768827196,15.92971209852636,South-East Asia,TLS,Lower middle income
Timor-Leste,2015,1205.131,29.489999771118164,50.80816132046899,,-,18.06302305620842,17.15118807727965,South-East Asia,TLS,Lower middle income
Timor-Leste,2016,1228.312,29.850000381469727,53.273678577949,,-,18.47639156715454,18.37370885960192,South-East Asia,TLS,Lower middle income
Timor-Leste,2017,1251.703,30.21199989318848,55.73815425501981,,-,18.88192381025481,19.59717777913596,South-East Asia,TLS,Lower middle income
Timor-Leste,2018,1275.959,30.577999114990234,58.20166941242426,,-,19.2798416339069,20.8218123450422,South-East Asia,TLS,Lower middle income
Timor-Leste,2019,1300.945,30.94700050354004,60.66359394682799,,-,19.66987778016377,22.0475202560874,South-East Asia,TLS,Lower middle income
Timor-Leste,2020,1326.053,31.31999969482422,63.12370352572879,,-,20.05205122845682,23.27441709936923,South-East Asia,TLS,Lower middle income
Timor-Leste,2021,1350.139,31.69499969482422,65.58122597858167,,-,20.42600332142147,24.50229676123423,South-East Asia,TLS,Lower middle income
Timor-Leste,2022,1369.295,32.07400131225586,68.03609362035763,,-,20.79186686905383,25.73138626116641,South-East Asia,TLS,Lower middle income
Timor-Leste,2023,1384.286,32.455997467041016,70.48772073949567,,-,21.14941700305263,26.9615865237326,South-East Asia,TLS,Lower middle income
Timor-Leste,2024,1400.638,32.842002868652344,72.93580227996404,,-,21.49863041939301,28.19302032007098,South-East Asia,TLS,Lower middle income
Togo,2000,5140.037,32.90700149536133,8.033596622106346,4.322241088054633,<1,6.588430732044977,<1,Africa,TGO,Low income
Togo,2001,5277.382,33.35599899291992,8.26404186167869,4.468401792079655,<1,6.678326336275681,<1,Africa,TGO,Low income
Togo,2002,5413.274,33.80900192260742,8.496129823722653,4.615051675596931,<1,6.769023402842689,<1,Africa,TGO,Low income
Togo,2003,5552.167,34.26499938964844,8.729673964663398,4.762106454713935,<1,6.860320490872929,<1,Africa,TGO,Low income
Togo,2004,5696.508,34.7239990234375,8.964683939155607,4.909448597136168,<1,6.952218750773614,<1,Africa,TGO,Low income
Togo,2005,5844.631,35.185001373291016,9.614457952624727,5.288704515798729,<1,7.515049936052215,<1,Africa,TGO,Low income
Togo,2006,6010.668,35.64899826049805,10.29252028024648,5.676246228027043,<1,8.164511888704476,<1,Africa,TGO,Low income
Togo,2007,6188.344,36.11600112915039,10.99863694725061,6.060855539618023,<1,8.964308065682259,<1,Africa,TGO,Low income
Togo,2008,6368.812,36.58699798583984,11.73278065638729,6.456588279087012,<1,9.77448713652102,<1,Africa,TGO,Low income
Togo,2009,6551.865,37.05799865722656,12.49385591258903,6.862804616299251,<1,10.59414711826117,<1,Africa,TGO,Low income
Togo,2010,6732.59,37.53300094604492,13.28246770600481,7.279505114502059,<1,11.42435381033379,<1,Africa,TGO,Low income
Togo,2011,6916.474,38.03200149536133,14.10281732188212,7.707843263180759,<1,12.27074777473118,<1,Africa,TGO,Low income
Togo,2012,7100.736,38.545997619628906,14.95280067139747,8.146686377864114,<1,13.13147935328783,<1,Africa,TGO,Low income
Togo,2013,7285.442,39.06100082397461,15.82905830405093,8.59461933919338,<1,14.00285508427409,<1,Africa,TGO,Low income
Togo,2014,7472.45,39.57900238037109,16.73175610828777,9.051431295300086,<1,14.88551507435054,<1,Africa,TGO,Low income
Togo,2015,7663.195,40.09999847412109,17.66061589104175,9.516759973396804,<1,15.77955166141899,<1,Africa,TGO,Low income
Togo,2016,7858.289,40.62800216674805,18.61628792643386,9.99047717130244,<1,16.6863614337851,<1,Africa,TGO,Low income
Togo,2017,8057.14,41.1619987487793,19.59827052189295,10.47211377354124,<1,17.60581786791461,<1,Africa,TGO,Low income
Togo,2018,8258.778,41.70199966430664,20.60628408764519,10.96125772269056,<1,18.53810244657227,<1,Africa,TGO,Low income
Togo,2019,8463.068,42.24799728393555,21.64004391532267,11.45749054151721,<1,19.48339759642857,<1,Africa,TGO,Low income
Togo,2020,8669.72,42.79999923706055,22.69925617468846,11.9603846623903,<1,20.44188405252904,<1,Africa,TGO,Low income
Togo,2021,8878.379,43.358001708984375,23.78362122314266,12.46950605477939,<1,21.41374222881091,<1,Africa,TGO,Low income
Togo,2022,9089.738,43.92100143432617,24.89259108817832,12.98437666644017,<1,22.39876650855622,<1,Africa,TGO,Low income
Togo,2023,9304.337,44.4900016784668,25.02974621050847,13.00453995088515,<1,22.61888499807783,<1,Africa,TGO,Low income
Togo,2024,9515.236,45.06399917602539,25.16810566915687,13.02488008758315,<1,22.84093668448201,<1,Africa,TGO,Low income
Tokelau,2000,1.845,0.0,71.01022101662353,,-,-,-,Western Pacific,TKL,
Tokelau,2001,1.864,0.0,72.31351184634934,,-,-,-,Western Pacific,TKL,
Tokelau,2002,1.839,0.0,73.61680267607515,,-,-,-,Western Pacific,TKL,
Tokelau,2003,1.774,0.0,74.92009350580096,,-,-,-,Western Pacific,TKL,
Tokelau,2004,1.705,0.0,76.22338433552677,,-,-,-,Western Pacific,TKL,
Tokelau,2005,1.631,0.0,77.59732839869584,,-,-,-,Western Pacific,TKL,
Tokelau,2006,1.569,0.0,78.97364794645843,,-,-,-,Western Pacific,TKL,
Tokelau,2007,1.552,0.0,80.35234297881492,,-,-,-,Western Pacific,TKL,
Tokelau,2008,1.563,0.0,81.73341349576535,,-,-,-,Western Pacific,TKL,
Tokelau,2009,1.574,0.0,83.11685949730968,,-,-,-,Western Pacific,TKL,
Tokelau,2010,1.585,0.0,84.50268098344837,,-,-,-,Western Pacific,TKL,
Tokelau,2011,1.599,0.0,85.89087795418057,,-,-,-,Western Pacific,TKL,
Tokelau,2012,1.659,0.0,87.28145040950666,,-,-,-,Western Pacific,TKL,
Tokelau,2013,1.726,0.0,88.67439834942672,,-,-,-,Western Pacific,TKL,
Tokelau,2014,1.728,0.0,90.06972177394066,,-,-,-,Western Pacific,TKL,
Tokelau,2015,1.698,0.0,91.46742068304896,,-,-,-,Western Pacific,TKL,
Tokelau,2016,1.677,0.0,92.86749507675076,,-,-,-,Western Pacific,TKL,
Tokelau,2017,1.742,0.0,94.26994495504648,,-,-,-,Western Pacific,TKL,
Tokelau,2018,1.878,0.0,95.26468774335105,,-,-,-,Western Pacific,TKL,
Tokelau,2019,2.014,0.0,96.49843414422467,,-,-,-,Western Pacific,TKL,
Tokelau,2020,2.128,0.0,96.58519114038867,,-,-,-,Western Pacific,TKL,
Tokelau,2021,2.205,0.0,96.67194813655269,,-,-,-,Western Pacific,TKL,
Tokelau,2022,2.29,0.0,96.75870513271668,,-,-,-,Western Pacific,TKL,
Tokelau,2023,2.397,0.0,96.84546212888064,,-,-,-,Western Pacific,TKL,
Tokelau,2024,2.506,0.0,96.93221912504468,,-,-,-,Western Pacific,TKL,
Tonga,2000,102.677,23.012001037597656,89.19180922323784,38.4001006969286,<1,70.9040088503091,<1,Western Pacific,TON,Upper middle income
Tonga,2001,103.288,23.041000366210938,89.19483945560712,38.39729973771882,<1,70.90973010521834,<1,Western Pacific,TON,Upper middle income
Tonga,2002,103.874,23.069000244140625,89.19776726935977,38.39459616358859,<1,70.91525579686437,<1,Western Pacific,TON,Upper middle income
Tonga,2003,104.464,23.097999572753903,89.20079407445502,38.39179399726736,<1,70.92097411064464,<1,Western Pacific,TON,Upper middle income
Tonga,2004,105.071,23.12700080871582,89.20382465067169,38.38899298353849,<1,70.92669580232015,<1,Western Pacific,TON,Upper middle income
Tonga,2005,105.671,23.154998779296875,89.65515574151483,38.7864174037956,<1,70.93221604385175,<1,Western Pacific,TON,Upper middle income
Tonga,2006,106.253,23.18400001525879,90.10631317472256,39.18350213637071,<1,70.93793433409694,<1,Western Pacific,TON,Upper middle income
Tonga,2007,106.726,23.227001190185547,90.55845737506102,39.57881824062355,<1,70.94641763234932,<1,Western Pacific,TON,Upper middle income
Tonga,2008,107.02,23.2810001373291,91.01112521126132,39.97252665077136,<1,70.95707038146335,<1,Western Pacific,TON,Upper middle income
Tonga,2009,107.203,23.334999084472656,91.46326912637744,40.35495685264326,<1,70.96771903774813,<1,Western Pacific,TON,Upper middle income
Tonga,2010,107.4,23.388999938964844,91.91489577465398,40.65112947948258,<1,70.97836906006953,<1,Western Pacific,TON,Upper middle income
Tonga,2011,107.57,23.44300079345703,92.0921967178499,39.86208954842725,<1,72.63959930715383,<1,Western Pacific,TON,Upper middle income
Tonga,2012,107.46,23.434999465942383,92.26192222360947,39.08443156967812,<1,74.28873997504361,<1,Western Pacific,TON,Upper middle income
Tonga,2013,107.078,23.381999969482425,92.42582209009488,38.31615624109289,<1,75.93031123735302,1.043402578887445,Western Pacific,TON,Upper middle income
Tonga,2014,106.609,23.328001022338867,92.58706893540696,37.55191582444011,<1,77.57263266895126,1.30109844020022,Western Pacific,TON,Upper middle income
Tonga,2015,106.095,23.274999618530277,92.74579561113168,36.79147224280088,<1,79.21604740282332,1.558884521727256,Western Pacific,TON,Upper middle income
Tonga,2016,105.524,23.222000122070312,92.90192052951684,36.03494593720319,<1,80.86037515612342,1.816765212751061,Western Pacific,TON,Upper middle income
Tonga,2017,105.356,23.16900062561035,93.05544249103552,35.28234066914724,1.007000902196915,82.50561984171983,2.074740548213439,Western Pacific,TON,Upper middle income
Tonga,2018,105.567,23.130998611450195,93.20709109255768,34.53178610644838,1.128609514233662,84.15370612332418,2.332675457159131,Western Pacific,TON,Upper middle income
Tonga,2019,105.669,23.10700035095215,93.35666185406174,33.78338188113712,1.249392847637457,85.80411734496325,2.59053943818688,Western Pacific,TON,Upper middle income
Tonga,2020,105.704,23.0989990234375,93.50410887370252,33.03685586788309,1.369324032725131,87.45671797685375,2.84827352316734,Western Pacific,TON,Upper middle income
Tonga,2021,105.49,23.10400009155273,93.64915542462504,32.29255929325931,1.488400645640278,89.11078082507629,3.105869747453235,Western Pacific,TON,Upper middle income
Tonga,2022,105.042,23.125,93.79179234157772,31.7377896108678,1.483512504777881,90.6476126961448,3.105624116420828,Western Pacific,TON,Upper middle income
Tonga,2023,104.597,23.15999984741211,93.93180988107812,31.25210841170035,1.47855104792336,92.09332489960246,3.105214895404214,Western Pacific,TON,Upper middle income
Tonga,2024,104.175,23.209999084472656,93.933454352263,31.24622286599361,1.478283342129491,92.09684895721011,3.104629984249222,Western Pacific,TON,Upper middle income
Trinidad and Tobago,2005,1352.034,54.96699905395508,94.37565178631256,36.97998822744928,16.78668323037133,70.969957394785,17.7476224863629,Americas,TTO,High income
Trinidad and Tobago,2006,1358.698,54.77899932861328,94.38056737993294,36.95781814608544,16.73486473705467,71.01047140278452,17.69273710652573,Americas,TTO,High income
Trinidad and Tobago,2007,1365.377,54.59000015258789,94.38551025715648,36.93552996717468,16.68276946634955,71.0512027085069,17.63755856783331,Americas,TTO,High income
Trinidad and Tobago,2008,1372.084,54.402000427246094,94.3904280017838,36.9133601931017,16.63095018449715,71.09171915234792,17.58267235208587,Americas,TTO,High income
Trinidad and Tobago,2009,1379.056,54.21299743652344,94.39536873181092,36.89107108019561,16.5788543292822,71.13244898494155,17.52749319503714,Americas,TTO,High income
Trinidad and Tobago,2010,1386.654,54.025001525878906,94.38523716048954,36.9489179408489,17.01645799215257,71.23562805352974,17.97163264247523,Americas,TTO,High income
Trinidad and Tobago,2011,1394.983,53.83599853515625,94.37408520584306,37.00540340624786,17.45390733950588,71.34031377157602,18.41569660339947,Americas,TTO,High income
Trinidad and Tobago,2012,1403.809,53.67100143432617,94.36147439990758,37.06377208586057,17.89806044978894,71.44086503086238,18.86694323416495,Americas,TTO,High income
Trinidad and Tobago,2013,1412.653,53.53000259399414,94.34763287780775,37.1243239283413,18.34888553187615,71.53704106102593,19.32533033248373,Americas,TTO,High income
Trinidad and Tobago,2014,1421.131,53.41299819946289,94.3327824248919,37.18735729117083,18.80635340945571,71.62859555002318,19.79081576313438,Americas,TTO,High income
Trinidad and Tobago,2015,1429.188,53.31900024414063,94.317158860963,37.25303193000552,19.27016766764498,71.71552091311703,20.26307314829007,Americas,TTO,High income
Trinidad and Tobago,2016,1437.026,53.25000381469727,94.3009655351862,37.32192786411886,19.74085089540526,71.79710336091934,20.74263659716601,Americas,TTO,High income
Trinidad and Tobago,2017,1445.261,53.20500183105469,94.28443446724684,37.39420545757811,20.21810727392275,71.8733292915443,21.2291746677795,Americas,TTO,High income
Trinidad and Tobago,2018,1470.518,53.18400192260742,94.26779306974954,37.47016778833439,20.7019211338912,71.94395533985669,21.72264867204965,Americas,TTO,High income
Trinidad and Tobago,2019,1484.894,53.1870002746582,94.25125972639896,37.55011289938604,21.19227420265001,72.00873422852301,22.22301450028365,Americas,TTO,High income
Trinidad and Tobago,2020,1481.024,53.2140007019043,94.23506214117548,37.63434457031642,21.68915581912891,72.06742320689366,22.73023334874028,Americas,TTO,High income
Trinidad and Tobago,2021,1487.717,53.26499938964844,94.21942076860084,37.72316247878923,22.19255360233348,72.11977660885144,23.24426192890691,Americas,TTO,High income
Trinidad and Tobago,2022,1495.921,53.34000015258789,94.204562265161,37.81687072960582,22.70246189834335,72.16555103993996,23.76506131910223,Americas,TTO,High income
Trinidad and Tobago,2023,1502.932,53.438995361328125,94.1907029265778,37.91576823190353,23.21887286179349,72.20449752554227,24.29258762839742,Americas,TTO,High income
Trinidad and Tobago,2024,1507.782,53.56199645996094,94.17806816979592,38.02015899182312,23.74178517124382,72.23637240268145,24.8268011143588,Americas,TTO,High income
Tunisia,2000,9764.935,63.43200302124024,77.6805623507761,49.22766012458521,35.1450271362269,30.09069782959868,47.69411968203262,Eastern Mediterranean,TUN,Lower middle income
Tunisia,2001,9869.677,63.81800079345703,78.30129330340239,49.99974326979673,35.67596215515945,29.31282747982909,48.43811405062716,Eastern Mediterranean,TUN,Lower middle income
Tunisia,2002,9971.515,64.20199584960938,79.23817594553734,50.95085072127966,36.25495486572962,28.53449094496645,49.18158170250385,Eastern Mediterranean,TUN,Lower middle income
Tunisia,2003,10071.632,64.58499908447266,80.17311493025564,52.23455570182833,37.16228988615768,27.75549270339951,49.92522068591646,Eastern Mediterranean,TUN,Lower middle income
Tunisia,2004,10166.163,64.95000457763672,81.09953864240892,53.52538031978807,38.07435360305779,26.97928579786945,50.65714237187659,Eastern Mediterranean,TUN,Lower middle income
Tunisia,2005,10255.472,65.23699951171875,81.99687969795309,54.8046730417106,38.95833279882602,26.21817308239238,51.33528788062183,Eastern Mediterranean,TUN,Lower middle income
Tunisia,2006,10346.41,65.52400207519531,82.8949793127084,56.0978637867488,39.8555924794628,25.45641586392923,52.01408801816164,Eastern Mediterranean,TUN,Lower middle income
Tunisia,2007,10441.702,65.80899810791016,83.79293286692916,57.4041673207871,40.76505696404168,24.694425181101,52.69212487922403,Eastern Mediterranean,TUN,Lower middle income
Tunisia,2008,10542.635,66.0929946899414,84.69089935798765,58.72374635365734,41.68729566044352,23.93200212025441,53.37010060290268,Eastern Mediterranean,TUN,Lower middle income
Tunisia,2009,10650.681,66.3759994506836,85.58868318092732,60.25486591938073,42.82075275426737,23.16914891434628,54.04801764580161,Eastern Mediterranean,TUN,Lower middle income
Tunisia,2010,10765.98,66.65699768066406,86.48581770577617,61.80749619304459,43.9752709705085,22.40607986669796,54.72515810130772,Eastern Mediterranean,TUN,Lower middle income
Tunisia,2011,10886.035,66.93800354003906,87.38265422385206,63.38222101581925,45.15219717439541,21.64237896396788,55.40293208571645,Eastern Mediterranean,TUN,Lower middle income
Tunisia,2012,11009.647,67.21800231933594,88.2787188281284,64.97878259589503,46.35115929235473,20.87825902175181,56.08063182499566,Eastern Mediterranean,TUN,Lower middle income
Tunisia,2013,11141.361,67.49500274658203,89.17340652755239,66.59669460108086,47.57114859111081,20.11414818755157,56.75683909808816,Eastern Mediterranean,TUN,Lower middle income
Tunisia,2014,11274.288,67.77200317382812,90.0672030566408,68.23676775394861,48.81413831779751,19.34941555698945,57.43366774357066,Eastern Mediterranean,TUN,Lower middle income
Tunisia,2015,11402.264,68.05599975585938,90.9610365626904,69.90069233391279,50.08469637215972,18.5825538415051,58.11610019344356,Eastern Mediterranean,TUN,Lower middle income
Tunisia,2016,11528.674,68.34600067138672,91.85409142930833,71.58807236810955,51.38259426202453,17.81375554721674,58.80344870863942,Eastern Mediterranean,TUN,Lower middle income
Tunisia,2017,11650.498,68.64200592041016,92.74574401600734,72.81385702112564,52.70820380273808,17.04299924255604,59.49573244744782,Eastern Mediterranean,TUN,Lower middle income
Tunisia,2018,11765.514,68.94499969482422,93.63547351426676,74.02975100930625,54.06254064492595,16.27004865350932,60.19368366306303,Eastern Mediterranean,TUN,Lower middle income
Tunisia,2019,11875.081,69.25399780273438,94.52249406326806,75.23609035025451,55.44534767364295,15.49510000259033,60.8966134997633,Eastern Mediterranean,TUN,Lower middle income
Tunisia,2020,11974.057,69.56800079345703,95.40608136732034,76.43325909325975,56.85632871818,14.71835072112867,61.60382573438875,Eastern Mediterranean,TUN,Lower middle income
Tunisia,2021,12048.622,69.88800048828125,96.2856817943005,77.6222561293337,58.29649251589372,13.93956443236363,62.31605136779699,Eastern Mediterranean,TUN,Lower middle income
Tunisia,2022,12119.334,70.21399688720703,97.1606271679566,78.80393112402287,59.76620395465033,13.15872198568939,63.03331250023373,Eastern Mediterranean,TUN,Lower middle income
Tunisia,2023,12200.431,70.54399871826172,97.98491561328736,79.48645493621213,60.80294497949894,12.37624811829948,63.75419407127733,Eastern Mediterranean,TUN,Lower middle income
Tunisia,2024,12277.109,70.8800048828125,98.53734092548927,79.78551702193037,61.61039281084393,11.5916806971318,64.4801461969457,Eastern Mediterranean,TUN,Lower middle income
Türkiye,2000,65425.961,64.74099731445312,86.53260558441954,44.23167635082264,30.86525502538123,-,71.60598769445991,Europe,TUR,Upper middle income
Türkiye,2001,66245.128,65.34000396728516,86.6924044195484,44.21858679381432,31.0320492871517,-,71.9880319411116,Europe,TUR,Upper middle income
Türkiye,2002,67048.795,65.9739990234375,87.48768840907879,44.69267616606101,31.23743097555526,-,72.3923938106369,Europe,TUR,Upper middle income
Türkiye,2003,67831.73,66.60199737548828,88.26702913860271,45.15492183517239,31.44140571748572,-,72.79293430428666,Europe,TUR,Upper middle income
Türkiye,2004,68592.617,67.2249984741211,89.03081567180155,46.70223447188949,32.65046010311958,-,73.19028167430261,Europe,TUR,Upper middle income
Türkiye,2005,69329.557,67.83999633789062,89.77853169151363,48.2697536880361,33.88611280058808,-,73.58252726948442,Europe,TUR,Upper middle income
Türkiye,2006,70045.349,68.44999694824219,90.51103152753176,49.85744851317908,35.14938351139538,-,73.97157992585755,Europe,TUR,Upper middle income
Türkiye,2007,70750.586,69.0530014038086,91.22807372485332,51.18486410033895,36.84578995586363,-,75.19515057545497,Europe,TUR,Upper middle income
Türkiye,2008,71562.338,69.6510009765625,91.93022078484144,52.55504696237215,38.58399251154144,-,76.39265701468344,Europe,TUR,Upper middle income
Türkiye,2009,72464.848,70.24099731445312,92.6170977664848,53.96810468177092,40.36295902829489,-,77.56263532654044,Europe,TUR,Upper middle income
Türkiye,2010,73346.769,70.82499694824219,93.28927823912184,55.42389421443975,42.18319184827565,-,78.70668433274724,Europe,TUR,Upper middle income
Türkiye,2011,74215.203,71.4020004272461,93.94678939562256,56.92239095739114,44.04424941622975,-,79.82459994175036,Europe,TUR,Upper middle income
Türkiye,2012,75197.198,71.9739990234375,94.59010032646734,58.46342514449893,45.94658999407451,-,80.91782383965264,Europe,TUR,Upper middle income
Türkiye,2013,76403.031,72.531005859375,95.21818623516826,60.04732580217562,47.88705340224852,-,81.98160942077722,Europe,TUR,Upper middle income
Türkiye,2014,78036.154,73.07699584960938,95.83199191533382,61.67382137435262,49.86673161864209,-,83.0187567694302,Europe,TUR,Upper middle income
Türkiye,2015,80014.226,73.61100006103516,96.43179085055694,63.34284530018233,51.88520933731539,-,84.02942760127507,Europe,TUR,Upper middle income
Türkiye,2016,81652.088,74.13399505615234,97.01807443845426,65.05425376925264,53.94267596636086,-,85.01476067629096,Europe,TUR,Upper middle income
Türkiye,2017,83083.662,74.64399719238281,97.59109004867568,66.8080407473976,56.03845626905414,-,85.97453238120642,Europe,TUR,Upper middle income
Türkiye,2018,84415.969,75.14299774169922,98.15139699364552,68.60402879840817,58.17304237648744,-,86.91030363512287,Europe,TUR,Upper middle income
Türkiye,2019,85357.672,75.62999725341797,98.69933049920104,70.44217773780606,60.34607419120964,-,87.8223131203365,Europe,TUR,Upper middle income
Türkiye,2020,86091.692,76.10499572753906,99.0,72.31916609662066,62.55434388235647,-,88.71125824989832,Europe,TUR,Upper middle income
Türkiye,2021,86686.253,76.56900024414062,99.0,73.91899627638722,64.24687394963169,-,88.88294699630104,Europe,TUR,Upper middle income
Türkiye,2022,87058.473,77.0219955444336,99.0,75.54316245705104,65.96190634906762,-,89.05056553072018,Europe,TUR,Upper middle income
Türkiye,2023,87270.501,77.46299743652344,99.0,77.19165712441499,67.69904993856991,-,89.2137553634507,Europe,TUR,Upper middle income
Türkiye,2024,87473.805,77.89299774169922,99.0,78.86435907443892,69.45844230953904,-,89.37286036767229,Europe,TUR,Upper middle income
Turkmenistan,2000,4582.677,45.91299819946289,93.31876658745632,,-,<1,22.42729957366491,Europe,TKM,Upper middle income
Turkmenistan,2001,4675.409,46.137001037597656,93.30986986478185,,-,<1,22.53451767172082,Europe,TKM,Upper middle income
Turkmenistan,2002,4769.465,46.36199951171875,93.30095825652208,,-,<1,22.64221384933656,Europe,TKM,Upper middle income
Turkmenistan,2003,4863.865,46.58699798583984,93.29210173230844,,-,<1,22.74990745037658,Europe,TKM,Upper middle income
Turkmenistan,2004,4958.093,46.8120002746582,93.28329750694402,,-,<1,22.85760303677709,Europe,TKM,Upper middle income
Turkmenistan,2005,5052.257,47.05199813842773,93.66035560523154,,-,<1,23.14336786805003,Europe,TKM,Upper middle income
Turkmenistan,2006,5147.105,47.30800247192383,94.03851209897034,,-,<1,23.43868271784104,Europe,TKM,Upper middle income
Turkmenistan,2007,5244.046,47.580997467041016,94.41790273419645,,-,<1,23.74421541031,Europe,TKM,Upper middle income
Turkmenistan,2008,5345.029,47.86800003051758,94.78888811718572,,-,1.038373135363215,24.05867758150681,Europe,TKM,Upper middle income
Turkmenistan,2009,5451.592,48.172000885009766,95.15824619134492,,-,1.11998175362955,24.38370989574482,Europe,TKM,Upper middle income
Turkmenistan,2010,5564.356,48.49100112915039,95.52912465440188,,-,1.201728585802807,24.71850444161801,Europe,TKM,Upper middle income
Turkmenistan,2011,5683.417,48.82499694824219,95.90167988843604,,-,1.28360630023416,25.06322339429183,Europe,TKM,Upper middle income
Turkmenistan,2012,5808.546,49.17499923706055,96.27602866146438,,-,1.365623238752121,25.41854663361681,Europe,TKM,Upper middle income
Turkmenistan,2013,5939.341,49.54100036621094,96.65232784276331,,-,1.447771521257886,25.78464672971168,Europe,TKM,Upper middle income
Turkmenistan,2014,6075.283,49.92100143432617,97.0307986182985,,-,1.530013402478714,26.16067204428537,Europe,TKM,Upper middle income
Turkmenistan,2015,6215.77,50.31700134277344,97.41153576838352,,-,1.612372003508803,26.547817027944,Europe,TKM,Upper middle income
Turkmenistan,2016,6360.041,50.72800064086914,97.79471787411684,,-,1.694824761031816,26.94573283573991,Europe,TKM,Upper middle income
Turkmenistan,2017,6507.061,51.15299987792969,98.18051410945569,,-,1.777350009693406,27.35406340670148,Europe,TKM,Upper middle income
Turkmenistan,2018,6655.524,51.59299850463867,98.56904776325572,,-,1.859955346517974,27.77349190548439,Europe,TKM,Upper middle income
Turkmenistan,2019,6803.944,52.047996520996094,98.960474453072,,-,1.942633643874508,28.2041853617226,Europe,TKM,Upper middle income
Turkmenistan,2020,6949.912,52.5160026550293,99.0,,-,2.025349469728594,28.64523690369768,Europe,TKM,Upper middle income
Turkmenistan,2021,7092.043,52.99800109863281,99.0,,-,2.108110353939666,29.09732623350682,Europe,TKM,Upper middle income
Turkmenistan,2022,7230.193,53.49399948120117,99.0,,-,2.115026943660448,29.56061480853372,Europe,TKM,Upper middle income
Turkmenistan,2023,7364.438,54.00299835205078,99.0,,-,2.122124754667596,30.03470617823102,Europe,TKM,Upper middle income
Turkmenistan,2024,7494.498,54.52399826049805,99.0,,-,2.129389888645482,30.51919036339173,Europe,TKM,Upper middle income
Turks and Caicos Islands,2015,36.605,,,,-,-,-,Americas,TCA,High income
Turks and Caicos Islands,2016,38.315,92.51699829101562,93.1209288772918,34.11371642189221,<1,90.5397305908243,<1,Americas,TCA,High income
Turks and Caicos Islands,2017,39.913,92.81700134277344,93.12589209180432,34.08207731186859,<1,90.55753402569258,<1,Americas,TCA,High income
Turks and Caicos Islands,2018,41.559,93.0979995727539,93.13053091934728,34.05243858808995,<1,90.57420003826773,<1,Americas,TCA,High income
Turks and Caicos Islands,2019,43.166,93.36000061035156,93.13486425361756,34.02480708407477,<1,90.5897470326542,<1,Americas,TCA,High income
Turks and Caicos Islands,2020,44.386,93.6050033569336,93.13891426470713,33.99896755585593,<1,90.60428320596515,<1,Americas,TCA,High income
Turks and Caicos Islands,2021,45.243,93.83399963378906,93.14269509952764,33.97481367129366,<1,90.61786556852134,<1,Americas,TCA,High income
Turks and Caicos Islands,2022,45.847,94.0469970703125,93.14621394298808,33.95234854336854,<1,90.63050091954707,<1,Americas,TCA,High income
Turks and Caicos Islands,2023,46.198,94.24700164794922,93.14952329671792,33.93125577747414,<1,90.64237049244802,<1,Americas,TCA,High income
Turks and Caicos Islands,2024,46.535,94.43299865722656,93.15259979915336,33.91163980343254,<1,90.65340774616803,<1,Americas,TCA,High income
Tuvalu,2000,9.544,46.01800155639648,78.93624254077564,41.35132978729145,<1,72.82480150075423,<1,Western Pacific,TUV,Upper middle income
Tuvalu,2001,9.586,46.42900085449219,79.36574287979525,41.70012389683086,<1,72.91653396061763,<1,Western Pacific,TUV,Upper middle income
Tuvalu,2002,9.623,46.84099960327149,79.79240340812696,42.04564776838693,<1,73.00849165552404,<1,Western Pacific,TUV,Upper middle income
Tuvalu,2003,9.695,47.65599822998047,80.23169985143642,42.33893220777068,<1,73.19039825536775,<1,Western Pacific,TUV,Upper middle income
Tuvalu,2004,9.816,48.67799758911133,80.6725239368512,42.59995897931316,<1,73.4185047546685,<1,Western Pacific,TUV,Upper middle income
Tuvalu,2005,9.94,49.69900131225586,81.10614536386063,42.85327313737957,<1,73.64638954947551,<1,Western Pacific,TUV,Upper middle income
Tuvalu,2006,10.056,50.72100067138672,81.60221360446182,43.13254342555042,<1,73.87449855316699,<1,Western Pacific,TUV,Upper middle income
Tuvalu,2007,10.182,51.74300003051758,82.09296976345748,43.40491046264143,<1,74.10260231251208,<1,Western Pacific,TUV,Upper middle income
Tuvalu,2008,10.321,52.76499938964844,82.57842811706158,43.67037999982745,<1,74.3307126442131,<1,Western Pacific,TUV,Upper middle income
Tuvalu,2009,10.461,53.78199768066406,83.05847677833529,43.92966299708361,<1,74.5577032015756,<1,Western Pacific,TUV,Upper middle income
Tuvalu,2010,10.614,54.795997619628906,83.53319823498568,44.18251931944774,<1,74.78402435284062,<1,Western Pacific,TUV,Upper middle income
Tuvalu,2011,10.78,55.80699920654297,84.0026188953189,43.7265432183503,<1,76.52005695380072,<1,Western Pacific,TUV,Upper middle income
Tuvalu,2012,10.934,56.81499862670898,84.46676796793909,43.28421028543622,<1,78.21431198932973,<1,Western Pacific,TUV,Upper middle income
Tuvalu,2013,11.001,57.814002990722656,84.92561401276276,42.85623500225017,<1,79.86599726180579,<1,Western Pacific,TUV,Upper middle income
Tuvalu,2014,10.984,58.7859992980957,85.37913573619493,42.444626544726,<1,81.4731170581341,<1,Western Pacific,TUV,Upper middle income
Tuvalu,2015,10.963,59.72999954223633,85.82755417178156,42.048962093054,<1,83.03719641538476,<1,Western Pacific,TUV,Upper middle income
Tuvalu,2016,10.93,60.64500045776367,86.27111779881432,41.66880129125831,<1,84.55985457232167,<1,Western Pacific,TUV,Upper middle income
Tuvalu,2017,10.869,61.52999877929688,86.71007622575428,41.30367112041891,<1,86.04278247224887,<1,Western Pacific,TUV,Upper middle income
Tuvalu,2018,10.751,62.387001037597656,87.14467730885252,40.95278958562436,<1,87.48793820965493,<1,Western Pacific,TUV,Upper middle income
Tuvalu,2019,10.581,63.21500015258789,87.5751591368596,40.61568500541328,<1,88.89698342327661,<1,Western Pacific,TUV,Upper middle income
Tuvalu,2020,10.399,64.01399993896484,88.00178574003927,40.29178776327101,<1,90.27170816522501,<1,Western Pacific,TUV,Upper middle income
Tuvalu,2021,10.194,64.78499603271484,88.42478063994301,39.98044346624512,<1,91.6138737568512,<1,Western Pacific,TUV,Upper middle income
Tuvalu,2022,9.992,65.5270004272461,88.8444072299231,39.68116380882537,<1,92.92522116717353,<1,Western Pacific,TUV,Upper middle income
Tuvalu,2023,9.816,66.24100494384766,89.26089010524214,39.65964685835893,<1,93.65919918363531,<1,Western Pacific,TUV,Upper middle income
Tuvalu,2024,9.646,66.9280014038086,89.67445138950698,39.70521930779856,<1,94.25044499067202,<1,Western Pacific,TUV,Upper middle income
Uganda,2000,24000.15,14.78600025177002,14.71166336135242,12.67461217159495,<1,1.224756040275242,<1,Africa,UGA,Low income
Uganda,2001,24745.676,15.20099925994873,15.10441043662126,13.00895736453989,<1,1.252888409503945,<1,Africa,UGA,Low income
Uganda,2002,25532.87,15.625999450683594,15.49665294469538,13.34209191982833,<1,1.281698746378872,<1,Africa,UGA,Low income
Uganda,2003,26352.124,16.06100082397461,15.88834729089152,13.67396602687526,<1,1.311187002819342,<1,Africa,UGA,Low income
Uganda,2004,27154.515,16.506999969482422,16.27959812319015,14.0046188740955,<1,1.34142087293642,<1,Africa,UGA,Low income
Uganda,2005,27963.289,16.959999084472656,16.66976989992995,14.33364621114008,<1,1.372129364118338,<1,Africa,UGA,Low income
Uganda,2006,28794.003,17.42500114440918,17.05956002454117,14.66144246703477,<1,1.403651291098615,<1,Africa,UGA,Low income
Uganda,2007,29653.43,17.89900016784668,17.44848276860492,14.98769465131211,<1,1.4357833135074,<1,Africa,UGA,Low income
Uganda,2008,30539.553,18.38400077819824,17.83678661963459,15.31836838413787,<1,1.468661045024195,<1,Africa,UGA,Low income
Uganda,2009,31451.151,18.87800025939941,18.22413877339226,15.64766487871848,<1,1.502148761554753,<1,Africa,UGA,Low income
Uganda,2010,32390.802,19.382999420166016,18.61078117455221,15.97571292624869,<1,1.536382245387571,<1,Africa,UGA,Low income
Uganda,2011,33354.543,19.89800071716309,18.99652853149382,16.3023948762872,<1,1.571293679639301,<1,Africa,UGA,Low income
Uganda,2012,34337.438,20.423999786376957,19.38147185880745,16.62774992058203,<1,1.606950624765863,<1,Africa,UGA,Low income
Uganda,2013,35337.042,20.95800018310547,19.76516047751226,16.95151545159238,<1,1.643150076244838,<1,Africa,UGA,Low income
Uganda,2014,36395.539,21.503999710083008,20.1480923027985,17.27268995780745,<1,1.705294735827311,<1,Africa,UGA,Low income
Uganda,2015,37531.446,22.059999465942383,20.52995184974036,17.59234363053611,<1,1.767899848695901,<1,Africa,UGA,Low income
Uganda,2016,38799.152,22.623998641967773,20.91043426287651,17.91030020418496,<1,1.830825241083302,<1,Africa,UGA,Low income
Uganda,2017,40177.388,23.19599914550781,21.28950473361642,18.22653369447048,<1,1.894066103249016,<1,Africa,UGA,Low income
Uganda,2018,41565.831,23.77400016784668,21.66687209055519,18.54088209062439,<1,1.957484047448598,<1,Africa,UGA,Low income
Uganda,2019,42999.637,24.36100006103516,22.04289144525723,18.85352925205534,<1,2.021275591610807,<1,Africa,UGA,Low income
Uganda,2020,44457.152,24.95400047302246,22.41714661066883,19.16424876098849,<1,2.085236026285878,<1,Africa,UGA,Low income
Uganda,2021,45910.93,25.55299949645996,22.789614286416,19.47302655657051,<1,2.149361893101374,<1,Africa,UGA,Low income
Uganda,2022,47312.719,26.15900039672852,23.16038961615067,19.77181237491131,<1,2.213715677223889,<1,Africa,UGA,Low income
Uganda,2023,48656.601,26.770999908447266,23.52932223400786,20.06823335865376,<1,2.278227456036437,<1,Africa,UGA,Low income
Uganda,2024,50015.092,27.38899803161621,23.89638663023697,20.36226116917856,<1,2.342893705833359,<1,Africa,UGA,Low income
Ukraine,2000,49556.66,67.14500427246094,94.39660349384724,87.61345494986831,56.61592760727848,3.493495915248196,62.05623116624248,Europe,UKR,Upper middle income
Ukraine,2001,49106.855,67.18299865722656,94.51756834096952,87.7293966884823,56.63935833457472,3.493911075624464,62.08167351910674,Europe,UKR,Upper middle income
Ukraine,2002,48677.281,67.28299713134766,94.64313718789032,87.98242668749144,55.83478048786119,3.274680102672592,61.1915440390643,Europe,UKR,Upper middle income
Ukraine,2003,48315.136,67.42699432373047,94.771552584454,88.23742741506884,55.05787991182391,3.054960336401801,60.33155968301427,Europe,UKR,Upper middle income
Ukraine,2004,47979.507,67.59700012207031,94.9541705931486,88.5428520712293,54.30572197977162,2.834292975022078,59.4898662510193,Europe,UKR,Upper middle income
Ukraine,2005,47585.556,67.79000091552734,95.1373679572065,88.84902026278377,53.5673324743783,2.612422805563106,58.66460017889651,Europe,UKR,Upper middle income
Ukraine,2006,47278.694,67.96900177001953,95.31853579363138,89.15425532743187,52.8197023238602,2.389335952834648,57.8307104816468,Europe,UKR,Upper middle income
Ukraine,2007,47062.798,68.1469955444336,95.49860976985958,89.45915609684572,52.07093843802365,2.165053522731227,56.99699365788451,Europe,UKR,Upper middle income
Ukraine,2008,46819.175,68.32500457763672,95.6776417950995,89.76375082972847,51.32168053538718,1.939572673835341,56.16412575160646,Europe,UKR,Upper middle income
Ukraine,2009,46623.731,68.50200653076172,95.85558103436466,90.06800477055795,50.5713182700997,1.712909548789509,55.33142051940463,Europe,UKR,Upper middle income
Ukraine,2010,46456.003,68.59600067138672,96.02846156546468,90.36919843419189,49.76794023878173,1.486662232760694,54.44219307300568,Europe,UKR,Upper middle income
Ukraine,2011,46307.853,68.68900299072266,96.2008848286648,90.67039850257989,48.96316813688235,1.25980480899113,53.55272700644669,Europe,UKR,Upper middle income
Ukraine,2012,46210.056,68.7820053100586,96.37289071619996,90.9716285998446,48.15763298623018,1.032321303530934,52.66370017273407,Europe,UKR,Upper middle income
Ukraine,2013,46126.77,68.875,96.54448536674472,91.23621056041732,47.3513513944262,<1,51.77512008401209,Europe,UKR,Upper middle income
Ukraine,2014,45972.38,68.9679946899414,96.71565935306272,91.42975841607424,46.54432555310041,<1,50.88697849511601,Europe,UKR,Upper middle income
Ukraine,2015,45784.896,69.06099700927734,96.83420629722951,91.54348620977562,46.60395031972234,<1,50.95213751254509,Europe,UKR,Upper middle income
Ukraine,2016,45616.832,69.15399932861328,96.95234582461563,91.65682005819647,46.66357654466216,<1,51.01729812361027,Europe,UKR,Upper middle income
Ukraine,2017,45436.041,69.24600219726562,97.07005430140065,91.76974661914946,46.72256163578474,<1,51.08175809280446,Europe,UKR,Upper middle income
Ukraine,2018,45208.907,69.35199737548828,97.18769905573537,91.8824781598657,46.79052254230657,<1,51.15602699368674,Europe,UKR,Upper middle income
Ukraine,2019,44957.458,69.4729995727539,97.30521930991684,91.99494625680984,46.86810014231921,<1,51.24080519146705,Europe,UKR,Upper middle income
Ukraine,2020,44680.014,69.60800170898438,97.3954990991366,92.08094768261134,46.9546547859179,<1,51.3353936624512,Europe,UKR,Upper middle income
Ukraine,2021,44298.64,69.75700378417969,97.47909473498184,92.1603539567698,47.05018538420261,<1,51.4397912193343,Europe,UKR,Upper middle income
Ukraine,2022,41048.766,69.91899871826172,97.5620782552435,92.23904459390302,47.15404647013908,<1,51.55329248198288,Europe,UKR,Upper middle income
Ukraine,2023,37732.836,70.09500122070312,97.64436483716516,92.31692781737992,47.26688743376495,<1,51.67660711720971,Europe,UKR,Upper middle income
Ukraine,2024,37860.221,70.28399658203125,97.72582644780104,92.39388960278058,47.38805763952548,<1,51.80902409719641,Europe,UKR,Upper middle income
United Arab Emirates,2000,3493.575,80.23600006103516,99.0,98.44769123604512,92.01208146900731,1.393005918936242,92.63862031324967,Eastern Mediterranean,ARE,High income
United Arab Emirates,2001,3723.59,80.65499877929688,99.0,98.44742936614207,92.04388740331319,1.385591678829452,92.67360382092946,Eastern Mediterranean,ARE,High income
United Arab Emirates,2002,3956.826,81.06700134277344,99.0,98.44716394284367,92.07515409103854,1.378301301372456,92.70799489875161,Eastern Mediterranean,ARE,High income
United Arab Emirates,2003,4192.457,81.47200012207031,99.0,98.4469066026206,92.10589273295899,1.371134876075759,92.74180485378554,Eastern Mediterranean,ARE,High income
United Arab Emirates,2004,4428.967,81.87100219726562,99.0,98.44665360458,92.13617727704461,1.364074443874883,92.77511529221557,Eastern Mediterranean,ARE,High income
United Arab Emirates,2005,4664.79,82.26200103759766,99.0,98.44640016262387,92.16584855844795,1.357155703759564,92.80775167423347,Eastern Mediterranean,ARE,High income
United Arab Emirates,2006,5009.1,82.64799499511719,99.0,98.44615759826064,92.1951479471517,1.350325454611084,92.83997833474618,Eastern Mediterranean,ARE,High income
United Arab Emirates,2007,5624.635,83.02300262451172,99.0,98.44591662930738,92.22360766544793,1.343689715505307,92.87128189671688,Eastern Mediterranean,ARE,High income
United Arab Emirates,2008,6302.664,83.38700103759766,99.0,98.4456871401332,92.25123642538237,1.337248747961346,92.9016710829038,Eastern Mediterranean,ARE,High income
United Arab Emirates,2009,6707.058,83.74199676513672,99.0,98.44545934526973,92.27817833313793,1.330966979672757,92.93130513890938,Eastern Mediterranean,ARE,High income
United Arab Emirates,2010,6938.363,84.08700561523438,99.0,98.44523477671156,92.30435858471577,1.324862059034359,92.96010170833604,Eastern Mediterranean,ARE,High income
United Arab Emirates,2011,7199.423,84.4229965209961,99.0,98.44551777573378,92.33034100365637,1.318916546483515,92.98815167586417,Eastern Mediterranean,ARE,High income
United Arab Emirates,2012,7497.118,84.7490005493164,99.0,98.44580574762584,92.35556346697236,1.313147920679235,93.0153656031937,Eastern Mediterranean,ARE,High income
United Arab Emirates,2013,7831.847,85.06600189208984,99.0,98.44610343826966,92.38010684584897,1.307538574635188,93.04183198487819,Eastern Mediterranean,ARE,High income
United Arab Emirates,2014,8236.874,85.375,99.0,98.4464013675885,92.40403806272423,1.302070851180951,93.06762520995845,Eastern Mediterranean,ARE,High income
United Arab Emirates,2015,8674.633,85.67399597167969,99.0,98.44671074565596,92.42721573057915,1.296780020358896,93.09258891270746,Eastern Mediterranean,ARE,High income
United Arab Emirates,2016,9030.873,85.96500396728516,99.0,98.44702061144648,92.44978191010486,1.291630711304913,93.1168801995753,Eastern Mediterranean,ARE,High income
United Arab Emirates,2017,9234.327,86.24800109863281,99.0,98.44733827445177,92.47174329578141,1.286623058053252,93.14050580779258,Eastern Mediterranean,ARE,High income
United Arab Emirates,2018,9346.87,86.52200317382812,99.0,98.44766035222769,92.49302089734506,1.281774543901566,93.1633792172305,Eastern Mediterranean,ARE,High income
United Arab Emirates,2019,9377.847,86.78900146484375,99.0,98.44798402617884,92.51376426914065,1.277049940547883,93.18566506439744,Eastern Mediterranean,ARE,High income
United Arab Emirates,2020,9448.524,87.0479965209961,99.0,98.44831624270492,92.53390391973407,1.272466913276929,93.20728637757263,Eastern Mediterranean,ARE,High income
United Arab Emirates,2021,9789.048,87.29900360107422,99.0,98.44865661756928,92.55343948407699,1.268025456913356,93.22824279865738,Eastern Mediterranean,ARE,High income
United Arab Emirates,2022,10242.086,87.54299926757812,99.0,98.44900049124016,92.57244266675552,1.263707919021026,93.24861355246826,Eastern Mediterranean,ARE,High income
United Arab Emirates,2023,10642.081,87.77899932861328,99.0,98.44934178487884,92.59083159582798,1.259531828248129,93.26830918534152,Eastern Mediterranean,ARE,High income
United Arab Emirates,2024,11027.129,88.00799560546875,99.0,98.4496998209727,92.60870107731496,1.25547971270862,93.28743224198236,Eastern Mediterranean,ARE,High income
United Kingdom,2000,59057.338,78.6510009765625,99.0,97.3126828790543,95.5667436806086,3.504343967565922,96.31981437313651,Europe,GBR,High income
United Kingdom,2001,59288.09,78.7509994506836,99.0,97.32003628436732,95.58189759980932,3.488690935759814,96.33552652987665,Europe,GBR,High income
United Kingdom,2002,59540.763,79.0469970703125,99.0,97.34181597315428,95.62676755574763,3.442356464660198,96.38204903682922,Europe,GBR,High income
United Kingdom,2003,59820.385,79.33899688720703,99.0,97.36329812628708,95.67102756391064,3.396648900549316,96.42793921159608,Europe,GBR,High income
United Kingdom,2004,60169.967,79.62899780273438,99.0,97.38463322575224,95.71498466521548,3.351254081851695,96.47351532481004,Europe,GBR,High income
United Kingdom,2005,60596.108,79.91500091552734,99.0,97.40567197549144,95.75833358782077,3.30648499996528,96.51846092229128,Europe,GBR,High income
United Kingdom,2006,61051.094,80.1989974975586,99.0,97.4265628662015,95.80137830896932,3.262029645225091,96.56309112555556,Europe,GBR,High income
United Kingdom,2007,61535.855,80.47900390625,99.0,97.45797693999266,95.85454500664387,3.218199481617996,96.60709907067965,Europe,GBR,High income
United Kingdom,2008,62027.306,80.75699615478516,99.0,97.48924933566794,95.90741577244036,3.174683720192423,96.65079043440689,Europe,GBR,High income
United Kingdom,2009,62506.226,81.03099822998047,99.0,97.52023442429204,95.95969015063764,3.13179294187799,96.6938538917214,Europe,GBR,High income
United Kingdom,2010,63006.483,81.302001953125,99.0,97.5510034943398,96.01151643521352,3.089372552022296,96.7364433758204,Europe,GBR,High income
United Kingdom,2011,63509.285,81.56999969482422,99.0,97.58155705723172,96.06289570550413,3.047421332444881,96.77856016269692,Europe,GBR,High income
United Kingdom,2012,63960.484,81.83699798583984,99.0,97.6120443756126,96.11413293781241,3.005626843865587,96.8205203413142,Europe,GBR,High income
United Kingdom,2013,64389.388,82.10199737548828,99.0,97.63758018718332,96.16030182593651,2.964145001098169,96.8621697912009,Europe,GBR,High income
United Kingdom,2014,64865.916,82.36499786376953,99.0,97.65695099952322,96.20019589716675,2.922976750235027,96.9035029016789,Europe,GBR,High income
United Kingdom,2015,65382.11,82.6259994506836,99.0,97.67617299066868,96.23978501897213,2.882121681890383,96.9445201035385,Europe,GBR,High income
United Kingdom,2016,65893.358,82.88600158691406,99.0,97.69532111254456,96.27922244953959,2.841422719077547,96.98538015408606,Europe,GBR,High income
United Kingdom,2017,66354.471,83.14300537109375,99.0,97.714248817599,96.31820553550854,2.801192999357471,97.02576946065956,Europe,GBR,High income
United Kingdom,2018,66752.475,83.39800262451172,99.0,97.7330314127628,96.3568872719379,2.761276685685632,97.06584648172782,Europe,GBR,High income
United Kingdom,2019,67110.958,83.6520004272461,99.0,97.75173953281184,96.39541639880316,2.721517104358413,97.10576540871877,Europe,GBR,High income
United Kingdom,2020,67351.861,83.90299987792969,99.0,97.77022665961996,96.43349051286302,2.682226950239231,97.14521291310929,Europe,GBR,High income
United Kingdom,2021,67668.792,84.1520004272461,99.0,97.78856816524451,96.47126271091,2.643250312852378,97.18434755791732,Europe,GBR,High income
United Kingdom,2022,68179.315,84.39800262451172,99.0,97.80668570381528,96.50857700164664,2.604742943561803,97.22300786638533,Europe,GBR,High income
United Kingdom,2023,68682.962,84.64199829101562,99.0,97.82465581199727,96.54558760789881,2.56654900927941,97.26135353462793,Europe,GBR,High income
United Kingdom,2024,69138.192,84.88400268554688,99.0,97.84247743043088,96.58229385460672,2.528667739114236,97.29938390296539,Europe,GBR,High income
United Republic of Tanzania,2000,34260.139,22.30900001525879,3.446461841276307,2.923578826177893,<1,<1,<1,Africa,TZA,Lower middle income
United Republic of Tanzania,2001,35198.299,22.673999786376957,4.732904136034056,4.145268137708823,<1,<1,<1,Africa,TZA,Lower middle income
United Republic of Tanzania,2002,36121.304,23.04400062561035,6.02169752992319,5.367612536188362,<1,<1,<1,Africa,TZA,Lower middle income
United Republic of Tanzania,2003,37089.555,23.61100006103516,7.342047024564296,6.614067498368367,<1,<1,<1,Africa,TZA,Lower middle income
United Republic of Tanzania,2004,38109.668,24.222999572753903,8.689901451123765,7.878625466600431,<1,<1,<1,Africa,TZA,Lower middle income
United Republic of Tanzania,2005,39182.076,24.84499931335449,10.04078753009452,9.142228416340853,<1,<1,<1,Africa,TZA,Lower middle income
United Republic of Tanzania,2006,40294.902,25.477998733520508,11.39558381031869,10.40558475413086,<1,<1,<1,Africa,TZA,Lower middle income
United Republic of Tanzania,2007,41435.512,26.121000289916992,12.75487040631143,11.66917120947791,<1,<1,<1,Africa,TZA,Lower middle income
United Republic of Tanzania,2008,42570.728,26.7760009765625,14.11974916987623,12.93386845279697,<1,<1,<1,Africa,TZA,Lower middle income
United Republic of Tanzania,2009,43633.982,27.439001083374023,15.49030542619214,14.1343989240333,<1,<1,<1,Africa,TZA,Lower middle income
United Republic of Tanzania,2010,44758.488,28.11400032043457,16.86804096134966,15.21349756053159,<1,<1,<1,Africa,TZA,Lower middle income
United Republic of Tanzania,2011,46029.367,28.797998428344727,18.25322824245893,16.31777790704781,<1,1.665483196741715,<1,Africa,TZA,Lower middle income
United Republic of Tanzania,2012,47374.26,29.49300193786621,19.64707334821552,17.29179759697159,<1,2.729342807366876,<1,Africa,TZA,Lower middle income
United Republic of Tanzania,2013,48824.128,30.19599914550781,21.04983296817403,18.17171036194202,<1,4.053905307591706,<1,Africa,TZA,Lower middle income
United Republic of Tanzania,2014,50351.512,30.904001235961918,22.46169498202225,19.05814403155414,<1,5.402713326428719,<1,Africa,TZA,Lower middle income
United Republic of Tanzania,2015,52020.962,31.617000579833984,23.88343639135709,19.95197125536136,<1,6.776019545821768,1.068006298102558,Africa,TZA,Lower middle income
United Republic of Tanzania,2016,53824.013,32.33300018310547,25.31538586212256,20.85380237880538,<1,8.173785275037481,1.14870925718437,Africa,TZA,Lower middle income
United Republic of Tanzania,2017,55652.89,33.05299758911133,26.75852713224338,21.76467135345768,<1,9.596325288135361,1.23059688608984,Africa,TZA,Lower middle income
United Republic of Tanzania,2018,57437.145,33.7760009765625,28.21339272514192,22.68534713988476,<1,11.04366267664527,1.313650492566687,Africa,TZA,Lower middle income
United Republic of Tanzania,2019,59174.891,34.5,29.68023574924419,23.6164485665611,<1,12.51555638111167,1.397819768740091,Africa,TZA,Lower middle income
United Republic of Tanzania,2020,60972.798,35.22700119018555,31.16028998736962,24.55919817748514,<1,14.0124830841514,1.483165511829813,Africa,TZA,Lower middle income
United Republic of Tanzania,2021,62830.412,35.95399856567383,32.65351084797983,25.51406434001528,<1,15.53390422604595,1.569604380919321,Africa,TZA,Lower middle income
United Republic of Tanzania,2022,64711.821,36.68199920654297,34.16086878636969,26.48213476992785,<1,17.08006869346477,1.657167426015471,Africa,TZA,Lower middle income
United Republic of Tanzania,2023,66617.606,37.40900039672852,35.6824982712263,27.46400997623147,<1,18.65049803674681,1.745793646943015,Africa,TZA,Lower middle income
United Republic of Tanzania,2024,68560.157,38.1359977722168,37.21936145703454,28.46079257689881,<1,20.24542469149721,1.835513325268041,Africa,TZA,Lower middle income
United States Virgin Islands,2000,108.579,92.58599853515624,99.0,,-,44.44936314893107,53.4557487401878,Americas,VIR,High income
United States Virgin Islands,2001,108.525,92.81399536132812,99.0,,-,45.09024115413126,52.86802018798971,Americas,VIR,High income
United States Virgin Islands,2002,108.418,93.03600311279295,99.0,,-,45.73111915933123,52.28029163579163,Americas,VIR,High income
United States Virgin Islands,2003,108.17,93.2509994506836,99.0,,-,46.37199716453142,51.69256308359354,Americas,VIR,High income
United States Virgin Islands,2004,107.835,93.46099853515624,99.0,,-,47.01287516973139,51.10483453139545,Americas,VIR,High income
United States Virgin Islands,2005,107.606,93.66400146484376,99.0,,-,47.65375317493158,50.51710597919737,Americas,VIR,High income
United States Virgin Islands,2006,107.45,93.86100006103516,99.0,,-,48.29463118013155,49.92937742699928,Americas,VIR,High income
United States Virgin Islands,2007,107.229,94.0530014038086,99.0,,-,48.93550918533174,49.34164887480119,Americas,VIR,High income
United States Virgin Islands,2008,106.96,94.23900604248048,99.0,,-,49.5763871905317,48.75392032260334,Americas,VIR,High income
United States Virgin Islands,2009,106.759,94.41900634765624,99.0,,-,50.2172651957319,48.16619177040525,Americas,VIR,High income
United States Virgin Islands,2010,106.311,94.59400177001952,99.0,,-,50.85814320093186,47.57846321820716,Americas,VIR,High income
United States Virgin Islands,2011,105.391,94.76100158691406,99.0,,-,51.49902120613183,46.99073466600908,Americas,VIR,High income
United States Virgin Islands,2012,104.298,94.91899871826172,99.0,,-,52.13989921133202,46.40300611381099,Americas,VIR,High income
United States Virgin Islands,2013,103.157,95.06999969482422,99.0,,-,52.78077721653199,45.8152775616129,Americas,VIR,High income
United States Virgin Islands,2014,101.999,95.21300506591795,99.0,,-,53.42165522173218,45.22754900941482,Americas,VIR,High income
United States Virgin Islands,2015,100.248,95.3499984741211,99.0,,-,54.06253322693215,44.63982045721696,Americas,VIR,High income
United States Virgin Islands,2016,97.787,95.4800033569336,99.0,,-,54.70341123213234,44.05209190501887,Americas,VIR,High income
United States Virgin Islands,2017,95.118,95.6030044555664,99.0,,-,55.3442892373323,43.46436335282078,Americas,VIR,High income
United States Virgin Islands,2018,92.302,95.72100067138672,99.0,,-,55.9851672425325,42.8766348006227,Americas,VIR,High income
United States Virgin Islands,2019,89.373,95.83200073242188,99.0,,-,56.62604524773246,42.28890624842461,Americas,VIR,High income
United States Virgin Islands,2020,87.707,95.93899536132812,99.0,,-,57.26692325293243,41.70117769622652,Americas,VIR,High income
United States Virgin Islands,2021,87.223,96.04000091552734,99.0,,-,57.90780125813262,41.11344914402844,Americas,VIR,High income
United States Virgin Islands,2022,86.507,96.13600158691406,99.0,,-,58.54867926333259,40.52572059183058,Americas,VIR,High income
United States Virgin Islands,2023,85.701,96.2270050048828,99.0,,-,58.54867926333259,40.52572059183058,Americas,VIR,High income
United States Virgin Islands,2024,84.905,96.31400299072266,99.0,,-,58.54867926333259,40.52572059183058,Americas,VIR,High income
United States of America,2000,281484.131,79.05699920654297,99.0,96.6668983878009,75.54094644595726,21.64311262762813,78.22961816785589,Americas,USA,High income
United States of America,2001,284279.639,79.23400115966797,99.0,96.6943756677636,75.6810593529165,21.52412975198106,78.34831464654911,Americas,USA,High income
United States of America,2002,287084.338,79.40899658203125,99.0,96.72190972563573,75.81995753634895,21.40648874543371,78.46567399753656,Americas,USA,High income
United States of America,2003,289908.1,79.58300018310547,99.0,96.7494886806174,75.95828472376233,21.28951760701559,78.58236356602463,Americas,USA,High income
United States of America,2004,292786.253,79.75699615478516,99.0,96.77710803787122,76.0966875458423,21.17254937308923,78.6990528010268,Americas,USA,High income
United States of America,2005,295716.664,79.9280014038086,99.0,96.80478686142187,76.23321785800282,21.05759775456009,78.81372752758955,Americas,USA,High income
United States of America,2006,298730.209,80.0989990234375,99.0,96.83250634970544,76.36982665129756,20.94264572220466,78.92840621833707,Americas,USA,High income
United States of America,2007,301844.226,80.26900482177734,99.0,96.86026605178074,76.50585993279628,20.82836204481369,79.0424131647794,Americas,USA,High income
United States of America,2008,304970.333,80.43800354003906,99.0,96.88807430546169,76.64131627047465,20.71475638432992,79.15574756498818,Americas,USA,High income
United States of America,2009,308023.454,80.60600280761719,99.0,96.91592744765224,76.7762007535471,20.60181944891833,79.26841535173043,Americas,USA,High income
United States of America,2010,311062.79,80.77200317382812,99.0,96.93648104988397,77.3153605121157,20.07077777736747,79.79975908287913,Americas,USA,High income
United States of America,2011,314105.078,80.94400024414062,99.0,96.93499074546564,77.85560594216395,19.51612253888768,80.33188118660293,Americas,USA,High income
United States of America,2012,317115.355,81.11900329589844,99.0,96.9342199576858,78.39490599280096,18.96321600856294,80.86268620506037,Americas,USA,High income
United States of America,2013,320110.759,81.29900360107422,99.0,96.93416706901344,78.9343992610926,18.41089128625082,81.39334994878206,Americas,USA,High income
United States of America,2014,323115.377,81.48300170898438,99.0,96.9348584587854,79.47334803701867,17.85992936397001,81.92311246146133,Americas,USA,High income
United States of America,2015,326126.497,81.6709976196289,99.0,96.93631495431696,80.01164726748986,17.31045837136881,82.45186675974044,Americas,USA,High income
United States of America,2016,329179.427,81.86199951171875,99.0,96.9385336178756,80.54858601575326,16.76320181325352,82.97888174695267,Americas,USA,High income
United States of America,2017,332204.66,82.05799865722656,99.0,96.94154061802428,81.08523913338306,16.21708637910411,83.50526662958627,Americas,USA,High income
United States of America,2018,335056.497,82.2560043334961,99.0,96.94533711314644,81.61976325459734,15.67399796088056,84.02912435137648,Americas,USA,High income
United States of America,2019,337790.067,82.45899963378906,99.0,96.94995390049438,82.15378587381875,15.13230269870233,84.55213311020982,Americas,USA,High income
United States of America,2020,339436.159,82.66400146484375,99.0,96.95538109777752,82.68550675913212,14.59383098430114,85.0724415826208,Americas,USA,High income
United States of America,2021,340161.441,82.87300109863281,99.0,96.96165033649427,83.21596184531153,14.05755482513825,85.59111856344653,Americas,USA,High income
United States of America,2022,341534.046,83.08399963378906,99.0,96.96874210727891,83.7439621031517,13.52466956179501,86.1069431661918,Americas,USA,High income
United States of America,2023,343477.335,83.2979965209961,99.0,96.97667827734097,84.26997594476356,12.99471763024305,86.62040018452632,Americas,USA,High income
United States of America,2024,345426.571,83.51499938964844,99.0,97.00947001410128,84.41185304375237,12.88100860283041,86.73726487323049,Americas,USA,High income
Uruguay,2000,3266.206,92.02799987792967,93.4676984029791,,-,42.5703009607907,54.60997022095552,Americas,URY,High income
Uruguay,2001,3274.251,92.3030014038086,93.4893466298161,,-,42.43630724384397,54.7692659980402,Americas,URY,High income
Uruguay,2002,3278.867,92.56900024414062,93.51028629368074,,-,42.30670187374383,54.92334522146918,Americas,URY,High income
Uruguay,2003,3281.186,92.8280029296875,93.5306773335471,,-,42.18050717445802,55.07337226255807,Americas,URY,High income
Uruguay,2004,3283.148,93.0780029296875,93.55035478967136,,-,42.05869552104572,55.218182889311,Americas,URY,High income
Uruguay,2005,3285.771,93.31900024414062,93.68434917956974,,-,41.66364177100816,55.75462348731783,Americas,URY,High income
Uruguay,2006,3289.506,93.5530014038086,93.98975851529764,,-,41.26820967944813,56.28825125886956,Americas,URY,High income
Uruguay,2007,3295.153,93.77899932861328,94.29284392530946,,-,40.87307938555863,56.81841123125821,Americas,URY,High income
Uruguay,2008,3302.177,93.99799346923828,94.59378318028789,,-,40.47000287584224,57.34564307038259,Americas,URY,High income
Uruguay,2009,3310.091,94.20899963378906,94.89260457475652,,-,39.79628406431731,57.8692935344524,Americas,URY,High income
Uruguay,2010,3318.58,94.41400146484376,95.18951017006076,,-,39.08800648925793,58.3904892654045,Americas,URY,High income
Uruguay,2011,3326.825,94.61199951171876,95.48453794325587,,-,38.38222163465089,58.9085848285871,Americas,URY,High income
Uruguay,2012,3335.401,94.73899841308594,95.77518674612688,,-,37.7128827850722,59.38509757949572,Americas,URY,High income
Uruguay,2013,3345.337,94.84300231933594,96.06417646249784,,-,37.05505081168069,59.84841091848295,Americas,URY,High income
Uruguay,2014,3356.334,94.94499969482422,96.35248557830796,,-,36.39768211244859,60.31106764884738,Americas,URY,High income
Uruguay,2015,3368.017,95.04499816894533,96.64013283005752,,-,35.74079563344675,60.7730442430475,Americas,URY,High income
Uruguay,2016,3379.283,95.1439971923828,96.92716587763644,,-,35.0838670354714,61.23493796910455,Americas,URY,High income
Uruguay,2017,3388.438,95.24000549316406,97.2135571051318,,-,34.4279867712948,61.69551576112502,Americas,URY,High income
Uruguay,2018,3394.534,95.33399963378906,97.49936716184888,,-,33.77264645410876,62.15536609575454,Americas,URY,High income
Uruguay,2019,3397.206,95.4260025024414,97.78462008357904,,-,33.11785639510105,62.61447966442751,Americas,URY,High income
Uruguay,2020,3398.968,95.51499938964844,98.0693333151527,,-,32.46418589143641,63.07221428834312,Americas,URY,High income
Uruguay,2021,3396.695,95.6030044555664,98.3535399904896,,-,31.81055126974359,63.52979124756021,Americas,URY,High income
Uruguay,2022,3390.913,95.68799591064452,98.63651210383064,,-,31.15808363362319,63.98595608154972,Americas,URY,High income
Uruguay,2023,3388.081,95.77100372314452,98.89338708361724,,-,30.50623582940641,64.44131291205464,Americas,URY,High income
Uruguay,2024,3386.588,95.85199737548828,99.0,,-,29.85503960295835,64.89584259035594,Americas,URY,High income
Uzbekistan,2000,24787.054,46.1259994506836,93.37661115698766,74.16726200506433,7.443137135066722,<1,15.30876558268436,Europe,UZB,Lower middle income
Uzbekistan,2001,25090.283,46.60600280761719,93.5376880221384,74.16789926923413,7.606797946299543,<1,15.64537700724503,Europe,UZB,Lower middle income
Uzbekistan,2002,25399.98,47.0880012512207,93.69570524251436,74.15045645095057,7.790342444585863,<1,16.0223877523828,Europe,UZB,Lower middle income
Uzbekistan,2003,25711.259,47.57099914550781,93.85058944848856,74.12574319319295,7.980014990952745,<1,16.41188570313284,Europe,UZB,Lower middle income
Uzbekistan,2004,26029.35,48.05400085449219,94.00228835014325,74.09751405520764,8.171066076656153,<1,16.80423036803399,Europe,UZB,Lower middle income
Uzbekistan,2005,26356.975,48.53700256347656,94.15081156211625,74.07087875981209,8.363496996462645,<1,17.19942441005488,Europe,UZB,Lower middle income
Uzbekistan,2006,26699.043,49.02099990844727,94.2961900036945,74.04085134438442,8.557477554934103,<1,17.59781713331718,Europe,UZB,Lower middle income
Uzbekistan,2007,27076.008,49.505001068115234,94.4383835544442,74.0075967993035,8.752840806103352,<1,17.99906513682162,Europe,UZB,Lower middle income
Uzbekistan,2008,27494.774,49.98899841308594,94.5773829040307,73.97110898585618,8.949584905169125,<1,18.40316462623634,Europe,UZB,Lower middle income
Uzbekistan,2009,27939.328,50.47199630737305,94.71317865140053,73.9315809590155,9.14753690504157,<1,18.80975979810922,Europe,UZB,Lower middle income
Uzbekistan,2010,28385.506,50.955997467041016,94.84581206213788,73.88864313298171,9.347044606910385,<1,19.21956616974982,Europe,UZB,Lower middle income
Uzbekistan,2011,28823.196,51.150001525878906,94.97018207306142,73.89720162722061,9.496436374379554,<1,19.52627388903499,Europe,UZB,Lower middle income
Uzbekistan,2012,29261.903,51.05000305175781,95.08910180786374,73.96093018799831,9.593754804118937,<1,19.72584627835039,Europe,UZB,Lower middle income
Uzbekistan,2013,29724.065,50.95000457763672,95.2086769326238,74.02532348255144,9.690787262423322,<1,19.92482813508947,Europe,UZB,Lower middle income
Uzbekistan,2014,30222.994,50.84999847412109,95.32890911171856,74.0903840072046,9.787532848150965,<1,20.12321760483297,Europe,UZB,Lower middle income
Uzbekistan,2015,30749.346,50.75,95.44979931168749,74.15610939009662,9.883994417592405,<1,20.32102056449998,Europe,UZB,Lower middle income
Uzbekistan,2016,31284.568,50.650001525878906,95.57135125005736,74.22250502033567,9.98017014629477,<1,20.51823325946497,Europe,UZB,Lower middle income
Uzbekistan,2017,31819.178,50.55000305175781,95.69355764862338,74.28956415721042,10.0760602448788,<1,20.71485612442758,Europe,UZB,Lower middle income
Uzbekistan,2018,32373.49,50.47800064086914,95.81627070178904,74.35135614980963,10.17691660352193,<1,20.92169659205758,Europe,UZB,Lower middle income
Uzbekistan,2019,32964.701,50.43299865722656,95.93922048247866,74.40781362801786,10.28267073811076,<1,21.13861458810847,Europe,UZB,Lower middle income
Uzbekistan,2020,33586.372,50.41600036621094,96.06211848811569,74.45844048132659,10.39362744469345,<1,21.36623818280887,Europe,UZB,Lower middle income
Uzbekistan,2021,34243.696,50.427001953125,96.18470333754183,74.5029677736936,10.50990880583403,<1,21.6048194600463,Europe,UZB,Lower middle income
Uzbekistan,2022,34938.955,50.46599960327149,96.30669347504,74.54111259443104,10.63163320450536,<1,21.85460289490093,Europe,UZB,Lower middle income
Uzbekistan,2023,35652.307,50.53200149536133,96.42782947039488,74.5728186267873,10.75872636365786,<1,22.11543645219453,Europe,UZB,Lower middle income
Uzbekistan,2024,36361.859,50.6259994506836,96.54782603246905,74.59759036513935,10.89149940122307,<1,22.38796124839473,Europe,UZB,Lower middle income
Vanuatu,2000,186.281,21.67300033569336,54.71098080467218,,-,16.56537808901099,-,Western Pacific,VUT,Lower middle income
Vanuatu,2001,191.031,21.953001022338867,54.76488295665506,,-,16.75543188037089,-,Western Pacific,VUT,Lower middle income
Vanuatu,2002,195.863,22.23500061035156,54.81917335363337,,-,16.94684322011828,-,Western Pacific,VUT,Lower middle income
Vanuatu,2003,200.746,22.520999908447266,54.87423267691239,,-,17.14097032159921,-,Western Pacific,VUT,Lower middle income
Vanuatu,2004,205.711,22.80900001525879,54.92967629213936,,-,17.33645496381319,-,Western Pacific,VUT,Lower middle income
Vanuatu,2005,210.76,23.0989990234375,54.62485641543386,,-,17.53329613742634,-,Western Pacific,VUT,Lower middle income
Vanuatu,2006,215.923,23.392000198364254,54.31560736321399,,-,18.20098963068564,-,Western Pacific,VUT,Lower middle income
Vanuatu,2007,221.276,23.687000274658203,54.00171526445899,,-,18.86813461182557,-,Western Pacific,VUT,Lower middle income
Vanuatu,2008,226.896,23.98500061035156,53.68330955862005,,-,19.53537708885312,-,Western Pacific,VUT,Lower middle income
Vanuatu,2009,232.731,24.286001205444336,53.36034094735606,,-,20.20269058249172,-,Western Pacific,VUT,Lower middle income
Vanuatu,2010,238.248,24.46199989318848,53.01408628704262,,-,20.7852307033582,-,Western Pacific,VUT,Lower middle income
Vanuatu,2011,243.474,24.56100082397461,52.65408631233592,,-,21.31586333353914,-,Western Pacific,VUT,Lower middle income
Vanuatu,2012,248.883,24.660999298095703,52.29230518367024,,-,21.84651195110176,-,Western Pacific,VUT,Lower middle income
Vanuatu,2013,254.482,24.76099967956543,51.92859863240038,,-,22.37651273527836,-,Western Pacific,VUT,Lower middle income
Vanuatu,2014,260.24,24.86100006103516,51.56297650418939,,-,22.90586697549366,-,Western Pacific,VUT,Lower middle income
Vanuatu,2015,266.101,24.961000442504883,51.19544578618027,,-,23.43457501477092,-,Western Pacific,VUT,Lower middle income
Vanuatu,2016,272.087,25.062000274658203,50.82610967315095,,-,23.96327906448635,-,Western Pacific,VUT,Lower middle income
Vanuatu,2017,278.507,25.163000106811523,50.45486047635265,,-,24.49132984450702,-,Western Pacific,VUT,Lower middle income
Vanuatu,2018,285.259,25.27400016784668,50.08255304569509,,-,25.02509344128103,-,Western Pacific,VUT,Lower middle income
Vanuatu,2019,291.985,25.393999099731445,49.70889025431035,,-,25.56384036273671,-,Western Pacific,VUT,Lower middle income
Vanuatu,2020,298.858,25.525001525878903,49.33381663286349,,-,26.10874607662618,-,Western Pacific,VUT,Lower middle income
Vanuatu,2021,305.868,25.665000915527344,48.95696580312505,,-,26.65844498185191,-,Western Pacific,VUT,Lower middle income
Vanuatu,2022,313.046,25.81599998474121,48.57825631637159,,-,27.21410098321209,-,Western Pacific,VUT,Lower middle income
Vanuatu,2023,320.409,25.97599983215332,48.19735585650304,,-,27.77436445222632,-,Western Pacific,VUT,Lower middle income
Vanuatu,2024,327.777,26.14699935913086,47.81415098281459,,-,28.34038386709984,-,Western Pacific,VUT,Lower middle income
Venezuela (Bolivarian Republic of),2000,24526.708,87.55900573730469,86.39915919396446,25.07834781958594,16.40488399472812,15.66026182433825,64.72954310656996,Americas,VEN,
Venezuela (Bolivarian Republic of),2001,24979.922,87.8499984741211,86.94445132054682,24.95493395713711,16.72070094506969,15.66026182433825,65.97567730096534,Americas,VEN,
Venezuela (Bolivarian Republic of),2002,25435.671,87.8759994506836,87.48974344712917,24.8315200946883,17.03651789541127,15.66026182433825,67.22181149536073,Americas,VEN,
Venezuela (Bolivarian Republic of),2003,25892.703,87.9020004272461,88.03503557371153,24.70810623223947,17.35233484575284,15.66026182433825,68.4679456897561,Americas,VEN,
Venezuela (Bolivarian Republic of),2004,26340.838,87.92799377441406,88.5803277002941,24.58469236979079,17.66815179609441,15.66026182433825,69.71407988415149,Americas,VEN,
Venezuela (Bolivarian Republic of),2005,26785.804,87.9540023803711,89.12561982687646,24.46127850734197,17.98396874643598,15.66026182433825,70.96021407854687,Americas,VEN,
Venezuela (Bolivarian Republic of),2006,27224.686,87.9800033569336,89.67091195345881,24.33786464489315,18.29978569677755,15.66026182433825,72.20634827294225,Americas,VEN,
Venezuela (Bolivarian Republic of),2007,27649.363,88.0060043334961,90.21620408004117,24.21445078244433,18.61560264711912,15.66026182433825,73.45248246733763,Americas,VEN,
Venezuela (Bolivarian Republic of),2008,28053.696,88.03099822998047,90.76149620662352,24.0910369199955,18.93141959746069,15.66026182433825,74.69861666173301,Americas,VEN,
Venezuela (Bolivarian Republic of),2009,28438.298,88.05699920654297,91.3067883332061,24.06107444157253,19.24723654780226,15.36203747707771,75.9447508561284,Americas,VEN,
Venezuela (Bolivarian Republic of),2010,28813.101,88.08300018310547,91.85208045978844,24.15727598551891,19.56305349814383,14.66119540926468,77.19088505052378,Americas,VEN,
Venezuela (Bolivarian Republic of),2011,29185.212,88.10799407958984,92.3973725863708,24.28286293249639,19.8788704484854,13.86657792304231,78.43701924491916,Americas,VEN,
Venezuela (Bolivarian Republic of),2012,29553.826,88.12300109863281,92.94266471295316,24.44048286997101,20.19468739882709,12.96973597239435,79.68315343931499,Americas,VEN,
Venezuela (Bolivarian Republic of),2013,29912.198,88.13300323486328,93.48795683953574,24.59810280744587,20.51050434916866,12.07289402174661,80.92928763371037,Americas,VEN,
Venezuela (Bolivarian Republic of),2014,30254.079,88.14399719238281,94.0332489661181,24.75572274492065,20.82632129951023,11.17605207109864,82.17542182810575,Americas,VEN,
Venezuela (Bolivarian Republic of),2015,30573.972,88.15399932861328,94.57854109270043,24.91334268239545,21.14213824985181,10.27921012045067,83.42155602250114,Americas,VEN,
Venezuela (Bolivarian Republic of),2016,30765.72,88.16499328613281,95.1238332192828,25.07096261987023,21.45795520019338,9.382368169802703,84.66769021689652,Americas,VEN,
Venezuela (Bolivarian Republic of),2017,30565.323,88.18299865722656,95.66912534586515,25.22858255734494,21.77377215053495,8.485526219154963,85.9138244112919,Americas,VEN,
Venezuela (Bolivarian Republic of),2018,29807.592,88.20800018310547,96.21441747244774,25.38620249481987,22.08958910087652,7.588684268506995,87.15995860568728,Americas,VEN,
Venezuela (Bolivarian Republic of),2019,28938.098,88.23999786376953,96.75970959903007,25.54382243229466,22.40540605121809,6.691842317859027,88.40609280008266,Americas,VEN,
Venezuela (Bolivarian Republic of),2020,28444.077,88.27899932861328,96.9860648116858,25.50155864936151,22.72122300155966,5.79500036721106,89.65222699447804,Americas,VEN,
Venezuela (Bolivarian Republic of),2021,28237.826,88.32499694824219,97.00235714511376,25.32764453689226,23.03703995190124,4.898158416563319,90.89836118887342,Americas,VEN,
Venezuela (Bolivarian Republic of),2022,28213.017,88.37799835205078,98.39558597877716,26.01668224471894,23.35285690224281,4.001316465915352,92.1444953832688,Americas,VEN,
Venezuela (Bolivarian Republic of),2023,28300.854,88.43799591064453,98.39558597877716,26.01668224471894,23.35285690224281,4.001316465915352,92.1444953832688,Americas,VEN,
Venezuela (Bolivarian Republic of),2024,28405.543,88.50499725341797,98.39558597877716,26.01668224471894,23.35285690224281,4.001316465915352,92.1444953832688,Americas,VEN,
Viet Nam,2000,77154.011,24.374000549316406,49.14891728187954,31.11904010618693,<1,20.94564730728692,<1,Western Pacific,VNM,Lower middle income
Viet Nam,2001,77969.361,24.937000274658203,51.11266637142287,32.53412712578537,<1,21.24819672943696,<1,Western Pacific,VNM,Lower middle income
Viet Nam,2002,78772.224,25.51099967956543,53.06431860282639,33.07399526927695,<1,24.39651339428941,<1,Western Pacific,VNM,Lower middle income
Viet Nam,2003,79563.777,26.09199905395508,55.00196944986008,33.60629697451471,<1,27.52866347363568,<1,Western Pacific,VNM,Lower middle income
Viet Nam,2004,80338.971,26.683000564575195,56.92634850388995,34.13111359604147,<1,30.64574866252133,1.040397182151258,Western Pacific,VNM,Lower middle income
Viet Nam,2005,81088.313,27.28100204467773,58.96632132465404,34.7245467296837,<1,33.74584379457301,1.170849122039194,Western Pacific,VNM,Lower middle income
Viet Nam,2006,82167.897,27.88800048828125,61.00031766114548,35.31230818279582,<1,36.82949341665469,1.30272369172795,Western Pacific,VNM,Lower middle income
Viet Nam,2007,83633.375,28.503999710083008,63.02785845174063,35.89415428951349,<1,39.89623688789371,1.436049159583622,Western Pacific,VNM,Lower middle income
Viet Nam,2008,85175.788,29.12800025939941,65.04816715361657,36.46978840350828,<1,42.94519042031626,1.570832081900631,Western Pacific,VNM,Lower middle income
Viet Nam,2009,86460.018,29.761999130249023,67.06134831204413,37.03906853431437,<1,45.97674449082449,1.70714262493244,Western Pacific,VNM,Lower middle income
Viet Nam,2010,87455.152,30.417001724243164,69.06972594119462,37.60209868432307,<1,48.99459796626238,1.84527149659541,Western Pacific,VNM,Lower middle income
Viet Nam,2011,88468.314,31.079998016357425,71.06910843616258,38.15802208575583,<1,51.99291324438342,1.984964254641923,Western Pacific,VNM,Lower middle income
Viet Nam,2012,89510.356,31.751998901367188,73.05926967607388,38.70662557621126,1.017391379305761,54.97162851506206,2.126271709878351,Western Pacific,VNM,Lower middle income
Viet Nam,2013,90573.104,32.42900085449219,75.03883833213379,39.2476046772617,1.088149821467454,57.92895558205427,2.269115208211256,Western Pacific,VNM,Lower middle income
Viet Nam,2014,91679.578,33.11499786376953,77.00828668450399,39.7808082457344,1.160016500487514,60.86589039201166,2.413621202830988,Western Pacific,VNM,Lower middle income
Viet Nam,2015,92823.254,33.80900192260742,78.9669212576084,40.30598176428887,1.23299678872097,63.78167696948125,2.559789306120268,Western Pacific,VNM,Lower middle income
Viet Nam,2016,94000.117,34.5099983215332,80.91409810822829,40.82289664531438,1.307093878208868,66.6756235270371,2.707614665388464,Western Pacific,VNM,Lower middle income
Viet Nam,2017,95176.977,35.2130012512207,82.84857830336416,41.33141314865595,1.382248559727919,69.5460507042121,2.856964660413185,Western Pacific,VNM,Lower middle income
Viet Nam,2018,96237.319,35.91899871826172,84.77029609746934,41.83140078464876,1.458484621198211,72.39310415773562,3.007877524171435,Western Pacific,VNM,Lower middle income
Viet Nam,2019,97173.776,36.62799835205078,86.67899325163837,42.32272862343262,1.535811935062841,75.2166314430271,3.160362764574399,Western Pacific,VNM,Lower middle income
Viet Nam,2020,98079.191,37.34000015258789,88.57440925688093,42.80526475839834,1.614240376458527,78.01647893993713,3.314429808969574,Western Pacific,VNM,Lower middle income
Viet Nam,2021,98935.098,38.05199813842773,90.45596683688407,43.27901069767453,1.69372786328074,80.79190325245521,3.469982555316308,Western Pacific,VNM,Lower middle income
Viet Nam,2022,99680.655,38.76599884033203,92.3237168322338,43.83386339323408,1.774315202363368,83.26787248434918,3.627093618495203,Western Pacific,VNM,Lower middle income
Viet Nam,2023,100352.192,39.47999954223633,94.08986344316772,44.39259022944189,1.85597373897941,85.48281380053827,3.785694624986379,Western Pacific,VNM,Lower middle income
Viet Nam,2024,100987.686,40.19499969482422,95.44702693442495,45.37440419292957,1.869121082846493,85.58303768249289,3.812253744749643,Western Pacific,VNM,Lower middle income
Wallis and Futuna Islands,2000,14.784,0.0,95.80510788073876,,-,77.69929,-,Western Pacific,WLF,
Wallis and Futuna Islands,2001,14.908,0.0,95.80510788073876,,-,77.69929,-,Western Pacific,WLF,
Wallis and Futuna Islands,2002,15.024,0.0,95.80510788073876,,-,77.69929,-,Western Pacific,WLF,
Wallis and Futuna Islands,2003,15.053,0.0,95.80510788073876,,-,77.69929,-,Western Pacific,WLF,
Wallis and Futuna Islands,2004,14.891,0.0,95.80510788073876,,-,77.69929,-,Western Pacific,WLF,
Wallis and Futuna Islands,2005,14.61,0.0,95.65347833143524,,-,77.69929,-,Western Pacific,WLF,
Wallis and Futuna Islands,2006,14.313,0.0,95.50182010297884,,-,77.69929,-,Western Pacific,WLF,
Wallis and Futuna Islands,2007,13.999,0.0,95.3501331872322,,-,77.69929,-,Western Pacific,WLF,
Wallis and Futuna Islands,2008,13.684,0.0,95.19841757605496,,-,77.69929,-,Western Pacific,WLF,
Wallis and Futuna Islands,2009,13.409,0.0,95.04461819809796,,-,77.69929,-,Western Pacific,WLF,
Wallis and Futuna Islands,2010,13.164,0.0,94.8838719085881,,-,77.69929,-,Western Pacific,WLF,
Wallis and Futuna Islands,2011,12.919,0.0,94.7231256190783,,-,77.69929,-,Western Pacific,WLF,
Wallis and Futuna Islands,2012,12.687,0.0,94.56237932956844,,-,77.69929,-,Western Pacific,WLF,
Wallis and Futuna Islands,2013,12.475,0.0,94.40163304005864,,-,77.69929,-,Western Pacific,WLF,
Wallis and Futuna Islands,2014,12.301,0.0,94.24088675054878,,-,77.69929,-,Western Pacific,WLF,
Wallis and Futuna Islands,2015,12.16,0.0,94.08014046103898,,-,77.69929,-,Western Pacific,WLF,
Wallis and Futuna Islands,2016,12.033,0.0,93.91939417152912,,-,77.69929,-,Western Pacific,WLF,
Wallis and Futuna Islands,2017,11.918,0.0,93.75864788201932,,-,77.69929,-,Western Pacific,WLF,
Wallis and Futuna Islands,2018,11.8,0.0,93.59790159250952,,-,77.69929,-,Western Pacific,WLF,
Wallis and Futuna Islands,2019,11.686,0.0,93.43715530299966,,-,77.69929,-,Western Pacific,WLF,
Wallis and Futuna Islands,2020,11.616,0.0,93.27640901348984,,-,77.69929,-,Western Pacific,WLF,
Wallis and Futuna Islands,2021,11.568,0.0,93.11566272398,,-,77.69929,-,Western Pacific,WLF,
Wallis and Futuna Islands,2022,11.478,0.0,92.9549164344702,,-,77.69929,-,Western Pacific,WLF,
Wallis and Futuna Islands,2023,11.37,0.0,92.9549164344702,,-,77.69929,-,Western Pacific,WLF,
Wallis and Futuna Islands,2024,11.277,0.0,92.9549164344702,,-,77.69929,-,Western Pacific,WLF,
Yemen,2000,19624.141,26.267000198364254,43.41852726505084,34.90898578468651,8.56718264222023,7.07931387497535,11.5718204311033,Eastern Mediterranean,YEM,Low income
Yemen,2001,20226.147,26.78700065612793,43.71668428614444,35.13149522354814,8.735065415242321,7.163604220144443,11.77087317488711,Eastern Mediterranean,YEM,Low income
Yemen,2002,20835.086,27.315000534057617,44.01942836549257,35.35742791881746,8.905530926739237,7.249191318511074,11.97298818942529,Eastern Mediterranean,YEM,Low income
Yemen,2003,21456.379,27.849000930786133,44.92497532753958,35.44363364138599,9.335598934207958,8.855653987698142,12.54948288503809,Eastern Mediterranean,YEM,Low income
Yemen,2004,22095.167,28.38999938964844,45.82732315120985,35.53546119684535,9.777753266691004,10.44032759550978,13.13990750866185,Eastern Mediterranean,YEM,Low income
Yemen,2005,22790.085,28.935998916625977,46.737084522042,35.64029737031351,10.21953648089269,12.00257025799288,13.7436534725821,Eastern Mediterranean,YEM,Low income
Yemen,2006,23543.083,29.489999771118164,47.64418647529944,35.74934221622853,10.67301960319774,13.54229775938557,14.36215149453782,Eastern Mediterranean,YEM,Low income
Yemen,2007,24318.082,30.05099868774414,48.54783425676517,35.86219567247564,11.13800544462759,15.05894388578305,14.99521467508433,Eastern Mediterranean,YEM,Low income
Yemen,2008,25111.941,30.619001388549805,49.44780010682611,35.97889712337344,11.61463890199183,16.55206417419243,15.64306234216197,Eastern Mediterranean,YEM,Low income
Yemen,2009,25927.724,31.194002151489254,50.34385212119754,36.09948397261523,12.10306243759601,18.02121389632132,16.30591200077348,Eastern Mediterranean,YEM,Low income
Yemen,2010,26754.387,31.775999069213867,51.23575585327799,36.22399306218102,12.60341746908085,19.46594795653415,16.98398093972406,Eastern Mediterranean,YEM,Low income
Yemen,2011,27582.897,32.36399841308594,52.12277894413917,36.35202445004047,13.11544685128167,20.88584984499611,17.67701429940178,Eastern Mediterranean,YEM,Low income
Yemen,2012,28433.647,32.95800018310547,53.00471225258438,36.48361350450345,13.63926477872506,22.28053931690573,18.38519849663121,Eastern Mediterranean,YEM,Low income
Yemen,2013,29312.952,33.55900192260742,53.88182142441131,36.61923388166959,14.17540098098059,23.64956150290035,19.10921451869167,Eastern Mediterranean,YEM,Low income
Yemen,2014,30226.309,34.165000915527344,54.75292318194985,36.75803946086343,14.72314304597534,24.99265806366843,19.84826836713942,Eastern Mediterranean,YEM,Low income
Yemen,2015,31159.379,34.777000427246094,55.61829964140833,36.90051060578749,15.28301451081282,26.3093987045558,20.60303558758347,Eastern Mediterranean,YEM,Low income
Yemen,2016,32109.01,35.39400100708008,56.47726729063055,37.61730401033968,15.85468035010158,26.23947818414073,21.37317067172232,Eastern Mediterranean,YEM,Low income
Yemen,2017,33090.921,36.01599884033203,57.3296474501288,38.32842528511428,16.43822912785003,26.16899385519283,22.15883340872195,Eastern Mediterranean,YEM,Low income
Yemen,2018,34085.182,36.641998291015625,58.17480034879009,39.03328356148457,17.03328381457294,26.09805518457932,22.95962803403927,Eastern Mediterranean,YEM,Low income
Yemen,2019,35111.408,37.27299880981445,59.01299620884949,39.7321564737999,17.64037307576988,26.02655069484129,23.77623978168133,Eastern Mediterranean,YEM,Low income
Yemen,2020,36134.863,37.90800094604492,59.84361907280032,40.42447324806226,18.25910622531679,25.95459197268999,24.60825745255681,Eastern Mediterranean,YEM,Low income
Yemen,2021,37140.23,38.545997619628906,60.66608329326112,41.10968865678255,18.88905178557507,25.88229392706607,25.4552201757546,Eastern Mediterranean,YEM,Low income
Yemen,2022,38222.876,39.1879997253418,61.48065813954301,41.78808086984302,19.53074147486423,25.80954215223026,26.31781856861733,Eastern Mediterranean,YEM,Low income
Yemen,2023,39390.799,39.83100128173828,62.28597469856919,42.45834661518003,20.18272132704655,25.73667568317928,27.19436690508244,Eastern Mediterranean,YEM,Low income
Yemen,2024,40583.164,40.47699737548828,63.08273076555768,43.1211742417875,20.84599847871997,25.66347146450827,28.08612517080227,Eastern Mediterranean,YEM,Low income
Zambia,2000,10017.631,34.801998138427734,21.04153840529289,,-,<1,13.18995057409957,Africa,ZMB,Lower middle income
Zambia,2001,10325.185,35.00199890136719,21.67868894192332,,-,<1,12.92356465919971,Africa,ZMB,Lower middle income
Zambia,2002,10647.949,35.47500228881836,22.41380495920896,,-,<1,12.74396867487658,Africa,ZMB,Lower middle income
Zambia,2003,10983.595,35.95100021362305,23.14438645622207,,-,<1,12.5572207794197,Africa,ZMB,Lower middle income
Zambia,2004,11338.198,36.43000030517578,23.87003573885164,,-,<1,12.36324504396195,Africa,ZMB,Lower middle income
Zambia,2005,11718.819,36.9109992980957,24.59002249772262,,-,1.272043415417615,12.16165738999992,Africa,ZMB,Lower middle income
Zambia,2006,12129.553,37.39500045776367,25.30429183746175,,-,1.691269297043037,11.95270503119917,Africa,ZMB,Lower middle income
Zambia,2007,12565.085,37.88100051879883,26.01213101754457,,-,2.119058498074662,11.73602262154554,Africa,ZMB,Lower middle income
Zambia,2008,13021.324,38.37099838256836,26.71374268579457,,-,2.555570782437558,11.51211588825169,Africa,ZMB,Lower middle income
Zambia,2009,13490.389,38.86100006103516,27.40755826327729,,-,3.000661557588473,11.27980080577823,Africa,ZMB,Lower middle income
Zambia,2010,13965.594,39.35499954223633,28.09433585589605,,-,3.454615656409922,11.04012481993249,Africa,ZMB,Lower middle income
Zambia,2011,14437.796,39.85100173950195,28.7731031923329,,-,3.917378086983997,10.79247800163459,Africa,ZMB,Lower middle income
Zambia,2012,14913.629,40.354000091552734,29.44468552044942,,-,4.389444463800789,10.53803105076115,Africa,ZMB,Lower middle income
Zambia,2013,15398.997,40.8650016784668,30.10873097692342,,-,4.871097009002757,10.27684285581754,Africa,ZMB,Lower middle income
Zambia,2014,15895.315,41.38199996948242,30.76417592743221,,-,5.362332625031813,10.0082500471554,Africa,ZMB,Lower middle income
Zambia,2015,16399.089,41.90700149536133,31.41086599624222,,-,5.863539027793522,9.732536877555981,Africa,ZMB,Lower middle income
Zambia,2016,16914.423,42.4379997253418,32.04777205833137,,-,6.374679162614392,9.449077101613316,Africa,ZMB,Lower middle income
Zambia,2017,17441.32,42.97600173950195,32.67449135008103,,-,6.896042665848778,9.157917397993591,Africa,ZMB,Lower middle income
Zambia,2018,17973.569,43.52099990844727,33.29039663805391,,-,7.427813007359813,8.858877156765406,Africa,ZMB,Lower middle income
Zambia,2019,18513.839,44.071998596191406,33.8947045843208,,-,7.970024836969375,8.551592687610245,Africa,ZMB,Lower middle income
Zambia,2020,19059.395,44.628997802734375,34.4868129715486,,-,8.522835797313874,8.235909495815772,Africa,ZMB,Lower middle income
Zambia,2021,19603.607,45.19200134277344,35.24420514586461,,-,8.612198343897765,8.335019839736866,Africa,ZMB,Lower middle income
Zambia,2022,20152.938,45.76100158691406,35.9950584575439,,-,8.702514579490112,8.435187771713407,Africa,ZMB,Lower middle income
Zambia,2023,20723.965,46.334999084472656,36.73913284578529,,-,8.793623176744532,8.5362345978643,Africa,ZMB,Lower middle income
Zambia,2024,21314.956,46.91399765014648,37.47633621891119,,-,8.885525695810907,8.638161897150095,Africa,ZMB,Lower middle income
Zimbabwe,2000,11892.055,33.757999420166016,44.5170067494269,30.91604915971669,7.012969772170429,<1,29.75768551209297,Africa,ZWE,Lower middle income
Zimbabwe,2001,11971.901,34.16999816894531,44.63278250716795,30.89292880598996,7.086318256855508,<1,30.07170326973326,Africa,ZWE,Lower middle income
Zimbabwe,2002,12087.653,34.584999084472656,44.82097154610333,30.92221904033673,7.127010291046391,<1,30.25276880484866,Africa,ZWE,Lower middle income
Zimbabwe,2003,12232.323,34.479000091552734,44.86259931056554,30.95195218684908,7.074914169322768,1.151113185290124,30.03661311335675,Africa,ZWE,Lower middle income
Zimbabwe,2004,12365.896,34.29399871826172,44.88168985549796,30.98657008566087,7.00867834222225,1.440001965002459,29.75996775072512,Africa,ZWE,Lower middle income
Zimbabwe,2005,12483.432,34.11000061035156,44.25558849523541,30.66678295959324,6.794940628351441,1.727523687547304,29.48386717105596,Africa,ZWE,Lower middle income
