country,year,population_thousands,%_urban,at_least_basic,safely_managed,surface_water,who_regions,iso3,income_groupings
Afghanistan,2000,20130.327,22.077999114990234,29.73096643393666,11.48305260307911,24.36910462420189,Eastern Mediterranean,AFG,Low income
Afghanistan,2001,20284.307,22.16900062561035,29.76292550708124,11.49520076029536,24.35064705878138,Eastern Mediterranean,AFG,Low income
Afghanistan,2002,21378.117,22.26099967956543,31.83607732790012,12.29810023299308,23.56018804148256,Eastern Mediterranean,AFG,Low income
Afghanistan,2003,22733.049,22.352998733520508,33.9086290770251,13.10074990342995,22.77056441012737,Eastern Mediterranean,AFG,Low income
Afghanistan,2004,23560.654,22.5,35.99935463422575,13.91026655465063,21.97137063264826,Eastern Mediterranean,AFG,Low income
Afghanistan,2005,24404.567,22.702999114990234,38.10805422468594,14.72655430806555,21.16317073324155,Eastern Mediterranean,AFG,Low income
Afghanistan,2006,25424.094,22.90699958801269,40.21576304074763,15.54241698098844,20.35663702890617,Eastern Mediterranean,AFG,Low income
Afghanistan,2007,25909.852,23.113000869750977,42.42949556312507,16.65024971846124,19.55160574098004,Eastern Mediterranean,AFG,Low income
Afghanistan,2008,26482.622,23.31999969482422,44.65379223885984,17.55429432708307,18.7482747574986,Eastern Mediterranean,AFG,Low income
Afghanistan,2009,27466.101,23.527999877929688,46.88858420886449,18.38979286792368,17.94665842187445,Eastern Mediterranean,AFG,Low income
Afghanistan,2010,28284.089,23.73699951171875,49.13379480476422,19.22472173508893,17.14677026166651,Eastern Mediterranean,AFG,Low income
Afghanistan,2011,29347.708,23.947999954223636,51.38967181843715,20.05919239348704,16.34846712199543,Eastern Mediterranean,AFG,Low income
Afghanistan,2012,30560.034,24.15999984741211,53.65580948302859,20.8930797693099,15.55192799263211,Eastern Mediterranean,AFG,Low income
Afghanistan,2013,31622.704,24.37299919128418,55.93213522235424,21.72638003930347,14.75716683375112,Eastern Mediterranean,AFG,Low income
Afghanistan,2014,32792.523,24.58699989318848,58.21857478498823,22.55908898120614,13.96419789289468,Eastern Mediterranean,AFG,Low income
Afghanistan,2015,33831.764,24.803001403808597,60.51534766862095,23.39130818088199,13.17289415785246,Eastern Mediterranean,AFG,Low income
Afghanistan,2016,34700.612,25.020000457763672,62.82207041345425,24.22292256157608,12.38341998402371,Eastern Mediterranean,AFG,Low income
Afghanistan,2017,35688.935,25.25,65.14213605803303,25.05517674318009,11.59422488107612,Eastern Mediterranean,AFG,Low income
Afghanistan,2018,36743.039,25.49499893188477,67.47586945958568,25.8882133846455,10.80523700660265,Eastern Mediterranean,AFG,Low income
Afghanistan,2019,37856.121,25.75399780273437,69.82269764806405,26.72185462468063,10.01678001114728,Eastern Mediterranean,AFG,Low income
Afghanistan,2020,39068.979,26.025999069213867,72.18207102059078,27.55593404615578,9.229162096307055,Eastern Mediterranean,AFG,Low income
Afghanistan,2021,40000.412,26.31399917602539,74.55452599613457,28.39068018523369,8.442224505875423,Eastern Mediterranean,AFG,Low income
Afghanistan,2022,40578.842,26.61600112915039,76.93920756465961,29.22582266740893,7.716578973168717,Eastern Mediterranean,AFG,Low income
Afghanistan,2023,41454.761,26.93299865722656,78.92656439172202,29.90744765380728,7.045412058363276,Eastern Mediterranean,AFG,Low income
Afghanistan,2024,42647.492,27.26499938964844,80.83243744938515,30.55472231111693,6.378463969578407,Eastern Mediterranean,AFG,Low income
Albania,2000,3166.148,41.740997314453125,86.39704248086949,49.13831996704469,<1,Europe,ALB,Upper middle income
Albania,2001,3147.943,42.43499755859375,86.90406989973275,49.08119867025127,<1,Europe,ALB,Upper middle income
Albania,2002,3134.092,43.5009994506836,87.45163615868813,48.98476580381229,<1,Europe,ALB,Upper middle income
Albania,2003,3118.088,44.573001861572266,87.98719111941755,48.88544262210235,<1,Europe,ALB,Upper middle income
Albania,2004,3098.657,45.6510009765625,88.51058211723254,50.71767846067262,<1,Europe,ALB,Upper middle income
Albania,2005,3076.159,46.73100280761719,89.0211900611453,52.57833498622978,<1,Europe,ALB,Upper middle income
Albania,2006,3050.809,47.81500244140625,89.51913478866403,54.46708246913183,<1,Europe,ALB,Upper middle income
Albania,2007,3022.887,48.902000427246094,90.00418963164857,56.38384292216583,<1,Europe,ALB,Upper middle income
Albania,2008,2992.93,49.99100112915039,90.47615250157696,58.32848067924651,<1,Europe,ALB,Upper middle income
Albania,2009,2961.479,51.07600021362305,90.93441319132674,60.3009074347169,<1,Europe,ALB,Upper middle income
Albania,2010,2928.722,52.16299819946289,91.37947950024366,62.30063014696389,<1,Europe,ALB,Upper middle income
Albania,2011,2911.504,53.24699783325195,91.81088393274209,64.32739936681207,<1,Europe,ALB,Upper middle income
Albania,2012,2910.004,54.32999801635742,92.22877969802988,66.38085285313976,<1,Europe,ALB,Upper middle income
Albania,2013,2907.573,55.387001037597656,92.63159471407162,68.45983182597989,<1,Europe,ALB,Upper middle income
Albania,2014,2903.749,56.42300415039063,93.02005323209082,70.56325735427441,<1,Europe,ALB,Upper middle income
Albania,2015,2898.632,57.43399810791016,93.3943279564504,70.59197290295307,<1,Europe,ALB,Upper middle income
Albania,2016,2897.867,58.420997619628906,93.75487642715684,70.61650673007846,<1,Europe,ALB,Upper middle income
Albania,2017,2898.242,59.382999420166016,94.10209506469565,70.6369407646416,<1,Europe,ALB,Upper middle income
Albania,2018,2894.231,60.31900024414063,94.43639400245482,70.65335205201367,<1,Europe,ALB,Upper middle income
Albania,2019,2885.01,61.22900390625,94.75822322151797,70.66585393884637,<1,Europe,ALB,Upper middle income
Albania,2020,2871.954,62.11199951171875,95.06803815220024,70.67453689745312,<1,Europe,ALB,Upper middle income
Albania,2021,2849.635,62.968997955322266,95.08151505130512,70.70579622933792,<1,Europe,ALB,Upper middle income
Albania,2022,2827.608,63.79899978637695,95.09456513276548,70.73606914186439,<1,Europe,ALB,Upper middle income
Albania,2023,2811.655,64.6030044555664,95.10720753832504,70.76539453700754,<1,Europe,ALB,Upper middle income
Albania,2024,2791.765,65.3800048828125,95.1194270680062,70.7937363898968,<1,Europe,ALB,Upper middle income
Algeria,2000,30903.893,59.91899871826172,88.99380811020241,69.49311394966242,2.819852389896803,Africa,DZA,Upper middle income
Algeria,2001,31331.221,60.71199798583984,89.16980160749287,69.9885826295034,2.763568030918708,Africa,DZA,Upper middle income
Algeria,2002,31750.835,61.50100326538086,89.34363997602945,70.47035567510336,2.708123324351535,Africa,DZA,Upper middle income
Algeria,2003,32175.818,62.28400039672852,89.51510881138192,70.93791154214144,2.653605696475697,Africa,DZA,Upper middle income
Algeria,2004,32628.286,63.060997009277344,89.6842209126681,71.3913421263485,2.600006962161681,Africa,DZA,Upper middle income
Algeria,2005,33109.249,63.83000183105469,89.85077315802864,71.83021579796389,2.547409765195618,Africa,DZA,Upper middle income
Algeria,2006,33623.506,64.59300231933594,90.01502026951336,72.25519722441587,2.495715303689535,Africa,DZA,Upper middle income
Algeria,2007,34189.416,65.3479995727539,90.17674395088532,72.66587582787844,2.445003937505413,Africa,DZA,Upper middle income
Algeria,2008,34816.961,66.09700012207031,90.33619874938026,73.0628868160568,2.395178801044356,Africa,DZA,Upper middle income
Algeria,2009,35490.445,66.82599639892578,90.49186196720667,73.44308871294038,2.346837567221023,Africa,DZA,Upper middle income
Algeria,2010,36188.236,67.54000091552734,90.64434162377609,73.80805880229751,2.299741419742339,Africa,DZA,Upper middle income
Algeria,2011,36903.376,68.23600006103516,90.79335233975824,74.15748308505975,2.253999037945405,Africa,DZA,Upper middle income
Algeria,2012,37646.166,68.91500091552734,90.9547062510195,74.49199306110566,2.209546180594924,Africa,DZA,Upper middle income
Algeria,2013,38414.171,69.57600402832031,91.1128578356774,74.81178769470411,2.166403046470004,Africa,DZA,Upper middle income
Algeria,2014,39205.031,70.22100067138672,91.268060653484,75.117657205013,2.124465311465457,Africa,DZA,Upper middle income
Algeria,2015,40019.529,70.8479995727539,91.42015070095007,75.40961481731537,2.083794412972406,Africa,DZA,Upper middle income
Algeria,2016,40850.721,71.45899963378906,91.56940001456996,74.78148835543558,2.044287472720892,Africa,DZA,Upper middle income
Algeria,2017,41689.299,72.052001953125,91.71563670634605,74.06827329849585,2.006004371136346,Africa,DZA,Upper middle income
Algeria,2018,42505.035,72.62899780273438,91.859120820781,73.32654438929248,1.968844095826465,Africa,DZA,Upper middle income
Algeria,2019,43294.546,73.18900299072266,91.99980161915084,72.21879445094662,1.932825441362398,Africa,DZA,Upper middle income
Algeria,2020,44042.091,73.73300170898438,92.13782426926774,70.5251643245599,1.897888936523195,Africa,DZA,Upper middle income
Algeria,2021,44761.099,74.26100158691406,92.27323185843198,68.83924114041746,1.864014860847133,Africa,DZA,Upper middle income
Algeria,2022,45477.389,74.77200317382812,92.32367272523356,68.90450979775991,1.844451947935444,Africa,DZA,Upper middle income
Algeria,2023,46164.219,75.26799774169922,92.37264047441911,68.96786797157337,1.825463585868924,Africa,DZA,Upper middle income
Algeria,2024,46814.308,75.74800109863281,92.42002859339864,69.02918252489637,1.807087594329863,Africa,DZA,Upper middle income
American Samoa,2000,56.855,88.58699798583984,95.03447685603813,81.90921564003754,<1,Western Pacific,ASM,High income
American Samoa,2001,57.053,88.49099731445312,95.26988885928732,82.5878247232387,<1,Western Pacific,ASM,High income
American Samoa,2002,57.062,88.39399719238281,95.5053008625365,83.26878476611301,<1,Western Pacific,ASM,High income
American Samoa,2003,56.971,88.2969970703125,95.74071286578568,83.95209576866033,<1,Western Pacific,ASM,High income
American Samoa,2004,56.818,88.197998046875,95.97612486903483,84.63775773088085,<1,Western Pacific,ASM,High income
American Samoa,2005,56.617,88.0999984741211,96.21153687228406,85.32577065277442,<1,Western Pacific,ASM,High income
American Samoa,2006,56.374,88.0,96.44694887553322,86.01613453434116,<1,Western Pacific,ASM,High income
American Samoa,2007,56.113,87.9000015258789,96.6823608787824,86.70884937558102,<1,Western Pacific,ASM,High income
American Samoa,2008,55.828,87.79900360107422,96.91777288203156,87.40391517649387,<1,Western Pacific,ASM,High income
American Samoa,2009,55.528,87.6969985961914,97.15318488528078,87.9608770168529,<1,Western Pacific,ASM,High income
American Samoa,2010,55.228,87.59400177001953,97.38859688852996,88.17401512746186,<1,Western Pacific,ASM,High income
American Samoa,2011,54.895,87.50199890136719,97.62400889177913,88.38715323807081,<1,Western Pacific,ASM,High income
American Samoa,2012,54.489,87.41999816894531,97.85942089502828,88.60029134867976,<1,Western Pacific,ASM,High income
American Samoa,2013,54.006,87.3479995727539,98.0948328982775,88.81342945928877,<1,Western Pacific,ASM,High income
American Samoa,2014,53.466,87.28799438476562,98.33024490152668,89.02656756989771,<1,Western Pacific,ASM,High income
American Samoa,2015,52.878,87.23799896240234,98.56565690477584,89.23970568050666,<1,Western Pacific,ASM,High income
American Samoa,2016,52.245,87.197998046875,98.801068908025,89.45284379111561,<1,Western Pacific,ASM,High income
American Samoa,2017,51.586,87.16999816894531,99.0,89.6659819017246,<1,Western Pacific,ASM,High income
American Samoa,2018,50.908,87.15299987792969,99.0,89.87912001233356,<1,Western Pacific,ASM,High income
American Samoa,2019,50.209,87.1469955444336,99.0,90.09225812294252,<1,Western Pacific,ASM,High income
American Samoa,2020,49.761,87.15299987792969,99.0,90.30539623355146,<1,Western Pacific,ASM,High income
American Samoa,2021,49.225,87.16899871826172,99.0,90.51853434416049,<1,Western Pacific,ASM,High income
American Samoa,2022,48.342,87.19599914550781,99.0,90.53833605220228,<1,Western Pacific,ASM,High income
American Samoa,2023,47.521,87.23500061035156,99.0,90.53833605220228,<1,Western Pacific,ASM,High income
American Samoa,2024,46.765,87.28399658203125,99.0,90.53833605220228,<1,Western Pacific,ASM,High income
Andorra,2000,65.685,92.39500427246094,99.0,90.63999794704996,<1,Europe,AND,High income
Andorra,2001,65.852,92.05599975585938,99.0,90.63999835655436,<1,Europe,AND,High income
Andorra,2002,66.506,91.64100646972656,99.0,90.64000070706292,<1,Europe,AND,High income
Andorra,2003,69.486,91.20700073242188,99.0,90.6400007016197,<1,Europe,AND,High income
Andorra,2004,74.325,90.7509994506836,99.0,90.63999569684698,<1,Europe,AND,High income
Andorra,2005,77.421,90.28499603271484,99.0,90.64000447049152,<1,Europe,AND,High income
Andorra,2006,79.585,89.80699920654297,99.0,90.64000112959329,<1,Europe,AND,High income
Andorra,2007,81.877,89.30799865722656,99.0,90.64000089526976,<1,Europe,AND,High income
Andorra,2008,83.495,89.00399780273438,99.0,90.64000091104994,<1,Europe,AND,High income
Andorra,2009,83.888,88.91199493408203,99.0,90.6399974362804,<1,Europe,AND,High income
Andorra,2010,80.706,88.81900024414062,99.0,90.63999822632316,<1,Europe,AND,High income
Andorra,2011,77.783,88.72600555419922,99.0,90.64000221372989,<1,Europe,AND,High income
Andorra,2012,76.834,88.63099670410156,99.0,90.63999844294976,<1,Europe,AND,High income
Andorra,2013,75.194,88.53700256347656,99.0,90.64000374301176,<1,Europe,AND,High income
Andorra,2014,73.737,88.44100189208984,99.0,90.64000408894243,<1,Europe,AND,High income
Andorra,2015,72.174,88.3449935913086,99.0,90.64000092939628,<1,Europe,AND,High income
Andorra,2016,72.181,88.24800109863281,99.0,90.64000089098424,<1,Europe,AND,High income
Andorra,2017,73.763,88.1500015258789,99.0,90.64000294375082,<1,Europe,AND,High income
Andorra,2018,75.162,88.06199645996094,99.0,90.64000309136952,<1,Europe,AND,High income
Andorra,2019,76.474,87.98400115966797,99.0,90.64000449420162,<1,Europe,AND,High income
Andorra,2020,77.38,87.91600036621094,99.0,90.63999566565992,<1,Europe,AND,High income
Andorra,2021,78.364,87.85799407958984,99.0,90.64000478291496,<1,Europe,AND,High income
Andorra,2022,79.705,87.81099700927734,99.0,90.6399966597026,<1,Europe,AND,High income
Andorra,2023,80.856,87.77400207519531,99.0,90.6400031473536,<1,Europe,AND,High income
Andorra,2024,81.938,87.74700164794922,99.0,90.64000180608583,<1,Europe,AND,High income
Angola,2000,16194.869,50.08699798583984,37.84223688654362,,31.04645741022863,Africa,AGO,Lower middle income
Angola,2001,16747.208,51.27400207519531,38.33881574696947,,30.51142154555801,Africa,AGO,Lower middle income
Angola,2002,17327.699,52.46099853515625,38.83539249971892,,29.97638941507818,Africa,AGO,Lower middle income
Angola,2003,17943.712,53.64500427246094,40.39651572251345,,28.63965400775597,Africa,AGO,Lower middle income
Angola,2004,18600.423,54.82699966430664,41.97723678621016,,27.32646072736759,Africa,AGO,Lower middle income
Angola,2005,19291.161,56.0,43.5743439976406,,26.03970455530964,Africa,AGO,Lower middle income
Angola,2006,20015.279,56.76399993896485,45.01399960389826,,24.94410459000869,Africa,AGO,Lower middle income
Angola,2007,20778.561,57.52400207519531,46.4686546771725,,23.86475027332074,Africa,AGO,Lower middle income
Angola,2008,21578.655,58.28200149536133,47.9390179800655,,22.80073983483464,Africa,AGO,Lower middle income
Angola,2009,22414.773,59.03400039672852,49.42317636824168,,21.75354856499197,Africa,AGO,Lower middle income
Angola,2010,23294.825,59.78300094604492,50.922281472487,,20.72188466435418,Africa,AGO,Lower middle income
Angola,2011,24218.352,60.52799987792969,52.43574142556516,,19.70602766946549,Africa,AGO,Lower middle income
Angola,2012,25177.394,61.26800155639648,53.96293481193302,,18.70621180103061,Africa,AGO,Lower middle income
Angola,2013,26165.62,62.00199890136719,55.50322796006532,,17.72264538230925,Africa,AGO,Lower middle income
Angola,2014,27160.769,62.73099899291992,57.05691156564491,,16.75481588650271,Africa,AGO,Lower middle income
Angola,2015,28157.798,63.44599914550781,58.61963120076773,,15.80551789819017,Africa,AGO,Lower middle income
Angola,2016,29183.07,64.14900207519531,60.19206201855189,,14.87371341192623,Africa,AGO,Lower middle income
Angola,2017,30234.839,64.83899688720703,61.77351221045407,,13.9593676279564,Africa,AGO,Lower middle income
Angola,2018,31297.155,65.51399993896484,63.36279073880214,,13.06270148283896,Africa,AGO,Lower middle income
Angola,2019,32375.632,66.177001953125,64.15991103730671,,12.18241841077376,Africa,AGO,Lower middle income
Angola,2020,33451.132,66.82500457763672,64.94403054365381,,11.31900994855633,Africa,AGO,Lower middle income
Angola,2021,34532.429,67.45999908447266,65.71625771943505,,10.47150915959307,Africa,AGO,Lower middle income
Angola,2022,35635.029,68.08099365234375,66.47632731978,,9.639799823138327,Africa,AGO,Lower middle income
Angola,2023,36749.906,68.68799591064453,67.22442525884969,,8.823479147035929,Africa,AGO,Lower middle income
Angola,2024,37885.849,69.28099822998047,67.9607422242112,,8.022146178637326,Africa,AGO,Lower middle income
Anguilla,2000,11.177,100.0,96.16923076923077,,<1,Americas,AIA,
Anguilla,2001,11.472,100.0,96.27023411371238,,<1,Americas,AIA,
Anguilla,2002,11.687,100.0,96.37123745819396,,<1,Americas,AIA,
Anguilla,2003,11.874,100.0,96.47224080267556,,<1,Americas,AIA,
Anguilla,2004,12.068,100.0,96.57324414715715,,<1,Americas,AIA,
Anguilla,2005,12.267,100.0,96.6742474916388,,<1,Americas,AIA,
Anguilla,2006,12.47,100.0,96.7752508361204,,<1,Americas,AIA,
Anguilla,2007,12.676,100.0,96.876254180602,,<1,Americas,AIA,
Anguilla,2008,12.89,100.0,96.9772575250836,,<1,Americas,AIA,
Anguilla,2009,13.114,100.0,97.0782608695652,,<1,Americas,AIA,
Anguilla,2010,13.345,100.0,97.1792642140468,,<1,Americas,AIA,
Anguilla,2011,13.569,100.0,97.2802675585284,,<1,Americas,AIA,
Anguilla,2012,13.379,100.0,97.38127090301003,,<1,Americas,AIA,
Anguilla,2013,13.252,100.0,97.48227424749165,,<1,Americas,AIA,
Anguilla,2014,13.729,100.0,97.48227424749165,,<1,Americas,AIA,
Anguilla,2015,14.21,100.0,97.48227424749165,,<1,Americas,AIA,
Anguilla,2016,14.32,100.0,97.48227424749165,,<1,Americas,AIA,
Anguilla,2017,14.425,100.0,97.48227424749165,,<1,Americas,AIA,
Antigua and Barbuda,2000,74.912,32.12699890136719,97.45778783381355,,<1,Americas,ATG,High income
Antigua and Barbuda,2001,76.069,31.7400016784668,97.52484371418174,,<1,Americas,ATG,High income
Antigua and Barbuda,2002,77.032,31.097999572753903,97.58932176833284,,<1,Americas,ATG,High income
Antigua and Barbuda,2003,77.884,30.463998794555664,97.65497637441985,,<1,Americas,ATG,High income
Antigua and Barbuda,2004,78.719,29.83699989318848,97.7217760832298,,<1,Americas,ATG,High income
Antigua and Barbuda,2005,79.611,29.218000411987305,97.78970557727592,,<1,Americas,ATG,High income
Antigua and Barbuda,2006,80.604,28.606000900268555,97.85874557518224,,<1,Americas,ATG,High income
Antigua and Barbuda,2007,81.704,28.001998901367188,97.92887591575956,,<1,Americas,ATG,High income
Antigua and Barbuda,2008,82.912,27.404998779296875,98.00008192537652,,<1,Americas,ATG,High income
Antigua and Barbuda,2009,84.173,26.81800079345703,98.07235682478236,,<1,Americas,ATG,High income
Antigua and Barbuda,2010,85.32,26.238000869750977,98.14566000561248,,<1,Americas,ATG,High income
Antigua and Barbuda,2011,86.332,25.703001022338867,98.22016571819886,,<1,Americas,ATG,High income
Antigua and Barbuda,2012,87.26,25.525999069213867,98.29710577308728,,<1,Americas,ATG,High income
Antigua and Barbuda,2013,88.064,25.35000228881836,98.37433979906588,,<1,Americas,ATG,High income
Antigua and Barbuda,2014,88.765,25.174999237060547,98.45187166001294,,<1,Americas,ATG,High income
Antigua and Barbuda,2015,89.409,25.0,98.52969659555376,,<1,Americas,ATG,High income
Antigua and Barbuda,2016,89.969,24.84599876403809,98.60784137698155,,<1,Americas,ATG,High income
Antigua and Barbuda,2017,90.468,24.713001251220703,98.68624123644662,,<1,Americas,ATG,High income
Antigua and Barbuda,2018,90.926,24.5989990234375,98.76485155160482,,<1,Americas,ATG,High income
Antigua and Barbuda,2019,91.364,24.506000518798828,98.84361690179738,,<1,Americas,ATG,High income
Antigua and Barbuda,2020,91.846,24.433000564575195,98.92249415197976,,<1,Americas,ATG,High income
Antigua and Barbuda,2021,92.349,24.3799991607666,98.92262506050558,,<1,Americas,ATG,High income
Antigua and Barbuda,2022,92.84,24.34600067138672,98.92271209977392,,<1,Americas,ATG,High income
Antigua and Barbuda,2023,93.316,24.332000732421875,98.92274641380276,,<1,Americas,ATG,High income
Antigua and Barbuda,2024,93.772,24.33799934387207,98.92272693240426,,<1,Americas,ATG,High income
Argentina,2000,37213.984,89.14199829101562,96.28402561036457,,1.146719661778439,Americas,ARG,Upper middle income
Argentina,2001,37624.825,89.32899475097656,96.52281856046773,,1.082500866643272,Americas,ARG,Upper middle income
Argentina,2002,38029.349,89.51000213623047,96.755473929203,,1.020414479652463,Americas,ARG,Upper middle income
Argentina,2003,38424.282,89.68599700927734,96.9824151631383,,<1,Americas,ARG,Upper middle income
Argentina,2004,38815.916,89.86000061035156,97.20433893053838,,<1,Americas,ARG,Upper middle income
Argentina,2005,39216.789,90.03099822998047,97.42118480507705,,<1,Americas,ARG,Upper middle income
Argentina,2006,39622.115,90.20000457763672,97.63321213641603,,<1,Americas,ARG,Upper middle income
Argentina,2007,40016.763,90.36599731445312,97.84036032137055,,<1,Americas,ARG,Upper middle income
Argentina,2008,40424.148,90.52999877929688,98.04287486756624,,<1,Americas,ARG,Upper middle income
Argentina,2009,40854.831,90.69100189208984,98.24073667062432,,<1,Americas,ARG,Upper middle income
Argentina,2010,41288.694,90.8489990234375,98.43405153429104,,<1,Americas,ARG,Upper middle income
Argentina,2011,41730.66,90.98999786376952,98.62185734448552,,<1,Americas,ARG,Upper middle income
Argentina,2012,42161.721,91.12100219726562,98.80529929228136,,<1,Americas,ARG,Upper middle income
Argentina,2013,42582.455,91.2490005493164,98.86420476082924,,<1,Americas,ARG,Upper middle income
Argentina,2014,43024.071,91.3769989013672,98.9232481866542,,<1,Americas,ARG,Upper middle income
Argentina,2015,43477.012,91.50299835205078,98.98230767428042,,<1,Americas,ARG,Upper middle income
Argentina,2016,43900.313,91.6269989013672,99.0,,<1,Americas,ARG,Upper middle income
Argentina,2017,44288.894,91.7490005493164,,,-,Americas,ARG,Upper middle income
Argentina,2018,44654.882,91.8699951171875,,,-,Americas,ARG,Upper middle income
Argentina,2019,44973.465,91.99100494384766,,,-,Americas,ARG,Upper middle income
Argentina,2020,45191.965,92.11100006103516,,,-,Americas,ARG,Upper middle income
Argentina,2021,45312.281,92.22900390625,,,-,Americas,ARG,Upper middle income
Argentina,2022,45407.904,92.34700012207033,,,-,Americas,ARG,Upper middle income
Argentina,2023,45538.401,92.46299743652344,,,-,Americas,ARG,Upper middle income
Argentina,2024,45696.159,92.5790023803711,,,-,Americas,ARG,Upper middle income
Armenia,2000,3125.628,64.66600036621094,95.66867093199848,82.65595659103464,<1,Europe,ARM,Upper middle income
Armenia,2001,3084.349,64.38500213623047,95.88310458981196,82.72642084904246,<1,Europe,ARM,Upper middle income
Armenia,2002,3055.63,64.23600006103516,96.11124324914287,82.80295388670353,<1,Europe,ARM,Upper middle income
Armenia,2003,3038.968,64.13700103759766,96.34511581053182,82.88185406461213,<1,Europe,ARM,Upper middle income
Armenia,2004,3022.541,64.03800201416016,96.5805389121638,82.96113667223837,<1,Europe,ARM,Upper middle income
Armenia,2005,3006.351,63.93799591064453,96.8174664083954,83.040781641149,<1,Europe,ARM,Upper middle income
Armenia,2006,2990.377,63.8390007019043,97.05601817854136,83.12083837498041,<1,Europe,ARM,Upper middle income
Armenia,2007,2974.819,63.7390022277832,97.29609301517978,83.2012605099858,<1,Europe,ARM,Upper middle income
Armenia,2008,2959.99,63.63999938964844,97.5377930144249,83.2820917068001,<1,Europe,ARM,Upper middle income
Armenia,2009,2945.517,63.540000915527344,97.78103408774852,83.21591243186968,<1,Europe,ARM,Upper middle income
Armenia,2010,2931.078,63.44000244140625,98.02586242894591,83.14982941276025,<1,Europe,ARM,Upper middle income
Armenia,2011,2923.271,63.34000396728516,98.27229167061203,83.0838480780611,<1,Europe,ARM,Upper middle income
Armenia,2012,2922.528,63.23999786376953,98.52032668659548,83.017966415385,<1,Europe,ARM,Upper middle income
Armenia,2013,2922.518,63.16400146484375,98.77056135555462,82.95256345854654,<1,Europe,ARM,Upper middle income
Armenia,2014,2922.422,63.112003326416016,99.0,82.88749671834024,<1,Europe,ARM,Upper middle income
Armenia,2015,2921.177,63.08500289916992,99.0,82.82264017667529,<1,Europe,ARM,Upper middle income
Armenia,2016,2918.793,63.08199691772461,99.0,82.75783350501783,<1,Europe,ARM,Upper middle income
Armenia,2017,2914.963,63.10300064086914,99.0,82.6929400833755,<1,Europe,ARM,Upper middle income
Armenia,2018,2909.965,63.14899826049805,99.0,82.57940935605482,<1,Europe,ARM,Upper middle income
Armenia,2019,2903.972,63.218997955322266,99.0,82.42792151454506,<1,Europe,ARM,Upper middle income
Armenia,2020,2890.892,63.3129997253418,99.0,82.27677098729903,<1,Europe,ARM,Upper middle income
Armenia,2021,2870.349,63.430999755859375,99.0,82.12598288475712,<1,Europe,ARM,Upper middle income
Armenia,2022,2880.874,63.573001861572266,99.0,82.35603200036407,<1,Europe,ARM,Upper middle income
Armenia,2023,2943.393,63.7390022277832,99.0,82.21443162073642,<1,Europe,ARM,Upper middle income
Armenia,2024,2973.84,63.92899703979492,99.0,82.07281918802416,<1,Europe,ARM,Upper middle income
Aruba,2000,88.761,46.71699905395508,95.23353621008002,,<1,Americas,ABW,High income
Aruba,2001,90.305,46.3390007019043,95.35905617208248,,<1,Americas,ABW,High income
Aruba,2002,91.379,45.97200012207031,95.48457613408496,,<1,Americas,ABW,High income
Aruba,2003,92.31,45.60599899291992,95.61009609608745,,<1,Americas,ABW,High income
Aruba,2004,93.213,45.2400016784668,95.73561605808992,,<1,Americas,ABW,High income
Aruba,2005,94.23,44.875,95.8611360200924,,<1,Americas,ABW,High income
Aruba,2006,95.392,44.5109977722168,95.98665598209487,,<1,Americas,ABW,High income
Aruba,2007,96.587,44.14699935913086,96.11217594409734,,<1,Americas,ABW,High income
Aruba,2008,97.805,43.78300094604492,96.23769590609982,,<1,Americas,ABW,High income
Aruba,2009,99.025,43.42100143432617,96.36321586810227,,<1,Americas,ABW,High income
Aruba,2010,100.114,43.05900192260742,96.48873583010476,,<1,Americas,ABW,High income
Aruba,2011,100.981,42.93999862670898,96.61425579210724,,<1,Americas,ABW,High income
Aruba,2012,101.763,42.95700073242188,96.7397757541097,,<1,Americas,ABW,High income
Aruba,2013,102.558,42.98999786376953,96.7397757541097,,<1,Americas,ABW,High income
Aruba,2014,103.373,43.04100036621094,96.7397757541097,,<1,Americas,ABW,High income
Aruba,2015,104.184,43.108001708984375,96.7397757541097,,<1,Americas,ABW,High income
Aruba,2016,104.977,43.19199752807617,96.7397757541097,,<1,Americas,ABW,High income
Australia,2000,19132.471,84.23500061035156,99.0,,<1,Western Pacific,AUS,High income
Australia,2001,19365.433,84.0999984741211,99.0,,<1,Western Pacific,AUS,High income
Australia,2002,19595.355,84.22200012207031,99.0,,<1,Western Pacific,AUS,High income
Australia,2003,19819.454,84.3429946899414,99.0,,<1,Western Pacific,AUS,High income
Australia,2004,20046.677,84.46299743652344,99.0,,<1,Western Pacific,AUS,High income
Australia,2005,20294.49,84.58200073242188,99.0,,<1,Western Pacific,AUS,High income
Australia,2006,20590.559,84.69999694824219,99.0,,<1,Western Pacific,AUS,High income
Australia,2007,20954.549,84.8219985961914,99.0,,<1,Western Pacific,AUS,High income
Australia,2008,21370.589,84.94300079345703,99.0,,<1,Western Pacific,AUS,High income
Australia,2009,21783.011,85.06299591064453,99.0,,<1,Western Pacific,AUS,High income
Australia,2010,22141.581,85.18199920654297,99.0,,<1,Western Pacific,AUS,High income
Australia,2011,22479.775,85.29999542236328,99.0,,<1,Western Pacific,AUS,High income
Australia,2012,22852.644,85.4020004272461,99.0,,<1,Western Pacific,AUS,High income
Australia,2013,23236.27,85.50199890136719,99.0,,<1,Western Pacific,AUS,High income
Australia,2014,23595.601,85.60199737548828,99.0,,<1,Western Pacific,AUS,High income
Australia,2015,23948.002,85.70100402832031,99.0,,<1,Western Pacific,AUS,High income
Australia,2016,24329.963,85.79999542236328,99.0,,<1,Western Pacific,AUS,High income
Australia,2017,24731.038,85.90399932861328,99.0,,<1,Western Pacific,AUS,High income
Australia,2018,25119.706,86.01200103759766,99.0,,<1,Western Pacific,AUS,High income
Australia,2019,25482.714,86.1240005493164,99.0,,<1,Western Pacific,AUS,High income
Australia,2020,25743.791,86.24099731445312,99.0,,<1,Western Pacific,AUS,High income
Australia,2021,25956.417,86.36199951171875,99.0,,<1,Western Pacific,AUS,High income
Australia,2022,26200.984,86.48799896240234,99.0,,<1,Western Pacific,AUS,High income
Australia,2023,26451.124,86.61699676513672,99.0,,<1,Western Pacific,AUS,High income
Australia,2024,26713.205,86.75,99.0,,<1,Western Pacific,AUS,High income
Austria,2000,8012.928,60.2130012512207,99.0,96.87254076997084,<1,Europe,AUT,High income
Austria,2001,8042.233,59.93400192260742,99.0,97.02524169372953,<1,Europe,AUT,High income
Austria,2002,8081.636,59.65499877929688,99.0,97.1779414060139,<1,Europe,AUT,High income
Austria,2003,8122.602,59.375,99.0,97.33063804574314,<1,Europe,AUT,High income
Austria,2004,8173.491,59.09400177001953,99.0,97.4833387555632,<1,Europe,AUT,High income
Austria,2005,8229.204,58.8129997253418,99.0,97.63603624727013,<1,Europe,AUT,High income
Austria,2006,8269.898,58.53199768066406,99.0,97.78873324431626,<1,Europe,AUT,High income
Austria,2007,8296.952,58.24900436401367,99.0,97.94143151757248,<1,Europe,AUT,High income
Austria,2008,8323.253,57.96599960327149,99.0,98.09413062114248,<1,Europe,AUT,High income
Austria,2009,8345.066,57.68300247192383,99.0,98.24682928656996,<1,Europe,AUT,High income
Austria,2010,8365.092,57.39899826049805,99.0,98.3995295373124,<1,Europe,AUT,High income
Austria,2011,8393.27,57.1150016784668,99.0,98.55223095334082,<1,Europe,AUT,High income
Austria,2012,8431.601,57.147003173828125,99.0,98.70492752871291,<1,Europe,AUT,High income
Austria,2013,8481.406,57.33600234985352,99.0,98.85762268502104,<1,Europe,AUT,High income
Austria,2014,8547.817,57.525997161865234,99.0,98.9110306048435,<1,Europe,AUT,High income
Austria,2015,8644.039,57.71500015258789,99.0,98.90942601456332,<1,Europe,AUT,High income
Austria,2016,8737.915,57.90499877929688,99.0,98.9078106962811,<1,Europe,AUT,High income
Austria,2017,8798.778,58.09400177001953,99.0,98.90619911014294,<1,Europe,AUT,High income
Austria,2018,8841.65,58.297000885009766,99.0,98.90447711877168,<1,Europe,AUT,High income
Austria,2019,8880.876,58.51499938964844,99.0,98.90262224343071,<1,Europe,AUT,High income
Austria,2020,8921.405,58.74800109863281,99.0,98.900639609767,<1,Europe,AUT,High income
Austria,2021,8967.057,58.99500274658203,99.0,98.89854388669808,<1,Europe,AUT,High income
Austria,2022,9064.677,59.25600051879883,99.0,98.89632136836016,<1,Europe,AUT,High income
Austria,2023,9130.429,59.53000259399414,99.0,98.8939971369106,<1,Europe,AUT,High income
Austria,2024,9120.813,59.81900024414063,99.0,98.89153572321436,<1,Europe,AUT,High income
Azerbaijan,2000,8174.785,51.3859977722168,75.56276041749254,48.81637890779589,9.166030693207148,Europe,AZE,Upper middle income
Azerbaijan,2001,8251.771,51.58699798583984,76.47357011892352,49.17797545173846,8.710660248591687,Europe,AZE,Upper middle income
Azerbaijan,2002,8326.133,51.78700256347656,77.38592073639566,49.53786346455877,8.258391561998053,Europe,AZE,Upper middle income
Azerbaijan,2003,8400.53,51.98799896240234,78.30041560728728,49.89707142131763,7.808925121547766,Europe,AZE,Upper middle income
Azerbaijan,2004,8489.874,52.18899917602539,79.21663516906352,50.2550814409505,7.362414186775449,Europe,AZE,Upper middle income
Azerbaijan,2005,8597.248,52.38899993896485,80.13421055441245,50.61139047668586,6.918983607189746,Europe,AZE,Upper middle income
Azerbaijan,2006,8711.38,52.5890007019043,81.05339234713314,50.96650956689687,6.478494574102696,Europe,AZE,Upper middle income
Azerbaijan,2007,8828.311,52.78999710083008,81.97438029286872,51.32093777070043,6.040835950716201,Europe,AZE,Upper middle income
Azerbaijan,2008,8942.638,52.9900016784668,82.89654264944726,51.67367496592366,5.606235885004517,Europe,AZE,Upper middle income
Azerbaijan,2009,9046.336,53.18999862670898,83.82008694352868,52.0252177256322,5.174576913723762,Europe,AZE,Upper middle income
Azerbaijan,2010,9146.851,53.40599822998047,84.74874719990464,52.38341148291087,4.744443536071535,Europe,AZE,Upper middle income
Azerbaijan,2011,9256.15,53.63699722290039,85.68163334724653,52.74762366618039,4.316269918847917,Europe,AZE,Upper middle income
Azerbaijan,2012,9376.181,53.882999420166016,86.61810280340846,53.11771810495273,3.890386253073647,Europe,AZE,Upper middle income
Azerbaijan,2013,9504.409,54.14500427246094,87.55771627313153,53.49404797875677,3.467057213474906,Europe,AZE,Upper middle income
Azerbaijan,2014,9631.138,54.4219970703125,88.49957968109726,53.87598089084427,3.046695477596413,Europe,AZE,Upper middle income
Azerbaijan,2015,9752.85,54.7140007019043,89.44303942656855,54.26339869356593,2.629631279636412,Europe,AZE,Upper middle income
Azerbaijan,2016,9868.428,55.02099990844727,90.3873981119226,54.65615421618978,2.216195504247341,Europe,AZE,Upper middle income
Azerbaijan,2017,9968.51,55.34300231933594,91.33197568776744,55.05412234027447,1.806719099593534,Europe,AZE,Upper middle income
Azerbaijan,2018,10039.784,55.68000030517578,92.27606845320564,55.45716528856982,1.401533181413835,Europe,AZE,Upper middle income
Azerbaijan,2019,10110.475,56.03100204467773,93.2188338102912,55.86468498389437,1.000990482629623,Europe,AZE,Upper middle income
Azerbaijan,2020,10181.73,56.397003173828125,94.15970033642154,56.27701674922847,<1,Europe,AZE,Upper middle income
Azerbaijan,2021,10234.371,56.7760009765625,95.09774470851391,56.69311376075697,<1,Europe,AZE,Upper middle income
Azerbaijan,2022,10295.304,57.16999816894531,96.00356557988492,57.09153890912671,<1,Europe,AZE,Upper middle income
Azerbaijan,2023,10318.207,57.57700347900391,96.84903858969363,57.45045804065862,<1,Europe,AZE,Upper middle income
Azerbaijan,2024,10336.577,57.99700164794922,97.68808416653388,57.81182831960957,<1,Europe,AZE,Upper middle income
Bahamas,2000,323.835,82.00700378417969,98.07059345817372,,<1,Americas,BHS,High income
Bahamas,2001,327.836,82.04900360107422,98.12890464195463,,<1,Americas,BHS,High income
Bahamas,2002,331.614,82.09199523925781,98.1872158257356,,<1,Americas,BHS,High income
Bahamas,2003,335.618,82.13400268554688,98.24552700951652,,<1,Americas,BHS,High income
Bahamas,2004,339.782,82.1760025024414,98.30383819329748,,<1,Americas,BHS,High income
Bahamas,2005,343.894,82.2179946899414,98.3621493770784,,<1,Americas,BHS,High income
Bahamas,2006,348.375,82.26000213623047,98.42046056085934,,<1,Americas,BHS,High income
Bahamas,2007,353.334,82.302001953125,98.47877174464028,,<1,Americas,BHS,High income
Bahamas,2008,358.12,82.34300231933594,98.5370829284212,,<1,Americas,BHS,High income
Bahamas,2009,362.81,82.38499450683594,98.59539411220214,,<1,Americas,BHS,High income
Bahamas,2010,367.478,82.427001953125,98.65370529598307,,<1,Americas,BHS,High income
Bahamas,2011,371.729,82.47600555419922,98.71201647976402,,<1,Americas,BHS,High income
Bahamas,2012,375.469,82.53199768066406,98.77032766354496,,<1,Americas,BHS,High income
Bahamas,2013,378.953,82.59600067138672,98.82863884732588,,<1,Americas,BHS,High income
Bahamas,2014,382.298,82.66799926757812,98.88695003110682,,<1,Americas,BHS,High income
Bahamas,2015,385.346,82.74600219726562,98.94526121488776,,<1,Americas,BHS,High income
Bahamas,2016,388.055,82.83200073242188,98.94526121488776,,<1,Americas,BHS,High income
Bahamas,2017,390.485,82.92499542236328,98.94526121488776,,<1,Americas,BHS,High income
Bahamas,2018,392.717,83.0250015258789,98.94526121488776,,<1,Americas,BHS,High income
Bahamas,2019,394.675,83.13199615478516,98.94526121488776,,<1,Americas,BHS,High income
Bahrain,2000,669.581,88.37200164794922,99.0,98.69526158403356,<1,Eastern Mediterranean,BHR,High income
Bahrain,2001,699.956,88.36900329589844,99.0,98.72940700973842,<1,Eastern Mediterranean,BHR,High income
Bahrain,2002,752.197,88.37300109863281,99.0,98.76355103695172,<1,Eastern Mediterranean,BHR,High income
Bahrain,2003,811.276,88.38300323486328,99.0,98.7976936656734,<1,Eastern Mediterranean,BHR,High income
Bahrain,2004,871.442,88.39900207519531,99.0,98.83183489590353,<1,Eastern Mediterranean,BHR,High income
Bahrain,2005,932.604,88.4219970703125,99.0,98.86597472764204,<1,Eastern Mediterranean,BHR,High income
Bahrain,2006,994.618,88.45199584960938,99.0,98.90011316088903,<1,Eastern Mediterranean,BHR,High income
Bahrain,2007,1057.405,88.48799896240234,99.0,98.92891751076868,<1,Eastern Mediterranean,BHR,High income
Bahrain,2008,1120.714,88.52999877929688,99.0,98.92699889941572,<1,Eastern Mediterranean,BHR,High income
Bahrain,2009,1183.605,88.5790023803711,99.0,98.9250802880628,<1,Eastern Mediterranean,BHR,High income
Bahrain,2010,1213.244,88.63400268554688,99.0,98.92316167670984,<1,Eastern Mediterranean,BHR,High income
Bahrain,2011,1206.728,88.69499969482422,99.0,98.9212430653569,<1,Eastern Mediterranean,BHR,High income
Bahrain,2012,1216.303,88.76199340820312,99.0,98.91932445400396,<1,Eastern Mediterranean,BHR,High income
Bahrain,2013,1257.203,88.83499908447266,99.0,98.917405842651,<1,Eastern Mediterranean,BHR,High income
Bahrain,2014,1312.848,88.91500091552734,99.0,98.91548723129809,<1,Eastern Mediterranean,BHR,High income
Bahrain,2015,1369.65,88.9990005493164,99.0,98.91356861994512,<1,Eastern Mediterranean,BHR,High income
Bahrain,2016,1429.604,89.09000396728516,99.0,98.9116500085922,<1,Eastern Mediterranean,BHR,High income
Bahrain,2017,1481.995,89.18600463867188,99.0,98.90973139723924,<1,Eastern Mediterranean,BHR,High income
Bahrain,2018,1497.626,89.28700256347656,99.0,98.9078127858863,<1,Eastern Mediterranean,BHR,High income
Bahrain,2019,1485.67,89.39399719238281,99.0,98.90589417453336,<1,Eastern Mediterranean,BHR,High income
Bahrain,2020,1483.077,89.50599670410156,99.0,98.9039755631804,<1,Eastern Mediterranean,BHR,High income
Bahrain,2021,1501.764,89.62200164794922,99.0,98.9039755631804,<1,Eastern Mediterranean,BHR,High income
Bahrain,2022,1533.459,89.74300384521484,99.0,98.9039755631804,<1,Eastern Mediterranean,BHR,High income
Bahrain,2023,1569.666,89.8689956665039,99.0,98.9039755631804,<1,Eastern Mediterranean,BHR,High income
Bahrain,2024,1607.049,89.9990005493164,99.0,98.9039755631804,<1,Eastern Mediterranean,BHR,High income
Bangladesh,2000,134544.304,23.59000015258789,94.55665910151048,55.30866038891984,2.242223835818587,South-East Asia,BGD,Lower middle income
Bangladesh,2001,136805.81,24.09600067138672,94.7286986016594,55.31502100209893,2.160447508151036,South-East Asia,BGD,Lower middle income
Bangladesh,2002,138933.658,24.755998611450195,94.90526871992452,55.29360959140087,2.076396662594904,South-East Asia,BGD,Lower middle income
Bangladesh,2003,140970.351,25.429000854492188,95.0805824631407,55.26868234976095,1.993023747945236,South-East Asia,BGD,Lower middle income
Bangladesh,2004,142902.856,26.113998413085938,95.25454900197226,55.2403777535328,1.910373982215398,South-East Asia,BGD,Lower middle income
Bangladesh,2005,144715.786,26.809001922607425,95.46158692070468,55.2090208115445,1.828507060217019,South-East Asia,BGD,Lower middle income
Bangladesh,2006,146405.973,27.517000198364254,95.66656129277732,55.17404777611235,1.747394231901412,South-East Asia,BGD,Lower middle income
Bangladesh,2007,147989.278,28.23699951171875,95.8693613830189,55.13559779388811,1.667078392388853,South-East Asia,BGD,Lower middle income
Bangladesh,2008,149474.264,28.968000411987305,96.06988687720649,55.09381739781498,1.587599877156606,South-East Asia,BGD,Lower middle income
Bangladesh,2009,150873.714,29.708999633789062,96.26805157060384,55.04886067633598,1.50899632604674,South-East Asia,BGD,Lower middle income
Bangladesh,2010,152201.981,30.46199989318848,96.4638392169857,55.00033306008662,1.431260965756466,South-East Asia,BGD,Lower middle income
Bangladesh,2011,153591.076,31.224998474121094,96.65713823650049,54.94856968557875,1.354445177038378,South-East Asia,BGD,Lower middle income
Bangladesh,2012,155070.101,31.992998123168945,96.84777337186516,55.29665332764781,1.278631586015317,South-East Asia,BGD,Lower middle income
Bangladesh,2013,156532.141,32.762001037597656,97.035648544406,55.6606745928765,1.203877518401724,South-East Asia,BGD,Lower middle income
Bangladesh,2014,157964.929,33.53499984741211,97.220803624287,56.04023226879898,1.130152149972643,South-East Asia,BGD,Lower middle income
Bangladesh,2015,159383.179,34.30800247192383,97.4031438216165,56.43603460702185,1.057504851132707,South-East Asia,BGD,Lower middle income
Bangladesh,2016,160811.932,35.08300018310547,97.58269817221309,56.84784791030705,<1,South-East Asia,BGD,Lower middle income
Bangladesh,2017,162186.147,35.85799789428711,97.75942557299427,57.27599745428368,<1,South-East Asia,BGD,Lower middle income
Bangladesh,2018,163523.103,36.63199996948242,97.93331616549304,57.7206212770885,<1,South-East Asia,BGD,Lower middle income
Bangladesh,2019,164913.055,37.40499877929688,98.1043633059551,58.18170874578114,<1,South-East Asia,BGD,Lower middle income
Bangladesh,2020,166298.024,38.177001953125,98.27257196901375,58.65925479234058,<1,South-East Asia,BGD,Lower middle income
Bangladesh,2021,167658.854,38.94599914550781,98.43794365808796,59.15341916561209,<1,South-East Asia,BGD,Lower middle income
Bangladesh,2022,169384.897,39.71099853515625,98.57929724614014,59.16010501604445,<1,South-East Asia,BGD,Lower middle income
Bangladesh,2023,171466.99,40.47299957275391,98.68166835678588,59.14280211106324,<1,South-East Asia,BGD,Lower middle income
Bangladesh,2024,173562.364,41.22999954223633,98.78254219347414,59.1254259857148,<1,South-East Asia,BGD,Lower middle income
Barbados,2000,262.063,33.82699966430664,98.06856806118776,,<1,Americas,BRB,High income
Barbados,2001,262.425,33.62900161743164,98.11613617787876,,<1,Americas,BRB,High income
Barbados,2002,264.148,33.430999755859375,98.1637042945698,,<1,Americas,BRB,High income
Barbados,2003,265.776,33.23400115966797,98.21127241126082,,<1,Americas,BRB,High income
Barbados,2004,267.298,33.03700256347656,98.25884052795186,,<1,Americas,BRB,High income
Barbados,2005,268.706,32.840999603271484,98.3064086446429,,<1,Americas,BRB,High income
Barbados,2006,270.002,32.645999908447266,98.35397676133393,,<1,Americas,BRB,High income
Barbados,2007,271.288,32.45100021362305,98.40154487802496,,<1,Americas,BRB,High income
Barbados,2008,272.714,32.25600051879883,98.44911299471596,,<1,Americas,BRB,High income
Barbados,2009,274.123,32.0629997253418,98.496681111407,,<1,Americas,BRB,High income
Barbados,2010,275.243,31.86999893188477,98.54424922809804,,<1,Americas,BRB,High income
Barbados,2011,276.139,31.700000762939453,98.59181734478906,,<1,Americas,BRB,High income
Barbados,2012,276.938,31.55299949645996,98.63938546148007,,<1,Americas,BRB,High income
Barbados,2013,277.665,31.428998947143555,98.68695357817111,,<1,Americas,BRB,High income
Barbados,2014,278.348,31.327999114990234,98.73452169486217,,<1,Americas,BRB,High income
Barbados,2015,278.99,31.248998641967773,98.78208981155318,,<1,Americas,BRB,High income
Barbados,2016,279.598,31.19300079345703,98.82965792824422,,<1,Americas,BRB,High income
Barbados,2017,280.171,31.158998489379883,98.87722604493524,,<1,Americas,BRB,High income
Barbados,2018,280.711,31.14699935913086,98.92479416162628,,<1,Americas,BRB,High income
Barbados,2019,281.207,31.15800094604492,98.97236227831728,,<1,Americas,BRB,High income
Barbados,2020,281.698,31.19099998474121,99.0,,<1,Americas,BRB,High income
Barbados,2021,282.147,31.246000289916992,99.0,,<1,Americas,BRB,High income
Barbados,2022,282.318,31.323999404907227,99.0,,<1,Americas,BRB,High income
Barbados,2023,282.336,31.424999237060547,99.0,,<1,Americas,BRB,High income
Barbados,2024,282.467,31.54800033569336,99.0,,<1,Americas,BRB,High income
Belarus,2000,9991.313,69.9729995727539,97.8523126087327,81.93724168384921,<1,Europe,BLR,Upper middle income
Belarus,2001,9938.065,70.45800018310547,97.84885875052758,82.07006720963636,<1,Europe,BLR,Upper middle income
Belarus,2002,9873.45,70.93899536132812,97.84555667708337,82.19705552686578,<1,Europe,BLR,Upper middle income
Belarus,2003,9803.176,71.41500091552734,97.84223515673128,82.32479171664933,<1,Europe,BLR,Upper middle income
Belarus,2004,9735.091,71.88700103759766,97.92124348343768,83.38609976237105,<1,Europe,BLR,Upper middle income
Belarus,2005,9667.838,72.35400390625,98.00092567782929,84.43014000179984,<1,Europe,BLR,Upper middle income
Belarus,2006,9608.036,72.81600189208984,98.08116377333695,85.4615062456089,<1,Europe,BLR,Upper middle income
Belarus,2007,9563.133,73.27299499511719,98.16161484129891,86.49585235697784,<1,Europe,BLR,Upper middle income
Belarus,2008,9529.358,73.72599792480469,98.2423602894853,87.5324486016731,<1,Europe,BLR,Upper middle income
Belarus,2009,9507.337,74.17200469970703,98.3240931023965,88.53945720543526,<1,Europe,BLR,Upper middle income
Belarus,2010,9490.752,74.67200469970703,98.40673176376283,89.51802170844087,<1,Europe,BLR,Upper middle income
Belarus,2011,9472.735,75.18799591064453,98.48987922445488,90.48929773786284,<1,Europe,BLR,Upper middle income
Belarus,2012,9463.076,75.6969985961914,98.57378380748813,91.4380467362848,<1,Europe,BLR,Upper middle income
Belarus,2013,9464.453,76.1989974975586,98.65837139883702,92.36549006782022,<1,Europe,BLR,Upper middle income
Belarus,2014,9472.708,76.69300079345703,98.7435395155894,92.46305787053278,<1,Europe,BLR,Upper middle income
Belarus,2015,9487.293,77.18099975585938,98.82922618615925,92.53808880550145,<1,Europe,BLR,Upper middle income
Belarus,2016,9499.064,77.66100311279297,98.91524967567688,92.59894871150884,<1,Europe,BLR,Upper middle income
Belarus,2017,9495.79,78.13400268554688,99.0,92.65029716669773,<1,Europe,BLR,Upper middle income
Belarus,2018,9480.031,78.59500122070312,99.0,92.70518486331014,<1,Europe,BLR,Upper middle income
Belarus,2019,9435.419,79.04399871826172,99.0,92.7745621864769,<1,Europe,BLR,Upper middle income
Belarus,2020,9350.944,79.48300170898438,99.0,92.84445366462822,<1,Europe,BLR,Upper middle income
Belarus,2021,9251.365,79.90999603271484,99.0,92.91306623786588,<1,Europe,BLR,Upper middle income
Belarus,2022,9173.237,80.32600402832031,99.0,92.98174871247744,<1,Europe,BLR,Upper middle income
Belarus,2023,9115.68,80.73099517822266,99.0,93.04574591090112,<1,Europe,BLR,Upper middle income
Belarus,2024,9056.696,81.125,99.0,93.0597552933534,<1,Europe,BLR,Upper middle income
Belgium,2000,10251.717,97.12899780273438,99.0,99.0,<1,Europe,BEL,High income
Belgium,2001,10287.004,97.18599700927734,99.0,99.0,<1,Europe,BEL,High income
Belgium,2002,10332.973,97.24100494384766,99.0,99.0,<1,Europe,BEL,High income
Belgium,2003,10376.26,97.2959976196289,99.0,99.0,<1,Europe,BEL,High income
Belgium,2004,10421.292,97.3499984741211,99.0,99.0,<1,Europe,BEL,High income
Belgium,2005,10478.886,97.40299987792967,99.0,99.0,<1,Europe,BEL,High income
Belgium,2006,10548.442,97.4540023803711,99.0,99.0,<1,Europe,BEL,High income
Belgium,2007,10625.493,97.50499725341795,99.0,99.0,<1,Europe,BEL,High income
Belgium,2008,10709.708,97.55500030517578,99.0,99.0,<1,Europe,BEL,High income
Belgium,2009,10812.935,97.60299682617188,99.0,99.0,<1,Europe,BEL,High income
Belgium,2010,10936.626,97.6510009765625,99.0,99.0,<1,Europe,BEL,High income
Belgium,2011,11038.631,97.697998046875,99.0,99.0,<1,Europe,BEL,High income
Belgium,2012,11107.518,97.74400329589844,99.0,99.0,<1,Europe,BEL,High income
Belgium,2013,11160.276,97.78900146484376,99.0,99.0,<1,Europe,BEL,High income
Belgium,2014,11210.119,97.83300018310548,99.0,99.0,<1,Europe,BEL,High income
Belgium,2015,11275.335,97.8759994506836,99.0,99.0,<1,Europe,BEL,High income
Belgium,2016,11332.701,97.91899871826172,99.0,99.0,<1,Europe,BEL,High income
Belgium,2017,11376.581,97.96100616455078,99.0,99.0,<1,Europe,BEL,High income
Belgium,2018,11428.605,98.0009994506836,99.0,99.0,<1,Europe,BEL,High income
Belgium,2019,11490.618,98.04100036621094,99.0,99.0,<1,Europe,BEL,High income
Belgium,2020,11540.107,98.0790023803711,99.0,99.0,<1,Europe,BEL,High income
Belgium,2021,11570.844,98.11699676513672,99.0,99.0,<1,Europe,BEL,High income
Belgium,2022,11641.82,98.15299987792967,99.0,99.0,<1,Europe,BEL,High income
Belgium,2023,11712.893,98.18900299072266,99.0,99.0,<1,Europe,BEL,High income
Belgium,2024,11738.763,98.2239990234375,99.0,99.0,<1,Europe,BEL,High income
Belize,2000,240.799,45.39799880981445,89.4207966981103,,3.082263060295989,Americas,BLZ,Upper middle income
Belize,2001,248.379,45.38100051879883,89.66721763558091,,2.882619792233379,Americas,BLZ,Upper middle income
Belize,2002,256.009,45.3640022277832,89.91358231829551,,2.682874099373582,Americas,BLZ,Upper middle income
Belize,2003,263.78,45.34700012207031,90.15988649550548,,2.483025961430349,Americas,BLZ,Upper middle income
Belize,2004,271.688,45.33000183105469,90.4061362273858,,2.283075544553001,Americas,BLZ,Upper middle income
Belize,2005,279.731,45.3129997253418,90.65232426120858,,2.083022640046823,Americas,BLZ,Upper middle income
Belize,2006,287.878,45.29600143432617,90.89845622430477,,1.882867437038888,Americas,BLZ,Upper middle income
Belize,2007,296.1,45.27899932861328,91.14453693436111,,1.682609999035181,Americas,BLZ,Upper middle income
Belize,2008,304.361,45.262001037597656,91.39055136162328,,1.482250000077484,Americas,BLZ,Upper middle income
Belize,2009,312.614,45.244998931884766,91.63651425924108,,1.28178776411225,Americas,BLZ,Upper middle income
Belize,2010,320.245,45.22800064086914,91.88016272702392,,1.081223069853284,Americas,BLZ,Upper middle income
Belize,2011,327.298,45.22800064086914,92.12487417396952,,<1,Americas,BLZ,Upper middle income
Belize,2012,334.414,45.24599838256836,92.37076097311927,,<1,Americas,BLZ,Upper middle income
Belize,2013,341.627,45.28200149536133,92.61787976420568,,<1,Americas,BLZ,Upper middle income
Belize,2014,348.923,45.334999084472656,92.86621341292022,,<1,Americas,BLZ,Upper middle income
Belize,2015,356.333,45.40599822998047,93.1158763105632,,<1,Americas,BLZ,Upper middle income
Belize,2016,364.705,45.494998931884766,93.36693047309382,,<1,Americas,BLZ,Upper middle income
Belize,2017,373.202,45.60100173950195,93.61934657602438,,<1,Americas,BLZ,Upper middle income
Belize,2018,380.226,45.7239990234375,93.87317068360754,,<1,Americas,BLZ,Upper middle income
Belize,2019,385.829,45.86600112915039,94.13161954591668,,<1,Americas,BLZ,Upper middle income
Belize,2020,390.812,46.02499771118164,94.39188099073878,,<1,Americas,BLZ,Upper middle income
Belize,2021,395.346,46.20100021362305,94.61481631278583,,<1,Americas,BLZ,Upper middle income
Belize,2022,402.733,46.39599990844727,94.72203749361128,,<1,Americas,BLZ,Upper middle income
Belize,2023,411.106,46.608001708984375,94.82988210801152,,<1,Americas,BLZ,Upper middle income
Belize,2024,417.072,46.8380012512207,94.84732530673412,,<1,Americas,BLZ,Upper middle income
Benin,2000,7221.619,38.33300018310547,61.05342897470297,14.20885603466987,11.01870202776477,Africa,BEN,Lower middle income
Benin,2001,7445.596,38.650001525878906,61.41104511863815,14.31276562180434,10.65423539074027,Africa,BEN,Lower middle income
Benin,2002,7675.426,39.0359992980957,61.78268647148125,14.43188374281513,10.28504780250806,Africa,BEN,Lower middle income
Benin,2003,7913.07,39.5359992980957,62.17776824279097,14.57616341523594,9.90763724214748,Africa,BEN,Lower middle income
Benin,2004,8159.094,40.03900146484375,62.56947559702658,14.72090527185311,9.532583258519725,Africa,BEN,Lower middle income
Benin,2005,8426.144,40.542999267578125,62.95729866991169,14.86566333887531,9.160078496434792,Africa,BEN,Lower middle income
Benin,2006,8693.242,41.04899978637695,63.3414202893598,15.01065962146695,8.790048363038007,Africa,BEN,Lower middle income
Benin,2007,8953.969,41.55799865722656,63.72200337888504,15.15611302586875,8.422430121582538,Africa,BEN,Lower middle income
Benin,2008,9228.466,42.06900024414063,64.09877364057844,15.30180023859028,8.05732364554788,Africa,BEN,Lower middle income
Benin,2009,9509.423,42.57999801635742,64.47128003087604,15.44728018451716,7.694892937446229,Africa,BEN,Lower middle income
Benin,2010,9797.484,43.09299850463867,64.8398943690565,15.59299292915292,7.334995057851399,Africa,BEN,Lower middle income
Benin,2011,10093.623,43.608001708984375,65.20456769762554,15.73893822087302,6.977645546565059,Africa,BEN,Lower middle income
Benin,2012,10397.657,44.125,65.56524726831479,15.88511303652451,6.622860534548905,Africa,BEN,Lower middle income
Benin,2013,10708.834,44.64200210571289,65.92151514490371,16.03107694264541,6.270782345975817,Africa,BEN,Lower middle income
Benin,2014,11030.004,45.16600036621094,66.27459902548674,16.17836923075689,5.920984083910201,Africa,BEN,Lower middle income
Benin,2015,11360.681,45.69499969482422,66.62402614759145,16.32654643670955,5.57363727535536,Africa,BEN,Lower middle income
Benin,2016,11697.842,46.229000091552734,66.96970535825871,16.47560558084279,5.228782043759606,Africa,BEN,Lower middle income
Benin,2017,12039.78,46.76800155639648,67.31152992354887,16.62554224041543,4.886456367233501,Africa,BEN,Lower middle income
Benin,2018,12383.347,47.3120002746582,67.64941139607977,16.77635509238995,4.546700325294793,Africa,BEN,Lower middle income
Benin,2019,12726.755,47.86100006103516,67.98325169825722,16.92804063917859,4.209553186937808,Africa,BEN,Lower middle income
Benin,2020,13070.169,48.415000915527344,68.31295056169364,17.08059497881413,3.875054104514577,Africa,BEN,Lower middle income
Benin,2021,13413.417,48.97200012207031,68.63812454790941,17.2335784921348,3.543327836434333,Africa,BEN,Lower middle income
Benin,2022,13759.501,49.53400039672852,68.95898157692744,17.3874262062623,3.21431760475313,Africa,BEN,Lower middle income
Benin,2023,14111.034,50.09999847412109,69.27529138469416,17.54191764781211,2.888100211688365,Africa,BEN,Lower middle income
Benin,2024,14462.724,50.66900253295898,69.58683978670673,17.69683223748673,2.564741826486158,Africa,BEN,Lower middle income
Bermuda,2000,61.55,100.0,99.0,,<1,Americas,BMU,High income
Bermuda,2001,61.867,100.0,99.0,,<1,Americas,BMU,High income
Bermuda,2002,62.142,100.0,99.0,,<1,Americas,BMU,High income
Bermuda,2003,62.386,100.0,99.0,,<1,Americas,BMU,High income
Bermuda,2004,62.555,100.0,99.0,,<1,Americas,BMU,High income
Bermuda,2005,62.711,100.0,99.0,,<1,Americas,BMU,High income
Bermuda,2006,62.834,100.0,99.0,,<1,Americas,BMU,High income
Bermuda,2007,63.01,100.0,99.0,,<1,Americas,BMU,High income
Bermuda,2008,63.3,100.0,99.0,,<1,Americas,BMU,High income
Bermuda,2009,63.565,100.0,99.0,,<1,Americas,BMU,High income
Bermuda,2010,63.725,100.0,99.0,,<1,Americas,BMU,High income
Bermuda,2011,63.733,100.0,99.0,,<1,Americas,BMU,High income
Bermuda,2012,63.646,100.0,99.0,,<1,Americas,BMU,High income
Bermuda,2013,63.574,100.0,99.0,,<1,Americas,BMU,High income
Bermuda,2014,63.529,100.0,99.0,,<1,Americas,BMU,High income
Bermuda,2015,63.464,100.0,99.0,,<1,Americas,BMU,High income
Bermuda,2016,63.449,100.0,99.0,,<1,Americas,BMU,High income
Bermuda,2017,63.578,100.0,99.0,,<1,Americas,BMU,High income
Bermuda,2018,63.831,100.0,99.0,,<1,Americas,BMU,High income
Bermuda,2019,64.107,100.0,99.0,,<1,Americas,BMU,High income
Bermuda,2020,64.382,100.0,99.0,,<1,Americas,BMU,High income
Bermuda,2021,64.648,100.0,99.0,,<1,Americas,BMU,High income
Bermuda,2022,64.749,100.0,99.0,,<1,Americas,BMU,High income
Bermuda,2023,64.698,100.0,99.0,,<1,Americas,BMU,High income
Bermuda,2024,64.636,100.0,99.0,,<1,Americas,BMU,High income
Bhutan,2000,596.863,25.41800117492676,83.75012407115682,28.44027574275268,8.605861137973339,South-East Asia,BTN,Lower middle income
Bhutan,2001,610.794,26.48000144958496,84.65358066407072,28.84911940193036,8.494331537294388,South-East Asia,BTN,Lower middle income
Bhutan,2002,624.409,27.56999969482422,85.61518124866184,29.25694587460362,7.920704295401486,South-East Asia,BTN,Lower middle income
Bhutan,2003,637.663,28.687997817993164,86.56286185321117,29.66353117231903,7.357218863917041,South-East Asia,BTN,Lower middle income
Bhutan,2004,650.544,29.83500099182129,87.49598331417512,30.06881021598937,6.804277827571818,South-East Asia,BTN,Lower middle income
Bhutan,2005,661.865,30.96500015258789,88.40842718378735,30.46511458667682,6.266145427823285,South-East Asia,BTN,Lower middle income
Bhutan,2006,670.799,31.711997985839844,89.26130678740583,30.79445293571884,5.770254075324929,South-East Asia,BTN,Lower middle income
Bhutan,2007,678.641,32.46900177001953,90.10326759310566,31.12129727909979,5.282403617720667,South-East Asia,BTN,Lower middle income
Bhutan,2008,686.351,33.23600006103516,90.93402697269504,31.44556516825336,4.802770678565323,South-East Asia,BTN,Lower middle income
Bhutan,2009,693.988,34.0099983215332,91.7530531120039,31.76672348004227,4.331704557689451,South-East Asia,BTN,Lower middle income
Bhutan,2010,701.632,34.79300308227539,92.56028602543708,32.08501186809577,3.869223575747038,South-East Asia,BTN,Lower middle income
Bhutan,2011,709.377,35.58500289916992,93.35546611628736,34.84340703037158,3.415486127016028,South-East Asia,BTN,Lower middle income
Bhutan,2012,717.279,36.37099838256836,94.13749502723928,37.58926700745256,2.971259698419388,South-East Asia,BTN,Lower middle income
Bhutan,2013,725.273,37.14900207519531,94.90641329847928,40.32135729145669,2.536508664169278,South-East Asia,BTN,Lower middle income
Bhutan,2014,733.139,37.91800308227539,95.66235733100288,43.70539826062526,2.111121536619811,South-East Asia,BTN,Lower middle income
Bhutan,2015,740.618,38.67799758911133,96.40553820337853,47.10153509346648,1.694940608094376,South-East Asia,BTN,Lower middle income
Bhutan,2016,747.866,39.42799758911133,97.13614034415306,50.50870519586461,1.28782495530682,South-East Asia,BTN,Lower middle income
Bhutan,2017,754.335,40.16699981689453,97.85439014256131,53.92600366720791,<1,South-East Asia,BTN,Lower middle income
Bhutan,2018,759.759,40.89500045776367,98.42662214740298,57.26829787771145,<1,South-East Asia,BTN,Lower middle income
Bhutan,2019,764.824,41.61199951171875,98.96338040153474,60.59222749792382,<1,South-East Asia,BTN,Lower middle income
Bhutan,2020,770.006,42.31599807739258,99.0,63.61893469511556,<1,South-East Asia,BTN,Lower middle income
Bhutan,2021,775.442,43.007999420166016,99.0,66.61621121249979,<1,South-East Asia,BTN,Lower middle income
Bhutan,2022,780.914,43.68600082397461,99.0,67.78294205132838,<1,South-East Asia,BTN,Lower middle income
Bhutan,2023,786.385,44.35000228881836,99.0,66.65407247496321,<1,South-East Asia,BTN,Lower middle income
Bhutan,2024,791.524,45.0,99.0,65.59421596927488,<1,South-East Asia,BTN,Lower middle income
Bolivia (Plurinational State of),2000,8606.326,61.7869987487793,81.22389880473018,,12.5584579347903,Americas,BOL,Lower middle income
Bolivia (Plurinational State of),2001,8752.736,62.305999755859375,81.83862420367346,,12.13171425751204,Americas,BOL,Lower middle income
Bolivia (Plurinational State of),2002,8900.355,62.78300476074219,82.43118550990111,,11.72468954523304,Americas,BOL,Lower middle income
Bolivia (Plurinational State of),2003,9050.7,63.24800109863281,83.01306350285995,,11.327691412025,Americas,BOL,Lower middle income
Bolivia (Plurinational State of),2004,9204.287,63.71099853515625,83.58795892582407,,10.93759716336631,Americas,BOL,Lower middle income
Bolivia (Plurinational State of),2005,9360.754,64.17000579833984,84.15523568846038,,10.55492420744203,Americas,BOL,Lower middle income
Bolivia (Plurinational State of),2006,9521.689,64.62799835205078,84.71596314220797,,10.17877414903098,Americas,BOL,Lower middle income
Bolivia (Plurinational State of),2007,9685.96,65.08200073242188,85.26916927334337,,9.809923033005846,Americas,BOL,Lower middle income
Bolivia (Plurinational State of),2008,9850.858,65.53500366210938,85.81588291658592,,9.44751078137829,Americas,BOL,Lower middle income
Bolivia (Plurinational State of),2009,10016.275,65.98400115966797,86.35517939202467,,9.09227891542623,Americas,BOL,Lower middle income
Bolivia (Plurinational State of),2010,10182.345,66.43000030517578,86.88744368237238,,8.743895223953345,Americas,BOL,Lower middle income
Bolivia (Plurinational State of),2011,10348.929,66.8740005493164,87.41302450866482,,8.402063221573556,Americas,BOL,Lower middle income
Bolivia (Plurinational State of),2012,10515.807,67.31500244140625,87.93165651190402,,8.066970628330303,Americas,BOL,Lower middle income
Bolivia (Plurinational State of),2013,10682.608,67.6989974975586,88.42817215557521,,7.750792020358787,Americas,BOL,Lower middle income
Bolivia (Plurinational State of),2014,10848.888,68.0469970703125,88.90955661503888,,7.447747348485322,Americas,BOL,Lower middle income
Bolivia (Plurinational State of),2015,11014.705,68.39299774169922,89.38567647453979,,7.149864009845212,Americas,BOL,Lower middle income
Bolivia (Plurinational State of),2016,11180.02,68.73799896240234,89.85682903175098,,6.856894347987664,Americas,BOL,Lower middle income
Bolivia (Plurinational State of),2017,11344.587,69.08000183105469,90.32251830756704,,6.569217751885535,Americas,BOL,Lower middle income
Bolivia (Plurinational State of),2018,11508.368,69.42499542236328,90.78428004773431,,6.285617797554255,Americas,BOL,Lower middle income
Bolivia (Plurinational State of),2019,11671.386,69.77300262451172,91.22905182151965,,6.006154676839066,Americas,BOL,Lower middle income
Bolivia (Plurinational State of),2020,11816.299,70.12300109863281,91.66950867397858,,5.731069074647245,Americas,BOL,Lower middle income
Bolivia (Plurinational State of),2021,11937.36,70.4749984741211,92.10560669307915,,5.460401819118228,Americas,BOL,Lower middle income
Bolivia (Plurinational State of),2022,12077.154,70.83000183105469,92.53752272461448,,5.194028536868394,Americas,BOL,Lower middle income
Bolivia (Plurinational State of),2023,12244.159,71.18599700927734,92.9647725892341,,4.932326924476515,Americas,BOL,Lower middle income
Bolivia (Plurinational State of),2024,12413.315,71.54499816894531,93.38774946720308,,4.675014905978073,Americas,BOL,Lower middle income
"Bonaire, Sint Eustasius and Saba",2000,14.233,74.9469985961914,98.62191328018665,83.55975017250192,<1,Americas,BES,
"Bonaire, Sint Eustasius and Saba",2001,14.502,74.76900482177734,98.68753645732062,84.3330740812753,<1,Americas,BES,
"Bonaire, Sint Eustasius and Saba",2002,15.005,74.76499938964844,98.7531596344546,85.1073525031118,<1,Americas,BES,
"Bonaire, Sint Eustasius and Saba",2003,15.643,74.76200103759766,98.81878281158852,85.88258543801142,<1,Americas,BES,
"Bonaire, Sint Eustasius and Saba",2004,16.303,74.75900268554688,98.8844059887225,86.65877288597417,<1,Americas,BES,
"Bonaire, Sint Eustasius and Saba",2005,16.98,74.7550048828125,98.95002916585648,87.43591484700008,<1,Americas,BES,
"Bonaire, Sint Eustasius and Saba",2006,17.674,74.75200653076172,99.0,88.21401132108909,<1,Americas,BES,
"Bonaire, Sint Eustasius and Saba",2007,18.384,74.74800109863281,99.0,88.99306230824125,<1,Americas,BES,
"Bonaire, Sint Eustasius and Saba",2008,19.099,74.74500274658203,99.0,89.77306780845653,<1,Americas,BES,
"Bonaire, Sint Eustasius and Saba",2009,19.823,74.74200439453125,99.0,90.55402782173496,<1,Americas,BES,
"Bonaire, Sint Eustasius and Saba",2010,20.558,74.73799896240234,99.0,91.33594234807649,<1,Americas,BES,
"Bonaire, Sint Eustasius and Saba",2011,21.625,74.73500061035156,99.0,92.11881138748116,<1,Americas,BES,
"Bonaire, Sint Eustasius and Saba",2012,22.822,74.73200225830078,99.0,92.90263493994895,<1,Americas,BES,
"Bonaire, Sint Eustasius and Saba",2013,23.811,74.72799682617188,99.0,93.68741300547988,<1,Americas,BES,
"Bonaire, Sint Eustasius and Saba",2014,24.465,74.73699951171875,99.0,94.47314558407392,<1,Americas,BES,
"Bonaire, Sint Eustasius and Saba",2015,24.61,74.75900268554688,99.0,95.25983267573112,<1,Americas,BES,
"Bonaire, Sint Eustasius and Saba",2016,24.543,74.79199981689453,99.0,96.04747428045124,<1,Americas,BES,
"Bonaire, Sint Eustasius and Saba",2017,24.797,74.83799743652344,99.0,96.83607039823468,<1,Americas,BES,
"Bonaire, Sint Eustasius and Saba",2018,25.154,74.89600372314453,99.0,97.62562102908126,<1,Americas,BES,
"Bonaire, Sint Eustasius and Saba",2019,25.625,74.96600341796875,99.0,98.41612617299096,<1,Americas,BES,
"Bonaire, Sint Eustasius and Saba",2020,26.453,75.0479965209961,99.0,99.0,<1,Americas,BES,
"Bonaire, Sint Eustasius and Saba",2021,27.323,75.14199829101562,99.0,99.0,<1,Americas,BES,
"Bonaire, Sint Eustasius and Saba",2022,28.627,75.2490005493164,99.0,99.0,<1,Americas,BES,
"Bonaire, Sint Eustasius and Saba",2023,29.898,75.36600494384766,99.0,99.0,<1,Americas,BES,
"Bonaire, Sint Eustasius and Saba",2024,30.675,75.49600219726562,99.0,99.0,<1,Americas,BES,
Bosnia and Herzegovina,2000,4159.771,42.38399887084961,97.40482527130742,87.47026964625475,<1,Europe,BIH,Upper middle income
Bosnia and Herzegovina,2001,4179.438,42.697998046875,97.319504252611,87.56001023205691,<1,Europe,BIH,Upper middle income
Bosnia and Herzegovina,2002,4188.002,43.01399993896485,97.23201163308823,87.64921738791294,<1,Europe,BIH,Upper middle income
Bosnia and Herzegovina,2003,4178.523,43.32999801635742,97.1423004507177,87.73780845865036,<1,Europe,BIH,Upper middle income
Bosnia and Herzegovina,2004,4140.987,43.64799880981445,97.05039745696394,87.82586124407362,<1,Europe,BIH,Upper middle income
Bosnia and Herzegovina,2005,4096.493,43.96500015258789,96.95626972388712,87.91326904218698,<1,Europe,BIH,Upper middle income
Bosnia and Herzegovina,2006,4063.272,44.28200149536133,96.85991794875282,88.00005693097233,<1,Europe,BIH,Upper middle income
Bosnia and Herzegovina,2007,4013.424,44.60099792480469,96.76134738985589,88.08629467476733,<1,Europe,BIH,Upper middle income
Bosnia and Herzegovina,2008,3947.544,44.92000198364258,96.66055231747345,88.17191803669789,<1,Europe,BIH,Upper middle income
Bosnia and Herzegovina,2009,3879.794,45.23899841308594,96.55753053275215,88.25692383926288,<1,Europe,BIH,Upper middle income
Bosnia and Herzegovina,2010,3811.472,45.55799865722656,96.45228229690493,88.3413118101289,<1,Europe,BIH,Upper middle income
Bosnia and Herzegovina,2011,3741.798,45.87799835205078,96.3448010624916,88.42511547915481,<1,Europe,BIH,Upper middle income
Bosnia and Herzegovina,2012,3670.113,46.19900131225586,96.23506738682131,88.50832220007881,<1,Europe,BIH,Upper middle income
Bosnia and Herzegovina,2013,3610.859,46.51900100708008,96.12311834178352,88.59088132093628,<1,Europe,BIH,Upper middle income
Bosnia and Herzegovina,2014,3564.829,46.84000015258789,96.00891833244602,88.67284686572397,<1,Europe,BIH,Upper middle income
Bosnia and Herzegovina,2015,3518.541,47.17300033569336,96.06944035389908,88.74330937120607,<1,Europe,BIH,Upper middle income
Bosnia and Herzegovina,2016,3473.003,47.51800155639648,96.07241333600555,88.7624814191696,<1,Europe,BIH,Upper middle income
Bosnia and Herzegovina,2017,3428.682,47.8759994506836,96.15690413519944,88.85571279398398,<1,Europe,BIH,Upper middle income
Bosnia and Herzegovina,2018,3387.0,48.24500274658203,96.14783671430617,88.86462017324718,<1,Europe,BIH,Upper middle income
Bosnia and Herzegovina,2019,3345.533,48.6259994506836,96.13847351957811,88.73678612184975,<1,Europe,BIH,Upper middle income
Bosnia and Herzegovina,2020,3299.349,49.02000045776367,96.12879306707308,88.15271553826084,<1,Europe,BIH,Upper middle income
Bosnia and Herzegovina,2021,3244.907,49.42499923706055,96.1188407812551,87.56863864593754,<1,Europe,BIH,Upper middle income
Bosnia and Herzegovina,2022,3204.802,49.84099960327149,96.1086192936171,86.98455811158415,<1,Europe,BIH,Upper middle income
Bosnia and Herzegovina,2023,3185.073,50.26900100708008,96.09810210776644,86.40047168028225,<1,Europe,BIH,Upper middle income
Bosnia and Herzegovina,2024,3164.253,50.70800018310547,96.08731272312188,86.40010787900603,<1,Europe,BIH,Upper middle income
Botswana,2000,1677.382,53.21900177001953,75.45956642677996,59.19699332827479,3.046666151213326,Africa,BWA,Upper middle income
Botswana,2001,1712.254,54.06200408935547,75.75494897968555,59.60285721006463,2.895696959571008,Africa,BWA,Upper middle income
Botswana,2002,1744.763,54.56999969482422,75.91390625268937,59.82907242788673,2.767679386238574,Africa,BWA,Upper middle income
Botswana,2003,1775.736,55.02899932861328,76.05198485057838,60.02824388199759,2.644549628178196,Africa,BWA,Upper middle income
Botswana,2004,1807.146,55.48800277709961,76.18888380629271,60.22643800192233,2.523369889285001,Africa,BWA,Upper middle income
Botswana,2005,1839.877,55.94400024414063,76.32340896586122,60.42206636067998,2.404295240497039,Africa,BWA,Upper middle income
Botswana,2006,1874.516,56.400001525878906,77.37937464471909,61.69067738394981,2.287158356451704,Africa,BWA,Upper middle income
Botswana,2007,1911.201,57.928001403808594,78.81763790614589,63.50897038114837,2.121366335523568,Africa,BWA,Upper middle income
Botswana,2008,1949.97,59.44400024414063,80.20835656528111,65.30496445575368,1.962608545813513,Africa,BWA,Upper middle income
Botswana,2009,1990.673,60.9370002746582,81.54820489156798,67.07312542623028,1.811280229018677,Africa,BWA,Upper middle income
Botswana,2010,2033.111,62.4119987487793,82.83969383806608,68.81617431853398,1.667031296840596,Africa,BWA,Upper middle income
Botswana,2011,2073.535,63.8650016784668,84.08224116148882,70.53225580657728,1.529901575335252,Africa,BWA,Upper middle income
Botswana,2012,2108.617,64.76799774169922,85.11981765512957,70.44698256076008,1.419060547055462,Africa,BWA,Upper middle income
Botswana,2013,2140.682,65.5719985961914,86.1035328726968,69.87543718206942,1.31546690867443,Africa,BWA,Upper middle income
Botswana,2014,2172.044,66.36800384521484,87.06200779196256,69.30036073153222,1.215548352146726,Africa,BWA,Upper middle income
Botswana,2015,2203.273,67.15499877929688,87.99527136316773,68.72161530313721,1.119284284245006,Africa,BWA,Upper middle income
Botswana,2016,2234.776,67.93299865722656,88.90366847853421,68.13930483144289,1.026616930130934,Africa,BWA,Upper middle income
Botswana,2017,2266.747,68.69999694824219,89.78707885980819,67.55307673830801,<1,Africa,BWA,Upper middle income
Botswana,2018,2299.141,69.44599914550781,90.64382016615212,66.9608403591373,<1,Africa,BWA,Upper middle income
Botswana,2019,2332.083,70.1719970703125,91.47494799754692,66.36295802397112,<1,Africa,BWA,Upper middle income
Botswana,2020,2365.894,70.87699890136719,91.54613651879272,65.7593518676202,<1,Africa,BWA,Upper middle income
Botswana,2021,2401.441,71.55999755859375,91.61103102510984,65.14994439597088,<1,Africa,BWA,Upper middle income
Botswana,2022,2439.892,72.2239990234375,91.6703014636918,64.53551491179763,<1,Africa,BWA,Upper middle income
Botswana,2023,2480.244,72.86699676513672,91.72365508036616,63.91576891505893,<1,Africa,BWA,Upper middle income
Botswana,2024,2521.139,73.48999786376953,91.77136408072464,63.2910412393649,<1,Africa,BWA,Upper middle income
Brazil,2000,174018.282,81.19200134277344,93.54166897217644,75.78449009763045,<1,Americas,BRA,Upper middle income
Brazil,2001,176301.203,81.5530014038086,93.871177189366,76.32582340136787,<1,Americas,BRA,Upper middle income
Brazil,2002,178503.484,81.87999725341797,94.1864278135922,76.8492322571614,<1,Americas,BRA,Upper middle income
Brazil,2003,180622.688,82.2030029296875,94.49491010129476,77.36500304965014,<1,Americas,BRA,Upper middle income
Brazil,2004,182675.143,82.52099609375,94.796510365405,77.78533876022598,1.021934419364163,Americas,BRA,Upper middle income
Brazil,2005,184688.101,82.83399963378906,95.09137722172224,78.04189449130668,1.07338592556639,Americas,BRA,Upper middle income
Brazil,2006,186653.106,83.14300537109375,95.3798210203177,78.29343164136402,1.122172001054141,Americas,BRA,Upper middle income
Brazil,2007,188552.32,83.447998046875,95.66195564501108,78.54003060957109,1.168347917430796,Americas,BRA,Upper middle income
Brazil,2008,190367.302,83.7490005493164,95.93789409485208,78.78177249702468,1.211968149422433,Americas,BRA,Upper middle income
Brazil,2009,192079.951,84.04399871826172,96.20741143068884,79.0182471981314,1.253217902437782,Americas,BRA,Upper middle income
Brazil,2010,193701.929,84.33499908447266,96.47098009129331,79.25003827629135,1.292040217055335,Americas,BRA,Upper middle income
Brazil,2011,195284.734,84.6310043334961,96.73003073005684,79.47927701994504,1.327825438775477,Americas,BRA,Upper middle income
Brazil,2012,196876.111,84.9229965209961,96.98318949027752,79.70387118357063,1.361211564581406,Americas,BRA,Upper middle income
Brazil,2013,198478.299,85.20899963378906,97.23031035360196,80.4663380845948,1.338769262032202,Americas,BRA,Upper middle income
Brazil,2014,200085.127,85.49200439453125,97.47190670252742,81.22777241209258,1.316562156126172,Americas,BRA,Upper middle income
Brazil,2015,201675.532,85.7699966430664,97.70784921391711,81.98774095688313,1.294747996764251,Americas,BRA,Upper middle income
Brazil,2016,203218.114,86.04199981689453,97.92176054994498,82.7340763563796,1.271929877211874,Americas,BRA,Upper middle income
Brazil,2017,204703.445,86.30899810791016,98.19788083178943,83.50287480537604,-,Americas,BRA,Upper middle income
Brazil,2018,206107.261,86.56900024414062,98.55801205153874,84.25789085844477,-,Americas,BRA,Upper middle income
Brazil,2019,207455.459,86.8239974975586,98.77313415407303,85.01148407121809,-,Americas,BRA,Upper middle income
Brazil,2020,208660.842,87.072998046875,99.0,85.74191626233339,-,Americas,BRA,Upper middle income
Brazil,2021,209550.294,87.31700134277344,99.0,86.4345900524448,-,Americas,BRA,Upper middle income
Brazil,2022,210306.415,87.55500030517578,99.0,87.12465458813459,-,Americas,BRA,Upper middle income
Brazil,2023,211140.729,87.78799438476562,99.0,87.95282694117216,-,Americas,BRA,Upper middle income
Brazil,2024,211998.573,88.01599884033203,99.0,88.62396607214139,-,Americas,BRA,Upper middle income
British Virgin Islands,2000,20.241,41.77399826049805,95.30273972602744,,<1,Americas,VGB,High income
British Virgin Islands,2001,20.796,42.04800033569336,95.68287671232883,,<1,Americas,VGB,High income
British Virgin Islands,2002,21.43,42.32799911499024,96.06301369863024,,<1,Americas,VGB,High income
British Virgin Islands,2003,22.134,42.61499786376953,96.44315068493154,,<1,Americas,VGB,High income
British Virgin Islands,2004,22.881,42.90900039672852,96.82328767123296,,<1,Americas,VGB,High income
British Virgin Islands,2005,23.665,43.209999084472656,97.20342465753436,,<1,Americas,VGB,High income
British Virgin Islands,2006,24.493,43.516998291015625,97.58356164383564,,<1,Americas,VGB,High income
British Virgin Islands,2007,25.366,43.83100128173828,97.96369863013706,,<1,Americas,VGB,High income
British Virgin Islands,2008,26.288,44.152000427246094,98.34383561643848,,<1,Americas,VGB,High income
British Virgin Islands,2009,27.218,44.479000091552734,98.72397260273976,,<1,Americas,VGB,High income
British Virgin Islands,2010,27.675,44.81399917602539,99.0,,<1,Americas,VGB,High income
British Virgin Islands,2011,28.71,45.15399932861328,99.0,,<1,Americas,VGB,High income
British Virgin Islands,2012,30.345,45.50200271606445,99.0,,<1,Americas,VGB,High income
British Virgin Islands,2013,31.703,45.85599899291992,99.0,,<1,Americas,VGB,High income
British Virgin Islands,2014,32.962,46.21599960327149,99.0,,<1,Americas,VGB,High income
British Virgin Islands,2015,34.498,46.58300018310547,99.0,,<1,Americas,VGB,High income
British Virgin Islands,2016,33.878,46.95700073242188,99.0,,<1,Americas,VGB,High income
British Virgin Islands,2017,32.699,47.33699798583984,99.0,,<1,Americas,VGB,High income
British Virgin Islands,2018,34.657,47.72299957275391,99.0,,<1,Americas,VGB,High income
British Virgin Islands,2019,36.395,48.11600112915039,99.0,,<1,Americas,VGB,High income
British Virgin Islands,2020,37.135,48.51499938964844,99.0,,<1,Americas,VGB,High income
British Virgin Islands,2021,37.809,48.91999816894531,99.0,,<1,Americas,VGB,High income
British Virgin Islands,2022,38.319,49.33100128173828,99.0,,<1,Americas,VGB,High income
British Virgin Islands,2023,38.985,49.74800109863281,99.0,,<1,Americas,VGB,High income
British Virgin Islands,2024,39.471,50.17100143432617,99.0,,<1,Americas,VGB,High income
Brunei Darussalam,2000,326.424,71.16400146484375,99.0,,<1,Western Pacific,BRN,High income
Brunei Darussalam,2001,333.345,71.6520004272461,99.0,,<1,Western Pacific,BRN,High income
Brunei Darussalam,2002,340.099,72.0459976196289,99.0,,<1,Western Pacific,BRN,High income
Brunei Darussalam,2003,346.637,72.42100524902344,99.0,,<1,Western Pacific,BRN,High income
Brunei Darussalam,2004,352.911,72.79399871826172,99.0,,<1,Western Pacific,BRN,High income
Brunei Darussalam,2005,358.916,73.16300201416016,99.0,,<1,Western Pacific,BRN,High income
Brunei Darussalam,2006,364.663,73.52899932861328,99.0,,<1,Western Pacific,BRN,High income
Brunei Darussalam,2007,370.873,73.89199829101562,99.0,,<1,Western Pacific,BRN,High income
Brunei Darussalam,2008,377.793,74.25199890136719,99.0,,<1,Western Pacific,BRN,High income
Brunei Darussalam,2009,384.952,74.60800170898438,99.0,,<1,Western Pacific,BRN,High income
Brunei Darussalam,2010,392.332,74.96099853515625,99.0,,<1,Western Pacific,BRN,High income
Brunei Darussalam,2011,399.389,75.30999755859375,99.0,,<1,Western Pacific,BRN,High income
Brunei Darussalam,2012,405.557,75.656005859375,99.0,,<1,Western Pacific,BRN,High income
Brunei Darussalam,2013,411.202,75.99700164794922,99.0,,<1,Western Pacific,BRN,High income
Brunei Darussalam,2014,416.75,76.33200073242188,99.0,,<1,Western Pacific,BRN,High income
Brunei Darussalam,2015,422.212,76.66300201416016,99.0,,<1,Western Pacific,BRN,High income
Brunei Darussalam,2016,427.564,76.99000549316406,99.0,,<1,Western Pacific,BRN,High income
Brunei Darussalam,2017,432.772,77.31199645996094,99.0,,<1,Western Pacific,BRN,High income
Brunei Darussalam,2018,437.81,77.62899780273438,99.0,,<1,Western Pacific,BRN,High income
Brunei Darussalam,2019,442.68,77.94200134277344,99.0,,<1,Western Pacific,BRN,High income
Brunei Darussalam,2020,447.404,78.25,99.0,,<1,Western Pacific,BRN,High income
Brunei Darussalam,2021,451.721,78.55400085449219,99.0,,<1,Western Pacific,BRN,High income
Brunei Darussalam,2022,455.37,78.85400390625,99.0,,<1,Western Pacific,BRN,High income
Brunei Darussalam,2023,458.949,79.14900207519531,99.0,,<1,Western Pacific,BRN,High income
Brunei Darussalam,2024,462.721,79.43900299072266,99.0,,<1,Western Pacific,BRN,High income
Bulgaria,2000,8000.52,68.89900207519531,99.0,89.59609455489628,<1,Europe,BGR,High income
Bulgaria,2001,7928.452,69.16600036621094,99.0,90.12666386492394,<1,Europe,BGR,High income
Bulgaria,2002,7861.943,69.52400207519531,99.0,90.65757787521548,<1,Europe,BGR,High income
Bulgaria,2003,7804.409,69.87899780273438,99.0,91.18870642777505,<1,Europe,BGR,High income
Bulgaria,2004,7749.43,70.23300170898438,99.0,91.72007084486336,<1,Europe,BGR,High income
Bulgaria,2005,7695.05,70.58399963378906,99.0,92.2516589688999,<1,Europe,BGR,High income
Bulgaria,2006,7640.294,70.93199920654297,99.0,92.78348099369464,<1,Europe,BGR,High income
Bulgaria,2007,7586.888,71.27799987792969,99.0,93.31554137510778,<1,Europe,BGR,High income
Bulgaria,2008,7535.592,71.62200164794922,99.0,93.8478480753102,<1,Europe,BGR,High income
Bulgaria,2009,7488.011,71.96299743652344,99.0,94.38038771309569,<1,Europe,BGR,High income
Bulgaria,2010,7437.599,72.302001953125,99.0,94.91318844416978,<1,Europe,BGR,High income
Bulgaria,2011,7380.025,72.63800048828125,99.0,95.44623767190394,<1,Europe,BGR,High income
Bulgaria,2012,7317.014,72.9749984741211,99.0,95.97957541448396,<1,Europe,BGR,High income
Bulgaria,2013,7264.6,73.31299591064453,99.0,96.51321934784842,<1,Europe,BGR,High income
Bulgaria,2014,7223.449,73.6510009765625,99.0,97.03682233927218,<1,Europe,BGR,High income
Bulgaria,2015,7177.517,73.98999786376953,99.0,96.95122882640686,<1,Europe,BGR,High income
Bulgaria,2016,7127.434,74.3290023803711,99.0,96.86621496702558,<1,Europe,BGR,High income
Bulgaria,2017,7075.636,74.66899871826172,99.0,96.78181042824464,<1,Europe,BGR,High income
Bulgaria,2018,7024.745,75.00799560546875,99.0,96.69797008421092,<1,Europe,BGR,High income
Bulgaria,2019,6975.469,75.34700012207031,99.0,96.614717546999,<1,Europe,BGR,High income
Bulgaria,2020,6933.652,75.68600463867188,99.0,96.53205166163436,<1,Europe,BGR,High income
Bulgaria,2021,6877.225,76.02499389648438,99.0,96.44996308525562,<1,Europe,BGR,High income
Bulgaria,2022,6825.864,76.36299896240234,99.0,96.36844031024268,<1,Europe,BGR,High income
Bulgaria,2023,6795.803,76.70099639892578,99.0,96.28749150223229,<1,Europe,BGR,High income
Bulgaria,2024,6757.689,77.03700256347656,99.0,96.2070781494387,<1,Europe,BGR,High income
Burkina Faso,2000,11925.546,17.8439998626709,55.63909195394381,,6.236089743113584,Africa,BFA,Low income
Burkina Faso,2001,12295.001,18.53999900817871,55.83290370140791,,6.185151776468485,Africa,BFA,Low income
Burkina Faso,2002,12680.897,19.257999420166016,55.61143043700442,,5.848786645290001,Africa,BFA,Low income
Burkina Faso,2003,13082.532,19.99599838256836,55.39031157156433,,5.516140628889187,Africa,BFA,Low income
Burkina Faso,2004,13500.533,20.756999969482425,55.17128625788427,,5.187236167263417,Africa,BFA,Low income
Burkina Faso,2005,13932.123,21.53700065612793,54.95404830691046,,4.86255182150241,Africa,BFA,Low income
Burkina Faso,2006,14373.707,22.339000701904297,54.74041024520827,,4.542121350842411,Africa,BFA,Low income
Burkina Faso,2007,14816.307,22.996000289916992,54.47751225339739,,4.234880197510253,Africa,BFA,Low income
Burkina Faso,2008,15258.093,23.53400039672852,54.17092910469092,,3.938036738325609,Africa,BFA,Low income
Burkina Faso,2009,15710.066,24.078998565673828,53.86076205691652,,3.644656136891054,Africa,BFA,Low income
Burkina Faso,2010,16176.498,24.632999420166016,53.54817924841683,,3.354728306124498,Africa,BFA,Low income
Burkina Faso,2011,16661.908,25.196001052856445,53.23372107513685,,3.06834822486594,Africa,BFA,Low income
Burkina Faso,2012,17172.287,25.766998291015625,52.91757112155467,,2.785645388517839,Africa,BFA,Low income
Burkina Faso,2013,17695.409,26.34600067138672,52.60026574518687,,2.506703766623998,Africa,BFA,Low income
Burkina Faso,2014,18229.461,26.93400001525879,52.28272552013912,,2.23158051957495,Africa,BFA,Low income
Burkina Faso,2015,18777.487,27.529998779296875,51.96513315281191,,1.96039409817194,Africa,BFA,Low income
Burkina Faso,2016,19334.856,28.13400077819824,51.64805692787969,,1.693228899572855,Africa,BFA,Low income
Burkina Faso,2017,19894.407,28.742998123168945,51.33083021093521,,1.430220313187534,Africa,BFA,Low income
Burkina Faso,2018,20438.288,29.357999801635746,51.01436487469022,,1.171407316446718,Africa,BFA,Low income
Burkina Faso,2019,20961.952,29.98000144958496,50.69961676712793,,<1,Africa,BFA,Low income
Burkina Faso,2020,21478.69,30.60700035095215,50.38626379313214,,<1,Africa,BFA,Low income
Burkina Faso,2021,21995.243,31.2400016784668,50.07527195074071,,<1,Africa,BFA,Low income
Burkina Faso,2022,22509.038,31.876998901367188,49.76626062151652,,<1,Africa,BFA,Low income
Burkina Faso,2023,23025.776,32.52000045776367,49.46066066788059,,<1,Africa,BFA,Low income
Burkina Faso,2024,23548.781,33.16600036621094,49.99866001074966,,<1,Africa,BFA,Low income
Burundi,2000,6470.194,8.246000289916992,49.90500350818706,,15.40965653229228,Africa,BDI,Low income
Burundi,2001,6634.365,8.461000442504883,50.60763706658484,,14.77954833618785,Africa,BDI,Low income
Burundi,2002,6824.132,8.682000160217285,51.31358646676353,,14.14981130694728,Africa,BDI,Low income
Burundi,2003,7043.154,8.907999992370605,52.02244473922859,,13.52056174134312,Africa,BDI,Low income
Burundi,2004,7310.656,9.138999938964844,52.73414593472556,,12.89182744735639,Africa,BDI,Low income
Burundi,2005,7587.299,9.375,53.44863647552189,,12.26363983326394,Africa,BDI,Low income
Burundi,2006,7865.547,9.616999626159668,54.16619325223888,,11.63595509121232,Africa,BDI,Low income
Burundi,2007,8161.874,9.86400032043457,54.88641295091119,,11.00888085976865,Africa,BDI,Low income
Burundi,2008,8505.637,10.118000030517578,55.60989972299366,,10.38230857260336,Africa,BDI,Low income
Burundi,2009,8947.646,10.375999450683594,56.33558252657588,,9.756481379740652,Africa,BDI,Low income
Burundi,2010,9376.444,10.642000198364258,57.06471605689205,,9.131162387044508,Africa,BDI,Low income
Burundi,2011,9717.978,10.914999961853027,57.79689016807332,,8.506463653561674,Africa,BDI,Low income
Burundi,2012,10071.028,11.193999290466309,58.53169294095988,,7.882486877895746,Africa,BDI,Low income
Burundi,2013,10439.341,11.482000350952148,59.27001889012378,,7.259092240449363,Africa,BDI,Low income
Burundi,2014,10799.785,11.776000022888184,60.01080021034214,,6.636502847446308,Africa,BDI,Low income
Burundi,2015,11047.58,12.07800006866455,60.75459868540903,,6.014646106247401,Africa,BDI,Low income
Burundi,2016,11239.451,12.387999534606934,61.50131525080531,,5.393569310078862,Africa,BDI,Low income
Burundi,2017,11506.762,12.705999374389648,62.25085471096492,,4.773320595622703,Africa,BDI,Low income
Burundi,2018,11859.446,13.031999588012695,63.00311053090426,,4.169853247054148,Africa,BDI,Low income
Burundi,2019,12255.336,13.366000175476074,63.7579908768374,,3.60917272988225,Africa,BDI,Low income
Burundi,2020,12617.036,13.708000183105469,64.4028716190814,,3.594925060154734,Africa,BDI,Low income
Burundi,2021,12965.481,14.05799961090088,65.04930338821292,,3.580343992773243,Africa,BDI,Low income
Burundi,2022,13321.097,14.416999816894531,65.69755973501432,,3.565388054962986,Africa,BDI,Low income
Burundi,2023,13689.45,14.7839994430542,65.80698817087566,,3.550098700769141,Africa,BDI,Low income
Burundi,2024,14047.786,15.15999984741211,65.91910418475531,,-,Africa,BDI,Low income
Cabo Verde,2000,453.317,53.43499755859375,79.36775945292094,,<1,Africa,CPV,Lower middle income
Cabo Verde,2001,460.293,54.29099655151367,79.66277779653223,,<1,Africa,CPV,Lower middle income
Cabo Verde,2002,467.046,55.14600372314453,79.95277320716167,,<1,Africa,CPV,Lower middle income
Cabo Verde,2003,473.383,55.99700164794922,80.23720001426227,,<1,Africa,CPV,Lower middle income
Cabo Verde,2004,479.37,56.84600067138672,80.66026174868959,,<1,Africa,CPV,Lower middle income
Cabo Verde,2005,485.115,57.68899917602539,81.08172101231828,,<1,Africa,CPV,Lower middle income
Cabo Verde,2006,490.728,58.52900314331055,81.50212261511018,,<1,Africa,CPV,Lower middle income
Cabo Verde,2007,496.19,59.36300277709961,81.92092916724602,,<1,Africa,CPV,Lower middle income
Cabo Verde,2008,501.355,60.19399642944336,82.33869027418478,,<1,Africa,CPV,Lower middle income
Cabo Verde,2009,506.141,61.01599884033203,82.75431407709297,,<1,Africa,CPV,Lower middle income
Cabo Verde,2010,509.784,61.82100296020508,83.16633184407964,,<1,Africa,CPV,Lower middle income
Cabo Verde,2011,511.447,62.32200241088867,83.522244248535,,<1,Africa,CPV,Lower middle income
Cabo Verde,2012,511.955,62.82099914550781,83.87749348102211,,<1,Africa,CPV,Lower middle income
Cabo Verde,2013,512.225,63.31700134277344,84.2318960930689,,<1,Africa,CPV,Lower middle income
Cabo Verde,2014,512.326,63.810001373291016,84.58546460179689,,<1,Africa,CPV,Lower middle income
Cabo Verde,2015,512.394,64.30000305175781,84.93820159622044,,<1,Africa,CPV,Lower middle income
Cabo Verde,2016,512.554,64.78400421142578,85.58132242668204,,<1,Africa,CPV,Lower middle income
Cabo Verde,2017,512.893,65.26100158691406,86.33306874218596,,<1,Africa,CPV,Lower middle income
Cabo Verde,2018,513.415,65.73200225830078,87.07554526846106,,<1,Africa,CPV,Lower middle income
Cabo Verde,2019,514.104,66.19499969482422,87.80856886115795,,<1,Africa,CPV,Lower middle income
Cabo Verde,2020,514.679,66.6520004272461,88.53256580692062,,<1,Africa,CPV,Lower middle income
Cabo Verde,2021,516.649,67.10199737548828,89.24751250788349,,<1,Africa,CPV,Lower middle income
Cabo Verde,2022,519.741,67.54500579833984,90.0089261333879,,<1,Africa,CPV,Lower middle income
Cabo Verde,2023,522.331,67.98200225830078,91.14605423466,,<1,Africa,CPV,Lower middle income
Cabo Verde,2024,524.877,68.41200256347656,92.28008926619124,,<1,Africa,CPV,Lower middle income
Cambodia,2000,12462.336,18.58599853515625,52.30823450731412,17.1455984990605,24.91426560946035,Western Pacific,KHM,Lower middle income
Cambodia,2001,12658.484,18.703001022338867,53.98116859195622,17.61143582698121,24.11893694424665,Western Pacific,KHM,Lower middle income
Cambodia,2002,12855.241,18.81999969482422,55.51061356981057,18.07736702247608,23.32466536760248,Western Pacific,KHM,Lower middle income
Cambodia,2003,13050.968,18.937000274658203,56.91747165524013,18.54339501135583,22.53145102698035,Western Pacific,KHM,Lower middle income
Cambodia,2004,13244.731,19.05500030517578,58.30611053889137,19.00987997312958,21.739134714999,Western Pacific,KHM,Lower middle income
Cambodia,2005,13439.202,19.173999786376957,59.67655915206302,19.47682538344151,20.94772920690209,Western Pacific,KHM,Lower middle income
Cambodia,2006,13639.028,19.292999267578125,61.02854822918499,19.94386678972328,20.15740008807787,Western Pacific,KHM,Lower middle income
Cambodia,2007,13841.77,19.413000106811523,62.36241726969774,20.41136891614212,19.36799890805846,Western Pacific,KHM,Lower middle income
Cambodia,2008,14053.479,19.571001052856445,63.68842094852641,20.89281041423128,18.57426325075413,Western Pacific,KHM,Lower middle income
Cambodia,2009,14276.81,19.93000030517578,65.04926216030597,21.44767292378846,17.75419715489484,Western Pacific,KHM,Lower middle income
Cambodia,2010,14500.726,20.29400062561035,66.38910556500215,22.00465252275633,16.93670908739686,Western Pacific,KHM,Lower middle income
Cambodia,2011,14722.584,20.663000106811523,67.70799682526588,22.56375733896842,16.12186728519648,Western Pacific,KHM,Lower middle income
Cambodia,2012,14945.085,21.03700065612793,69.00598222596851,23.12499222496627,15.30974020654978,Western Pacific,KHM,Lower middle income
Cambodia,2013,15170.208,21.41499900817871,70.28287032847513,23.6879957096216,14.50051311834197,Western Pacific,KHM,Lower middle income
Cambodia,2014,15396.772,21.798999786376957,71.53920433871303,24.25350878841415,13.69401187044062,Western Pacific,KHM,Lower middle income
Cambodia,2015,15623.251,22.1879997253418,72.77479606610743,24.82117018891009,12.89042736110529,Western Pacific,KHM,Lower middle income
Cambodia,2016,15852.803,22.582000732421875,73.98971426646894,25.39098638294539,12.08982855067746,Western Pacific,KHM,Lower middle income
Cambodia,2017,16073.372,22.979999542236328,75.18382047776737,25.96259458698248,11.29238434488119,Western Pacific,KHM,Lower middle income
Cambodia,2018,16274.522,23.38800048828125,76.35839890179408,26.53821146336702,10.49756532479465,Western Pacific,KHM,Lower middle income
Cambodia,2019,16481.304,23.80500030517578,77.51322469743056,27.1174788908032,9.705598609585193,Western Pacific,KHM,Lower middle income
Cambodia,2020,16725.474,24.23200035095215,78.64848572386863,27.70077695233822,8.916518632403458,Western Pacific,KHM,Lower middle income
Cambodia,2021,16974.305,24.66800117492676,79.76400040297733,28.28774952152513,8.130545449945286,Western Pacific,KHM,Lower middle income
Cambodia,2022,17201.724,25.11400032043457,80.85995492378532,28.87877670268928,7.347721292345765,Western Pacific,KHM,Lower middle income
Cambodia,2023,17423.88,25.56999969482422,81.88886887712987,29.44508203337876,6.567677224384065,Western Pacific,KHM,Lower middle income
Cambodia,2024,17638.801,26.03499984741211,82.84975729397013,29.98557613988753,5.791234569814868,Western Pacific,KHM,Lower middle income
Cameroon,2000,14912.631,45.54199981689453,55.82136588017872,,10.29163139922136,Africa,CMR,Lower middle income
Cameroon,2001,15309.49,46.13899993896485,56.66763817677608,,9.986401770614675,Africa,CMR,Lower middle income
Cameroon,2002,15725.528,46.73799896240234,57.49555660624353,,9.685874294457664,Africa,CMR,Lower middle income
Cameroon,2003,16160.34,47.3380012512207,58.30477687229433,,9.390238925779427,Africa,CMR,Lower middle income
Cameroon,2004,16610.487,47.94000244140625,59.09587222417388,,9.099347688927002,Africa,CMR,Lower middle income
Cameroon,2005,17074.594,48.54100036621094,59.8676453814021,,8.813690335583791,Africa,CMR,Lower middle income
Cameroon,2006,17550.407,49.14300155639648,60.62115124300056,,8.532953323940985,Africa,CMR,Lower middle income
Cameroon,2007,18049.896,49.746002197265625,61.35652723587177,,8.257149575203362,Africa,CMR,Lower middle income
Cameroon,2008,18574.056,50.34999847412109,62.07391398612748,,7.986291763367371,Africa,CMR,Lower middle income
Cameroon,2009,19113.974,50.95400238037109,62.77305843417512,,7.720528587314018,Africa,CMR,Lower middle income
Cameroon,2010,19668.066,51.55900192260742,63.45451148825784,,7.459728218203986,Africa,CMR,Lower middle income
Cameroon,2011,20232.304,52.16400146484375,64.11805100587426,,7.204033020400295,Africa,CMR,Lower middle income
Cameroon,2012,20809.529,52.76900100708008,64.76383681586688,,6.953441170999572,Africa,CMR,Lower middle income
Cameroon,2013,21402.376,53.37299728393555,65.39168972755542,,6.708073784643854,Africa,CMR,Lower middle income
Cameroon,2014,22059.893,53.97599792480469,66.00181439568482,,6.467918246056986,Africa,CMR,Lower middle income
Cameroon,2015,22763.414,54.57799911499024,66.59440636462396,,6.232961163103871,Africa,CMR,Lower middle income
Cameroon,2016,23454.161,55.17900085449219,67.16966871194623,,6.003191113046881,Africa,CMR,Lower middle income
Cameroon,2017,24128.601,55.777000427246094,67.72716535306667,,5.778801116582624,Africa,CMR,Lower middle income
Cameroon,2018,24806.383,56.374000549316406,68.26777053081442,,5.559555787315077,Africa,CMR,Lower middle income
Cameroon,2019,25506.095,56.96799850463867,68.79108169129415,,5.345632216210048,Africa,CMR,Lower middle income
Cameroon,2020,26210.558,57.560001373291016,69.29764588045,,5.136900619627897,Africa,CMR,Lower middle income
Cameroon,2021,26915.758,58.14800262451172,69.78712279736703,,4.933510256530184,Africa,CMR,Lower middle income
Cameroon,2022,27632.771,58.73299789428711,70.26005974933541,,4.735327740389634,Africa,CMR,Lower middle income
Cameroon,2023,28372.687,59.31500244140625,70.71671014816947,,4.542314277211182,Africa,CMR,Lower middle income
Cameroon,2024,29123.744,59.891998291015625,71.41017871128295,,4.354580926349722,Africa,CMR,Lower middle income
Canada,2000,30891.803,79.4780044555664,99.0,99.0,<1,Americas,CAN,High income
Canada,2001,31213.577,79.80999755859375,99.0,99.0,<1,Americas,CAN,High income
Canada,2002,31535.577,79.88800048828125,99.0,99.0,<1,Americas,CAN,High income
Canada,2003,31836.482,79.96699523925781,99.0,99.0,<1,Americas,CAN,High income
Canada,2004,32132.678,80.04500579833984,99.0,99.0,<1,Americas,CAN,High income
Canada,2005,32440.173,80.12200164794922,99.0,98.94437096809926,<1,Americas,CAN,High income
Canada,2006,32759.171,80.21299743652344,99.0,98.83218983691458,<1,Americas,CAN,High income
Canada,2007,33092.171,80.39600372314453,99.0,98.72190814511214,<1,Americas,CAN,High income
Canada,2008,33449.085,80.5780029296875,99.0,98.6110659391952,<1,Americas,CAN,High income
Canada,2009,33826.37,80.75799560546875,99.0,98.49965401460769,<1,Americas,CAN,High income
Canada,2010,34196.899,80.93699645996094,99.0,98.38769825169784,<1,Americas,CAN,High income
Canada,2011,34555.452,81.09600067138672,99.0,98.27489913001598,<1,Americas,CAN,High income
Canada,2012,34922.516,81.13700103759766,99.0,98.15992483860332,<1,Americas,CAN,High income
Canada,2013,35293.433,81.17799377441406,98.96908284527647,98.04490251237962,<1,Americas,CAN,High income
Canada,2014,35634.264,81.2179946899414,98.90158657455028,97.92981856738302,<1,Americas,CAN,High income
Canada,2015,35962.234,81.25900268554688,98.8340306892804,97.81470004595018,<1,Americas,CAN,High income
Canada,2016,36353.343,81.30000305175781,98.76640205477123,97.69952750966968,<1,Americas,CAN,High income
Canada,2017,36808.497,81.3499984741211,98.69872717566626,97.58435524491176,<1,Americas,CAN,High income
Canada,2018,37295.005,81.41099548339844,98.63099966801038,97.46915839331396,<1,Americas,CAN,High income
Canada,2019,37782.935,81.48200225830078,98.56317825829076,97.35386656297445,<1,Americas,CAN,High income
Canada,2020,38171.902,81.56200408935547,98.49524424330578,97.23843519299588,<1,Americas,CAN,High income
Canada,2021,38454.057,81.65299987792969,98.4271662446964,97.12280972070684,<1,Americas,CAN,High income
Canada,2022,38821.259,81.75199890136719,98.35892858848004,97.00695020823566,<1,Americas,CAN,High income
Canada,2023,39299.105,81.86199951171875,98.29050397444172,96.89080334295608,<1,Americas,CAN,High income
Canada,2024,39742.43,81.9800033569336,98.29026086242594,96.89032265634896,<1,Americas,CAN,High income
Cayman Islands,2001,41.089,100.0,96.139263803681,,<1,Americas,CYM,High income
Cayman Islands,2002,42.514,100.0,96.139263803681,,<1,Americas,CYM,High income
Cayman Islands,2003,43.934,100.0,96.139263803681,,<1,Americas,CYM,High income
Cayman Islands,2004,45.352,100.0,96.139263803681,,<1,Americas,CYM,High income
Cayman Islands,2005,46.788,100.0,96.139263803681,,<1,Americas,CYM,High income
Cayman Islands,2006,48.232,100.0,96.1015337423313,,<1,Americas,CYM,High income
Cayman Islands,2007,49.687,100.0,96.0638036809816,,<1,Americas,CYM,High income
Cayman Islands,2008,51.151,100.0,96.02607361963192,,<1,Americas,CYM,High income
Cayman Islands,2009,52.618,100.0,95.98834355828222,,<1,Americas,CYM,High income
Cayman Islands,2010,54.099,100.0,95.95061349693252,,<1,Americas,CYM,High income
Cayman Islands,2011,55.606,100.0,95.91288343558284,,<1,Americas,CYM,High income
Cayman Islands,2012,57.136,100.0,95.87515337423316,,<1,Americas,CYM,High income
Cayman Islands,2013,58.655,100.0,95.83742331288344,,<1,Americas,CYM,High income
Cayman Islands,2014,60.16,100.0,95.79969325153375,,<1,Americas,CYM,High income
Cayman Islands,2015,61.642,100.0,95.76196319018406,,<1,Americas,CYM,High income
Cayman Islands,2016,63.1,100.0,95.72423312883436,,<1,Americas,CYM,High income
Cayman Islands,2017,64.535,100.0,95.68650306748468,,<1,Americas,CYM,High income
Cayman Islands,2018,65.941,100.0,95.648773006135,,<1,Americas,CYM,High income
Cayman Islands,2019,67.327,100.0,95.61104294478528,,<1,Americas,CYM,High income
Cayman Islands,2020,68.684,100.0,95.5733128834356,,<1,Americas,CYM,High income
Cayman Islands,2021,70.108,100.0,95.5355828220859,,<1,Americas,CYM,High income
Cayman Islands,2022,71.591,100.0,95.4978527607362,,<1,Americas,CYM,High income
Cayman Islands,2023,73.038,100.0,95.46012269938652,,<1,Americas,CYM,High income
Cayman Islands,2024,74.457,100.0,95.46012269938652,,<1,Americas,CYM,High income
Central African Republic,2000,3833.416,37.63899993896485,59.01048911060106,8.530864612257616,6.497826713687017,Africa,CAF,Low income
Central African Republic,2001,3919.487,37.720001220703125,57.82857602310606,8.396017470173279,6.358357669907119,Africa,CAF,Low income
Central African Republic,2002,4006.077,37.80199813842773,56.65333365159893,8.261703345162687,6.219036416432678,Africa,CAF,Low income
Central African Republic,2003,4103.086,37.88399887084961,55.48437675037889,8.127788768324644,6.079951990917422,Africa,CAF,Low income
Central African Republic,2004,4192.826,37.96599960327149,54.32170327672099,7.994275232845791,5.941104204109148,Africa,CAF,Low income
Central African Republic,2005,4288.81,38.06900024414063,53.17255388978545,7.863782239313296,5.800775315720355,Africa,CAF,Low income
Central African Republic,2006,4377.579,38.19300079345703,52.03638699251108,7.736172266499342,5.659056637434021,Africa,CAF,Low income
Central African Republic,2007,4462.77,38.3390007019043,50.91298614655334,7.611429513751593,5.515958837572811,Africa,CAF,Low income
Central African Republic,2008,4558.984,38.50600051879883,49.801462843986,7.489292806817344,5.371655709186424,Africa,CAF,Low income
Central African Republic,2009,4529.047,38.69400024414063,48.70127780596155,7.369627795318181,5.226238791339559,Africa,CAF,Low income
Central African Republic,2010,4492.995,38.90399932861328,47.61218250643478,7.252413403796263,5.079723333196797,Africa,CAF,Low income
Central African Republic,2011,4565.021,39.1349983215332,46.53331966709663,7.137399417435181,4.932278216975643,Africa,CAF,Low income
Central African Republic,2012,4610.848,39.38800048828125,45.46442598361378,7.024562068892735,4.783922789166962,Africa,CAF,Low income
Central African Republic,2013,4642.419,39.66299819946289,44.40493375952546,6.913763693191544,4.634752935686926,Africa,CAF,Low income
Central African Republic,2014,4623.182,39.95899963378906,43.35400069113934,6.804761989669501,4.484931745213228,Africa,CAF,Low income
Central African Republic,2015,4629.32,40.277000427246094,42.31134685721031,6.697531171929903,4.334483587891726,Africa,CAF,Low income
Central African Republic,2016,4713.663,40.61800003051758,41.27664358974426,6.592035293841054,4.18343757049009,Africa,CAF,Low income
Central African Republic,2017,4793.511,40.97999954223633,40.24881451007329,6.487937380173774,4.032022265910496,Africa,CAF,Low income
Central African Republic,2018,4878.657,41.36399841308594,39.22754829629907,6.385207050886766,3.880266087258744,Africa,CAF,Low income
Central African Republic,2019,4944.703,41.77000045776367,38.21226639744086,6.283710853533739,3.728263641745255,Africa,CAF,Low income
Central African Republic,2020,5026.628,42.197998046875,37.20240249610247,6.183318310773945,3.576110741073615,Africa,CAF,Low income
Central African Republic,2021,5112.1,42.64799880981445,36.19738178544228,6.083898277535468,3.423902736732447,Africa,CAF,Low income
Central African Republic,2022,5098.039,43.119998931884766,36.29504401466538,6.126444783561186,3.396192357265033,Africa,CAF,Low income
Central African Republic,2023,5152.421,43.61399841308594,36.39725974054936,6.170974799701687,3.367190291859511,Africa,CAF,Low income
Central African Republic,2024,5330.69,44.130001068115234,36.50402682372067,6.217487689667309,3.336896729401704,Africa,CAF,Low income
Chad,2000,8512.093,21.637001037597656,38.6325926482475,5.520873999826167,6.8679672265985,Africa,TCD,Low income
Chad,2001,8804.124,21.670000076293945,39.21389208815823,5.554363253424796,6.889484575941546,Africa,TCD,Low income
Chad,2002,9116.192,21.70199966430664,39.79751156064299,5.586596924007188,6.911056595088997,Africa,TCD,Low income
Chad,2003,9487.833,21.73500061035156,40.38434098366932,5.617820795310895,6.932527473302076,Africa,TCD,Low income
Chad,2004,9920.036,21.768001556396484,40.97391322330227,5.647914469147444,6.953975149075228,Africa,TCD,Low income
Chad,2005,10328.092,21.80099868774414,41.56621537257518,5.676879419392928,6.975399424674289,Africa,TCD,Low income
Chad,2006,10706.424,21.833999633789062,42.16123810343323,5.704717975245536,6.996799919853179,Africa,TCD,Low income
Chad,2007,11081.66,21.868000030517575,42.75939122365303,5.731560154089574,7.018097069360214,Africa,TCD,Low income
Chad,2008,11476.296,21.900999069213867,43.35981045315094,5.757150807781445,7.039450751469429,Africa,TCD,Low income
Chad,2009,11893.754,21.93400001525879,43.96291375666512,5.781619263827309,7.06078170713888,Africa,TCD,Low income
Chad,2010,12312.575,21.98500061035156,44.5760310573362,5.807364763618678,7.080626341272607,Africa,TCD,Low income
Chad,2011,12754.997,22.054000854492188,45.19885462151393,5.834463577067448,7.09896702244547,Africa,TCD,Low income
Chad,2012,13210.998,22.142000198364254,45.83145730636757,5.863130056598126,7.115702191341915,Africa,TCD,Low income
Chad,2013,13691.079,22.24799919128418,46.47309584607697,5.893310973148089,7.130894640743587,Africa,TCD,Low income
Chad,2014,14188.678,22.371999740600582,47.12341507139698,5.925087681129793,7.144524014456342,Africa,TCD,Low income
Chad,2015,14647.621,22.51500129699707,47.78243366103325,5.958683924551917,7.156489165894062,Africa,TCD,Low income
Chad,2016,15114.655,22.677000045776367,48.44975368593936,5.99418883622066,7.166769514481079,Africa,TCD,Low income
Chad,2017,15622.759,22.857999801635746,49.12496725794097,6.031693743211509,7.175345246013968,Africa,TCD,Low income
Chad,2018,16156.531,23.05900001525879,49.80800534802968,6.071435695150033,7.182111209205044,Africa,TCD,Low income
Chad,2019,16685.223,23.27899932861328,50.49806311950549,6.113368130914251,7.187132013845479,Africa,TCD,Low income
Chad,2020,17224.679,23.520000457763672,51.19537861291801,6.157883232733255,7.190216557272074,Africa,TCD,Low income
Chad,2021,17828.273,23.7810001373291,51.89910247505669,6.204938380104335,7.191428266142077,Africa,TCD,Low income
Chad,2022,18455.316,24.0629997253418,51.99515284051028,6.247048766297214,7.167427368080586,Africa,TCD,Low income
Chad,2023,19319.064,24.36600112915039,52.09835696331724,6.292295011580218,7.141639498624947,Africa,TCD,Low income
Chad,2024,20299.123,24.69099998474121,52.2090525523694,6.340826473894255,7.113978688393454,Africa,TCD,Low income
Chile,2000,15503.635,86.072998046875,96.33915110469886,91.47525580185678,2.542691737709859,Americas,CHL,High income
Chile,2001,15683.849,86.36299896240234,96.50724029673628,91.95937224119456,2.418429649134479,Americas,CHL,High income
Chile,2002,15857.925,86.60600280761719,96.66258595231942,92.41662832848962,2.305149496458128,Americas,CHL,High income
Chile,2003,16024.752,86.66500091552734,96.78000419937858,92.79444536517671,2.223782445851689,Americas,CHL,High income
Chile,2004,16187.322,86.72500610351562,96.89688968973536,93.17364967678148,2.14292556929973,Americas,CHL,High income
Chile,2005,16348.778,86.78299713134766,97.01269053231955,93.55304887685074,2.063040099137215,Americas,CHL,High income
Chile,2006,16509.195,86.84200286865234,97.1279537978578,93.93374729948988,1.983664879560647,Americas,CHL,High income
Chile,2007,16671.581,86.9000015258789,97.24233873789272,94.31500230573862,1.90509030703548,Americas,CHL,High income
Chile,2008,16838.988,86.95899963378906,97.35617220186649,94.69743239300928,1.827038693544953,Americas,CHL,High income
Chile,2009,17009.731,87.01699829101562,97.46913785316818,95.0803746962763,1.749775641323405,Americas,CHL,High income
Chile,2010,17181.464,87.0739974975586,97.5812457914008,95.4638387534034,1.673284746301004,Americas,CHL,High income
Chile,2011,17351.816,87.13200378417969,97.6928032000078,95.84834306231784,1.597322045491025,Americas,CHL,High income
Chile,2012,17519.119,87.18900299072266,97.80352153611938,96.2333346354702,1.522120259864122,Americas,CHL,High income
Chile,2013,17687.006,87.24600219726562,97.91354210578336,96.61903358092128,1.447560401656063,Americas,CHL,High income
Chile,2014,17864.195,87.3030014038086,98.02287241702447,96.91920349844672,1.373642056383833,Americas,CHL,High income
Chile,2015,18047.625,87.36000061035156,98.1315104153015,96.98984381135584,1.300365502127937,Americas,CHL,High income
Chile,2016,18267.221,87.42200469970703,98.24000683988405,97.06026282715324,1.227303769127827,Americas,CHL,High income
Chile,2017,18558.868,87.48999786376953,98.34837841500212,97.1304772221268,1.154461674799811,Americas,CHL,High income
Chile,2018,18893.191,87.56399536132812,98.45651551993662,97.200378914491,1.081940326733325,Americas,CHL,High income
Chile,2019,19197.744,87.64299774169922,98.56421512458816,97.30670445654162,1.00990942987458,Americas,CHL,High income
Chile,2020,19370.624,87.72699737548828,98.67139119346596,97.4125131422388,<1,Americas,CHL,High income
Chile,2021,19456.334,87.81700134277344,98.77802120706758,97.5177827393904,<1,Americas,CHL,High income
Chile,2022,19553.036,87.91200256347656,98.88392740816246,97.62233775864388,<1,Americas,CHL,High income
Chile,2023,19658.835,88.01200103759766,98.98902509127976,97.7260945752252,<1,Americas,CHL,High income
Chile,2024,19764.771,88.11600494384766,99.0,97.81705519981604,<1,Americas,CHL,High income
China,2000,1291914.0450000002,35.87700271606445,80.59348833278428,,2.580756460436066,Western Pacific,CHN,Upper middle income
China,2001,1301171.32,37.09299850463867,80.92796470850621,,2.538560075591488,Western Pacific,CHN,Upper middle income
China,2002,1309433.74,38.42499923706055,81.86506719472675,,2.492338192977112,Western Pacific,CHN,Upper middle income
China,2003,1317181.451,39.7760009765625,82.77916124912277,,2.445456849103393,Western Pacific,CHN,Upper middle income
China,2004,1324845.7470000002,41.14400100708008,83.66928710812141,,2.397985558551647,Western Pacific,CHN,Upper middle income
China,2005,1332852.067,42.522003173828125,84.53338512611047,,2.213525087375299,Western Pacific,CHN,Upper middle income
China,2006,1340968.6700000002,43.86800003051758,85.3617795517819,,2.036574857070608,Western Pacific,CHN,Upper middle income
China,2007,1348820.506,45.19900131225586,86.1591731490747,,1.860624764002467,Western Pacific,CHN,Upper middle income
China,2008,1356907.255,46.53900146484375,86.93104669257244,,1.690431715435041,Western Pacific,CHN,Upper middle income
China,2009,1365687.077,47.880001068115234,87.67566006604258,,1.526242003733526,Western Pacific,CHN,Upper middle income
China,2010,1374785.563,49.22600173950195,88.39381190021494,,1.367978433244574,Western Pacific,CHN,Upper middle income
China,2011,1383523.7400000002,50.51100158691406,89.07378961827267,,1.21690916651715,Western Pacific,CHN,Upper middle income
China,2012,1392866.825,51.76499938964844,89.72247768175025,,1.072129317721971,Western Pacific,CHN,Upper middle income
China,2013,1402424.915,53.01300430297852,90.34479487834209,,<1,Western Pacific,CHN,Upper middle income
China,2014,1411424.7880000002,54.25900268554688,90.9415850511528,,<1,Western Pacific,CHN,Upper middle income
China,2015,1419663.428,55.5,91.51258647281142,,<1,Western Pacific,CHN,Upper middle income
China,2016,1427638.775,56.73600006103516,92.05803322319863,,<1,Western Pacific,CHN,Upper middle income
China,2017,1435987.675,57.959999084472656,92.57730867355804,,<1,Western Pacific,CHN,Upper middle income
China,2018,1442668.261,59.152000427246094,93.06866325554503,,<1,Western Pacific,CHN,Upper middle income
China,2019,1447194.495,60.30799865722656,93.5326999183951,,<1,Western Pacific,CHN,Upper middle income
China,2020,1449769.552,61.42799758911133,93.97052707697718,,<1,Western Pacific,CHN,Upper middle income
China,2021,1449995.6,62.51199722290039,94.6329735273297,,<1,Western Pacific,CHN,Upper middle income
China,2022,1448599.68,63.55999755859375,95.43858459327586,,<1,Western Pacific,CHN,Upper middle income
China,2023,1445902.078,64.56999969482422,96.0883413082236,,<1,Western Pacific,CHN,Upper middle income
China,2024,1442535.24,65.54399871826172,96.12241518675155,,<1,Western Pacific,CHN,Upper middle income
"China, Hong Kong SAR",2000,6704.664,100.0,98.90700645314794,98.36695355597384,<1,,HKG,High income
"China, Hong Kong SAR",2001,6774.239,100.0,98.96554154102388,98.45297195515252,<1,,HKG,High income
"China, Hong Kong SAR",2002,6821.408,100.0,99.0,98.53902324348915,<1,,HKG,High income
"China, Hong Kong SAR",2003,6858.907,100.0,99.0,98.62510742098374,<1,,HKG,High income
"China, Hong Kong SAR",2004,6888.163,100.0,99.0,98.71122448763626,<1,,HKG,High income
"China, Hong Kong SAR",2005,6908.486,100.0,99.0,98.79737444344676,<1,,HKG,High income
"China, Hong Kong SAR",2006,6931.09,100.0,99.0,98.88355728841525,<1,,HKG,High income
"China, Hong Kong SAR",2007,6971.345,100.0,99.0,98.96977302254162,<1,,HKG,High income
"China, Hong Kong SAR",2008,7020.689,100.0,99.0,99.0,<1,,HKG,High income
"China, Hong Kong SAR",2009,7064.467,100.0,99.0,99.0,<1,,HKG,High income
"China, Hong Kong SAR",2010,7101.617,100.0,99.0,99.0,<1,,HKG,High income
"China, Hong Kong SAR",2011,7142.97,100.0,99.0,99.0,<1,,HKG,High income
"China, Hong Kong SAR",2012,7201.061,100.0,99.0,99.0,<1,,HKG,High income
"China, Hong Kong SAR",2013,7264.335,100.0,99.0,99.0,<1,,HKG,High income
"China, Hong Kong SAR",2014,7319.501,100.0,99.0,99.0,<1,,HKG,High income
"China, Hong Kong SAR",2015,7366.409,100.0,99.0,99.0,<1,,HKG,High income
"China, Hong Kong SAR",2016,7408.01,100.0,99.0,99.0,<1,,HKG,High income
"China, Hong Kong SAR",2017,7444.891,100.0,99.0,99.0,<1,,HKG,High income
"China, Hong Kong SAR",2018,7471.194,100.0,99.0,99.0,<1,,HKG,High income
"China, Hong Kong SAR",2019,7485.813,100.0,99.0,99.0,<1,,HKG,High income
"China, Hong Kong SAR",2020,7490.235,100.0,99.0,99.0,<1,,HKG,High income
"China, Hong Kong SAR",2021,7484.601,100.0,99.0,99.0,<1,,HKG,High income
"China, Hong Kong SAR",2022,7465.915,100.0,99.0,99.0,<1,,HKG,High income
"China, Hong Kong SAR",2023,7442.734,100.0,99.0,99.0,<1,,HKG,High income
"China, Hong Kong SAR",2024,7414.909,100.0,99.0,99.0,<1,,HKG,High income
"China, Macao SAR",2000,437.309,100.0,99.0,99.0,<1,,MAC,High income
"China, Macao SAR",2001,445.125,100.0,99.0,99.0,<1,,MAC,High income
"China, Macao SAR",2002,456.014,100.0,99.0,99.0,<1,,MAC,High income
"China, Macao SAR",2003,469.053,100.0,99.0,99.0,<1,,MAC,High income
"China, Macao SAR",2004,482.2,100.0,99.0,99.0,<1,,MAC,High income
"China, Macao SAR",2005,495.411,100.0,99.0,99.0,<1,,MAC,High income
"China, Macao SAR",2006,508.747,100.0,99.0,99.0,<1,,MAC,High income
"China, Macao SAR",2007,522.275,100.0,99.0,99.0,<1,,MAC,High income
"China, Macao SAR",2008,535.93,100.0,99.0,99.0,<1,,MAC,High income
"China, Macao SAR",2009,549.483,100.0,99.0,99.0,<1,,MAC,High income
"China, Macao SAR",2010,562.806,100.0,99.0,99.0,<1,,MAC,High income
"China, Macao SAR",2011,575.633,100.0,99.0,99.0,<1,,MAC,High income
"China, Macao SAR",2012,587.446,100.0,99.0,99.0,<1,,MAC,High income
"China, Macao SAR",2013,598.743,100.0,99.0,99.0,<1,,MAC,High income
"China, Macao SAR",2014,610.304,100.0,99.0,99.0,<1,,MAC,High income
"China, Macao SAR",2015,622.179,100.0,99.0,99.0,<1,,MAC,High income
"China, Macao SAR",2016,634.312,100.0,99.0,99.0,<1,,MAC,High income
"China, Macao SAR",2017,646.554,100.0,99.0,99.0,<1,,MAC,High income
"China, Macao SAR",2018,658.772,100.0,99.0,99.0,<1,,MAC,High income
"China, Macao SAR",2019,670.974,100.0,99.0,99.0,<1,,MAC,High income
"China, Macao SAR",2020,683.067,100.0,99.0,99.0,<1,,MAC,High income
"China, Macao SAR",2021,694.402,100.0,99.0,99.0,<1,,MAC,High income
"China, Macao SAR",2022,704.356,100.0,99.0,99.0,<1,,MAC,High income
"China, Macao SAR",2023,713.912,100.0,99.0,99.0,<1,,MAC,High income
"China, Macao SAR",2024,720.262,100.0,99.0,99.0,<1,,MAC,High income
Colombia,2000,39089.934,73.95700073242188,90.91903003745485,67.7308209392541,-,Americas,COL,Upper middle income
Colombia,2001,39709.262,74.37899780273438,91.23702280331852,68.04472171129473,-,Americas,COL,Upper middle income
Colombia,2002,40324.68,74.7969970703125,91.54972290848394,68.35501822601897,-,Americas,COL,Upper middle income
Colombia,2003,40937.429,75.21099853515625,91.85719244076404,68.66173428284375,-,Americas,COL,Upper middle income
Colombia,2004,41543.171,75.62000274658203,92.15922960589288,68.96442693787658,-,Americas,COL,Upper middle income
Colombia,2005,42128.977,76.02400207519531,92.45590192568544,69.26312017480835,-,Americas,COL,Upper middle income
Colombia,2006,42691.084,76.42300415039062,92.74728929067406,69.55784872331729,4.510750127307738,Americas,COL,Upper middle income
Colombia,2007,43235.374,76.81600189208984,93.03321134226344,69.85895678671073,4.435561768813784,Americas,COL,Upper middle income
Colombia,2008,43758.808,77.2040023803711,93.31401469910205,70.15629720371876,4.361329451440835,Americas,COL,Upper middle income
Colombia,2009,44271.541,77.58700561523438,93.58975874967255,70.44988594551972,4.28805334062931,Americas,COL,Upper middle income
Colombia,2010,44777.319,77.96400451660156,93.86029940989496,70.73930390275947,4.215925845078306,Americas,COL,Upper middle income
Colombia,2011,45259.614,78.33499908447266,94.12570821480396,71.0245706637519,4.144946923600511,Americas,COL,Upper middle income
Colombia,2012,45715.81,78.70100402832031,94.3863166731145,71.30619282808662,4.074923265196452,Americas,COL,Upper middle income
Colombia,2013,46151.584,79.06100463867188,94.6419721075512,71.58373648846866,4.006048136968807,Americas,COL,Upper middle income
Colombia,2014,46565.429,79.41500091552734,94.89275424962516,71.85722815696901,3.938321316544986,Americas,COL,Upper middle income
Colombia,2015,46969.94,79.76399993896484,95.13898462351314,72.12717219061193,-,Americas,COL,Upper middle income
Colombia,2016,47437.512,80.10800170898438,95.38071529787258,72.3935750335875,-,Americas,COL,Upper middle income
Colombia,2017,48131.078,80.44599914550781,95.61783460392031,72.65603326787188,-,Americas,COL,Upper middle income
Colombia,2018,49024.465,80.77799987792969,95.85042841057358,72.91457837479352,-,Americas,COL,Upper middle income
Colombia,2019,49907.985,81.10399627685547,96.07858307268476,73.16923857798649,-,Americas,COL,Upper middle income
Colombia,2020,50629.997,81.42500305175781,96.30258368767926,73.42050015774221,-,Americas,COL,Upper middle income
Colombia,2021,51188.173,81.73999786376953,96.52230814166272,73.6679379605927,-,Americas,COL,Upper middle income
Colombia,2022,51737.944,82.05000305175781,96.73803531925178,73.91203703865915,-,Americas,COL,Upper middle income
Colombia,2023,52321.152,82.35399627685547,96.94965896598266,74.15237753114815,-,Americas,COL,Upper middle income
Colombia,2024,52886.363,82.6520004272461,97.09657110847375,74.33929919178999,-,Americas,COL,Upper middle income
Comoros,2000,536.08,28.080001831054688,87.3387610880315,,1.611048763341762,Africa,COM,Lower middle income
Comoros,2001,547.22,28.036001205444336,87.5288111586306,,1.563548614103291,Africa,COM,Lower middle income
Comoros,2002,558.923,27.992000579833984,87.42647578091479,,1.515994572505067,Africa,COM,Lower middle income
Comoros,2003,569.798,27.94700050354004,87.32268893451504,,1.468401167782838,Africa,COM,Lower middle income
Comoros,2004,580.704,27.902999877929688,87.2174998697346,,1.420738647506885,Africa,COM,Lower middle income
Comoros,2005,592.677,27.875,87.11131747138243,,1.372808262886468,Africa,COM,Lower middle income
Comoros,2006,604.753,27.862998962402344,87.00425227991339,,1.324639411979074,Africa,COM,Lower middle income
Comoros,2007,616.927,27.867000579833984,86.89642087462411,,1.276261530595194,Africa,COM,Lower middle income
Comoros,2008,629.307,27.88599967956543,86.78790336272962,,1.227715674983299,Africa,COM,Lower middle income
Comoros,2009,641.947,27.92099952697754,86.67883405517632,,1.179018376793986,Africa,COM,Lower middle income
Comoros,2010,654.836,27.972999572753903,86.56936404404549,,1.130188763292711,Africa,COM,Lower middle income
Comoros,2011,668.056,28.040000915527344,86.45953030397682,,1.081277529035661,Africa,COM,Lower middle income
Comoros,2012,681.63,28.12300109863281,86.34947545746576,,1.032303134979452,Africa,COM,Lower middle income
Comoros,2013,696.192,28.222999572753903,86.23935918230082,,<1,Africa,COM,Lower middle income
Comoros,2014,711.503,28.33799934387207,86.12919119796837,,<1,Africa,COM,Lower middle income
Comoros,2015,726.682,28.470001220703125,86.01917924908474,,<1,Africa,COM,Lower middle income
Comoros,2016,741.741,28.61899948120117,85.9094298430236,,<1,Africa,COM,Lower middle income
Comoros,2017,756.669,28.78400039672852,85.8000023194019,,<1,Africa,COM,Lower middle income
Comoros,2018,771.59,28.96500015258789,85.69100368302018,,<1,Africa,COM,Lower middle income
Comoros,2019,786.578,29.16400146484375,85.58265460535699,,<1,Africa,COM,Lower middle income
Comoros,2020,802.163,29.3799991607666,85.47501154857244,,<1,Africa,COM,Lower middle income
Comoros,2021,818.174,29.613000869750977,85.36818287105403,,<1,Africa,COM,Lower middle income
Comoros,2022,834.188,29.864002227783203,85.26234179626553,,<1,Africa,COM,Lower middle income
Comoros,2023,850.387,30.13199806213379,85.1575256557465,,<1,Africa,COM,Lower middle income
Comoros,2024,866.628,30.417999267578125,85.05392785893021,,<1,Africa,COM,Lower middle income
Congo,2000,3151.345,58.69499969482422,58.39881162121734,27.90191088421356,8.318429423614928,Africa,COG,Lower middle income
Congo,2001,3272.537,59.15600204467773,58.69239182617856,28.05735122399043,8.225588232561348,Africa,COG,Lower middle income
Congo,2002,3350.771,59.617000579833984,59.18422258739363,28.25071884363979,8.132747244302877,Africa,COG,Lower middle income
Congo,2003,3445.753,60.07599639892578,59.67369445375371,28.44399587853185,8.040309502090198,Africa,COG,Lower middle income
Congo,2004,3565.554,60.532997131347656,60.61815529281783,29.99709264698485,7.922874090492113,Africa,COG,Lower middle income
Congo,2005,3696.393,60.98799896240234,61.56095643504044,31.57196299527747,7.806427332173966,Africa,COG,Lower middle income
Congo,2006,3837.409,61.44099807739258,62.50178779977652,33.16835408478548,7.690964485372876,Africa,COG,Lower middle income
Congo,2007,3980.43,61.89299774169922,63.44091035015954,34.78639601235336,7.576283665527028,Africa,COG,Lower middle income
Congo,2008,4113.517,62.34600067138672,64.37912009535142,36.42668318856055,7.462352292762637,Africa,COG,Lower middle income
Congo,2009,4281.219,62.80000305175781,65.31598343811565,38.08907481955055,7.349026778902138,Africa,COG,Lower middle income
Congo,2010,4462.29,63.25600051879883,66.25159758072083,39.77385136329213,7.235900666643705,Africa,COG,Lower middle income
Congo,2011,4609.724,63.71200180053711,67.18444312619458,41.48003594171157,7.123370044399585,Africa,COG,Lower middle income
Congo,2012,4740.45,64.16899871826172,68.11462950306841,42.47180747436352,7.011238892623241,Africa,COG,Lower middle income
Congo,2013,4857.099,64.62699890136719,69.04172299156656,43.00599907850228,6.899510485084967,Africa,COG,Lower middle income
Congo,2014,4975.88,65.08499908447266,69.96480506670416,43.54032321888794,6.788379198408035,Africa,COG,Lower middle income
Congo,2015,5097.581,65.54299926757812,70.88348047667014,44.07452293827923,6.67784588066744,Africa,COG,Lower middle income
Congo,2016,5222.536,66.0009994506836,71.79734776170004,44.60833689305435,6.567911625444787,Africa,COG,Lower middle income
Congo,2017,5351.011,66.45899963378906,72.70602735729436,45.14152028235534,6.458574323789612,Africa,COG,Lower middle income
Congo,2018,5483.118,66.91600036621094,72.90205320451865,45.32525196833885,6.3706971436904,Africa,COG,Lower middle income
Congo,2019,5616.661,67.37300109863281,73.09808127652782,45.50898505759255,6.282820123956826,Africa,COG,Lower middle income
Congo,2020,5752.791,67.8290023803711,73.29367999736372,45.6923155747464,6.195135831906607,Africa,COG,Lower middle income
Congo,2021,5892.183,68.28299713134766,73.48842116734137,45.87484199708015,6.107836529760021,Africa,COG,Lower middle income
Cook Islands,2000,15.854,65.19100189208984,99.0,,<1,Western Pacific,COK,
Cook Islands,2001,15.235,66.9000015258789,99.0,,<1,Western Pacific,COK,
Cook Islands,2002,14.967,68.1760025024414,99.0,,<1,Western Pacific,COK,
Cook Islands,2003,15.027,69.14199829101562,99.0,,<1,Western Pacific,COK,
Cook Islands,2004,15.078,70.09400177001953,99.0,,<1,Western Pacific,COK,
Cook Islands,2005,15.132,71.0260009765625,99.0,,<1,Western Pacific,COK,
Cook Islands,2006,15.206,71.94100189208984,99.0,,<1,Western Pacific,COK,
Cook Islands,2007,15.495,72.4729995727539,99.0,,<1,Western Pacific,COK,
Cook Islands,2008,15.981,72.73600006103516,99.0,,<1,Western Pacific,COK,
Cook Islands,2009,16.475,72.99600219726562,99.0,,<1,Western Pacific,COK,
Cook Islands,2010,16.976,73.2550048828125,99.0,,<1,Western Pacific,COK,
Cook Islands,2011,17.455,73.51300048828125,99.0,,<1,Western Pacific,COK,
Cook Islands,2012,17.661,73.74800109863281,99.0,,<1,Western Pacific,COK,
Cook Islands,2013,17.605,73.96800231933594,99.0,,<1,Western Pacific,COK,
Cook Islands,2014,17.532,74.18599700927734,99.0,,<1,Western Pacific,COK,
Cook Islands,2015,17.446,74.40399932861328,99.0,,<1,Western Pacific,COK,
Cook Islands,2016,17.332,74.62000274658203,99.0,,<1,Western Pacific,COK,
Cook Islands,2017,17.047,74.83499908447266,99.0,,<1,Western Pacific,COK,
Cook Islands,2018,16.596,75.052001953125,99.0,,<1,Western Pacific,COK,
Cook Islands,2019,16.129,75.27200317382812,99.0,,<1,Western Pacific,COK,
Cook Islands,2020,15.643,75.4949951171875,99.0,,<1,Western Pacific,COK,
Cook Islands,2021,15.182,75.72000122070312,99.0,,<1,Western Pacific,COK,
Cook Islands,2022,14.723,75.947998046875,99.0,,<1,Western Pacific,COK,
Cook Islands,2023,14.222,76.177001953125,99.0,,<1,Western Pacific,COK,
Cook Islands,2024,13.729,76.40899658203125,99.0,,<1,Western Pacific,COK,
Costa Rica,2000,3937.739,59.052001953125,94.6502911361544,76.55742354442694,2.93421992140053,Americas,CRI,Upper middle income
Costa Rica,2001,4008.947,60.40999984741211,95.06241560763004,76.8805236759581,2.691239886185162,Americas,CRI,Upper middle income
Costa Rica,2002,4075.705,61.75299835205078,95.4574835012159,77.18985880536259,2.458621937172537,Americas,CRI,Upper middle income
Costa Rica,2003,4138.784,63.08000183105469,95.83566189382958,77.48557431609525,2.236262821287906,Americas,CRI,Upper middle income
Costa Rica,2004,4200.078,64.38800048828125,96.19696678804752,77.76771078653725,2.024145821333444,Americas,CRI,Upper middle income
Costa Rica,2005,4261.24,65.6719970703125,96.54131610284212,78.03624732568497,1.822306404637766,Americas,CRI,Upper middle income
Costa Rica,2006,4321.34,66.93500518798828,96.8693455688098,78.29167445364769,1.630361643479281,Americas,CRI,Upper middle income
Costa Rica,2007,4380.248,68.17399597167969,97.18120604749224,78.53414285764188,1.448211708783903,Americas,CRI,Upper middle income
Costa Rica,2008,4440.056,69.38999938964844,97.47737941471132,78.76403599269055,1.27556785194361,Americas,CRI,Upper middle income
Costa Rica,2009,4499.791,70.57499694824219,97.75778541101928,78.98136201946771,1.11245199572143,Americas,CRI,Upper middle income
Costa Rica,2010,4555.962,71.73600006103516,98.00094265708172,79.18678942714229,<1,Americas,CRI,Upper middle income
Costa Rica,2011,4609.833,72.86800384521484,98.22836784085663,79.38051989402514,<1,Americas,CRI,Upper middle income
Costa Rica,2012,4663.934,73.94599914550781,98.47448663709892,79.56232078558675,<1,Americas,CRI,Upper middle income
Costa Rica,2013,4716.147,74.97000122070312,98.70639240086774,79.73296710763772,<1,Americas,CRI,Upper middle income
Costa Rica,2014,4767.119,75.94100189208984,98.92502108452496,79.89321599643579,<1,Americas,CRI,Upper middle income
Costa Rica,2015,4818.038,76.86199951171875,99.0,80.0438509218204,<1,Americas,CRI,Upper middle income
Costa Rica,2016,4866.998,77.73500061035156,99.0,80.18557890652643,<1,Americas,CRI,Upper middle income
Costa Rica,2017,4913.177,78.55999755859375,99.0,80.31908231303898,<1,Americas,CRI,Upper middle income
Costa Rica,2018,4957.818,79.33999633789062,99.0,80.44501309987545,<1,Americas,CRI,Upper middle income
Costa Rica,2019,4999.553,80.07599639892578,99.0,80.5206829817905,<1,Americas,CRI,Upper middle income
Costa Rica,2020,5034.32,80.77099609375,99.0,80.51604889139458,<1,Americas,CRI,Upper middle income
Costa Rica,2021,5059.988,81.42500305175781,99.0,80.51169012131004,<1,Americas,CRI,Upper middle income
Costa Rica,2022,5081.765,82.04199981689453,99.0,80.50757427270123,<1,Americas,CRI,Upper middle income
Costa Rica,2023,5105.525,82.62199401855469,99.0,80.50370760753955,<1,Americas,CRI,Upper middle income
Costa Rica,2024,5129.91,83.16699981689453,99.0,80.50007424306979,<1,Americas,CRI,Upper middle income
Côte d'Ivoire,2000,17699.004,43.15499877929688,68.7946138845833,25.35369712853043,6.387413161300468,Africa,CIV,Lower middle income
Côte d'Ivoire,2001,18178.913,43.56800079345703,69.17998964677838,25.85694682950153,6.218160668827406,Africa,CIV,Lower middle income
Côte d'Ivoire,2002,18654.771,43.983001708984375,69.56308278397495,26.35859004092771,6.051059981692287,Africa,CIV,Lower middle income
Côte d'Ivoire,2003,19125.542,44.39899826049805,69.94350239460293,26.85825104474527,5.886221074069985,Africa,CIV,Lower middle income
Côte d'Ivoire,2004,19595.0,44.81700134277344,70.32155517424651,27.35608202878568,5.723561969996062,Africa,CIV,Lower middle income
Côte d'Ivoire,2005,20068.458,45.23400115966797,70.6961620276826,27.85122374498304,5.563358765824866,Africa,CIV,Lower middle income
Côte d'Ivoire,2006,20546.802,45.652000427246094,71.06798913326506,28.34409405768618,5.405436534241693,Africa,CIV,Lower middle income
Côte d'Ivoire,2007,21030.558,46.07099914550781,71.43700734197778,28.83459590255858,5.24980341146089,Africa,CIV,Lower middle income
Côte d'Ivoire,2008,21514.439,46.49100112915039,71.80317177663366,29.32262433190585,5.096467644912126,Africa,CIV,Lower middle income
Côte d'Ivoire,2009,21997.94,46.90999984741211,72.16580024257283,29.80764506196484,4.945587380179603,Africa,CIV,Lower middle income
Côte d'Ivoire,2010,22488.065,47.33000183105469,72.52553083852425,30.29002239561775,4.797010836228762,Africa,CIV,Lower middle income
Côte d'Ivoire,2011,22982.0,47.7509994506836,72.88231424949026,30.76964879641971,4.650746064887037,Africa,CIV,Lower middle income
Côte d'Ivoire,2012,23467.078,48.172000885009766,73.2358134121721,31.89941050306801,4.506867887323335,Africa,CIV,Lower middle income
Côte d'Ivoire,2013,23939.775,48.59299850463867,73.58600518136312,33.03744986655279,4.365376142726083,Africa,CIV,Lower middle income
Côte d'Ivoire,2014,24527.395,49.01399993896485,73.93286646523299,34.18368612142876,4.226270797851169,Africa,CIV,Lower middle income
Côte d'Ivoire,2015,25246.342,49.44400024414063,74.27899917239858,35.34005579382468,4.089034069526789,Africa,CIV,Lower middle income
Côte d'Ivoire,2016,25989.405,49.88100051879883,74.62367815519804,36.50617720676662,3.953851935379741,Africa,CIV,Lower middle income
Côte d'Ivoire,2017,26733.372,50.32600021362305,74.96704850974164,37.68231900933235,3.820732083024955,Africa,CIV,Lower middle income
Côte d'Ivoire,2018,27464.173,50.77900314331055,75.30896835621016,38.23425464192394,3.689742341420231,Africa,CIV,Lower middle income
Côte d'Ivoire,2019,28193.009,51.2390022277832,75.64901847562291,38.4404227871287,3.560997297771723,Africa,CIV,Lower middle income
Côte d'Ivoire,2020,28915.449,51.705997467041016,75.98706808523055,38.66645292429187,3.434556473047398,Africa,CIV,Lower middle income
Côte d'Ivoire,2021,29639.736,52.17999649047852,76.32298476185774,38.91307220096307,3.310478922554278,Africa,CIV,Lower middle income
Côte d'Ivoire,2022,30395.002,52.66100311279297,76.65663485080606,37.74106819672973,3.188824199920021,Africa,CIV,Lower middle income
Côte d'Ivoire,2023,31165.654,53.14900207519531,76.9878854497263,36.24813070998912,3.069652262965559,Africa,CIV,Lower middle income
Côte d'Ivoire,2024,31934.23,53.64400100708008,77.24705938223607,36.44893815599531,2.953022476144347,Africa,CIV,Lower middle income
Croatia,2000,4326.105,53.428001403808594,98.6451317481292,85.10822532890987,<1,Europe,HRV,High income
Croatia,2001,4301.074,53.641998291015625,98.65136008498692,85.1607599553948,<1,Europe,HRV,High income
Croatia,2002,4305.782,53.810001373291016,98.76253778535194,85.28081497251287,<1,Europe,HRV,High income
Croatia,2003,4306.686,53.97899627685547,98.87296202153576,85.40053293694154,<1,Europe,HRV,High income
Croatia,2004,4310.056,54.14699935913086,98.9792715341788,85.51623486633542,<1,Europe,HRV,High income
Croatia,2005,4313.946,54.31500244140625,99.0,85.63134699122764,<1,Europe,HRV,High income
Croatia,2006,4315.8,54.483001708984375,99.0,85.74586238528265,<1,Europe,HRV,High income
Croatia,2007,4315.954,54.650997161865234,99.0,85.85978193200971,<1,Europe,HRV,High income
Croatia,2008,4314.631,54.81900024414063,99.0,85.97311123604541,-,Europe,HRV,High income
Croatia,2009,4310.53,54.98699951171875,99.0,86.08584812231145,-,Europe,HRV,High income
Croatia,2010,4301.145,55.15499877929688,99.0,86.19798923631595,-,Europe,HRV,High income
Croatia,2011,4280.824,55.321998596191406,99.0,86.3093096605383,-,Europe,HRV,High income
Croatia,2012,4259.236,55.506004333496094,99.0,86.42388710369528,-,Europe,HRV,High income
Croatia,2013,4242.398,55.70600128173828,99.0,86.54140632045218,-,Europe,HRV,High income
Croatia,2014,4219.479,55.92300415039063,99.0,86.59010300141007,-,Europe,HRV,High income
Croatia,2015,4183.729,56.15500259399414,99.0,86.64216323502384,-,Europe,HRV,High income
Croatia,2016,4136.444,56.40299987792969,99.0,86.69781548168406,-,Europe,HRV,High income
Croatia,2017,4079.2,56.66699981689453,99.0,86.7570648657669,-,Europe,HRV,High income
Croatia,2018,4024.868,56.946998596191406,99.0,86.81989634727039,-,Europe,HRV,High income
Croatia,2019,3986.334,57.242000579833984,99.0,86.8861019385841,-,Europe,HRV,High income
Croatia,2020,3953.958,57.55299758911133,99.0,86.95588820356743,-,Europe,HRV,High income
Croatia,2021,3924.61,57.87799835205078,99.0,87.02882674996901,-,Europe,HRV,High income
Croatia,2022,3907.027,58.218997955322266,99.0,87.10535038011555,-,Europe,HRV,High income
Croatia,2023,3896.023,58.57499694824219,99.0,87.18523970708877,-,Europe,HRV,High income
Croatia,2024,3875.325,58.94499969482422,99.0,87.2682692486734,-,Europe,HRV,High income
Cuba,2000,11109.109,75.322998046875,91.76107213995031,,<1,Americas,CUB,Upper middle income
Cuba,2001,11144.132,75.55500030517578,91.91701816664272,,<1,Americas,CUB,Upper middle income
Cuba,2002,11177.418,75.78499603271484,92.0704754889772,,<1,Americas,CUB,Upper middle income
Cuba,2003,11209.383,75.9469985961914,92.2115760300604,,<1,Americas,CUB,Upper middle income
Cuba,2004,11238.756,76.04100036621094,92.34124572364269,,<1,Americas,CUB,Upper middle income
Cuba,2005,11262.554,76.13400268554688,92.46858634257887,,<1,Americas,CUB,Upper middle income
Cuba,2006,11278.55,76.22699737548828,92.5950448888063,,<1,Americas,CUB,Upper middle income
Cuba,2007,11287.272,76.31999969482422,92.72062678843324,,<1,Americas,CUB,Upper middle income
Cuba,2008,11291.762,76.41300201416016,92.84531769176644,,<1,Americas,CUB,Upper middle income
Cuba,2009,11294.719,76.50499725341797,92.96900631158476,,<1,Americas,CUB,Upper middle income
Cuba,2010,11297.409,76.59700012207031,93.09183011967514,,<1,Americas,CUB,Upper middle income
Cuba,2011,11301.571,76.68899536132812,93.21377749830116,,<1,Americas,CUB,Upper middle income
Cuba,2012,11303.175,76.78099822998047,93.33485984566836,,<1,Americas,CUB,Upper middle income
Cuba,2013,11298.167,76.8270034790039,93.4501274945212,,<1,Americas,CUB,Upper middle income
Cuba,2014,11285.775,76.86100006103516,93.56367192961706,,<1,Americas,CUB,Upper middle income
Cuba,2015,11275.065,76.89599609375,93.67694093000776,,<1,Americas,CUB,Upper middle income
Cuba,2016,11265.612,76.93000030517578,93.78972092869505,,<1,Americas,CUB,Upper middle income
Cuba,2017,11247.829,76.97700500488281,93.90331024924323,,<1,Americas,CUB,Upper middle income
Cuba,2018,11227.118,77.03700256347656,94.01754393316745,,<1,Americas,CUB,Upper middle income
Cuba,2019,11202.846,77.10899353027344,94.13216843647643,,<1,Americas,CUB,Upper middle income
Cuba,2020,11176.354,77.19400024414062,94.31250428631252,,<1,Americas,CUB,Upper middle income
Cuba,2021,11122.168,77.29199981689453,94.77640825355188,,<1,Americas,CUB,Upper middle income
Cuba,2022,11059.82,77.4010009765625,94.90022316859344,,<1,Americas,CUB,Upper middle income
Cuba,2023,11019.931,77.52300262451172,95.02363455102773,,<1,Americas,CUB,Upper middle income
Cuba,2024,10979.783,77.6570053100586,95.14640643477044,,<1,Americas,CUB,Upper middle income
Curaçao,2000,145.529,90.7519989013672,98.70079172099798,,<1,Americas,CUW,High income
Curaçao,2001,144.751,91.01100158691406,98.80215935682676,,<1,Americas,CUW,High income
Curaçao,2002,145.901,90.89400482177734,98.90352699265556,,<1,Americas,CUW,High income
Curaçao,2003,147.911,90.7750015258789,99.0,,<1,Americas,CUW,High income
Curaçao,2004,149.797,90.65499877929688,99.0,,<1,Americas,CUW,High income
Curaçao,2005,151.313,90.53400421142578,99.0,,<1,Americas,CUW,High income
Curaçao,2006,152.505,90.41100311279295,99.0,,<1,Americas,CUW,High income
Curaçao,2007,153.666,90.28700256347656,99.0,,<1,Americas,CUW,High income
Curaçao,2008,154.775,90.16100311279295,99.0,,<1,Americas,CUW,High income
Curaçao,2009,155.825,90.03400421142578,99.0,,<1,Americas,CUW,High income
Curaçao,2010,156.879,89.90499877929688,99.0,,<1,Americas,CUW,High income
Curaçao,2011,158.566,89.7750015258789,99.0,,<1,Americas,CUW,High income
Curaçao,2012,160.89,89.65399932861328,99.0,,<1,Americas,CUW,High income
Curaçao,2013,163.109,89.54399871826172,99.0,,<1,Americas,CUW,High income
Curaçao,2014,165.027,89.44300079345703,99.0,,<1,Americas,CUW,High income
Curaçao,2015,166.612,89.35199737548828,99.0,,<1,Americas,CUW,High income
Curaçao,2016,167.782,89.2719955444336,99.0,,<1,Americas,CUW,High income
Curaçao,2017,168.516,89.2030029296875,99.0,,<1,Americas,CUW,High income
Curaçao,2018,181.583,89.1449966430664,99.0,,<1,Americas,CUW,High income
Curaçao,2019,189.543,89.0979995727539,99.0,,<1,Americas,CUW,High income
Curaçao,2020,185.018,89.06199645996094,99.0,,<1,Americas,CUW,High income
Curaçao,2021,185.315,89.03800201416016,99.0,,<1,Americas,CUW,High income
Curaçao,2022,185.345,89.0250015258789,99.0,,<1,Americas,CUW,High income
Curaçao,2023,185.427,89.02300262451172,99.0,,<1,Americas,CUW,High income
Curaçao,2024,185.482,89.03300476074219,99.0,,<1,Americas,CUW,High income
Cyprus,2000,947.667,68.64799499511719,99.0,96.31783761971158,<1,Europe,CYP,High income
Cyprus,2001,964.127,68.76900482177734,99.0,96.3177123172715,<1,Europe,CYP,High income
Cyprus,2002,981.44,68.69400024414062,99.0,96.31779240807744,<1,Europe,CYP,High income
Cyprus,2003,999.59,68.5530014038086,99.0,96.31428029241644,<1,Europe,CYP,High income
Cyprus,2004,1017.875,68.40999603271484,99.0,96.5136802774918,<1,Europe,CYP,High income
Cyprus,2005,1036.151,68.26799774169922,99.0,96.70980628179356,<1,Europe,CYP,High income
Cyprus,2006,1054.418,68.125,99.0,96.90501727882643,<1,Europe,CYP,High income
Cyprus,2007,1072.714,67.98200225830078,99.0,97.10016747514004,<1,Europe,CYP,High income
Cyprus,2008,1091.026,67.83900451660156,99.0,97.29526514276932,<1,Europe,CYP,High income
Cyprus,2009,1109.371,67.69499969482422,99.0,97.49030262920849,<1,Europe,CYP,High income
Cyprus,2010,1127.816,67.5510025024414,99.0,97.68529115290322,<1,Europe,CYP,High income
Cyprus,2011,1146.493,67.40599822998047,99.0,97.88022734817604,<1,Europe,CYP,High income
Cyprus,2012,1165.397,67.26100158691406,99.0,98.07510467179006,<1,Europe,CYP,High income
Cyprus,2013,1183.895,67.13700103759766,99.0,98.26991651265136,<1,Europe,CYP,High income
Cyprus,2014,1201.801,67.031005859375,99.0,98.46466840019042,<1,Europe,CYP,High income
Cyprus,2015,1219.502,66.94599914550781,99.0,98.65937291587534,<1,Europe,CYP,High income
Cyprus,2016,1237.112,66.8810043334961,99.0,98.85401638838476,<1,Europe,CYP,High income
Cyprus,2017,1254.275,66.83599853515625,99.0,99.0,<1,Europe,CYP,High income
Cyprus,2018,1270.737,66.80999755859375,99.0,99.0,<1,Europe,CYP,High income
Cyprus,2019,1286.671,66.80500030517578,99.0,99.0,<1,Europe,CYP,High income
Cyprus,2020,1302.247,66.82099914550781,99.0,99.0,<1,Europe,CYP,High income
Cyprus,2021,1317.309,66.85600280761719,99.0,99.0,<1,Europe,CYP,High income
Cyprus,2022,1331.37,66.91100311279297,99.0,99.0,<1,Europe,CYP,High income
Cyprus,2023,1344.976,66.98699951171875,99.0,99.0,<1,Europe,CYP,High income
Cyprus,2024,1358.282,67.08200073242188,99.0,99.0,<1,Europe,CYP,High income
Czechia,2000,10236.804,73.98799896240234,97.97224615123396,94.70720726492247,<1,Europe,CZE,High income
Czechia,2001,10231.936,73.87699890136719,97.97061665653604,94.69868527573512,<1,Europe,CZE,High income
Czechia,2002,10239.468,73.80899810791016,98.00883254851136,94.96039292333188,<1,Europe,CZE,High income
Czechia,2003,10248.912,73.73999786376953,98.04703679681072,95.22307663722572,<1,Europe,CZE,High income
Czechia,2004,10261.45,73.6709976196289,98.08524756392198,95.48681733112969,<1,Europe,CZE,High income
Czechia,2005,10280.153,73.60200500488281,98.12346534442688,95.75161684208072,<1,Europe,CZE,High income
Czechia,2006,10304.588,73.53299713134766,98.16169132259648,96.01747714197997,<1,Europe,CZE,High income
Czechia,2007,10337.543,73.46299743652344,98.19990976280592,96.28435918083169,<1,Europe,CZE,High income
Czechia,2008,10378.292,73.39399719238281,98.23814644475029,96.552345887601,<1,Europe,CZE,High income
Czechia,2009,10420.985,73.3239974975586,98.27637859821758,96.82137179921035,<1,Europe,CZE,High income
Czechia,2010,10464.035,73.2550048828125,98.31463338788404,97.0914965657722,<1,Europe,CZE,High income
Czechia,2011,10495.511,73.18500518798828,98.35287848522096,97.36267022489604,<1,Europe,CZE,High income
Czechia,2012,10507.335,73.1969985961914,98.3922881866856,97.63557565437462,<1,Europe,CZE,High income
Czechia,2013,10511.163,73.29000091552734,98.53396092864388,97.90710849839138,<1,Europe,CZE,High income
Czechia,2014,10517.226,73.38400268554688,98.7302061350028,98.1117280972776,<1,Europe,CZE,High income
Czechia,2015,10524.416,73.47699737548828,98.73047616612864,98.14423293239167,<1,Europe,CZE,High income
Czechia,2016,10531.948,73.56999969482422,98.7307511669182,98.15068480365682,<1,Europe,CZE,High income
Czechia,2017,10541.342,73.67500305175781,98.73105705766947,98.15016282287696,<1,Europe,CZE,High income
Czechia,2018,10548.937,73.79199981689453,98.7313948988611,98.14957819958758,<1,Europe,CZE,High income
Czechia,2019,10554.875,73.9209976196289,98.73176783126404,98.14893402498116,<1,Europe,CZE,High income
Czechia,2020,10550.129,74.06099700927734,98.7321788477487,98.14824118078386,<1,Europe,CZE,High income
Czechia,2021,10530.683,74.21399688720703,98.73262357548592,98.14747957849406,<1,Europe,CZE,High income
Czechia,2022,10673.213,74.37699890136719,98.73309581505914,98.1466666539194,<1,Europe,CZE,High income
Czechia,2023,10809.716,74.552001953125,98.73360656810014,98.14579761001814,<1,Europe,CZE,High income
Czechia,2024,10735.859,74.73799896240234,98.73414835221062,98.14487283855644,<1,Europe,CZE,High income
Democratic People's Republic of Korea,2000,23665.91,59.41200256347656,99.0,68.99946627805036,-,South-East Asia,PRK,Low income
Democratic People's Republic of Korea,2001,23815.358,59.49100112915039,99.0,69.01834816086037,-,South-East Asia,PRK,Low income
Democratic People's Republic of Korea,2002,23943.973,59.57000350952149,99.0,69.03723251149673,-,South-East Asia,PRK,Low income
Democratic People's Republic of Korea,2003,24090.38,59.64800262451172,99.0,69.05587155990793,-,South-East Asia,PRK,Low income
Democratic People's Republic of Korea,2004,24254.943,59.72700119018555,99.0,69.03631859000797,-,South-East Asia,PRK,Low income
Democratic People's Republic of Korea,2005,24396.433,59.80500030517578,98.8654741695466,68.82840565363179,-,South-East Asia,PRK,Low income
Democratic People's Republic of Korea,2006,24524.507,59.88399887084961,98.49234018091428,68.62117137169938,-,South-East Asia,PRK,Low income
Democratic People's Republic of Korea,2007,24646.383,59.96199798583984,98.1201000899291,68.41413275795584,-,South-East Asia,PRK,Low income
Democratic People's Republic of Korea,2008,24764.618,60.03999710083008,97.74875388247273,68.20753109913353,-,South-East Asia,PRK,Low income
Democratic People's Republic of Korea,2009,24878.332,60.19499969482422,97.38017639203858,68.02087338855637,-,South-East Asia,PRK,Low income
Democratic People's Republic of Korea,2010,24987.258,60.37700271606445,97.01418885385702,67.8420008590283,-,South-East Asia,PRK,Low income
Democratic People's Republic of Korea,2011,25097.874,60.55700302124024,96.6502023193552,67.6636213053331,-,South-East Asia,PRK,Low income
Democratic People's Republic of Korea,2012,25211.728,60.73799896240234,96.28832529485516,67.48651522096979,-,South-East Asia,PRK,Low income
Democratic People's Republic of Korea,2013,25329.451,60.917999267578125,95.92847252389656,67.31015816515257,<1,South-East Asia,PRK,Low income
Democratic People's Republic of Korea,2014,25451.262,61.09799575805664,95.57067513385684,67.13480518252578,<1,South-East Asia,PRK,Low income
Democratic People's Republic of Korea,2015,25575.35,61.277000427246094,95.21488023885946,66.96019178586269,<1,South-East Asia,PRK,Low income
Democratic People's Republic of Korea,2016,25698.326,61.47099685668945,94.86210181586964,66.7906723941633,<1,South-East Asia,PRK,Low income
Democratic People's Republic of Korea,2017,25817.709,61.67799758911133,94.51245250532132,66.62582143865953,<1,South-East Asia,PRK,Low income
Democratic People's Republic of Korea,2018,25931.147,61.89900207519531,94.16623670126702,66.46603074627815,<1,South-East Asia,PRK,Low income
Democratic People's Republic of Korea,2019,26037.632,62.13399887084961,93.82368743396906,66.31141015395391,<1,South-East Asia,PRK,Low income
Democratic People's Republic of Korea,2020,26136.312,62.38100051879883,93.84384478768472,66.38089629877264,<1,South-East Asia,PRK,Low income
Democratic People's Republic of Korea,2021,26232.534,62.64200210571289,93.86513771099752,66.45431660185595,<1,South-East Asia,PRK,Low income
Democratic People's Republic of Korea,2022,26328.845,62.91600036621094,93.88750101380714,66.53139963982836,-,South-East Asia,PRK,Low income
Democratic People's Republic of Korea,2023,26418.204,63.2030029296875,93.9109177513255,66.61213496212591,-,South-East Asia,PRK,Low income
Democratic Republic of the Congo,2000,50507.442,35.12200164794922,37.54953707324337,12.21197965069512,17.52705157672878,Africa,COD,Low income
Democratic Republic of the Congo,2001,52132.646,35.58700180053711,37.52163144398437,12.21294785749353,17.0259811015597,Africa,COD,Low income
Democratic Republic of the Congo,2002,53750.524,36.05500030517578,37.48461184472212,12.20842669442916,16.5280844309351,Africa,COD,Low income
Democratic Republic of the Congo,2003,55343.867,36.5260009765625,37.43844058846006,12.19828909111937,16.03339367552472,Africa,COD,Low income
Democratic Republic of the Congo,2004,56997.741,37.0,37.3830762048941,12.1824019375634,15.54194956011847,Africa,COD,Low income
Democratic Republic of the Congo,2005,58775.724,37.48100280761719,37.32047346496059,12.16186496439647,15.05301063926127,Africa,COD,Low income
Democratic Republic of the Congo,2006,60615.908,37.97100067138672,37.2515489023917,12.13709508070887,14.56628349394177,Africa,COD,Low income
Democratic Republic of the Congo,2007,62477.752,38.470001220703125,37.17622820918922,12.10788037626108,14.08188018419756,Africa,COD,Low income
Democratic Republic of the Congo,2008,64390.664,38.97599792480469,37.09343092039054,12.07340823055939,13.60027078326054,Africa,COD,Low income
Democratic Republic of the Congo,2009,66412.044,39.49100112915039,37.00407056463581,12.03406472063772,13.12118828966999,Africa,COD,Low income
Democratic Republic of the Congo,2010,68563.038,40.01300048828125,36.90708131223822,11.98905082325795,12.6450897449024,Africa,COD,Low income
Democratic Republic of the Congo,2011,70849.311,40.54399871826172,36.80335815671906,11.93872579130487,12.17172062858429,Africa,COD,Low income
Democratic Republic of the Congo,2012,73254.618,41.08200073242188,36.69185058544596,11.88230623121367,11.70152136783983,Africa,COD,Low income
Democratic Republic of the Congo,2013,75789.395,41.62699890136719,36.57248025785758,11.81958259979168,11.23457809489635,Africa,COD,Low income
Democratic Republic of the Congo,2014,78403.242,42.18000030517578,36.44565561533982,11.75061293272677,10.77081964004309,Africa,COD,Low income
Democratic Republic of the Congo,2015,81035.531,42.73999786376953,36.31081229671939,11.67490549308418,10.31049656375292,Africa,COD,Low income
Democratic Republic of the Congo,2016,83956.415,43.30699920654297,36.16787657376643,11.59224539821603,9.853694038462413,Africa,COD,Low income
Democratic Republic of the Congo,2017,87083.398,43.880001068115234,36.016305001478,11.50216425665679,9.400642974807633,Africa,COD,Low income
Democratic Republic of the Congo,2018,90047.644,44.459999084472656,35.8564891827066,11.40469913637838,8.951275476501804,Africa,COD,Low income
Democratic Republic of the Congo,2019,92947.442,45.045997619628906,35.6878940308452,11.29938841655812,8.5058147405447,Africa,COD,Low income
Democratic Republic of the Congo,2020,95989.998,45.63800048828125,35.51044941056679,11.1860219041653,8.064332503532185,Africa,COD,Low income
Democratic Republic of the Congo,2021,99148.932,46.23500061035156,35.32362078105382,11.38409161557141,7.985139422361788,Africa,COD,Low income
Democratic Republic of the Congo,2022,102396.968,46.83699798583984,35.12734661191853,11.58473678049371,7.90528345290891,Africa,COD,Low income
Democratic Republic of the Congo,2023,105789.731,47.44400024414063,35.40344618595876,11.7282205874387,7.824763955209007,Africa,COD,Low income
Democratic Republic of the Congo,2024,109276.265,48.05500030517578,35.68136119522541,11.87264818193869,7.74371409408545,Africa,COD,Low income
Denmark,2000,5339.658,85.0999984741211,99.0,94.6038574433508,<1,Europe,DNK,High income
Denmark,2001,5358.828,85.14999389648438,99.0,94.6038614620039,<1,Europe,DNK,High income
Denmark,2002,5375.959,85.25,99.0,94.6038643541008,<1,Europe,DNK,High income
Denmark,2003,5390.62,85.36000061035156,99.0,94.60386453168628,<1,Europe,DNK,High income
Denmark,2004,5404.598,85.56600189208984,99.0,94.927057007807,<1,Europe,DNK,High income
Denmark,2005,5419.555,85.85600280761719,99.0,95.25024954832662,<1,Europe,DNK,High income
Denmark,2006,5437.42,86.0979995727539,99.0,95.57344673068026,<1,Europe,DNK,High income
Denmark,2007,5461.607,86.29299926757812,99.0,95.89663892908897,<1,Europe,DNK,High income
Denmark,2008,5493.764,86.48699951171875,99.0,96.2198338353112,<1,Europe,DNK,High income
Denmark,2009,5523.173,86.65399932861328,99.0,96.54302898909631,<1,Europe,DNK,High income
Denmark,2010,5547.863,86.79500579833984,99.0,96.86622317743516,<1,Europe,DNK,High income
Denmark,2011,5570.849,86.95700073242188,99.0,97.18941985402812,<1,Europe,DNK,High income
Denmark,2012,5591.917,87.14200592041016,99.0,97.51262133032655,<1,Europe,DNK,High income
Denmark,2013,5615.333,87.29199981689453,99.0,97.83581149039888,<1,Europe,DNK,High income
Denmark,2014,5643.794,87.41000366210938,99.0,98.1590119827748,<1,Europe,DNK,High income
Denmark,2015,5683.701,87.5260009765625,99.0,98.482205812779,<1,Europe,DNK,High income
Denmark,2016,5728.201,87.64199829101562,99.0,98.80539784945724,<1,Europe,DNK,High income
Denmark,2017,5765.168,87.75699615478516,99.0,99.0,<1,Europe,DNK,High income
Denmark,2018,5793.824,87.8740005493164,99.0,99.0,<1,Europe,DNK,High income
Denmark,2019,5814.618,87.9939956665039,99.0,99.0,<1,Europe,DNK,High income
Denmark,2020,5831.53,88.11600494384766,99.0,99.0,<1,Europe,DNK,High income
Denmark,2021,5856.776,88.23999786376953,99.0,99.0,<1,Europe,DNK,High income
Denmark,2022,5902.904,88.36699676513672,99.0,99.0,<1,Europe,DNK,High income
Denmark,2023,5948.136,88.4949951171875,99.0,99.0,<1,Europe,DNK,High income
Denmark,2024,5977.412,88.6259994506836,99.0,99.0,<1,Europe,DNK,High income
Djibouti,2000,747.318,76.53199768066406,74.30963472052078,,1.441599196509364,Eastern Mediterranean,DJI,Lower middle income
Djibouti,2001,771.313,76.57799530029297,74.52757265368295,,1.391216242215443,Eastern Mediterranean,DJI,Lower middle income
Djibouti,2002,795.574,76.6240005493164,74.74508699749757,,1.340962487135094,Eastern Mediterranean,DJI,Lower middle income
Djibouti,2003,813.519,76.67000579833984,74.96217201495998,,1.290838256577785,Eastern Mediterranean,DJI,Lower middle income
Djibouti,2004,826.124,76.71600341796875,75.17883225271451,,1.240843753303219,Eastern Mediterranean,DJI,Lower middle income
Djibouti,2005,839.167,76.76100158691406,75.39476217574651,,1.191015871448441,Eastern Mediterranean,DJI,Lower middle income
Djibouti,2006,855.764,76.80699920654297,75.61056904159263,,1.141278841239451,Eastern Mediterranean,DJI,Lower middle income
Djibouti,2007,874.528,76.8530044555664,75.82595769413531,,1.091671127811335,Eastern Mediterranean,DJI,Lower middle income
Djibouti,2008,892.734,76.89899444580078,76.04091409305276,,1.042193065814717,Eastern Mediterranean,DJI,Lower middle income
Djibouti,2009,911.527,76.94400024414062,76.25516402901059,,<1,Eastern Mediterranean,DJI,Lower middle income
Djibouti,2010,930.251,76.9990005493164,76.47182132036578,,<1,Eastern Mediterranean,DJI,Lower middle income
Djibouti,2011,948.558,77.06400299072266,76.69075344482155,,<1,Eastern Mediterranean,DJI,Lower middle income
Djibouti,2012,966.747,77.13800048828125,76.9115444598486,,<1,Eastern Mediterranean,DJI,Lower middle income
Djibouti,2013,984.824,77.22200012207031,77.13434177860654,,<1,Eastern Mediterranean,DJI,Lower middle income
Djibouti,2014,1002.717,77.31400299072266,77.35847939690338,,<1,Eastern Mediterranean,DJI,Lower middle income
Djibouti,2015,1020.313,77.41699981689453,77.58461539852739,,<1,Eastern Mediterranean,DJI,Lower middle income
Djibouti,2016,1037.653,77.52799987792969,77.81184316494685,,<1,Eastern Mediterranean,DJI,Lower middle income
Djibouti,2017,1054.841,77.64800262451172,78.04029864676744,,<1,Eastern Mediterranean,DJI,Lower middle income
Djibouti,2018,1071.882,77.7770004272461,78.26985102811453,,<1,Eastern Mediterranean,DJI,Lower middle income
Djibouti,2019,1088.709,77.91500091552734,78.50037919012395,,<1,Eastern Mediterranean,DJI,Lower middle income
Djibouti,2020,1105.188,78.06199645996094,78.7317549952208,,<1,Eastern Mediterranean,DJI,Lower middle income
Djibouti,2021,1121.248,78.21700286865234,78.96362924252051,,<1,Eastern Mediterranean,DJI,Lower middle income
Djibouti,2022,1137.096,78.37999725341797,79.1958862115465,,<1,Eastern Mediterranean,DJI,Lower middle income
Djibouti,2023,1152.944,78.552001953125,79.4286344922977,,<1,Eastern Mediterranean,DJI,Lower middle income
Djibouti,2024,1168.722,78.73200225830078,79.661532568521,,<1,Eastern Mediterranean,DJI,Lower middle income
Dominica,2000,68.511,65.26499938964844,94.26687499832494,,-,Americas,DMA,Upper middle income
Dominica,2001,68.288,65.38199615478516,94.38363998424424,,-,Americas,DMA,Upper middle income
Dominica,2002,68.367,65.68899536132812,94.50723396117884,,-,Americas,DMA,Upper middle income
Dominica,2003,68.531,65.99400329589844,94.62985138447866,,-,Americas,DMA,Upper middle income
Dominica,2004,68.649,66.29899597167969,94.7515617669834,,-,Americas,DMA,Upper middle income
Dominica,2005,68.734,66.60100555419922,94.8722688677582,,-,Americas,DMA,Upper middle income
Dominica,2006,68.806,66.90299987792969,94.99207653202843,,-,Americas,DMA,Upper middle income
Dominica,2007,68.847,67.20299530029297,95.11092721376735,,-,Americas,DMA,Upper middle income
Dominica,2008,68.854,67.50199890136719,95.22886389362908,,-,Americas,DMA,Upper middle income
Dominica,2009,68.864,67.79900360107422,95.34585920553327,,-,Americas,DMA,Upper middle income
Dominica,2010,68.859,68.093994140625,95.4619169199444,,-,Americas,DMA,Upper middle income
Dominica,2011,69.053,68.38899993896484,95.57709875852169,,-,Americas,DMA,Upper middle income
Dominica,2012,69.118,68.68499755859375,95.69142887678906,,-,Americas,DMA,Upper middle income
Dominica,2013,69.715,68.98200225830078,95.80490702335854,,-,Americas,DMA,Upper middle income
Dominica,2014,70.373,69.27999877929688,95.9175225784431,,-,Americas,DMA,Upper middle income
Dominica,2015,70.41,69.5790023803711,96.02926971738609,,-,Americas,DMA,Upper middle income
Dominica,2016,69.606,69.8800048828125,96.14016447675247,,-,Americas,DMA,Upper middle income
Dominica,2017,68.496,70.18099975585938,96.2501691726005,,-,Americas,DMA,Upper middle income
Dominica,2018,68.174,70.48300170898438,96.3592925117814,,2.147334632472895,Americas,DMA,Upper middle income
Dominica,2019,67.88,70.78599548339844,96.46753514566844,,2.14709605866625,Americas,DMA,Upper middle income
Dominica,2020,67.573,71.09000396728516,96.57488931387502,,2.14685668388291,Americas,DMA,Upper middle income
Dominica,2021,67.202,71.3949966430664,96.68134696732052,,2.14661642804635,Americas,DMA,Upper middle income
Dominica,2022,66.826,71.69999694824219,96.78690378498251,,2.146376257288393,Americas,DMA,Upper middle income
Dominica,2023,66.51,72.00599670410156,96.89156167491475,,2.146135283794067,Americas,DMA,Upper middle income
Dominica,2024,66.205,72.31199645996094,96.9953113262366,,2.145894300611346,Americas,DMA,Upper middle income
Dominican Republic,2000,8584.19,61.75299835205078,91.01932027953204,42.05518919670458,1.061721621002025,Americas,DOM,Upper middle income
Dominican Republic,2001,8720.283,62.56499862670898,91.38155530258364,42.19296838586836,1.062280546351878,Americas,DOM,Upper middle income
Dominican Republic,2002,8852.235,63.371002197265625,91.7350612908746,42.32839761950338,1.062020175905684,Americas,DOM,Upper middle income
Dominican Republic,2003,8980.62,64.60499572753906,92.13835610142556,42.51708312050464,1.04991879633455,Americas,DOM,Upper middle income
Dominican Republic,2004,9104.892,66.00299835205078,92.55038427428752,42.72422098024344,1.03207902474817,Americas,DOM,Upper middle income
Dominican Republic,2005,9225.034,67.3699951171875,92.94424623044132,42.924730083772,1.013397513747179,Americas,DOM,Upper middle income
Dominican Republic,2006,9341.183,68.70999908447266,93.32083569416484,43.11920165369853,<1,Americas,DOM,Upper middle income
Dominican Republic,2007,9455.658,70.02000427246094,93.68018220709708,43.30734619611751,<1,Americas,DOM,Upper middle income
Dominican Republic,2008,9573.13,71.30000305175781,94.0226829898878,43.48924438275525,<1,Americas,DOM,Upper middle income
Dominican Republic,2009,9695.265,72.54199981689453,94.34794597286808,43.66401191716615,<1,Americas,DOM,Upper middle income
Dominican Republic,2010,9820.175,73.75299835205078,94.6571919447174,43.83260551520353,<1,Americas,DOM,Upper middle income
Dominican Republic,2011,9945.621,74.82699584960938,94.94115770412206,43.98236007669546,<1,Americas,DOM,Upper middle income
Dominican Republic,2012,10070.411,75.802001953125,95.20530267651054,44.11821204982977,<1,Americas,DOM,Upper middle income
Dominican Republic,2013,10193.833,76.7490005493164,95.45691833570956,44.24885561562779,<1,Americas,DOM,Upper middle income
Dominican Republic,2014,10315.528,77.66999816894531,95.69656593617326,44.3746075148443,<1,Americas,DOM,Upper middle income
Dominican Republic,2015,10434.829,78.56600189208984,95.92469002618444,44.49565920943624,<1,Americas,DOM,Upper middle income
Dominican Republic,2016,10551.43,79.43599700927734,96.14158496888928,44.61196376507122,<1,Americas,DOM,Upper middle income
Dominican Republic,2017,10666.843,80.2770004272461,96.3474703370499,44.72325940602182,<1,Americas,DOM,Upper middle income
Dominican Republic,2018,10782.053,81.0739974975586,96.54199324141648,44.82792642888182,<1,Americas,DOM,Upper middle income
Dominican Republic,2019,10894.043,81.82799530029297,96.72589023805456,44.9262038494009,<1,Americas,DOM,Upper middle income
Dominican Republic,2020,11008.3,82.54000091552734,96.89989552578878,45.01833356138948,<1,Americas,DOM,Upper middle income
Dominican Republic,2021,11123.476,83.21300506591797,97.30547394529238,45.10476481378291,<1,Americas,DOM,Upper middle income
Dominican Republic,2022,11230.734,83.8479995727539,97.36033329145666,45.1857198571577,<1,Americas,DOM,Upper middle income
Dominican Republic,2023,11331.265,84.44599914550781,97.41074603577472,45.26141902939454,<1,Americas,DOM,Upper middle income
Dominican Republic,2024,11427.557,85.01100158691406,97.4571299883182,45.3324070681699,<1,Americas,DOM,Upper middle income
Ecuador,2000,12689.206,60.29899597167969,84.75695773630271,61.55963324510536,7.269305753436641,Americas,ECU,Upper middle income
Ecuador,2001,12910.74,60.79900360107422,85.33272192879174,61.99997059001466,7.180415138333179,Americas,ECU,Upper middle income
Ecuador,2002,13138.472,61.11800003051758,85.86811688124219,62.40019593876546,7.123704286305474,Americas,ECU,Upper middle income
Ecuador,2003,13372.306,61.31600189208984,86.37705906590925,62.77392864328066,6.866300573043412,Americas,ECU,Upper middle income
Ecuador,2004,13608.701,61.51400375366211,86.79135807614493,63.14682628062823,6.611149555744875,Americas,ECU,Upper middle income
Ecuador,2005,13846.163,61.71100234985352,87.16571901620465,63.51868299150051,6.358413229176775,Americas,ECU,Upper middle income
Ecuador,2006,14086.131,61.90699768066406,87.4804800870579,63.88951274663811,6.10807429578299,Americas,ECU,Upper middle income
Ecuador,2007,14328.773,62.104000091552734,87.79220836532201,64.25971874452758,5.859816434481197,Americas,ECU,Upper middle income
Ecuador,2008,14575.202,62.30000305175781,88.10053186147634,64.62889536751275,5.613943034211704,Americas,ECU,Upper middle income
Ecuador,2009,14825.954,62.494998931884766,88.40548179778816,64.9970482972014,5.370439847903141,Americas,ECU,Upper middle income
Ecuador,2010,15076.695,62.69000244140625,88.70728799778836,65.36438518307189,5.129155111467797,Americas,ECU,Upper middle income
Ecuador,2011,15326.227,62.85099792480469,88.99957001350523,65.72440322221055,4.894393153084737,Americas,ECU,Upper middle income
Ecuador,2012,15572.194,62.98800277709961,89.28437953487011,66.07921003734535,4.664364118884034,Americas,ECU,Upper middle income
Ecuador,2013,15807.128,63.12500381469727,89.56629086429619,66.43344351138526,4.435894440763416,Americas,ECU,Upper middle income
Ecuador,2014,16035.124,63.26100158691406,89.84513309443183,66.78691494513359,4.209093801762049,Americas,ECU,Upper middle income
Ecuador,2015,16266.225,63.39799880981445,90.12128717738666,67.1395948583111,3.983737304713411,Americas,ECU,Upper middle income
Ecuador,2016,16505.139,63.53399658203125,90.39441522899358,67.49239779881364,3.760037479409654,Americas,ECU,Upper middle income
Ecuador,2017,16759.519,63.66999816894531,90.66471285703908,67.84560462674489,3.537885908900694,Americas,ECU,Upper middle income
Ecuador,2018,17049.547,63.82099914550781,90.93487616977382,68.2031322851941,3.315980504317677,Americas,ECU,Upper middle income
Ecuador,2019,17340.021,63.98599624633789,91.20469016159564,68.56561697441485,3.094659674539472,Americas,ECU,Upper middle income
Ecuador,2020,17546.065,64.16600036621094,91.47429979178396,68.93422682515737,2.874086350327438,Americas,ECU,Upper middle income
Ecuador,2021,17682.454,64.36100006103516,91.66796884577596,69.24785515574644,2.543873406271672,Americas,ECU,Upper middle income
Ecuador,2022,17823.897,64.56999969482422,91.72648336594467,69.45637046972263,2.326607877270579,Americas,ECU,Upper middle income
Ecuador,2023,17980.083,64.79199981689453,91.85980756660818,69.66892532766218,2.110949543140242,Americas,ECU,Upper middle income
Ecuador,2024,18135.478,65.02899932861328,92.07087096975545,69.88699970385014,1.897013689180281,Americas,ECU,Upper middle income
Egypt,2000,73083.284,42.797000885009766,98.9933618838288,65.303047720147,<1,Eastern Mediterranean,EGY,Lower middle income
Egypt,2001,74652.029,42.84299850463867,98.92261057424628,65.26703360527337,<1,Eastern Mediterranean,EGY,Lower middle income
Egypt,2002,76239.137,42.88899993896485,98.85193093222854,65.87006768080917,<1,Eastern Mediterranean,EGY,Lower middle income
Egypt,2003,77853.548,42.93499755859375,98.78131939174794,66.47251159008304,<1,Eastern Mediterranean,EGY,Lower middle income
Egypt,2004,79477.443,42.98099899291992,98.7107692619596,67.07436104879203,<1,Eastern Mediterranean,EGY,Lower middle income
Egypt,2005,81101.004,43.027000427246094,98.64028277692042,67.67561794631105,<1,Eastern Mediterranean,EGY,Lower middle income
Egypt,2006,82700.403,43.072998046875,98.56986447728664,68.27628553076693,<1,Eastern Mediterranean,EGY,Lower middle income
Egypt,2007,84276.225,43.07799911499024,98.49888996019124,68.87439511018876,<1,Eastern Mediterranean,EGY,Lower middle income
Egypt,2008,85864.789,43.05799865722656,98.42754133528096,69.47055011248753,<1,Eastern Mediterranean,EGY,Lower middle income
Egypt,2009,87501.636,43.03900146484375,98.35621034797168,70.06596989007964,<1,Eastern Mediterranean,EGY,Lower middle income
Egypt,2010,89196.072,43.01900100708008,98.28485915991048,70.66054975305045,<1,Eastern Mediterranean,EGY,Lower middle income
Egypt,2011,91093.059,43.0,98.2135282519016,71.25439832160636,<1,Eastern Mediterranean,EGY,Lower middle income
Egypt,2012,93161.001,42.94599914550781,98.14157284069324,71.84551589411726,<1,Eastern Mediterranean,EGY,Lower middle income
Egypt,2013,95333.553,42.89300155639648,98.06959983271145,72.43579950706199,<1,Eastern Mediterranean,EGY,Lower middle income
Egypt,2014,97528.654,42.8390007019043,97.99757940646326,73.02514040280676,<1,Eastern Mediterranean,EGY,Lower middle income
Egypt,2015,99597.342,42.78499984741211,97.92551487115522,73.61358340546006,<1,Eastern Mediterranean,EGY,Lower middle income
Egypt,2016,101644.589,42.73200225830078,97.8534422131452,74.20120159036357,<1,Eastern Mediterranean,EGY,Lower middle income
Egypt,2017,103696.057,42.70499801635742,97.7818611616948,74.78956974857728,<1,Eastern Mediterranean,EGY,Lower middle income
Egypt,2018,105682.094,42.70400238037109,97.710814412432,75.3788082590497,<1,Eastern Mediterranean,EGY,Lower middle income
Egypt,2019,107553.158,42.72999954223633,97.64035448464848,75.96909518999271,<1,Eastern Mediterranean,EGY,Lower middle income
Egypt,2020,109315.124,42.78300094604492,97.57053292014332,76.56056201766822,<1,Eastern Mediterranean,EGY,Lower middle income
Egypt,2021,110957.008,42.86199951171875,97.50136756089536,77.15326270556106,<1,Eastern Mediterranean,EGY,Lower middle income
Egypt,2022,112618.25,42.96699905395508,97.43289171699264,77.74731162638558,<1,Eastern Mediterranean,EGY,Lower middle income
Egypt,2023,114535.772,43.09999847412109,97.36519446774444,78.34297550140275,<1,Eastern Mediterranean,EGY,Lower middle income
Egypt,2024,116538.258,43.257999420166016,97.29824262801938,78.94015883277652,<1,Eastern Mediterranean,EGY,Lower middle income
El Salvador,2000,5943.366,58.9119987487793,85.74345163772264,,5.802603401391298,Americas,SLV,Upper middle income
El Salvador,2001,5968.06,59.4640007019043,85.8876471763751,,5.732863886993815,Americas,SLV,Upper middle income
El Salvador,2002,5986.631,60.01399612426758,86.63776424176517,,5.497095438053178,Americas,SLV,Upper middle income
El Salvador,2003,5998.599,60.56100082397461,87.37486918647923,,5.265996068800884,Americas,SLV,Upper middle income
El Salvador,2004,6004.671,61.10699844360352,87.85739468032124,,5.039303527003165,Americas,SLV,Upper middle income
El Salvador,2005,6005.578,61.64799880981445,87.48597784131842,,4.817447402305556,Americas,SLV,Upper middle income
El Salvador,2006,6002.319,62.18699645996094,87.09646684905243,,4.600049284987957,Americas,SLV,Upper middle income
El Salvador,2007,6009.824,62.77400207519531,84.84123971688506,,4.381944849171367,Americas,SLV,Upper middle income
El Salvador,2008,6029.297,63.678001403808594,82.71171690930016,,4.137100967967309,Americas,SLV,Upper middle income
El Salvador,2009,6048.279,64.56999969482422,82.39208937962306,,3.900488903128886,Americas,SLV,Upper middle income
El Salvador,2010,6068.249,65.45199584960938,82.26385891402604,,3.671785140894574,Americas,SLV,Upper middle income
El Salvador,2011,6090.127,66.32500457763672,83.13029881139163,,3.450784469570096,Americas,SLV,Upper middle income
El Salvador,2012,6113.975,67.18699645996094,83.97766887929653,,3.237548558137146,Americas,SLV,Upper middle income
El Salvador,2013,6138.839,68.03600311279297,84.80553716179314,,3.03210507950317,Americas,SLV,Upper middle income
El Salvador,2014,6162.955,68.8740005493164,85.61454920761277,,2.834151318970941,Americas,SLV,Upper middle income
El Salvador,2015,6183.676,69.70000457763672,86.40456777251124,,2.643628950781983,Americas,SLV,Upper middle income
El Salvador,2016,6200.8,70.5009994506836,87.17290259898562,,2.461274499978547,Americas,SLV,Upper middle income
El Salvador,2017,6213.533,71.2750015258789,87.91977989646315,,2.286920265394293,Americas,SLV,Upper middle income
El Salvador,2018,6219.807,72.02299499511719,88.64610695033187,,2.12018955675908,Americas,SLV,Upper middle income
El Salvador,2019,6222.318,72.74600219726562,89.35278009988735,,1.960719995349593,Americas,SLV,Upper middle income
El Salvador,2020,6234.673,73.44400024414062,89.99236109391875,,1.804744730417428,Americas,SLV,Upper middle income
El Salvador,2021,6255.782,74.11800384521484,90.421388926903,,1.647262369045824,Americas,SLV,Upper middle income
El Salvador,2022,6280.319,74.76699829101562,90.79484110417386,,1.498492308110473,Americas,SLV,Upper middle income
El Salvador,2023,6309.624,75.39299774169922,91.15485431574662,,1.358028133601589,Americas,SLV,Upper middle income
El Salvador,2024,6338.193,75.99600219726562,91.61999273419164,,<1,Americas,SLV,Upper middle income
Equatorial Guinea,2000,703.279,49.09199905395508,51.09814002913206,,31.53533714141308,Africa,GNQ,Upper middle income
Equatorial Guinea,2001,749.836,50.83199691772461,51.79044387708134,,29.21814628747288,Africa,GNQ,Upper middle income
Equatorial Guinea,2002,797.957,52.573001861572266,52.54199672142995,,26.96352238078189,Africa,GNQ,Upper middle income
Equatorial Guinea,2003,847.862,54.30700302124024,53.35041744396061,,24.77467519978136,Africa,GNQ,Upper middle income
Equatorial Guinea,2004,899.917,56.032997131347656,54.21502975284758,,22.65159955614897,Africa,GNQ,Upper middle income
Equatorial Guinea,2005,947.367,57.7400016784668,55.13171865702742,,20.59778966837294,Africa,GNQ,Upper middle income
Equatorial Guinea,2006,990.343,59.430999755859375,56.10058012580441,,18.61120338680898,Africa,GNQ,Upper middle income
Equatorial Guinea,2007,1036.044,61.09999847412109,57.1185705825994,,16.69289314735281,Africa,GNQ,Upper middle income
Equatorial Guinea,2008,1084.53,62.744998931884766,58.18379580683735,,14.84227495067604,Africa,GNQ,Upper middle income
Equatorial Guinea,2009,1135.673,64.35800170898438,59.29179444173749,,13.06032560349144,Africa,GNQ,Upper middle income
Equatorial Guinea,2010,1189.085,65.94000244140625,60.44136433289798,,11.34504332491881,Africa,GNQ,Upper middle income
Equatorial Guinea,2011,1241.835,67.48800659179688,61.62961120772798,,9.69548734914581,Africa,GNQ,Upper middle income
Equatorial Guinea,2012,1293.483,69.0,62.85389081429748,,8.11027822760009,Africa,GNQ,Upper middle income
Equatorial Guinea,2013,1346.218,69.54399871826172,63.67151610736676,,6.785791048203672,Africa,GNQ,Upper middle income
Equatorial Guinea,2014,1399.828,70.08300018310547,63.92647574870763,,6.671090304158349,Africa,GNQ,Upper middle income
Equatorial Guinea,2015,1453.923,70.61599731445312,64.17859946818486,,6.55766579022739,Africa,GNQ,Upper middle income
Equatorial Guinea,2016,1508.186,71.13800048828125,64.42551638892627,,6.446582239793252,Africa,GNQ,Upper middle income
Equatorial Guinea,2017,1562.396,71.64599609375,64.66581288791777,,6.338478339836077,Africa,GNQ,Upper middle income
Eritrea,2000,2247.031,26.58699989318848,46.81421529719434,,3.531759101121866,Africa,ERI,Low income
Eritrea,2001,2312.079,27.45499992370605,47.1204233529644,,4.885290047357784,Africa,ERI,Low income
Eritrea,2002,2392.978,28.34100151062012,47.44092445676889,,6.204378833914334,Africa,ERI,Low income
Eritrea,2003,2493.903,29.24399948120117,47.77522281263975,,7.48810022467749,Africa,ERI,Low income
Eritrea,2004,2598.284,30.16399955749512,48.12341820564448,,8.735483923488118,Africa,ERI,Low income
Eritrea,2005,2661.215,31.099000930786133,48.48440745379349,,9.945838069834414,Africa,ERI,Low income
Eritrea,2006,2703.502,32.05099868774414,48.85949404838318,,11.1179929413606,Africa,ERI,Low income
Eritrea,2007,2743.222,33.01700210571289,49.24695321060268,,12.25150826039709,Africa,ERI,Low income
Eritrea,2008,2816.327,34.0,49.64870345687776,,13.34499955681046,Africa,ERI,Low income
Eritrea,2009,2887.885,34.584999084472656,49.8103238748975,,14.48631009502935,Africa,ERI,Low income
Eritrea,2010,2945.186,35.17499923706055,49.97738166536563,,15.60422575314543,Africa,ERI,Low income
Eritrea,2011,2998.485,35.770999908447266,50.15052935132493,,16.69820837139135,Africa,ERI,Low income
Eritrea,2012,3036.988,36.37200164794922,50.32917456085179,,17.76818828499536,Africa,ERI,Low income
Eritrea,2013,3074.36,36.979000091552734,50.70512880398642,,17.60369113889411,Africa,ERI,Low income
Eritrea,2014,3095.173,37.59000015258789,51.08356443931476,,17.43811037053263,Africa,ERI,Low income
Eritrea,2015,3105.546,38.205997467041016,51.46509197224321,,17.2711743739457,Africa,ERI,Low income
Eritrea,2016,3124.698,38.82699966430664,51.84971776209623,,17.10288343398318,Africa,ERI,Low income
Estonia,2000,1396.997,69.36799621582031,97.46675535349154,91.7274540437952,<1,Europe,EST,High income
Estonia,2001,1388.171,69.24200439453125,97.60825667843076,92.04930310454408,<1,Europe,EST,High income
Estonia,2002,1379.435,69.11600494384766,97.75070169688256,92.37476488670973,<1,Europe,EST,High income
Estonia,2003,1370.85,68.98900604248047,97.89404540489906,92.70370130026336,<1,Europe,EST,High income
Estonia,2004,1362.676,68.86199951171875,98.03834763801598,93.03631060984245,<1,Europe,EST,High income
Estonia,2005,1354.848,68.73500061035156,98.1836064927541,93.37261069342917,<1,Europe,EST,High income
Estonia,2006,1346.88,68.60700225830078,98.32978211159065,93.7124832185729,<1,Europe,EST,High income
Estonia,2007,1340.705,68.47900390625,98.47691623276144,94.05609424242247,<1,Europe,EST,High income
Estonia,2008,1337.074,68.35099792480469,98.62501634242987,94.4034704232394,<1,Europe,EST,High income
Estonia,2009,1334.528,68.2229995727539,98.77408129313916,94.75462926385184,<1,Europe,EST,High income
Estonia,2010,1331.448,68.093994140625,98.924086764246,95.10948764511632,<1,Europe,EST,High income
Estonia,2011,1327.358,67.96500396728516,99.0,95.4681798403471,<1,Europe,EST,High income
Estonia,2012,1322.616,67.9739990234375,99.0,95.84224458674775,<1,Europe,EST,High income
Estonia,2013,1317.919,68.12200164794922,99.0,96.2281327787838,<1,Europe,EST,High income
Estonia,2014,1314.452,68.26900482177734,99.0,96.61295850099523,<1,Europe,EST,High income
Estonia,2015,1314.576,68.41600036621094,99.0,96.9967757831111,<1,Europe,EST,High income
Estonia,2016,1315.849,68.56300354003906,99.0,97.37957355634671,<1,Europe,EST,High income
Estonia,2017,1317.425,68.71700286865234,99.0,97.69470927334294,<1,Europe,EST,High income
Estonia,2018,1321.965,68.87999725341797,99.0,97.88805401775478,<1,Europe,EST,High income
Estonia,2019,1326.822,69.05099487304688,99.0,98.07804945522568,<1,Europe,EST,High income
Estonia,2020,1329.669,69.22900390625,99.0,98.26822826238312,<1,Europe,EST,High income
Estonia,2021,1331.749,69.41499328613281,99.0,98.44118380657804,<1,Europe,EST,High income
Estonia,2022,1350.091,69.60900115966797,99.0,98.60876292312152,<1,Europe,EST,High income
Estonia,2023,1367.196,69.80999755859375,99.0,98.77633759977756,<1,Europe,EST,High income
Estonia,2024,1360.546,70.01899719238281,99.0,98.94390972639536,<1,Europe,EST,High income
Eswatini,2000,1041.414,22.68600082397461,52.3827344327009,27.40815731561915,26.09631834652037,Africa,SWZ,Lower middle income
Eswatini,2001,1051.064,22.55500030517578,53.42584070353185,27.90099742154319,25.42347858960916,Africa,SWZ,Lower middle income
Eswatini,2002,1059.441,22.42500114440918,54.47528257915371,28.39425969776988,24.74854954231438,Africa,SWZ,Lower middle income
Eswatini,2003,1066.7,22.29599952697754,55.53104956888086,28.88793480025608,24.07155560839983,Africa,SWZ,Lower middle income
Eswatini,2004,1073.159,22.166000366210938,56.5922875058508,29.38087197687862,23.39301231512308,Africa,SWZ,Lower middle income
Eswatini,2005,1079.022,22.038000106811523,57.66027309302791,29.87476361888331,22.71217261791493,Africa,SWZ,Lower middle income
Eswatini,2006,1084.436,21.90999984741211,58.73416941313053,30.36845615665436,22.02955103898167,Africa,SWZ,Lower middle income
Eswatini,2007,1090.705,21.82900047302246,59.83256782872259,30.8897596464317,21.33441529479627,Africa,SWZ,Lower middle income
Eswatini,2008,1098.091,22.045000076293945,61.0508081483967,31.58917882456926,20.57241124478234,Africa,SWZ,Lower middle income
Eswatini,2009,1105.153,22.261999130249023,62.26916761107639,32.22816404897795,19.8132012319417,Africa,SWZ,Lower middle income
Eswatini,2010,1111.65,22.48000144958496,63.48759439959618,32.76984147938533,19.0568072940175,Africa,SWZ,Lower middle income
Eswatini,2011,1117.833,22.700000762939453,64.70638859496552,33.31228035315295,18.30304837785256,Africa,SWZ,Lower middle income
Eswatini,2012,1123.863,22.8489990234375,65.89992157666693,33.69219807592071,17.56609234780838,Africa,SWZ,Lower middle income
Eswatini,2013,1129.99,22.999000549316406,67.09466468864888,34.06984749004923,16.83102535081998,Africa,SWZ,Lower middle income
Eswatini,2014,1136.299,23.14900016784668,68.29023677026504,34.44460495665225,16.09804852391347,Africa,SWZ,Lower middle income
Eswatini,2015,1142.813,23.299999237060547,69.48694052866728,34.81702550778122,15.36698881820678,Africa,SWZ,Lower middle income
Eswatini,2016,1149.507,23.458999633789062,70.68692193950683,35.19105152756497,14.63670713714226,Africa,SWZ,Lower middle income
Eswatini,2017,1158.195,23.625,71.88963127446799,35.56594455992924,13.90752919094619,Africa,SWZ,Lower middle income
Eswatini,2018,1168.929,23.798999786376957,73.0951527386502,35.9421056743199,13.17945133766395,Africa,SWZ,Lower middle income
Eswatini,2019,1179.874,23.981000900268555,74.30323041849651,36.31935235243765,12.45263889920071,Africa,SWZ,Lower middle income
Eswatini,2020,1192.729,24.17100143432617,75.51361918829916,36.69750590791534,11.72725983676476,Africa,SWZ,Lower middle income
Eswatini,2021,1206.593,24.36899948120117,76.72606946079323,37.07638395246032,11.00348170501968,Africa,SWZ,Lower middle income
Eswatini,2022,1218.917,24.576000213623047,77.94058222655559,37.45633058731843,10.28134710900542,Africa,SWZ,Lower middle income
Eswatini,2023,1230.506,24.78999900817871,79.1563791861863,37.83609272245407,9.56127809345743,Africa,SWZ,Lower middle income
Eswatini,2024,1242.822,25.01300048828125,80.37371071910522,38.21653570287219,8.843201378073841,Africa,SWZ,Lower middle income
Ethiopia,2000,67411.494,14.74000072479248,18.75906088171324,5.356496082023871,30.79449980527062,Africa,ETH,Low income
Ethiopia,2001,69487.762,14.927000045776367,20.28613136236882,5.501699233850736,29.62797743096037,Africa,ETH,Low income
Ethiopia,2002,71635.517,15.118000030517578,21.81059472831343,5.663094092028058,28.46462747303984,Africa,ETH,Low income
Ethiopia,2003,73832.663,15.309999465942385,23.33037949174182,5.839511349715038,27.30542135024946,Africa,ETH,Low income
Ethiopia,2004,76077.206,15.503999710083008,24.84607699056745,6.031209422025626,26.15012770994793,Africa,ETH,Low income
Ethiopia,2005,78367.47,15.700000762939451,26.35761246908872,6.238087022462839,24.99881577981722,Africa,ETH,Low income
Ethiopia,2006,80703.49,15.898999214172363,27.86551191701338,6.460396442806949,23.85131651652967,Africa,ETH,Low income
Ethiopia,2007,83103.217,16.11600112915039,29.37846172934283,6.703368399590933,22.70426145124234,Africa,ETH,Low income
Ethiopia,2008,85543.668,16.510000228881836,30.98697115357327,7.023290532736954,21.52337572473768,Africa,ETH,Low income
Ethiopia,2009,88007.636,16.90999984741211,32.58824466579782,7.358986273984364,20.35036548574972,Africa,ETH,Low income
Ethiopia,2010,90538.514,17.319000244140625,34.18368974062339,7.711286362678824,19.18484542531172,Africa,ETH,Low income
Ethiopia,2011,93149.97,17.735000610351562,35.77189662036469,8.079245129228463,18.0274997144735,Africa,ETH,Low income
Ethiopia,2012,95798.767,18.15999984741211,37.35364560614534,8.46331926714929,16.87822595703513,Africa,ETH,Low income
Ethiopia,2013,98438.751,18.57499885559082,38.91892873095826,8.856631719962323,15.74040542027483,Africa,ETH,Low income
Ethiopia,2014,101115.61,18.99799919128418,40.47706603656888,9.265252286326096,14.61099170706965,Africa,ETH,Low income
Ethiopia,2015,103867.135,19.42799949645996,42.02727064300812,9.6885727559841,13.49040059856394,Africa,ETH,Low income
Ethiopia,2016,106718.162,19.86599922180176,43.569746379878,10.12666972654007,12.37874746589803,Africa,ETH,Low income
Ethiopia,2017,109666.481,20.309999465942383,45.10327609849329,10.57858294280736,11.2765414429857,Africa,ETH,Low income
Ethiopia,2018,112664.152,20.762998580932617,46.62896677490814,11.04505165440311,10.18367945243232,Africa,ETH,Low income
Ethiopia,2019,115737.383,21.224998474121094,48.14647633687453,11.52577209822897,9.100473862857617,Africa,ETH,Low income
Ethiopia,2020,118917.671,21.69499969482422,49.65504516123167,12.02009930706284,8.027317878495937,Africa,ETH,Low income
Ethiopia,2021,122138.588,22.173999786376957,51.15477500999209,12.52804844560651,6.964420083638555,Africa,ETH,Low income
Ethiopia,2022,125384.287,22.661001205444336,52.64493418317952,12.86581939574938,5.912150644057652,Africa,ETH,Low income
Ethiopia,2023,128691.692,23.157001495361328,54.12560092921802,13.20565386125432,4.8707414346408,Africa,ETH,Low income
Ethiopia,2024,132059.767,23.660999298095703,55.59606961594927,13.54720092255795,3.840539518201209,Africa,ETH,Low income
Falkland Islands (Malvinas),2000,3.097,67.60600280761719,,,-,Americas,FLK,
Falkland Islands (Malvinas),2001,3.143,68.42200469970703,,,-,Americas,FLK,
Falkland Islands (Malvinas),2002,3.17,69.03300476074219,,,-,Americas,FLK,
Falkland Islands (Malvinas),2003,3.188,69.63800048828125,,,-,Americas,FLK,
Falkland Islands (Malvinas),2004,3.204,70.23799896240234,,,-,Americas,FLK,
Falkland Islands (Malvinas),2005,3.217,70.8280029296875,,,-,Americas,FLK,
Falkland Islands (Malvinas),2006,3.227,71.41300201416016,,,-,Americas,FLK,
Falkland Islands (Malvinas),2007,3.231,71.98699951171875,,,-,Americas,FLK,
Falkland Islands (Malvinas),2008,3.224,72.55500030517578,,,-,Americas,FLK,
Falkland Islands (Malvinas),2009,3.212,73.11399841308594,,,-,Americas,FLK,
Falkland Islands (Malvinas),2010,3.197,73.66600036621094,,,-,Americas,FLK,
Falkland Islands (Malvinas),2011,3.183,74.21099853515625,,,-,Americas,FLK,
Falkland Islands (Malvinas),2012,3.2,74.7490005493164,94.48845103653238,,<1,Americas,FLK,
Falkland Islands (Malvinas),2013,3.264,75.2699966430664,94.602166094314,,<1,Americas,FLK,
Falkland Islands (Malvinas),2014,3.339,75.7770004272461,94.71283171830596,,<1,Americas,FLK,
Falkland Islands (Malvinas),2015,3.408,76.26799774169922,94.82000074595376,,<1,Americas,FLK,
Falkland Islands (Malvinas),2016,3.478,76.74400329589844,94.92389786535549,,<1,Americas,FLK,
Falkland Islands (Malvinas),2017,3.518,77.20600128173828,95.024736916474,,<1,Americas,FLK,
Falkland Islands (Malvinas),2018,3.521,77.65399932861328,95.12252797586738,,<1,Americas,FLK,
Falkland Islands (Malvinas),2019,3.517,78.08799743652344,95.2172534606927,,<1,Americas,FLK,
Falkland Islands (Malvinas),2020,3.506,78.50800323486328,95.30892872890584,,<1,Americas,FLK,
Falkland Islands (Malvinas),2021,3.498,78.91400146484375,,,-,Americas,FLK,
Falkland Islands (Malvinas),2022,3.49,79.30799865722656,,,-,Americas,FLK,
Falkland Islands (Malvinas),2023,3.477,79.68900299072266,,,-,Americas,FLK,
Falkland Islands (Malvinas),2024,3.47,80.05799865722656,,,-,Americas,FLK,
Faroe Islands,2000,45.663,36.33700180053711,99.0,,<1,Europe,FRO,High income
Faroe Islands,2001,46.24,37.17499923706055,99.0,,<1,Europe,FRO,High income
Faroe Islands,2002,46.827,38.02199935913086,99.0,,<1,Europe,FRO,High income
Faroe Islands,2003,47.423,38.7140007019043,99.0,,<1,Europe,FRO,High income
Faroe Islands,2004,48.017,39.24700164794922,99.0,,<1,Europe,FRO,High income
Faroe Islands,2005,48.361,39.78100204467773,99.0,,<1,Europe,FRO,High income
Faroe Islands,2006,48.428,40.14699935913086,99.0,,<1,Europe,FRO,High income
Faroe Islands,2007,48.474,40.34099960327149,99.0,,<1,Europe,FRO,High income
Faroe Islands,2008,48.498,40.53600311279297,99.0,,<1,Europe,FRO,High income
Faroe Islands,2009,48.489,40.73100280761719,99.0,,<1,Europe,FRO,High income
Faroe Islands,2010,48.169,40.92599868774414,99.0,,<1,Europe,FRO,High income
Faroe Islands,2011,47.934,41.0880012512207,99.0,,<1,Europe,FRO,High income
Faroe Islands,2012,48.091,41.22500228881836,99.0,,<1,Europe,FRO,High income
Faroe Islands,2013,48.279,41.36299896240234,99.0,,<1,Europe,FRO,High income
Faroe Islands,2014,48.49,41.5009994506836,99.0,,<1,Europe,FRO,High income
Faroe Islands,2015,48.894,41.63800048828125,99.0,,<1,Europe,FRO,High income
Faroe Islands,2016,49.523,41.777000427246094,99.0,,<1,Europe,FRO,High income
Faroe Islands,2017,50.243,41.91400146484375,99.0,,<1,Europe,FRO,High income
Faroe Islands,2018,51.034,42.06399917602539,99.0,,<1,Europe,FRO,High income
Faroe Islands,2019,51.842,42.22499847412109,99.0,,<1,Europe,FRO,High income
Faroe Islands,2020,52.587,42.39799880981445,99.0,,<1,Europe,FRO,High income
Faroe Islands,2021,53.3,42.58300018310547,99.0,,<1,Europe,FRO,High income
Faroe Islands,2022,54.011,42.77899932861328,99.0,,<1,Europe,FRO,High income
Faroe Islands,2023,54.714,42.98699951171875,99.0,,<1,Europe,FRO,High income
Faroe Islands,2024,55.4,43.20600128173828,99.0,,<1,Europe,FRO,High income
Fiji,2000,840.909,47.90800094604492,94.81718179410268,39.23304991255421,2.356040132760392,Western Pacific,FJI,Upper middle income
Fiji,2001,849.596,48.29999923706055,94.84407722066766,39.33194591618353,2.339934849973446,Western Pacific,FJI,Upper middle income
Fiji,2002,858.049,48.69200134277344,94.87096790220193,39.4308387307868,2.32382968351952,Western Pacific,FJI,Upper middle income
Fiji,2003,866.286,49.084999084472656,94.89270293142548,39.53002026435554,2.301663598222235,Western Pacific,FJI,Upper middle income
Fiji,2004,874.366,49.479000091552734,94.91479447631892,39.62956362543925,2.279485151710589,Western Pacific,FJI,Upper middle income
Fiji,2005,882.379,49.871002197265625,94.93704139572014,39.72871595325005,2.257417172352942,Western Pacific,FJI,Upper middle income
Fiji,2006,890.365,50.26399993896485,94.95965197801335,39.82823301317449,2.235337018678164,Western Pacific,FJI,Upper middle income
Fiji,2007,897.832,50.65699768066406,94.9825498641787,39.92785921937784,2.213285552232683,Western Pacific,FJI,Upper middle income
Fiji,2008,903.399,51.14599990844727,95.0125415500904,40.05190112429776,2.187339249185475,Western Pacific,FJI,Upper middle income
Fiji,2009,907.239,51.657997131347656,95.04453508234565,40.18190629941648,2.160489853488123,Western Pacific,FJI,Upper middle income
Fiji,2010,910.419,52.170997619628906,95.076983731919,40.31231243158089,2.133636976251491,Western Pacific,FJI,Upper middle income
Fiji,2011,912.989,52.68300247192383,95.10974061795056,40.44261226286679,2.10686192425205,Western Pacific,FJI,Upper middle income
Fiji,2012,914.918,53.19599914550781,95.1429478152795,40.57330947168212,2.080083626664933,Western Pacific,FJI,Upper middle income
Fiji,2013,916.352,53.70600128173828,95.17631877259656,40.70339147714354,2.053464794424303,Western Pacific,FJI,Upper middle income
Fiji,2014,917.585,54.21599578857422,95.21007291293944,40.83361972791585,2.026883380304195,Western Pacific,FJI,Upper middle income
Fiji,2015,918.578,54.72599792480469,95.24420125889048,40.96399244488114,2.00033880037605,Western Pacific,FJI,Upper middle income
Fiji,2016,919.166,55.2349967956543,95.278634976057,41.09425603200167,1.97387201079015,Western Pacific,FJI,Upper middle income
Fiji,2017,918.759,55.742000579833984,95.31330243567815,41.2241576146746,1.947523442078753,Western Pacific,FJI,Upper middle income
Fiji,2018,917.18,56.24799728393555,95.34826918257689,41.35394723546579,1.921252373809007,Western Pacific,FJI,Upper middle income
Fiji,2019,914.899,56.75,95.38331632931026,41.48286497947385,1.895179932938567,Western Pacific,FJI,Upper middle income
Fiji,2020,914.963,57.24700164794922,95.41835688803378,41.61064945406073,1.869346286475288,Western Pacific,FJI,Upper middle income
Fiji,2021,916.711,57.7400016784668,95.45346349432629,41.73755604026184,1.84371027758627,Western Pacific,FJI,Upper middle income
Fiji,2022,919.422,58.229000091552734,95.48863333798587,41.86358178900178,1.818271870687813,Western Pacific,FJI,Upper middle income
Fiji,2023,924.145,58.7130012512207,95.52378424572234,41.98847120835284,1.793070533922573,Western Pacific,FJI,Upper middle income
Fiji,2024,928.784,59.19200134277344,95.56038987629476,42.11075010608548,1.773757548046484,Western Pacific,FJI,Upper middle income
Finland,2000,5176.202,82.18299865722656,99.0,94.37569999986331,<1,Europe,FIN,High income
Finland,2001,5187.971,82.36799621582031,99.0,94.70997821954936,<1,Europe,FIN,High income
Finland,2002,5200.546,82.50300598144531,99.0,95.04424918834457,<1,Europe,FIN,High income
Finland,2003,5212.955,82.63800048828125,99.0,95.37852879304862,<1,Europe,FIN,High income
Finland,2004,5228.148,82.7719955444336,99.0,95.71280051896684,<1,Europe,FIN,High income
Finland,2005,5246.082,82.90499877929688,99.0,96.04707834097285,<1,Europe,FIN,High income
Finland,2006,5266.247,83.03700256347656,99.0,96.38135761140144,<1,Europe,FIN,High income
Finland,2007,5288.71,83.16799926757812,99.0,96.71563081535902,<1,Europe,FIN,High income
Finland,2008,5313.377,83.29899597167969,99.0,97.04990811143902,<1,Europe,FIN,High income
Finland,2009,5338.856,83.42900085449219,99.0,97.38418561907709,<1,Europe,FIN,High income
Finland,2010,5363.35,83.77000427246094,99.0,97.71846450253436,<1,Europe,FIN,High income
Finland,2011,5388.241,84.31299591064453,99.0,98.0527428822286,<1,Europe,FIN,High income
Finland,2012,5413.971,84.84100341796875,99.0,98.38701329658863,<1,Europe,FIN,High income
Finland,2013,5439.053,85.125,99.0,98.7212879711156,<1,Europe,FIN,High income
Finland,2014,5461.684,85.17500305175781,99.0,99.0,<1,Europe,FIN,High income
Finland,2015,5479.717,85.2249984741211,99.0,99.0,<1,Europe,FIN,High income
Finland,2016,5495.469,85.2750015258789,99.0,99.0,<1,Europe,FIN,High income
Finland,2017,5508.396,85.32500457763672,99.0,99.0,<1,Europe,FIN,High income
Finland,2018,5515.736,85.38200378417969,99.0,99.0,<1,Europe,FIN,High income
Finland,2019,5521.759,85.44599914550781,99.0,99.0,<1,Europe,FIN,High income
Finland,2020,5529.612,85.51699829101562,99.0,99.0,<1,Europe,FIN,High income
Finland,2021,5541.075,85.59600067138672,99.0,99.0,<1,Europe,FIN,High income
Finland,2022,5569.299,85.68099975585938,99.0,99.0,<1,Europe,FIN,High income
Finland,2023,5601.185,85.77299499511719,99.0,99.0,<1,Europe,FIN,High income
Finland,2024,5617.31,85.87200164794922,99.0,99.0,<1,Europe,FIN,High income
France,2000,59483.717,75.87100219726562,99.0,97.35587513480414,<1,Europe,FRA,High income
France,2001,59905.128,76.12699890136719,99.0,97.3523571686444,<1,Europe,FRA,High income
France,2002,60327.248,76.3800048828125,99.0,97.3488739914034,<1,Europe,FRA,High income
France,2003,60741.126,76.63199615478516,99.0,97.34540907181736,<1,Europe,FRA,High income
France,2004,61175.247,76.88300323486328,99.0,97.46616932342344,<1,Europe,FRA,High income
France,2005,61625.032,77.1300048828125,99.0,97.58778912081844,<1,Europe,FRA,High income
France,2006,62049.838,77.37699890136719,99.0,97.71020789700304,<1,Europe,FRA,High income
France,2007,62432.439,77.62100219726562,99.0,97.83344653115216,<1,Europe,FRA,High income
France,2008,62780.19,77.86800384521484,99.0,97.95745567693784,<1,Europe,FRA,High income
France,2009,63106.463,78.11700439453125,99.0,98.08225407133897,<1,Europe,FRA,High income
France,2010,63417.363,78.3689956665039,99.0,98.20785117208816,<1,Europe,FRA,High income
France,2011,63733.777,78.62200164794922,99.0,98.3342597203444,<1,Europe,FRA,High income
France,2012,64058.465,78.87799835205078,99.0,98.46149331354816,<1,Europe,FRA,High income
France,2013,64387.734,79.13500213623047,99.0,98.5895521201792,<1,Europe,FRA,High income
France,2014,64692.493,79.39399719238281,99.0,98.7184468015388,<1,Europe,FRA,High income
France,2015,64916.336,79.65499877929688,99.0,98.84819559202056,<1,Europe,FRA,High income
France,2016,65086.855,79.91699981689453,99.0,98.97879473982906,<1,Europe,FRA,High income
France,2017,65284.776,80.18000030517578,99.0,99.0,<1,Europe,FRA,High income
France,2018,65519.543,80.44400024414062,99.0,99.0,<1,Europe,FRA,High income
France,2019,65729.459,80.70899963378906,99.0,99.0,<1,Europe,FRA,High income
France,2020,65905.277,80.9749984741211,99.0,99.0,<1,Europe,FRA,High income
France,2021,66083.548,81.24200439453125,99.0,99.0,<1,Europe,FRA,High income
France,2022,66277.409,81.50900268554688,99.0,99.0,<1,Europe,FRA,High income
France,2023,66438.822,81.7770004272461,99.0,99.0,<1,Europe,FRA,High income
France,2024,66548.53,82.04399871826172,99.0,99.0,<1,Europe,FRA,High income
French Guiana,2001,168.53,79.52400207519531,92.60919615890673,88.8728617157842,<1,Americas,GUF,
French Guiana,2002,176.709,79.93099975585938,92.60919615890673,88.8728617157842,<1,Americas,GUF,
French Guiana,2003,185.091,80.33200073242188,92.60919615890673,88.8728617157842,<1,Americas,GUF,
French Guiana,2004,193.649,80.72799682617188,92.60919615890673,88.8728617157842,<1,Americas,GUF,
French Guiana,2005,202.447,81.11600494384766,92.60919615890673,88.8728617157842,<1,Americas,GUF,
French Guiana,2006,210.971,81.4990005493164,92.73313592863474,89.05826180735609,<1,Americas,GUF,
French Guiana,2007,219.109,81.87100219726562,92.85707569836276,89.24383955113412,<1,Americas,GUF,
French Guiana,2008,226.097,82.23199462890625,92.9810154680908,89.42959494711828,<1,Americas,GUF,
French Guiana,2009,230.704,82.58300018310547,93.1049552378188,89.61552799530858,<1,Americas,GUF,
French Guiana,2010,234.565,82.92400360107422,93.22889500754684,89.80163869570502,<1,Americas,GUF,
French Guiana,2011,239.52,83.25499725341797,93.35283477727486,89.98792704830758,<1,Americas,GUF,
French Guiana,2012,245.772,83.57499694824219,93.47677454700288,90.17439305311628,<1,Americas,GUF,
French Guiana,2013,253.241,83.88700103759766,93.60071431673092,90.36103671013112,<1,Americas,GUF,
French Guiana,2014,260.55,84.18899536132812,93.72465408645894,90.54785801935206,<1,Americas,GUF,
French Guiana,2015,266.363,84.48200225830078,93.84859385618697,90.73485698077918,<1,Americas,GUF,
French Guiana,2016,271.266,84.76599884033203,93.972533625915,90.92203359441244,<1,Americas,GUF,
French Guiana,2017,276.144,85.04199981689453,94.09647339564302,91.1093878602518,<1,Americas,GUF,
French Guiana,2018,280.962,85.30999755859375,94.22041316537104,91.29691977829732,<1,Americas,GUF,
French Guiana,2019,285.568,85.56900024414062,94.34435293509908,91.48462934854896,<1,Americas,GUF,
French Guiana,2020,289.055,85.81999969482422,94.46829270482708,91.67251657100674,<1,Americas,GUF,
French Guiana,2021,293.015,86.06299591064453,94.59223247455512,91.86058144567066,<1,Americas,GUF,
French Guiana,2022,298.306,86.29900360107422,94.71617224428314,92.04882397254072,<1,Americas,GUF,
French Guiana,2023,303.402,86.52799987792969,94.84011201401115,92.23724415161688,<1,Americas,GUF,
French Guiana,2024,308.522,86.7490005493164,94.84011201401115,92.23724415161688,<1,Americas,GUF,
French Polynesia,2000,240.337,56.0469970703125,99.0,90.44871794871796,<1,Western Pacific,PYF,High income
French Polynesia,2001,244.097,55.96699523925781,99.0,90.44871794871796,<1,Western Pacific,PYF,High income
French Polynesia,2002,247.775,55.887996673583984,99.0,90.44871794871796,<1,Western Pacific,PYF,High income
French Polynesia,2003,251.637,56.242000579833984,99.0,90.44871794871796,<1,Western Pacific,PYF,High income
French Polynesia,2004,255.654,56.83100128173828,99.0,90.44871794871796,<1,Western Pacific,PYF,High income
French Polynesia,2005,259.507,57.41699981689453,99.0,90.44871794871796,<1,Western Pacific,PYF,High income
French Polynesia,2006,263.223,58.00200271606445,99.0,90.44871794871796,<1,Western Pacific,PYF,High income
French Polynesia,2007,266.438,58.584999084472656,99.0,90.44871794871796,<1,Western Pacific,PYF,High income
French Polynesia,2008,268.379,59.16600036621094,99.0,90.44871794871796,<1,Western Pacific,PYF,High income
French Polynesia,2009,269.481,59.74199676513672,99.0,90.44871794871796,<1,Western Pacific,PYF,High income
French Polynesia,2010,270.58,60.31699752807617,99.0,90.44871794871796,<1,Western Pacific,PYF,High income
French Polynesia,2011,271.727,60.88899993896485,99.0,90.44871794871796,<1,Western Pacific,PYF,High income
French Polynesia,2012,273.084,61.45899963378906,99.0,90.44871794871796,<1,Western Pacific,PYF,High income
French Polynesia,2013,274.728,61.58300018310547,99.0,90.44871794871796,<1,Western Pacific,PYF,High income
French Polynesia,2014,276.387,61.63300323486328,99.0,90.44871794871796,<1,Western Pacific,PYF,High income
French Polynesia,2015,277.866,61.68299865722656,99.0,90.44871794871796,<1,Western Pacific,PYF,High income
French Polynesia,2016,279.178,61.73400115966797,99.0,90.44871794871796,<1,Western Pacific,PYF,High income
French Polynesia,2017,280.087,61.78400039672852,99.0,90.44871794871796,<1,Western Pacific,PYF,High income
French Polynesia,2018,279.815,61.83399963378906,99.0,90.44871794871796,<1,Western Pacific,PYF,High income
French Polynesia,2019,279.034,61.89699935913086,99.0,90.44871794871796,<1,Western Pacific,PYF,High income
French Polynesia,2020,279.209,61.97500228881836,99.0,90.44871794871796,<1,Western Pacific,PYF,High income
French Polynesia,2021,279.792,62.06600189208984,99.0,90.44871794871796,<1,Western Pacific,PYF,High income
French Polynesia,2022,280.378,62.16999816894531,99.0,90.44871794871796,<1,Western Pacific,PYF,High income
French Polynesia,2023,281.118,62.28799819946289,99.0,90.44871794871796,<1,Western Pacific,PYF,High income
French Polynesia,2024,281.807,62.41999816894531,99.0,90.44871794871796,<1,Western Pacific,PYF,High income
Gabon,2000,1275.572,78.87899780273438,80.06525033383174,,10.9039780630356,Africa,GAB,Upper middle income
Gabon,2001,1309.589,79.63299560546875,80.56922373050587,,10.33176373442148,Africa,GAB,Upper middle income
Gabon,2002,1345.135,80.36800384521484,81.06000233493245,,9.779381622196404,Africa,GAB,Upper middle income
Gabon,2003,1382.35,81.08300018310547,81.5373154553374,,9.246706352632943,Africa,GAB,Upper middle income
Gabon,2004,1421.609,81.77799987792969,82.0013798708484,,8.733224847443669,Africa,GAB,Upper middle income
Gabon,2005,1463.495,82.45199584960938,82.45191822713147,,8.238768255941546,Africa,GAB,Upper middle income
Gabon,2006,1508.337,83.10700225830078,82.89007579839567,,7.762130703720647,Africa,GAB,Upper middle income
Gabon,2007,1556.237,83.74199676513672,83.31557018706688,,7.303152674806713,Africa,GAB,Upper middle income
Gabon,2008,1607.175,84.35900115966797,83.72951602743957,,6.860688205436204,Africa,GAB,Upper middle income
Gabon,2009,1661.556,84.95500183105469,84.13072125423282,,6.435201226713392,Africa,GAB,Upper middle income
Gabon,2010,1719.879,85.53299713134766,84.52072961998438,,6.025257242972466,Africa,GAB,Upper middle income
Gabon,2011,1781.985,86.09200286865234,84.89926781544196,,5.630684189791658,Africa,GAB,Upper middle income
Gabon,2012,1846.889,86.63399505615234,85.26739479911126,,5.250435440242303,Africa,GAB,Upper middle income
Gabon,2013,1913.059,87.15599822998047,85.62392509350985,,4.884892447827342,Africa,GAB,Upper middle income
Gabon,2014,1978.399,87.6510009765625,85.96588631100683,,4.535393300579696,Africa,GAB,Upper middle income
Gabon,2015,2040.989,88.11799621582031,86.29303397529054,,4.201506803073401,Africa,GAB,Upper middle income
Gabon,2016,2100.306,88.55899810791016,86.60646503589702,,3.88201771633051,Africa,GAB,Upper middle income
Gabon,2017,2156.9,88.97599792480469,86.9072462361888,,3.575785074059865,Africa,GAB,Upper middle income
Gabon,2018,2212.318,89.37000274658203,87.19598285925032,,3.281964168380114,Africa,GAB,Upper middle income
Gabon,2019,2267.706,89.74099731445312,87.47284657007297,,2.999966378134865,Africa,GAB,Upper middle income
Gabon,2020,2322.539,90.0919952392578,87.7393004139279,,2.728562272039667,Africa,GAB,Upper middle income
Gabon,2021,2376.722,90.4229965209961,87.99547187136567,,2.467240195261453,Africa,GAB,Upper middle income
Gabon,2022,2430.747,90.73500061035156,88.24194368602565,,2.215293022294793,Africa,GAB,Upper middle income
Gabon,2023,2484.789,91.02899932861328,88.47926132666701,,1.972046656540561,Africa,GAB,Upper middle income
Gabon,2024,2538.952,91.30699920654295,88.59950090855737,,1.919890336838154,Africa,GAB,Upper middle income
Gambia,2000,1455.084,47.86800003051758,71.75198661696203,23.29664888569638,<1,Africa,GMB,Low income
Gambia,2001,1495.011,48.77499771118164,72.47098523947565,24.32826609050485,<1,Africa,GMB,Low income
Gambia,2002,1535.691,49.68299865722656,73.18740467455892,25.37887960397782,<1,Africa,GMB,Low income
Gambia,2003,1577.611,50.55500411987305,73.89419562068096,26.43237511933978,<1,Africa,GMB,Low income
Gambia,2004,1621.312,51.28800201416016,74.57234104250541,27.4421300405512,<1,Africa,GMB,Low income
Gambia,2005,1667.037,52.02000045776367,75.2482865822258,28.46716913210809,<1,Africa,GMB,Low income
Gambia,2006,1715.275,52.7509994506836,75.92200987383987,29.50746088638615,<1,Africa,GMB,Low income
Gambia,2007,1765.774,53.48099899291992,76.59349284588129,30.56298038320567,<1,Africa,GMB,Low income
Gambia,2008,1817.852,54.21100234985352,77.2629006181607,31.63417672665966,<1,Africa,GMB,Low income
Gambia,2009,1871.422,54.9370002746582,77.92950551091506,32.71910310856033,<1,Africa,GMB,Low income
Gambia,2010,1926.63,55.6619987487793,78.59383696523412,33.81914447047468,<1,Africa,GMB,Low income
Gambia,2011,1983.784,56.38399887084961,79.25553924873772,34.93326711000379,<1,Africa,GMB,Low income
Gambia,2012,2043.094,57.10499954223633,79.91493850659745,36.06241395918349,<1,Africa,GMB,Low income
Gambia,2013,2103.82,57.81999969482422,80.57119687567105,37.20396894111424,<1,Africa,GMB,Low income
Gambia,2014,2164.528,58.52799987792969,81.2241792597438,38.35726340813284,<1,Africa,GMB,Low income
Gambia,2015,2224.529,59.22799682617188,81.87375115046132,39.52158448819286,<1,Africa,GMB,Low income
Gambia,2016,2283.769,59.917999267578125,82.51964057225021,40.69566105693383,<1,Africa,GMB,Low income
Gambia,2017,2342.189,60.5989990234375,83.16205592657728,41.87979277274764,<1,Africa,GMB,Low income
Gambia,2018,2399.632,61.269996643066406,83.80088813648743,43.07319791060525,<1,Africa,GMB,Low income
Gambia,2019,2456.844,61.93100357055664,84.43619469656194,44.27563544969858,<1,Africa,GMB,Low income
Gambia,2020,2515.733,62.58199691772461,85.06803269198434,45.48685563203903,<1,Africa,GMB,Low income
Gambia,2021,2576.01,63.22199630737305,85.69631167300096,46.68142878919593,<1,Africa,GMB,Low income
Gambia,2022,2636.47,63.85200119018555,86.32124168835524,47.25276995350917,<1,Africa,GMB,Low income
Gambia,2023,2697.845,64.47200012207031,86.71557397957851,47.71904950791643,<1,Africa,GMB,Low income
Gambia,2024,2759.988,65.08000183105469,87.10348003761483,48.17900349385818,<1,Africa,GMB,Low income
Georgia,2000,4328.358,52.63800048828125,94.0602241234961,59.43714551468533,<1,Europe,GEO,Upper middle income
Georgia,2001,4209.636,52.39800262451172,94.16199191438672,59.40507301222613,<1,Europe,GEO,Upper middle income
Georgia,2002,4127.846,52.44100189208984,94.29153487926207,59.48452469442578,<1,Europe,GEO,Upper middle income
Georgia,2003,4085.483,52.82999801635742,94.45325941615476,59.69970651530791,<1,Europe,GEO,Upper middle income
Georgia,2004,4056.073,53.21800231933594,94.59808091605062,59.91402967508579,<1,Europe,GEO,Upper middle income
Georgia,2005,4026.131,53.6050033569336,94.7414845988638,60.12748509782003,<1,Europe,GEO,Upper middle income
Georgia,2006,3996.591,53.99199676513672,94.88358392015694,60.34047643060305,<1,Europe,GEO,Upper middle income
Georgia,2007,3967.59,54.378997802734375,95.0243626038677,60.55299554740976,<1,Europe,GEO,Upper middle income
Georgia,2008,3941.195,54.76499938964844,95.1637450762018,60.76465695673426,<1,Europe,GEO,Upper middle income
Georgia,2009,3918.941,55.150001525878906,95.3017390158594,60.97546689298439,<1,Europe,GEO,Upper middle income
Georgia,2010,3895.925,55.53499984741211,95.43842603183155,61.18580493099865,<1,Europe,GEO,Upper middle income
Georgia,2011,3868.724,55.91899871826172,95.57372494689858,61.39528445588237,<1,Europe,GEO,Upper middle income
Georgia,2012,3839.208,56.303001403808594,95.70773360273591,61.60430758772485,<1,Europe,GEO,Upper middle income
Georgia,2013,3809.125,56.685001373291016,95.84028955478858,62.6342790626579,<1,Europe,GEO,Upper middle income
Georgia,2014,3792.916,57.06700134277344,95.97154994316824,63.67557528166777,<1,Europe,GEO,Upper middle income
Georgia,2015,3791.573,57.447998046875,96.10144972660116,64.72778698330886,<1,Europe,GEO,Upper middle income
Georgia,2016,3792.057,57.83699798583984,96.23064385424726,65.79486873592353,<1,Europe,GEO,Upper middle income
Georgia,2017,3792.859,58.23100280761719,96.35888240422994,66.87580406269363,<1,Europe,GEO,Upper middle income
Georgia,2018,3794.877,58.63199996948242,96.4862775476087,67.97174787128986,<1,Europe,GEO,Upper middle income
Georgia,2019,3796.722,59.03900146484375,96.61273570610392,69.08253744406096,<1,Europe,GEO,Upper middle income
Georgia,2020,3795.678,59.45299911499024,96.73828231908774,69.45645357986213,<1,Europe,GEO,Upper middle income
Georgia,2021,3788.451,59.87200164794922,96.87791179255898,69.7207124579763,<1,Europe,GEO,Upper middle income
Georgia,2022,3794.784,60.297000885009766,97.016455433381,69.98740192716512,<1,Europe,GEO,Upper middle income
Georgia,2023,3807.492,60.72700119018555,97.15383587764582,70.2560405766378,<1,Europe,GEO,Upper middle income
Georgia,2024,3807.67,61.16200256347656,97.2900166595814,70.52660972678704,<1,Europe,GEO,Upper middle income
Germany,2000,81797.258,74.96499633789062,99.0,99.0,<1,Europe,DEU,High income
Germany,2001,81933.885,75.16999816894531,99.0,99.0,<1,Europe,DEU,High income
Germany,2002,82068.326,75.3740005493164,99.0,99.0,<1,Europe,DEU,High income
Germany,2003,82111.615,75.5770034790039,99.0,99.0,<1,Europe,DEU,High income
Germany,2004,82092.708,75.77899932861328,99.0,99.0,<1,Europe,DEU,High income
Germany,2005,82046.731,75.9800033569336,99.0,99.0,<1,Europe,DEU,High income
Germany,2006,81701.971,76.17900085449219,99.0,99.0,<1,Europe,DEU,High income
Germany,2007,81298.542,76.37799835205078,99.0,99.0,<1,Europe,DEU,High income
Germany,2008,81110.777,76.57499694824219,99.0,99.0,<1,Europe,DEU,High income
Germany,2009,80935.283,76.77099609375,99.0,99.0,<1,Europe,DEU,High income
Germany,2010,80830.924,76.96600341796875,99.0,99.0,<1,Europe,DEU,High income
Germany,2011,80857.874,77.16000366210938,99.0,99.0,<1,Europe,DEU,High income
Germany,2012,80916.39,77.17000579833984,99.0,99.0,<1,Europe,DEU,High income
Germany,2013,81041.582,77.18000030517578,99.0,99.0,<1,Europe,DEU,High income
Germany,2014,81376.08,77.19000244140625,99.0,99.0,<1,Europe,DEU,High income
Germany,2015,82077.55,77.20000457763672,99.0,99.0,<1,Europe,DEU,High income
Germany,2016,82760.102,77.2239990234375,99.0,99.0,<1,Europe,DEU,High income
Germany,2017,83104.007,77.26100158691406,99.0,99.0,<1,Europe,DEU,High income
Germany,2018,83368.505,77.31199645996094,99.0,99.0,<1,Europe,DEU,High income
Germany,2019,83559.186,77.3759994506836,99.0,99.0,<1,Europe,DEU,High income
Germany,2020,83628.708,77.4530029296875,99.0,99.0,<1,Europe,DEU,High income
Germany,2021,83697.083,77.54399871826172,99.0,99.0,<1,Europe,DEU,High income
Germany,2022,84086.227,77.64800262451172,99.0,99.0,<1,Europe,DEU,High income
Germany,2023,84548.231,77.76499938964844,99.0,99.0,<1,Europe,DEU,High income
Germany,2024,84552.242,77.8949966430664,99.0,99.0,<1,Europe,DEU,High income
Ghana,2000,19637.087,43.92899703979492,65.51721837874503,14.36161350491293,15.96713545515926,Africa,GHA,Lower middle income
Ghana,2001,20167.069,44.60099792480469,66.27248107772506,14.63594685373291,15.39910077045949,Africa,GHA,Lower middle income
Ghana,2002,20729.388,45.275001525878906,67.28702365760293,15.66651172409979,14.83790837305377,Africa,GHA,Lower middle income
Ghana,2003,21296.705,45.95100021362305,68.30364357470647,16.71749677540331,14.28359189874007,Africa,GHA,Lower middle income
Ghana,2004,21868.298,46.630001068115234,69.3225909029972,17.78911910315216,13.7359708912642,Africa,GHA,Lower middle income
Ghana,2005,22449.438,47.30800247192383,70.3428380680709,18.87990712784542,13.19591823065534,Africa,GHA,Lower middle income
Ghana,2006,23040.702,47.98799896240234,71.36515620138019,19.99073246158945,12.6628166148081,Africa,GHA,Lower middle income
Ghana,2007,23642.279,48.66900253295898,72.38928208335386,21.12111735114784,12.1368935081116,Africa,GHA,Lower middle income
Ghana,2008,24249.946,49.35100173950195,73.41521380907689,22.27092355767137,11.61816392356911,Africa,GHA,Lower middle income
Ghana,2009,24862.664,50.03100204467773,74.44220773211472,23.43892397462256,11.10719778245788,Africa,GHA,Lower middle income
Ghana,2010,25474.995,50.7130012512207,75.47126793918304,24.62640479835304,10.60324775050126,Africa,GHA,Lower middle income
Ghana,2011,26095.088,51.39399719238281,76.50164047931493,25.83211744757121,10.1068662315475,Africa,GHA,Lower middle income
Ghana,2012,26734.268,52.073001861572266,77.53309548981385,27.0555218868952,9.618201974389974,Africa,GHA,Lower middle income
Ghana,2013,27386.193,52.74800109863281,78.56515269367904,28.29566137699237,9.137550495635917,Africa,GHA,Lower middle income
Ghana,2014,28041.592,53.41899871826172,79.59783536738037,29.55232796622107,8.66484506970965,Africa,GHA,Lower middle income
Ghana,2015,28696.068,54.08599853515625,80.63116087211402,30.82530971956668,8.200020828385398,Africa,GHA,Lower middle income
Ghana,2016,29356.742,54.749000549316406,81.66514561643712,32.11439629583941,7.743012676471746,Africa,GHA,Lower middle income
Ghana,2017,30008.354,55.40699768066406,82.69957250236011,33.41898148220608,7.293895606427712,Africa,GHA,Lower middle income
Ghana,2018,30637.585,56.05999755859375,83.73446779268359,34.73884603010317,6.852589545134253,Africa,GHA,Lower middle income
Ghana,2019,31258.945,56.70700073242188,84.76961502874587,36.07336383787292,6.419141448364043,Africa,GHA,Lower middle income
Ghana,2020,31887.809,57.349002838134766,85.8052795210658,37.42272238950719,5.993330525589352,Africa,GHA,Lower middle income
Ghana,2021,32518.665,57.98500061035156,86.84125275043301,38.786292222311,5.57519421416038,Africa,GHA,Lower middle income
Ghana,2022,33149.152,58.61499786376953,87.87755208352372,40.16384560052416,5.164634895745507,Africa,GHA,Lower middle income
Ghana,2023,33787.914,59.23799896240234,88.89104959562319,41.5409857140439,4.761578913343845,Africa,GHA,Lower middle income
Ghana,2024,34427.414,59.854000091552734,89.92201168727546,42.94138920273738,4.218837426840501,Africa,GHA,Lower middle income
Gibraltar,2000,27.709,100.0,99.0,99.0,<1,Europe,GIB,High income
Gibraltar,2001,27.657,100.0,99.0,99.0,<1,Europe,GIB,High income
Gibraltar,2002,27.831,100.0,99.0,99.0,<1,Europe,GIB,High income
Gibraltar,2003,28.274,100.0,99.0,99.0,<1,Europe,GIB,High income
Gibraltar,2004,28.715,100.0,99.0,99.0,<1,Europe,GIB,High income
Gibraltar,2005,29.163,100.0,99.0,99.0,<1,Europe,GIB,High income
Gibraltar,2006,29.594,100.0,99.0,99.0,<1,Europe,GIB,High income
Gibraltar,2007,30.006,100.0,99.0,99.0,<1,Europe,GIB,High income
Gibraltar,2008,30.413,100.0,99.0,99.0,<1,Europe,GIB,High income
Gibraltar,2009,30.823,100.0,99.0,99.0,<1,Europe,GIB,High income
Gibraltar,2010,31.248,100.0,99.0,99.0,<1,Europe,GIB,High income
Gibraltar,2011,31.66,100.0,99.0,99.0,<1,Europe,GIB,High income
Gibraltar,2012,32.029,100.0,99.0,99.0,<1,Europe,GIB,High income
Gibraltar,2013,32.407,100.0,99.0,99.0,<1,Europe,GIB,High income
Gibraltar,2014,32.813,100.0,99.0,99.0,<1,Europe,GIB,High income
Gibraltar,2015,33.193,100.0,99.0,99.0,<1,Europe,GIB,High income
Gibraltar,2016,33.658,100.0,99.0,99.0,<1,Europe,GIB,High income
Gibraltar,2017,34.245,100.0,99.0,99.0,<1,Europe,GIB,High income
Gibraltar,2018,34.854,100.0,99.0,99.0,<1,Europe,GIB,High income
Gibraltar,2019,35.494,100.0,99.0,99.0,<1,Europe,GIB,High income
Gibraltar,2020,36.173,100.0,99.0,99.0,<1,Europe,GIB,High income
Gibraltar,2021,36.858,100.0,99.0,99.0,<1,Europe,GIB,High income
Gibraltar,2022,37.609,100.0,99.0,99.0,<1,Europe,GIB,High income
Gibraltar,2023,38.471,100.0,99.0,99.0,<1,Europe,GIB,High income
Gibraltar,2024,39.329,100.0,99.0,99.0,<1,Europe,GIB,High income
Greece,2000,10782.635,72.71599578857422,99.0,99.0,<1,Europe,GRC,High income
Greece,2001,10843.164,72.91300201416016,99.0,99.0,<1,Europe,GRC,High income
Greece,2002,10890.285,73.3030014038086,99.0,99.0,<1,Europe,GRC,High income
Greece,2003,10918.471,73.68900299072266,99.0,99.0,<1,Europe,GRC,High income
Greece,2004,10947.365,74.072998046875,99.0,99.0,<1,Europe,GRC,High income
Greece,2005,10981.334,74.4520034790039,99.0,99.0,<1,Europe,GRC,High income
Greece,2006,11016.103,74.82699584960938,99.0,99.0,<1,Europe,GRC,High income
Greece,2007,11045.737,75.19900512695312,99.0,99.0,<1,Europe,GRC,High income
Greece,2008,11076.872,75.56800079345703,99.0,99.0,<1,Europe,GRC,High income
Greece,2009,11108.069,75.93199920654297,99.0,99.0,<1,Europe,GRC,High income
Greece,2010,11124.67,76.29199981689453,99.0,99.0,<1,Europe,GRC,High income
Greece,2011,11108.844,76.64900207519531,99.0,99.0,<1,Europe,GRC,High income
Greece,2012,11048.298,77.00399780273438,99.0,98.9829314520553,<1,Europe,GRC,High income
Greece,2013,10967.54,77.35499572753906,99.0,98.80095223812212,<1,Europe,GRC,High income
Greece,2014,10893.166,77.70199584960938,99.0,98.6186033224029,<1,Europe,GRC,High income
Greece,2015,10820.903,78.0459976196289,99.0,98.43588399500165,<1,Europe,GRC,High income
Greece,2016,10775.504,78.38700103759766,99.0,98.25150975744724,<1,Europe,GRC,High income
Greece,2017,10753.533,78.7239990234375,99.0,98.05584040200742,<1,Europe,GRC,High income
Greece,2018,10730.844,79.05799865722656,99.0,97.8601775655047,<1,Europe,GRC,High income
Greece,2019,10718.576,79.38800048828125,99.0,97.66450044689662,<1,Europe,GRC,High income
Greece,2020,10699.369,79.71500396728516,99.0,97.46883255074256,<1,Europe,GRC,High income
Greece,2021,10579.561,80.03800201416016,99.0,97.27316398083806,<1,Europe,GRC,High income
Greece,2022,10412.48,80.35699462890625,99.0,97.07749363935196,<1,Europe,GRC,High income
Greece,2023,10242.908,80.6729965209961,99.0,96.88182244275804,<1,Europe,GRC,High income
Greece,2024,10047.817,80.98400115966797,99.0,96.6861554835288,<1,Europe,GRC,High income
Greenland,2000,56.209,81.5999984741211,99.0,,<1,Europe,GRL,High income
Greenland,2001,56.411,81.8489990234375,99.0,,<1,Europe,GRL,High income
Greenland,2002,56.592,82.0949935913086,99.0,,<1,Europe,GRL,High income
Greenland,2003,56.761,82.33799743652344,99.0,,<1,Europe,GRL,High income
Greenland,2004,56.907,82.58000183105469,99.0,,<1,Europe,GRL,High income
Greenland,2005,56.95,82.85800170898438,99.0,,<1,Europe,GRL,High income
Greenland,2006,56.883,83.1719970703125,99.0,,<1,Europe,GRL,High income
Greenland,2007,56.782,83.48199462890625,99.0,,<1,Europe,GRL,High income
Greenland,2008,56.661,83.78700256347656,99.0,,<1,Europe,GRL,High income
Greenland,2009,56.522,84.08700561523438,99.0,,<1,Europe,GRL,High income
Greenland,2010,56.614,84.38299560546875,99.0,,<1,Europe,GRL,High income
Greenland,2011,56.834,84.75499725341797,99.0,,<1,Europe,GRL,High income
Greenland,2012,56.778,85.19999694824219,99.0,,<1,Europe,GRL,High income
Greenland,2013,56.513,85.5510025024414,99.0,,<1,Europe,GRL,High income
Greenland,2014,56.173,85.81299591064453,99.0,,<1,Europe,GRL,High income
Greenland,2015,56.021,86.07099914550781,99.0,,<1,Europe,GRL,High income
Greenland,2016,56.061,86.32599639892578,99.0,,<1,Europe,GRL,High income
Greenland,2017,56.071,86.5739974975586,99.0,,<1,Europe,GRL,High income
Greenland,2018,56.074,86.81600189208984,99.0,,<1,Europe,GRL,High income
Greenland,2019,56.084,87.052001953125,99.0,,<1,Europe,GRL,High income
Greenland,2020,56.08,87.2820053100586,99.0,,<1,Europe,GRL,High income
Greenland,2021,56.041,87.50699615478516,99.0,,<1,Europe,GRL,High income
Greenland,2022,55.99,87.72699737548828,99.0,,<1,Europe,GRL,High income
Greenland,2023,55.922,87.94000244140625,99.0,,<1,Europe,GRL,High income
Greenland,2024,55.84,88.14900207519531,99.0,,<1,Europe,GRL,High income
Grenada,2000,107.451,35.697998046875,93.30763780932185,78.71872508494161,<1,Americas,GRD,Upper middle income
Grenada,2001,107.987,35.91899871826172,93.53995277889028,79.61002487639145,<1,Americas,GRD,Upper middle income
Grenada,2002,108.404,35.91299819946289,93.77226774845872,80.5047783886163,<1,Americas,GRD,Upper middle income
Grenada,2003,108.884,35.90700149536133,94.0045827180272,81.40298562161641,<1,Americas,GRD,Upper middle income
Grenada,2004,109.323,35.9010009765625,94.23689768759564,82.30464657539125,<1,Americas,GRD,Upper middle income
Grenada,2005,109.734,35.89500045776367,94.46921265716414,83.20976124994115,<1,Americas,GRD,Upper middle income
Grenada,2006,110.135,35.888999938964844,94.70152762673258,84.11832964526602,<1,Americas,GRD,Upper middle income
Grenada,2007,110.522,35.882999420166016,94.93384259630108,85.03035176136594,1.033333333333303,Americas,GRD,Upper middle income
Grenada,2008,110.896,35.87700271606445,95.16615756586953,85.94582759824102,1.399999999999977,Americas,GRD,Upper middle income
Grenada,2009,111.254,35.87099838256836,95.39847253543802,86.86475715589096,1.766666666666652,Americas,GRD,Upper middle income
Grenada,2010,111.586,35.8650016784668,95.63078750500644,87.78714043431583,2.133333333333326,Americas,GRD,Upper middle income
Grenada,2011,112.079,35.85900115966797,95.86310247457487,88.71297743351572,2.499999999999886,Americas,GRD,Upper middle income
Grenada,2012,112.775,35.86899948120117,95.97138888692452,89.48484446552861,2.862966713639136,Americas,GRD,Upper middle income
Grenada,2013,113.487,35.895999908447266,95.62865044355468,89.77598653497297,3.209867972110639,Americas,GRD,Upper middle income
Grenada,2014,114.132,35.9379997253418,95.62865044355468,89.91767999993176,3.209867972110639,Americas,GRD,Upper middle income
Grenada,2015,114.676,35.99700164794922,95.62865044355468,89.91767999993176,3.209867972110639,Americas,GRD,Upper middle income
Grenada,2016,115.13,36.07200241088867,95.62865044355468,89.91767999993176,3.209867972110639,Americas,GRD,Upper middle income
Grenada,2017,115.438,36.16400146484375,95.62865044355468,89.91767999993176,3.209867972110639,Americas,GRD,Upper middle income
Guadeloupe,2001,417.834,98.4000015258789,99.0,97.50170381262848,<1,Americas,GLP,
Guadeloupe,2002,415.757,98.4000015258789,99.0,97.50170381262848,<1,Americas,GLP,
Guadeloupe,2003,413.418,98.4000015258789,99.0,97.50170381262848,<1,Americas,GLP,
Guadeloupe,2004,410.854,98.4000015258789,99.0,97.50170381262848,<1,Americas,GLP,
Guadeloupe,2005,408.077,98.4000015258789,99.0,97.50170381262848,<1,Americas,GLP,
Guadeloupe,2006,407.219,98.4000015258789,99.0,97.54313673875969,<1,Americas,GLP,
Guadeloupe,2007,408.296,98.4010009765625,99.0,97.58456966489084,<1,Americas,GLP,
Guadeloupe,2008,408.979,98.40299987792967,99.0,97.62600259102204,<1,Americas,GLP,
Guadeloupe,2009,408.992,98.40599822998048,99.0,97.6674355171532,<1,Americas,GLP,
Guadeloupe,2010,408.812,98.40999603271484,99.0,97.70886844328436,<1,Americas,GLP,
Guadeloupe,2011,409.053,98.41400146484376,99.0,97.75030136941557,<1,Americas,GLP,
Guadeloupe,2012,409.152,98.41999816894533,99.0,97.79173429554672,<1,Americas,GLP,
Guadeloupe,2013,408.361,98.42699432373048,99.0,97.68881328317124,<1,Americas,GLP,
Guadeloupe,2014,406.64,98.43399810791016,99.0,97.58577000129876,<1,Americas,GLP,
Guadeloupe,2015,403.95,98.44300079345705,99.0,97.4826044499294,<1,Americas,GLP,
Guadeloupe,2016,404.634,98.4520034790039,99.0,97.379316629063,<1,Americas,GLP,
Guadeloupe,2017,412.692,98.46299743652344,99.0,97.27590653869969,<1,Americas,GLP,
Guadeloupe,2018,415.18,98.4739990234375,99.0,97.17237417883938,<1,Americas,GLP,
Guadeloupe,2019,410.257,98.48600006103516,99.0,97.06871954948213,<1,Americas,GLP,
Guadeloupe,2020,407.394,98.4990005493164,99.0,96.96494265062792,<1,Americas,GLP,
Guadeloupe,2021,399.151,98.51200103759766,99.0,96.86104348227684,<1,Americas,GLP,
Guadeloupe,2022,384.697,98.5260009765625,99.0,96.75702204442872,<1,Americas,GLP,
Guadeloupe,2023,376.517,98.54199981689452,99.0,96.65287833708364,<1,Americas,GLP,
Guadeloupe,2024,375.106,98.55699920654295,99.0,96.65287833708364,<1,Americas,GLP,
Guam,2000,160.065,93.12899780273438,99.0,99.0,<1,Western Pacific,GUM,High income
Guam,2001,161.329,93.23300170898438,99.0,99.0,<1,Western Pacific,GUM,High income
Guam,2002,162.315,93.33399963378906,99.0,99.0,<1,Western Pacific,GUM,High income
Guam,2003,163.137,93.43499755859376,99.0,99.0,<1,Western Pacific,GUM,High income
Guam,2004,163.81,93.53399658203124,99.0,99.0,<1,Western Pacific,GUM,High income
Guam,2005,164.365,93.63099670410156,99.0,99.0,<1,Western Pacific,GUM,High income
Guam,2006,164.839,93.72699737548828,99.0,99.0,<1,Western Pacific,GUM,High income
Guam,2007,165.267,93.82200622558594,99.0,99.0,<1,Western Pacific,GUM,High income
Guam,2008,165.693,93.91600036621094,99.0,99.0,<1,Western Pacific,GUM,High income
Guam,2009,166.173,94.00799560546876,99.0,99.0,<1,Western Pacific,GUM,High income
Guam,2010,166.522,94.0989990234375,99.0,98.97933639085456,<1,Western Pacific,GUM,High income
Guam,2011,166.543,94.18799591064452,99.0,98.9211713180082,<1,Western Pacific,GUM,High income
Guam,2012,166.331,94.2770004272461,99.0,98.86300315418843,<1,Western Pacific,GUM,High income
Guam,2013,165.966,94.36399841308594,99.0,98.80483189939524,<1,Western Pacific,GUM,High income
Guam,2014,165.486,94.44900512695312,99.0,98.74665755362868,<1,Western Pacific,GUM,High income
Guam,2015,164.905,94.53399658203124,99.0,98.68848011688868,<1,Western Pacific,GUM,High income
Guam,2016,164.233,94.61699676513672,99.0,98.63029958917528,<1,Western Pacific,GUM,High income
Guam,2017,163.49,94.69900512695312,99.0,98.57211597048844,<1,Western Pacific,GUM,High income
Guam,2018,162.679,94.77999877929688,99.0,98.51392926082823,<1,Western Pacific,GUM,High income
Guam,2019,161.808,94.85900115966795,99.0,98.45573946019464,<1,Western Pacific,GUM,High income
Guam,2020,162.158,94.93799591064452,99.0,98.3014602644754,<1,Western Pacific,GUM,High income
Guam,2021,163.73,95.01499938964844,99.0,97.2266625078406,<1,Western Pacific,GUM,High income
Guam,2022,165.18,95.09099578857422,99.0,96.15180989393524,<1,Western Pacific,GUM,High income
Guam,2023,166.506,95.16600036621094,99.0,95.07448183854478,<1,Western Pacific,GUM,High income
Guam,2024,167.777,95.24000549316406,99.0,93.99715378315476,<1,Western Pacific,GUM,High income
Guatemala,2000,11697.592,45.33200073242188,87.50895393897247,49.84414075508651,3.378123388395508,Americas,GTM,Upper middle income
Guatemala,2001,11969.422,45.667999267578125,87.77526017762463,49.85118962593452,3.287591081157845,Americas,GTM,Upper middle income
Guatemala,2002,12246.915,46.00499725341797,88.03901557192472,49.85399994851649,3.197878591754809,Americas,GTM,Upper middle income
Guatemala,2003,12525.842,46.31800079345703,88.29665886900776,49.84767279720928,3.110309807495955,Americas,GTM,Upper middle income
Guatemala,2004,12807.402,46.61600112915039,88.54967402081438,49.8343430514171,3.024327404019634,Americas,GTM,Upper middle income
Guatemala,2005,13087.629,46.91300201416016,88.80014026091388,49.81685592140909,2.939170362520767,Americas,GTM,Upper middle income
Guatemala,2006,13367.459,47.209999084472656,89.04820400161557,49.79539970185974,2.854785934491846,Americas,GTM,Upper middle income
Guatemala,2007,13652.04,47.50800323486328,89.29400219852502,49.77014044808134,2.771126352788706,Americas,GTM,Upper middle income
Guatemala,2008,13935.174,47.80699920654297,89.53752907315453,49.74105198791021,2.688195955109737,Americas,GTM,Upper middle income
Guatemala,2009,14215.611,48.104000091552734,89.77841655792841,49.70764110057261,2.606133074331736,Americas,GTM,Upper middle income
Guatemala,2010,14500.112,48.40299987792969,90.01716916786656,49.67054508787268,2.52475538750354,Americas,GTM,Upper middle income
Guatemala,2011,14792.126,48.70100021362305,90.25342466998444,49.62928574607025,2.444198053708818,Americas,GTM,Upper middle income
Guatemala,2012,15089.647,49.0,90.48742582642662,49.58415522846314,2.36437457678075,Americas,GTM,Upper middle income
Guatemala,2013,15387.337,49.31100082397461,90.7203833166752,49.53658863722357,2.284851640067397,Americas,GTM,Upper middle income
Guatemala,2014,15681.725,49.63399887084961,90.9521869085608,49.48635400230005,2.205675929716672,Americas,GTM,Upper middle income
Guatemala,2015,15971.743,49.97100067138672,91.18294188842056,49.43346284177304,2.126820049467018,Americas,GTM,Upper middle income
Guatemala,2016,16268.76,50.31899642944336,91.41220811241352,49.37729766765541,2.048446055224717,Americas,GTM,Upper middle income
Guatemala,2017,16567.357,50.68000030517578,91.64009441593484,49.31786626111647,1.970527735178107,Americas,GTM,Upper middle income
Guatemala,2018,16845.685,51.05400085449219,91.86647423430963,49.25491053628551,1.893115924311058,Americas,GTM,Upper middle income
Guatemala,2019,17103.803,51.43899917602539,92.0910526006257,49.18799009422653,1.816325327408577,Americas,GTM,Upper middle income
Guatemala,2020,17357.325,51.83600234985352,92.31381795612272,49.11697711866693,1.740167814282333,Americas,GTM,Upper middle income
Guatemala,2021,17598.65,52.2449951171875,92.53466554161106,49.04163675450426,1.664690812294326,Americas,GTM,Upper middle income
Guatemala,2022,17847.877,52.6660041809082,92.75350066762536,48.9617404208088,1.589940613831171,Americas,GTM,Upper middle income
Guatemala,2023,18124.838,53.09799957275391,92.97013355186894,48.87697884915009,1.51599139591709,Americas,GTM,Upper middle income
Guatemala,2024,18406.359,53.54199981689453,93.1845373918033,48.7871950677385,1.442859967433187,Americas,GTM,Upper middle income
Guinea,2000,8428.832,30.869001388549805,49.75328229264723,,17.28534138380314,Africa,GIN,Lower middle income
Guinea,2001,8539.96,31.143999099731445,50.50363731074397,,16.78238201318759,Africa,GIN,Lower middle income
Guinea,2002,8674.066,31.420001983642575,51.25230269901124,,16.2824935155275,Africa,GIN,Lower middle income
Guinea,2003,8870.781,31.697999954223636,51.99962531965208,,15.7854753677118,Africa,GIN,Lower middle income
Guinea,2004,9062.726,31.977001190185547,52.7452281197482,,15.29157614442799,Africa,GIN,Lower middle income
Guinea,2005,9245.844,32.25699996948242,53.48909998820192,,14.8008169727687,Africa,GIN,Lower middle income
Guinea,2006,9441.171,32.53900146484375,54.23157836549353,,14.31301036785985,Africa,GIN,Lower middle income
Guinea,2007,9662.281,32.82200241088867,54.97229520542098,,13.82839024540309,Africa,GIN,Lower middle income
Guinea,2008,9898.87,33.10599899291992,55.71123708631006,,13.34697385485937,Africa,GIN,Lower middle income
Guinea,2009,10143.534,33.39099884033203,56.44839907098947,,12.86878097156825,Africa,GIN,Lower middle income
Guinea,2010,10396.086,33.678001403808594,57.18409746222797,,12.39364802480836,Africa,GIN,Lower middle income
Guinea,2011,10656.81,33.965999603271484,58.36031436189798,,11.92178657748547,Africa,GIN,Lower middle income
Guinea,2012,10921.581,34.255001068115234,59.54589892375138,,11.4532127475825,Africa,GIN,Lower middle income
Guinea,2013,11191.873,34.54500198364258,60.74079327717692,,10.98794476205417,Africa,GIN,Lower middle income
Guinea,2014,11472.924,34.83599853515625,61.94495339664768,,10.52600245670732,Africa,GIN,Lower middle income
Guinea,2015,11767.07,35.14099884033203,63.16257054261445,,10.06546352273061,Africa,GIN,Lower middle income
Guinea,2016,12073.03,35.46000289916992,64.3935453016882,,9.606581035066391,Africa,GIN,Lower middle income
Guinea,2017,12385.659,35.792999267578125,65.63775938700155,,9.149606424859323,Africa,GIN,Lower middle income
Guinea,2018,12704.774,36.13999938964844,66.89509954507228,,8.69479205935689,Africa,GIN,Lower middle income
Guinea,2019,13034.346,36.5,68.16513014077915,,8.242514833124288,Africa,GIN,Lower middle income
Guinea,2020,13371.183,36.875,69.44836643217026,,7.792770932196825,Africa,GIN,Lower middle income
Guinea,2021,13710.513,37.26399993896485,70.74435606091139,,7.345942558909611,Africa,GIN,Lower middle income
Guinea,2022,14055.137,37.667999267578125,72.05328137019119,,6.902175271452521,Africa,GIN,Lower middle income
Guinea,2023,14405.468,38.084999084472656,73.37436765519493,,6.461940210762433,Africa,GIN,Lower middle income
Guinea,2024,14754.785,38.51700210571289,74.19248416007764,,6.025282471381933,Africa,GIN,Lower middle income
Guinea-Bissau,2000,1234.741,36.24300003051758,55.17972626039977,17.69284676294652,2.621548152284051,Africa,GNB,Low income
Guinea-Bissau,2001,1261.273,36.62200164794922,55.63551128021849,17.99005843749087,2.533500040782887,Africa,GNB,Low income
Guinea-Bissau,2002,1289.307,37.00400161743164,56.0766781223188,18.28804945332504,2.445995570049086,Africa,GNB,Low income
Guinea-Bissau,2003,1318.806,37.38699722290039,56.50251111991222,18.58586332235153,2.359100213330036,Africa,GNB,Low income
Guinea-Bissau,2004,1349.563,37.77199935913086,56.91330540991168,18.8836303885363,2.272788377619772,Africa,GNB,Low income
Guinea-Bissau,2005,1381.585,38.15700149536133,57.30839131474579,19.1804305209572,2.187119381753205,Africa,GNB,Low income
Guinea-Bissau,2006,1415.303,38.54500198364258,57.68868377959459,19.47706842725327,2.102014425561082,Africa,GNB,Low income
Guinea-Bissau,2007,1450.986,38.93400192260742,58.05351268168113,19.77262461112664,2.017531673826904,Africa,GNB,Low income
Guinea-Bissau,2008,1488.054,39.32499694824219,58.4031554952598,20.06720243308429,1.933649302526443,Africa,GNB,Low income
Guinea-Bissau,2009,1526.377,39.71599960327149,58.73699304952347,20.3599228990252,1.850419919034632,Africa,GNB,Low income
Guinea-Bissau,2010,1566.347,40.11100006103516,59.05612883565763,20.65181845831774,1.767751222300324,Africa,GNB,Low income
Guinea-Bissau,2011,1608.076,40.507999420166016,59.3599409743787,20.94199747370552,1.685697724535613,Africa,GNB,Low income
Guinea-Bissau,2012,1651.417,40.90800094604492,59.6486446194462,21.23050293741419,1.60424310722224,Africa,GNB,Low income
Guinea-Bissau,2013,1695.973,41.310001373291016,59.92191852083162,21.51677369186461,1.52341532522678,Africa,GNB,Low income
Guinea-Bissau,2014,1741.122,41.71500015258789,60.17996905158702,21.80083483914654,1.443199890545539,Africa,GNB,Low income
Guinea-Bissau,2015,1786.457,42.12299728393555,60.42272877061087,22.08240715145248,1.363604079459454,Africa,GNB,Low income
Guinea-Bissau,2016,1831.893,42.53300094604492,60.64989383018082,22.36094116181306,1.284653440847263,Africa,GNB,Low income
Guinea-Bissau,2017,1877.072,42.94499969482422,60.86142499620451,22.63617574582663,1.206353236876968,Africa,GNB,Low income
Guinea-Bissau,2018,1922.168,43.36000061035156,61.05749782620406,22.90809580269328,1.128691970411822,Africa,GNB,Low income
Guinea-Bissau,2019,1967.696,43.777000427246094,61.23782808609052,23.17616754915358,1.051692672163615,Africa,GNB,Low income
Guinea-Bissau,2020,2013.255,44.19599914550781,61.40237090768561,23.44012213774903,<1,Africa,GNB,Low income
Guinea-Bissau,2021,2058.841,44.617000579833984,61.55108356460033,23.69968898372265,<1,Africa,GNB,Low income
Guinea-Bissau,2022,2105.529,45.04100036621094,61.63635377216309,23.79449993449975,<1,Africa,GNB,Low income
Guinea-Bissau,2023,2153.339,45.46599960327149,61.72182824790494,23.88953520746173,<1,Africa,GNB,Low income
Guinea-Bissau,2024,2201.352,45.89299774169922,61.80770301716677,23.98501679010726,<1,Africa,GNB,Low income
Guyana,2000,764.832,28.694000244140625,89.32113309076793,62.73700858677644,4.635424088796941,Americas,GUY,High income
Guyana,2001,764.477,28.606000900268555,89.5993039165579,62.93139517384185,4.463482810713134,Americas,GUY,High income
Guyana,2002,763.652,28.51799964904785,89.87835431799364,63.12618257134313,4.291166136158776,Americas,GUY,High income
Guyana,2003,763.101,28.30699920654297,90.14738914181648,63.30103471369435,4.124963769072103,Americas,GUY,High income
Guyana,2004,762.418,28.064001083374023,90.41578652187954,63.47162693530971,3.95948120614426,Americas,GUY,High income
Guyana,2005,760.914,27.82200050354004,90.68662898375358,63.64349330354128,3.792914400699169,Americas,GUY,High income
Guyana,2006,758.966,27.58199882507324,90.95996795759814,63.81677878951666,3.625222595145637,Americas,GUY,High income
Guyana,2007,756.861,27.342998504638672,91.23571449425704,63.99131841056132,3.456463242055692,Americas,GUY,High income
Guyana,2008,754.606,27.10500144958496,91.51386205535844,64.16710928583348,3.286643016615286,Americas,GUY,High income
Guyana,2009,752.094,26.86899948120117,91.7944367446406,64.3442813208526,3.115727513422234,Americas,GUY,High income
Guyana,2010,749.256,26.63399887084961,92.07737877592548,64.52268725208813,2.943768080832752,Americas,GUY,High income
Guyana,2011,746.153,26.399999618530277,92.362661216299,64.70231004938486,2.770770668203458,Americas,GUY,High income
Guyana,2012,746.288,26.399999618530277,92.6609284046395,64.91689230394815,2.588920340465194,Americas,GUY,High income
Guyana,2013,750.021,26.399999618530277,92.959244646232,65.1314736718243,2.407070026574228,Americas,GUY,High income
Guyana,2014,754.229,26.41400146484375,93.2581213076168,65.34802201882667,2.224809475487565,Americas,GUY,High income
Guyana,2015,758.781,26.440998077392575,93.55731472689124,65.56629494134178,2.042255320732351,Americas,GUY,High income
Guyana,2016,763.548,26.48200035095215,93.85667254872112,65.78634581823667,1.859465607238465,Americas,GUY,High income
Guyana,2017,768.479,26.538000106811523,94.15601149418112,66.00820860590406,1.678217705855936,Americas,GUY,High income
Guyana,2018,791.556,26.60599899291992,94.45506597579548,66.23138890362874,1.501885682557667,Americas,GUY,High income
Guyana,2019,807.665,26.68899917602539,94.75370645524826,66.4561957606586,1.325606418690523,Americas,GUY,High income
Guyana,2020,807.481,26.785999298095703,95.05169665208533,66.68239136457005,1.149502565475195,Americas,GUY,High income
Guyana,2021,815.482,26.89700126647949,95.34883915423832,66.90988367948087,<1,Americas,GUY,High income
Guyana,2022,821.637,27.02200126647949,95.6449359016068,67.13857914261254,<1,Americas,GUY,High income
Guyana,2023,826.353,27.16200065612793,95.64461472652896,67.15565361573965,<1,Americas,GUY,High income
Guyana,2024,831.087,27.316001892089844,95.64426415953209,67.17443743240537,<1,Americas,GUY,High income
Haiti,2000,8303.151,35.60000228881836,54.39127912658664,,13.44453395138295,Americas,HTI,Lower middle income
Haiti,2001,8455.918,37.2509994506836,55.63707321420436,,12.72096456332908,Americas,HTI,Lower middle income
Haiti,2002,8607.641,38.935001373291016,56.86897805847148,,12.0099868596291,Americas,HTI,Lower middle income
Haiti,2003,8759.912,40.64500045776367,58.08342409246892,,11.31308169624704,Americas,HTI,Lower middle income
Haiti,2004,8910.263,41.67900085449219,58.9700056214304,,10.72341904713671,Americas,HTI,Lower middle income
Haiti,2005,9061.273,42.63800048828125,59.8048339456041,,10.1541091155626,Americas,HTI,Lower middle income
Haiti,2006,9216.562,43.604000091552734,60.62474665432101,,9.593993948143059,Americas,HTI,Lower middle income
Haiti,2007,9373.296,44.57400131225586,61.42851733920543,,9.04353509194835,Americas,HTI,Lower middle income
Haiti,2008,9530.774,45.55099868774414,62.21747314264287,,8.502461522771327,Americas,HTI,Lower middle income
Haiti,2009,9689.581,46.52799987792969,62.9888052938028,,7.971624175169026,Americas,HTI,Lower middle income
Haiti,2010,9803.294,47.50899887084961,63.74428763285992,,7.450620245483404,Americas,HTI,Lower middle income
Haiti,2011,9914.904,48.492000579833984,64.48323325481738,,6.939703694189255,Americas,HTI,Lower middle income
Haiti,2012,10069.771,49.47699737548828,65.20578378146041,,6.4389061310066,Americas,HTI,Lower middle income
Haiti,2013,10222.362,50.459999084472656,65.91055515261853,,5.94859904826254,Americas,HTI,Lower middle income
Haiti,2014,10373.235,51.44400024414063,66.59889593729505,,5.468511582995077,Americas,HTI,Lower middle income
Haiti,2015,10523.242,52.42699813842773,67.2702221922087,,4.998808378041052,Americas,HTI,Lower middle income
Haiti,2016,10671.457,53.39599990844727,67.92006631916553,,4.540374376961776,Americas,HTI,Lower middle income
Haiti,2017,10817.754,54.34600067138672,68.54711654614341,,4.093309418906196,Americas,HTI,Lower middle income
Haiti,2018,10962.362,55.27799606323242,69.15225700200308,,3.657256983770361,Americas,HTI,Lower middle income
Haiti,2019,11105.163,56.19199752807617,69.73600869239552,,3.231933124983812,Americas,HTI,Lower middle income
Haiti,2020,11243.848,57.0880012512207,70.48807632093587,,2.817055724953415,Americas,HTI,Lower middle income
Haiti,2021,11374.586,57.96399688720703,71.22168531627722,,2.412427982508409,Americas,HTI,Lower middle income
Haiti,2022,11503.606,58.81999588012695,71.93723492968485,,2.017735037034944,Americas,HTI,Lower middle income
Haiti,2023,11637.398,59.65599822998047,72.63512345329772,,1.632662944723726,Americas,HTI,Lower middle income
Haiti,2024,11772.557,60.47200012207031,73.3157500565915,,1.25689750967663,Americas,HTI,Lower middle income
Honduras,2000,6577.773,45.45800018310547,85.70096213390264,41.7714222795011,1.948737435446001,Americas,HND,Lower middle income
Honduras,2001,6757.993,45.9640007019043,86.20427815191711,42.01145673581563,1.855557621036711,Americas,HND,Lower middle income
Honduras,2002,6938.859,46.61000061035156,86.72888824035043,42.25967914565626,1.75953262192304,Americas,HND,Lower middle income
Honduras,2003,7119.213,47.266998291015625,87.20315457785075,43.60762133192128,1.6649210833336,Americas,HND,Lower middle income
Honduras,2004,7298.994,47.927001953125,87.6718091532633,44.98726984832429,1.57198568766585,Americas,HND,Lower middle income
Honduras,2005,7478.355,48.584999084472656,88.133961090874,46.39827252107162,1.480868285536756,Americas,HND,Lower middle income
Honduras,2006,7656.832,49.244998931884766,88.59032976079648,47.84129658415159,1.391462477678579,Americas,HND,Lower middle income
Honduras,2007,7834.798,49.90499877929688,89.0405738660816,49.31625889046946,1.303822726074922,Americas,HND,Lower middle income
Honduras,2008,8012.587,50.56599807739258,89.4848766199091,50.82351961062168,1.217927186563124,Americas,HND,Lower middle income
Honduras,2009,8189.899,51.22500228881836,89.92276709074902,52.36262022653393,1.133841635856289,Americas,HND,Lower middle income
Honduras,2010,8365.878,51.88500213623047,90.35474248121764,53.93432329852162,1.051500187238781,Americas,HND,Lower middle income
Honduras,2011,8540.583,52.54300308227539,90.78036035834351,55.53804079481216,<1,Americas,HND,Lower middle income
Honduras,2012,8715.076,53.201995849609375,91.20010314197351,57.174671475674,<1,Americas,HND,Lower middle income
Honduras,2013,8889.278,53.858001708984375,91.61340523893816,58.84318257315682,<1,Americas,HND,Lower middle income
Honduras,2014,9063.122,54.51400375366211,92.02073474079064,60.54453359900957,<1,Americas,HND,Lower middle income
Honduras,2015,9237.305,55.16499710083008,92.42145115993505,61.91114320905617,<1,Americas,HND,Lower middle income
Honduras,2016,9412.38,55.81300354003906,92.81588712364209,62.34143907437245,<1,Americas,HND,Lower middle income
Honduras,2017,9588.137,56.45700073242188,93.20396870664104,62.76804557351681,<1,Americas,HND,Lower middle income
Honduras,2018,9765.21,57.09599685668945,93.5856465079255,63.1906427532202,<1,Americas,HND,Lower middle income
Honduras,2019,9943.633,57.72999954223633,93.96100183381289,63.60926418895159,<1,Americas,HND,Lower middle income
Honduras,2020,10119.64,58.3589973449707,94.33010837939078,64.02392816524416,<1,Americas,HND,Lower middle income
Honduras,2021,10289.877,58.98200225830078,94.69294506182756,64.43433416840814,<1,Americas,HND,Lower middle income
Honduras,2022,10463.872,59.60000228881836,95.0903952846631,64.83546177713357,<1,Americas,HND,Lower middle income
Honduras,2023,10644.851,60.21199798583984,95.43487733648134,65.19531544855336,<1,Americas,HND,Lower middle income
Honduras,2024,10825.703,60.817996978759766,95.72937165516664,65.51622117883821,<1,Americas,HND,Lower middle income
Hungary,2000,10190.6,64.57499694824219,93.8958473145808,82.84859538629757,<1,Europe,HUN,High income
Hungary,2001,10166.69,64.67000579833984,94.19360325682064,83.11106506127935,<1,Europe,HUN,High income
Hungary,2002,10138.466,65.08100128173828,94.51336317931889,83.41463651393478,<1,Europe,HUN,High income
Hungary,2003,10108.963,65.48899841308594,94.82985730840036,83.71536803594249,<1,Europe,HUN,High income
Hungary,2004,10085.791,65.89599609375,95.14325788223852,84.01354676320301,<1,Europe,HUN,High income
Hungary,2005,10065.706,66.36499786376953,95.45739338541112,84.31691914314594,<1,Europe,HUN,High income
Hungary,2006,10049.943,66.89500427246094,95.7715235232241,84.62481881244709,<1,Europe,HUN,High income
Hungary,2007,10034.082,67.4209976196289,96.08149517892258,84.92908857505526,<1,Europe,HUN,High income
Hungary,2008,10016.657,67.94300079345703,96.38735492224554,85.2297662175944,<1,Europe,HUN,High income
Hungary,2009,10001.378,68.45999908447266,96.68910820480512,85.52678239415354,<1,Europe,HUN,High income
Hungary,2010,9979.129,68.91099548339844,96.98423405218772,85.81358559948295,<1,Europe,HUN,High income
Hungary,2011,9946.676,69.35799407958984,97.27585624449644,86.09728472052325,<1,Europe,HUN,High income
Hungary,2012,9916.623,69.6780014038086,97.55974026537316,86.36535009477304,<1,Europe,HUN,High income
Hungary,2013,9889.346,69.9530029296875,97.83985407029208,87.71432833354808,<1,Europe,HUN,High income
Hungary,2014,9862.842,70.22699737548828,98.11789989408754,89.06512181194108,<1,Europe,HUN,High income
Hungary,2015,9839.211,70.5,98.39388024616628,90.41763473175898,<1,Europe,HUN,High income
Hungary,2016,9810.532,70.77899932861328,98.66794842901206,91.772225962666,<1,Europe,HUN,High income
Hungary,2017,9785.604,71.06199645996094,98.94001077894916,93.12849623251766,<1,Europe,HUN,High income
Hungary,2018,9774.394,71.35099792480469,99.0,94.4862820001029,<1,Europe,HUN,High income
Hungary,2019,9770.346,71.64400482177734,99.0,95.84521643296164,<1,Europe,HUN,High income
Hungary,2020,9749.457,71.94200134277344,99.0,97.20507541264568,<1,Europe,HUN,High income
Hungary,2021,9707.85,72.24500274658203,99.0,98.53100805689942,<1,Europe,HUN,High income
Hungary,2022,9684.306,72.552001953125,99.0,99.0,<1,Europe,HUN,High income
Hungary,2023,9686.463,72.86399841308594,99.0,99.0,<1,Europe,HUN,High income
Hungary,2024,9676.135,73.17900085449219,99.0,99.0,<1,Europe,HUN,High income
Iceland,2000,281.28,92.4010009765625,99.0,90.15560523821487,<1,Europe,ISL,High income
Iceland,2001,285.053,92.5320053100586,99.0,90.690807896108,<1,Europe,ISL,High income
Iceland,2002,287.607,92.66200256347656,99.0,91.22600510574904,<1,Europe,ISL,High income
Iceland,2003,289.605,92.78900146484376,99.0,91.76119998043264,<1,Europe,ISL,High income
Iceland,2004,292.168,92.91399383544922,99.0,92.29639563273308,<1,Europe,ISL,High income
Iceland,2005,296.834,93.03699493408205,99.0,92.83159150388958,<1,Europe,ISL,High income
Iceland,2006,303.874,93.15900421142578,99.0,93.36679344377352,<1,Europe,ISL,High income
Iceland,2007,311.651,93.27799987792967,99.0,93.90199102315437,<1,Europe,ISL,High income
Iceland,2008,317.514,93.39500427246094,99.0,94.43718476981265,<1,Europe,ISL,High income
Iceland,2009,318.612,93.51099395751952,99.0,94.9723798865961,<1,Europe,ISL,High income
Iceland,2010,318.158,93.5739974975586,99.0,95.50757783199828,<1,Europe,ISL,High income
Iceland,2011,319.137,93.58699798583984,99.0,96.04277595559792,<1,Europe,ISL,High income
Iceland,2012,320.841,93.5999984741211,99.0,96.57796730423335,<1,Europe,ISL,High income
Iceland,2013,323.885,93.63300323486328,99.0,97.11316731479047,<1,Europe,ISL,High income
Iceland,2014,327.512,93.66699981689452,99.0,97.64836337191468,<1,Europe,ISL,High income
Iceland,2015,330.952,93.6999969482422,99.0,98.18356331670545,<1,Europe,ISL,High income
Iceland,2016,335.574,93.73500061035156,99.0,98.7187629845527,<1,Europe,ISL,High income
Iceland,2017,343.531,93.77300262451172,99.0,99.0,<1,Europe,ISL,High income
Iceland,2018,352.854,93.81300354003906,99.0,99.0,<1,Europe,ISL,High income
Iceland,2019,360.7,93.85499572753906,99.0,99.0,<1,Europe,ISL,High income
Iceland,2020,366.614,93.8979949951172,99.0,99.0,<1,Europe,ISL,High income
Iceland,2021,372.644,93.94400024414062,99.0,99.0,<1,Europe,ISL,High income
Iceland,2022,380.356,93.99200439453124,99.0,99.0,<1,Europe,ISL,High income
Iceland,2023,387.558,94.04199981689452,99.0,99.0,<1,Europe,ISL,High income
Iceland,2024,393.396,94.09400177001952,99.0,99.0,<1,Europe,ISL,High income
India,2000,1057922.733,27.667001724243164,79.49189244748207,37.64000573600678,1.378505261664539,South-East Asia,IND,Lower middle income
India,2001,1077898.575,27.917999267578125,80.06598576113878,39.10286246740248,1.335160128419003,South-East Asia,IND,Lower middle income
India,2002,1097600.38,28.244001388549805,80.76849162242131,40.60854645104279,1.291001209267995,South-East Asia,IND,Lower middle income
India,2003,1116803.006,28.571998596191406,81.46934464228679,42.12670480460391,1.247121443699444,South-East Asia,IND,Lower middle income
India,2004,1135991.513,28.90299797058105,82.1686302902513,43.65741446187905,1.203510487726012,South-East Asia,IND,Lower middle income
India,2005,1154676.322,29.23499870300293,82.86600180542673,45.19962716834361,1.160197809480786,South-East Asia,IND,Lower middle income
India,2006,1172878.89,29.569000244140625,83.56155003742121,46.75342381293214,1.117172666487655,South-East Asia,IND,Lower middle income
India,2007,1190676.021,29.90599822998047,84.25534393780377,48.31883789541242,1.074426252664218,South-East Asia,IND,Lower middle income
India,2008,1207930.964,30.246002197265625,84.94730946245805,49.89553029947417,1.031962749973844,South-East Asia,IND,Lower middle income
India,2009,1225524.753,30.58699989318848,85.63714613217759,51.4825314020622,<1,South-East Asia,IND,Lower middle income
India,2010,1243481.564,30.93000030517578,86.32491667234709,53.07986446914433,<1,South-East Asia,IND,Lower middle income
India,2011,1261224.954,31.275999069213867,87.01067329988919,54.68750659920423,<1,South-East Asia,IND,Lower middle income
India,2012,1278674.502,31.63400077819824,87.69519189363966,56.30756901195335,<1,South-East Asia,IND,Lower middle income
India,2013,1295829.511,32.00300216674805,88.37814301424477,57.93907905811609,<1,South-East Asia,IND,Lower middle income
India,2014,1312277.191,32.38399887084961,89.05939757637846,59.58160467296882,<1,South-East Asia,IND,Lower middle income
India,2015,1328024.498,32.777000427246094,89.73870667324884,61.2343987010564,<1,South-East Asia,IND,Lower middle income
India,2016,1343944.296,33.18199920654297,90.41582825259208,62.89670255135229,<1,South-East Asia,IND,Lower middle income
India,2017,1359657.4,33.599998474121094,91.09058256257858,64.56794596632098,<1,South-East Asia,IND,Lower middle income
India,2018,1374659.064,34.029998779296875,91.76265053188166,66.24710465500414,<1,South-East Asia,IND,Lower middle income
India,2019,1389030.312,34.47200012207031,92.43178282170088,67.93336671441749,<1,South-East Asia,IND,Lower middle income
India,2020,1402617.695,34.92599868774414,93.09773090817828,69.62590500576465,<1,South-East Asia,IND,Lower middle income
India,2021,1414203.896,35.39299774169922,93.760281159736,71.32402264875864,<1,South-East Asia,IND,Lower middle income
India,2022,1425423.212,35.87200164794922,94.41913119357808,73.02668096213968,<1,South-East Asia,IND,Lower middle income
India,2023,1438069.596,36.3640022277832,95.07405659814928,74.73312173869262,<1,South-East Asia,IND,Lower middle income
India,2024,1450935.791,36.86699676513672,95.72473735239176,76.44219421408421,<1,South-East Asia,IND,Lower middle income
Indonesia,2000,216077.79,42.00200271606445,75.77555192125163,23.51369524041404,3.838730726630688,Western Pacific,IDN,Upper middle income
Indonesia,2001,219097.902,42.78300094604492,76.77505135760892,23.85418981121915,3.674183017314299,Western Pacific,IDN,Upper middle income
Indonesia,2002,222088.495,43.56800079345703,77.76482882651104,24.1928563621011,3.511988460113582,Western Pacific,IDN,Upper middle income
Indonesia,2003,225048.008,44.35599899291992,78.74457875523369,24.52954409595652,3.352216016696492,Western Pacific,IDN,Upper middle income
Indonesia,2004,227926.649,45.14900207519531,79.71466612754556,24.86449937188802,3.19478456702176,Western Pacific,IDN,Upper middle income
Indonesia,2005,230871.65,45.94200134277344,80.6739527502828,25.19705548102785,3.039950206302859,Western Pacific,IDN,Upper middle income
Indonesia,2006,233951.652,46.73799896240234,81.62304056664462,25.52759463184362,2.88757886333608,Western Pacific,IDN,Upper middle income
Indonesia,2007,237062.337,47.53499984741211,82.56148306263833,25.85585237938912,2.737771306507879,Western Pacific,IDN,Upper middle income
Indonesia,2008,240157.903,48.334999084472656,83.48963295731049,26.18207268843426,2.590449593465135,Western Pacific,IDN,Upper middle income
Indonesia,2009,243220.028,49.13400268554688,84.3913253324257,26.50574972935814,2.44578748761767,Western Pacific,IDN,Upper middle income
Indonesia,2010,246305.322,49.91399765014648,85.16618507185625,26.82470729988114,2.304465128596861,Western Pacific,IDN,Upper middle income
Indonesia,2011,249470.032,50.59499740600586,85.63781367011435,27.12946199508462,2.16930296892162,Western Pacific,IDN,Upper middle income
Indonesia,2012,252698.525,51.275997161865234,86.07458582717535,27.43215757525975,2.036370972798017,Western Pacific,IDN,Upper middle income
Indonesia,2013,255852.467,51.95500183105469,86.49723832251775,27.73255933809068,1.905735171587211,Western Pacific,IDN,Upper middle income
Indonesia,2014,258877.399,52.63500213623047,86.90655892042064,28.03102224373297,1.777291587846075,Western Pacific,IDN,Upper middle income
Indonesia,2015,261799.249,53.3129997253418,87.30237289485352,28.32720119246682,1.651134738687289,Western Pacific,IDN,Upper middle income
Indonesia,2016,264627.418,53.98899841308594,87.68498957150784,28.62110477961073,1.527254557598188,Western Pacific,IDN,Upper middle income
Indonesia,2017,267346.658,54.65899658203125,88.05412956800554,28.91230115799518,1.405747734837843,Western Pacific,IDN,Upper middle income
Indonesia,2018,269951.846,55.32500076293945,88.41042023721704,29.20103499523741,1.286534729805929,Western Pacific,IDN,Upper middle income
Indonesia,2019,272489.381,55.9849967956543,88.75389364681237,29.48710876199755,1.169642893470614,Western Pacific,IDN,Upper middle income
Indonesia,2020,274814.866,56.64099884033203,89.08516060608893,29.77076246881861,1.054998952510116,Western Pacific,IDN,Upper middle income
Indonesia,2021,276758.053,57.290000915527344,89.40411378145944,30.05169991514983,<1,Western Pacific,IDN,Upper middle income
Indonesia,2022,278830.529,57.93399810791016,89.71135325808336,30.3301592429051,<1,Western Pacific,IDN,Upper middle income
Indonesia,2023,281190.067,58.571998596191406,89.35784822227481,30.39587632658577,<1,Western Pacific,IDN,Upper middle income
Indonesia,2024,283487.931,59.20399856567383,89.00875955741098,30.46097736436088,<1,Western Pacific,IDN,Upper middle income
Iran (Islamic Republic of),2000,66418.659,64.04199981689453,94.20872345149704,90.3926795738378,<1,Eastern Mediterranean,IRN,Upper middle income
Iran (Islamic Republic of),2001,67452.005,64.75800323486328,94.41273766461444,90.6150744998428,<1,Eastern Mediterranean,IRN,Upper middle income
Iran (Islamic Republic of),2002,68011.317,65.46800231933594,94.61211046954205,90.83290695086087,<1,Eastern Mediterranean,IRN,Upper middle income
Iran (Islamic Republic of),2003,68769.34,66.1719970703125,94.80688912954398,91.04622070178836,<1,Eastern Mediterranean,IRN,Upper middle income
Iran (Islamic Republic of),2004,70256.316,66.86900329589844,94.99703169242088,91.25493196333753,<1,Eastern Mediterranean,IRN,Upper middle income
Iran (Islamic Republic of),2005,71828.455,67.55799865722656,95.18249701115997,91.45895692883728,<1,Eastern Mediterranean,IRN,Upper middle income
Iran (Islamic Republic of),2006,73392.747,68.23899841308594,95.36335569231244,91.65836091678143,<1,Eastern Mediterranean,IRN,Upper middle income
Iran (Islamic Republic of),2007,74602.648,68.86399841308594,95.53548639953308,91.847164138333,<1,Eastern Mediterranean,IRN,Upper middle income
Iran (Islamic Republic of),2008,75514.204,69.45800018310547,95.7014734925872,92.0288859473462,<1,Eastern Mediterranean,IRN,Upper middle income
Iran (Islamic Republic of),2009,76457.825,70.04499816894531,95.86354156450588,92.20666785182038,<1,Eastern Mediterranean,IRN,Upper middle income
Iran (Islamic Republic of),2010,77420.842,70.6259994506836,96.02182818622728,92.38068259734057,<1,Eastern Mediterranean,IRN,Upper middle income
Iran (Islamic Republic of),2011,78383.598,71.20000457763672,96.1763033647874,92.5508566521201,<1,Eastern Mediterranean,IRN,Upper middle income
Iran (Islamic Republic of),2012,79370.58,71.75499725341797,96.3261590816988,92.71590108236404,<1,Eastern Mediterranean,IRN,Upper middle income
Iran (Islamic Republic of),2013,80414.686,72.29499816894531,96.47182421774237,92.87639295558358,<1,Eastern Mediterranean,IRN,Upper middle income
Iran (Islamic Republic of),2014,81502.045,72.82999420166016,96.6141058316375,93.0335304550058,<1,Eastern Mediterranean,IRN,Upper middle income
Iran (Islamic Republic of),2015,82619.362,73.35800170898438,96.75291926000727,93.18714509518936,<1,Eastern Mediterranean,IRN,Upper middle income
Iran (Islamic Republic of),2016,83812.228,73.87999725341797,96.88838413446808,93.33739254814962,<1,Eastern Mediterranean,IRN,Upper middle income
Iran (Islamic Republic of),2017,85026.754,74.39399719238281,97.0204377787878,93.48412464400974,<1,Eastern Mediterranean,IRN,Upper middle income
Iran (Islamic Republic of),2018,86117.998,74.89799499511719,97.14902460444908,93.62719907708316,<1,Eastern Mediterranean,IRN,Upper middle income
Iran (Islamic Republic of),2019,87051.648,75.39099884033203,97.27418449910188,93.7666082149318,<1,Eastern Mediterranean,IRN,Upper middle income
Iran (Islamic Republic of),2020,87723.443,75.8740005493164,97.39605984105282,93.90252850653374,<1,Eastern Mediterranean,IRN,Upper middle income
Iran (Islamic Republic of),2021,88455.488,76.34500122070312,97.51463145901968,94.0348515722991,<1,Eastern Mediterranean,IRN,Upper middle income
Iran (Islamic Republic of),2022,89524.246,76.80699920654297,97.63014428808432,94.1639395882777,<1,Eastern Mediterranean,IRN,Upper middle income
Iran (Islamic Republic of),2023,90608.707,77.25700378417969,97.74255287302496,94.2896157590203,<1,Eastern Mediterranean,IRN,Upper middle income
Iran (Islamic Republic of),2024,91567.738,77.697998046875,97.8520635920898,94.41220521084836,<1,Eastern Mediterranean,IRN,Upper middle income
Iraq,2000,24424.056,68.49600219726562,80.8465210339668,50.24093749242796,11.17782850303019,Eastern Mediterranean,IRQ,Upper middle income
Iraq,2001,25197.84,68.55000305175781,81.73640823726576,50.71764599211274,10.62412688138628,Eastern Mediterranean,IRQ,Upper middle income
Iraq,2002,26006.559,68.60399627685547,82.62603730370786,51.19349955810642,10.07179950292098,Eastern Mediterranean,IRQ,Upper middle income
Iraq,2003,26802.659,68.65799713134766,83.5154009333644,51.66849875296904,9.520844335244663,Eastern Mediterranean,IRQ,Upper middle income
Iraq,2004,27577.878,68.71200561523438,84.40448666145882,52.14264001955096,8.97126207544583,Eastern Mediterranean,IRQ,Upper middle income
Iraq,2005,28407.448,68.76599884033203,85.29329159396204,52.61592515094011,8.423055606100663,Eastern Mediterranean,IRQ,Upper middle income
Iraq,2006,28616.515,68.81900024414062,86.18151260736832,53.08807201006677,7.876430318185168,Eastern Mediterranean,IRQ,Upper middle income
Iraq,2007,28391.607,68.87300109863281,87.06974539694811,53.55965173036335,7.330955518513468,Eastern Mediterranean,IRQ,Upper middle income
Iraq,2008,28971.036,68.927001953125,87.95767538395579,54.03037562647956,6.786854990980817,Eastern Mediterranean,IRQ,Upper middle income
Iraq,2009,30058.206,68.9800033569336,88.84504648659895,54.49998184502179,6.24429880253172,Eastern Mediterranean,IRQ,Upper middle income
Iraq,2010,31045.366,69.1030044555664,89.74768034105304,54.98614054240426,5.69196041264279,Eastern Mediterranean,IRQ,Upper middle income
Iraq,2011,32161.424,69.26799774169922,90.65622350485226,55.48045100536067,5.136606183534663,Eastern Mediterranean,IRQ,Upper middle income
Iraq,2012,33654.842,69.43199920654297,91.56041088380108,55.97190762256081,4.585581282878715,Eastern Mediterranean,IRQ,Upper middle income
Iraq,2013,35281.989,69.5949935913086,92.46028471569406,56.46054105143521,4.038849226940363,Eastern Mediterranean,IRQ,Upper middle income
Iraq,2014,36550.059,69.75799560546875,93.35601793583486,56.9465871735704,3.496261569036895,Eastern Mediterranean,IRQ,Upper middle income
Iraq,2015,37560.535,69.9209976196289,94.24759356476083,57.43004814934025,2.957819551070343,Eastern Mediterranean,IRQ,Upper middle income
Iraq,2016,38469.627,70.09400177001953,95.13617228399028,57.9129327058889,2.458370133001635,Eastern Mediterranean,IRQ,Upper middle income
Iraq,2017,39337.353,70.27799987792969,96.02131042860672,58.39519618465587,2.024181138245026,Eastern Mediterranean,IRQ,Upper middle income
Iraq,2018,40265.624,70.4729995727539,96.902402599518,58.87657350881098,1.594586896579396,Eastern Mediterranean,IRQ,Upper middle income
Iraq,2019,41192.171,70.6780014038086,97.77878372402634,59.35662978605218,1.170092123023957,Eastern Mediterranean,IRQ,Upper middle income
Iraq,2020,42116.605,70.89300537109375,98.35990441965428,59.66446062083195,<1,Eastern Mediterranean,IRQ,Upper middle income
Iraq,2021,43071.211,71.1189956665039,98.37115692513323,59.70278400739179,<1,Eastern Mediterranean,IRQ,Upper middle income
Iraq,2022,44070.551,71.35400390625,98.38285184419672,59.7426308879855,<1,Eastern Mediterranean,IRQ,Upper middle income
Iraq,2023,45074.049,71.5989990234375,98.39504696846237,59.78417422868499,<1,Eastern Mediterranean,IRQ,Upper middle income
Iraq,2024,46042.015,71.85299682617188,98.40769382877669,59.82724613076147,<1,Eastern Mediterranean,IRQ,Upper middle income
Ireland,2000,3802.585,59.15499877929688,96.64321813260142,75.39161362005075,<1,Europe,IRL,High income
Ireland,2001,3862.981,59.39900207519531,96.66367261281364,75.48337173594062,<1,Europe,IRL,High income
Ireland,2002,3928.443,59.64900207519531,96.68393932860384,75.57694827238358,<1,Europe,IRL,High income
Ireland,2003,3992.935,59.92500305175781,96.70386769440393,75.67863619231063,<1,Europe,IRL,High income
Ireland,2004,4066.064,60.20200347900391,96.7236314451944,75.78056706259659,<1,Europe,IRL,High income
Ireland,2005,4155.284,60.47700119018555,96.74324441111796,76.99441610304511,<1,Europe,IRL,High income
Ireland,2006,4268.778,60.73799896240234,96.76281042744093,78.18999089273922,<1,Europe,IRL,High income
Ireland,2007,4393.513,60.93999862670898,96.78273418128587,79.35813962611438,<1,Europe,IRL,High income
Ireland,2008,4485.999,61.1410026550293,96.80254240775744,80.51552410272396,<1,Europe,IRL,High income
Ireland,2009,4533.752,61.34200286865234,96.82224001276197,81.66239698513104,<1,Europe,IRL,High income
Ireland,2010,4559.08,61.54199981689453,96.84182551626624,82.79859214675304,<1,Europe,IRL,High income
Ireland,2011,4579.602,61.742000579833984,96.86129047085709,83.92429784872046,<1,Europe,IRL,High income
Ireland,2012,4600.132,61.94199752807617,96.88064450195508,85.03950802931537,<1,Europe,IRL,High income
Ireland,2013,4624.686,62.1410026550293,96.89988741898892,86.14414106051355,<1,Europe,IRL,High income
Ireland,2014,4658.239,62.33999633789063,96.91901416495118,87.2383031069559,<1,Europe,IRL,High income
Ireland,2015,4702.487,62.53799819946289,96.93803647170988,88.32197971815138,<1,Europe,IRL,High income
Ireland,2016,4753.503,62.73699951171875,96.95692781470024,89.92703056473539,<1,Europe,IRL,High income
Ireland,2017,4810.261,62.946998596191406,96.9755821286774,91.52464199655569,<1,Europe,IRL,High income
Ireland,2018,4872.556,63.16999816894531,96.99395224730364,93.11400866369196,<1,Europe,IRL,High income
Ireland,2019,4933.491,63.40500259399414,97.01205392315664,93.68721950628388,<1,Europe,IRL,High income
Ireland,2020,4982.606,63.65299987792969,97.02985062403872,94.16462407494622,<1,Europe,IRL,High income
Ireland,2021,5028.426,63.9119987487793,97.04736625374784,94.64677166009506,<1,Europe,IRL,High income
Ireland,2022,5110.016,64.1830062866211,97.06457222343464,95.13397264522814,<1,Europe,IRL,High income
Ireland,2023,5196.63,64.46600341796875,97.08146331222548,95.62659954198872,<1,Europe,IRL,High income
Ireland,2024,5255.017,64.76000213623047,97.09803370070132,96.1250111631294,<1,Europe,IRL,High income
Isle of Man,2009,82.939,51.97600173950195,98.6560556451613,96.66723190933682,<1,Europe,IMN,High income
Isle of Man,2010,83.873,51.99400329589844,98.6560556451613,96.66723190933682,<1,Europe,IMN,High income
Isle of Man,2011,84.382,52.012001037597656,98.6560556451613,96.66723190933682,<1,Europe,IMN,High income
Isle of Man,2012,84.335,52.04600143432617,98.6560556451613,96.66723190933682,<1,Europe,IMN,High income
Isle of Man,2013,84.141,52.09599685668945,98.6560556451613,96.66723190933682,<1,Europe,IMN,High income
Isle of Man,2014,83.892,52.1619987487793,98.79247741935484,97.00306521012864,<1,Europe,IMN,High income
Isle of Man,2015,83.593,52.2449951171875,98.92889919354838,97.33945683793472,<1,Europe,IMN,High income
Isle of Man,2016,83.466,52.34299850463867,99.0,97.676406792755,<1,Europe,IMN,High income
Isle of Man,2017,83.609,52.45800018310547,99.0,98.01391507458956,<1,Europe,IMN,High income
Isle of Man,2018,83.805,52.58799743652344,99.0,98.35198168343832,<1,Europe,IMN,High income
Isle of Man,2019,83.957,52.73500061035156,99.0,98.69060661930124,<1,Europe,IMN,High income
Isle of Man,2020,84.064,52.89800262451172,99.0,99.0,<1,Europe,IMN,High income
Isle of Man,2021,84.106,53.07600021362305,99.0,99.0,<1,Europe,IMN,High income
Isle of Man,2022,84.132,53.27099990844727,99.0,99.0,<1,Europe,IMN,High income
Isle of Man,2023,84.165,53.48200225830078,99.0,99.0,<1,Europe,IMN,High income
Isle of Man,2024,84.16,53.70800018310547,99.0,99.0,<1,Europe,IMN,High income
Israel,2000,6111.19,91.20299530029295,99.0,99.0,<1,Europe,ISR,High income
Israel,2001,6259.982,91.26699829101562,99.0,99.0,<1,Europe,ISR,High income
Israel,2002,6387.72,91.32999420166016,99.0,99.0,<1,Europe,ISR,High income
Israel,2003,6502.82,91.39299774169922,99.0,99.0,<1,Europe,ISR,High income
Israel,2004,6615.087,91.45600128173828,99.0,99.0,<1,Europe,ISR,High income
Israel,2005,6728.206,91.51800537109376,99.0,99.0,<1,Europe,ISR,High income
Israel,2006,6844.032,91.57999420166016,99.0,99.0,<1,Europe,ISR,High income
Israel,2007,6962.455,91.64100646972656,99.0,99.0,<1,Europe,ISR,High income
Israel,2008,7082.62,91.7020034790039,99.0,99.0,<1,Europe,ISR,High income
Israel,2009,7206.096,91.76300048828124,99.0,99.0,<1,Europe,ISR,High income
Israel,2010,7336.735,91.82599639892578,99.0,99.0,<1,Europe,ISR,High income
Israel,2011,7471.023,91.89199829101562,99.0,99.0,<1,Europe,ISR,High income
Israel,2012,7607.78,91.95999908447266,99.0,99.0,<1,Europe,ISR,High income
Israel,2013,7749.379,92.031005859375,99.0,99.0,<1,Europe,ISR,High income
Israel,2014,7897.179,92.10399627685548,99.0,99.0,<1,Europe,ISR,High income
Israel,2015,8052.908,92.1790008544922,99.0,99.0,<1,Europe,ISR,High income
Israel,2016,8210.005,92.25599670410156,99.0,99.0,<1,Europe,ISR,High income
Israel,2017,8361.797,92.33599853515624,99.0,99.0,<1,Europe,ISR,High income
Israel,2018,8510.067,92.41799926757812,99.0,99.0,<1,Europe,ISR,High income
Israel,2019,8657.474,92.5009994506836,99.0,99.0,<1,Europe,ISR,High income
Israel,2020,8800.376,92.58699798583984,99.0,99.0,<1,Europe,ISR,High income
Israel,2021,8942.924,92.67399597167967,99.0,99.0,<1,Europe,ISR,High income
Israel,2022,9103.151,92.76300048828124,99.0,99.0,<1,Europe,ISR,High income
Israel,2023,9256.314,92.85399627685548,99.0,99.0,<1,Europe,ISR,High income
Israel,2024,9387.021,92.9459991455078,99.0,99.0,<1,Europe,ISR,High income
Italy,2000,57272.196,67.22200012207031,99.0,94.76837962022252,<1,Europe,ITA,High income
Italy,2001,57305.76,67.28199768066406,99.0,94.98710866397032,<1,Europe,ITA,High income
Italy,2002,57420.628,67.38200378417969,99.0,95.20593802090671,<1,Europe,ITA,High income
Italy,2003,57739.699,67.5009994506836,99.0,95.42486769103172,<1,Europe,ITA,High income
Italy,2004,58176.738,67.6199951171875,99.0,95.5418808411868,<1,Europe,ITA,High income
Italy,2005,58519.693,67.73799896240234,99.0,95.61492125964114,<1,Europe,ITA,High income
Italy,2006,58754.433,67.85600280761719,99.0,95.68798664131158,<1,Europe,ITA,High income
Italy,2007,59108.72,67.9739990234375,99.0,95.76107698619823,<1,Europe,ITA,High income
Italy,2008,59561.684,68.09200286865234,99.0,95.83419229430103,<1,Europe,ITA,High income
Italy,2009,59904.01,68.20899963378906,99.0,95.90733256562002,<1,Europe,ITA,High income
Italy,2010,60164.213,68.32699584960938,99.0,95.98049780015516,<1,Europe,ITA,High income
Italy,2011,60367.88,68.44400024414062,99.0,96.05368799790648,<1,Europe,ITA,High income
Italy,2012,60531.515,68.68399810791016,99.0,96.12690315887394,<1,Europe,ITA,High income
Italy,2013,60653.868,68.97900390625,99.0,96.2001432830576,<1,Europe,ITA,High income
Italy,2014,60664.171,69.27200317382812,99.0,96.27340837045742,<1,Europe,ITA,High income
Italy,2015,60575.316,69.56499481201172,99.0,96.3219111162616,<1,Europe,ITA,High income
Italy,2016,60478.107,69.85499572753906,99.0,96.3704138620658,<1,Europe,ITA,High income
Italy,2017,60390.318,70.14399719238281,99.0,96.41891660787,<1,Europe,ITA,High income
Italy,2018,60277.499,70.43799591064453,99.0,96.4674193536742,<1,Europe,ITA,High income
Italy,2019,60130.136,70.73600006103516,99.0,96.5159220994784,<1,Europe,ITA,High income
Italy,2020,59912.769,71.03899383544922,99.0,96.56442484528262,<1,Europe,ITA,High income
Italy,2021,59729.35,71.34600067138672,99.0,96.61292759108684,<1,Europe,ITA,High income
Italy,2022,59619.115,71.6570053100586,99.0,96.66143033689104,<1,Europe,ITA,High income
Italy,2023,59499.453,71.9729995727539,99.0,96.70993308269524,<1,Europe,ITA,High income
Italy,2024,59342.867,72.29199981689453,99.0,96.75843582849944,<1,Europe,ITA,High income
Jamaica,2000,2607.826,51.814002990722656,93.04476729506904,,3.29744427346126,Americas,JAM,Upper middle income
Jamaica,2001,2624.403,52.05299758911133,93.23146420210952,,3.172753570330484,Americas,JAM,Upper middle income
Jamaica,2002,2640.572,52.2509994506836,93.41269558651848,,3.051358147295811,Americas,JAM,Upper middle income
Jamaica,2003,2656.623,52.4370002746582,93.59166056688366,,2.931420515059656,Americas,JAM,Upper middle income
Jamaica,2004,2672.225,52.625,93.54426781613212,,2.81212985636019,Americas,JAM,Upper middle income
Jamaica,2005,2687.066,52.81100463867188,93.49590481027496,,2.693701100118844,Americas,JAM,Upper middle income
Jamaica,2006,2700.968,52.99800109863281,93.3551724042309,,2.575975979153866,Americas,JAM,Upper middle income
Jamaica,2007,2713.8,53.18400192260742,93.05018876432575,,2.459053983977281,Americas,JAM,Upper middle income
Jamaica,2008,2725.635,53.371002197265625,92.7426284619668,,2.342839583624346,Americas,JAM,Upper middle income
Jamaica,2009,2736.995,53.55700302124024,92.43233426373752,,2.227424339944659,Americas,JAM,Upper middle income
Jamaica,2010,2748.568,53.74300003051758,92.11939707218488,,2.112761395261109,Americas,JAM,Upper middle income
Jamaica,2011,2760.494,53.93000411987305,91.80394211706738,,1.998811942392515,Americas,JAM,Upper middle income
Jamaica,2012,2772.43,54.13200378417969,91.48719768310642,,1.885070377262166,Americas,JAM,Upper middle income
Jamaica,2013,2783.687,54.35000228881836,91.16916361190724,,1.771593194191354,Americas,JAM,Upper middle income
Jamaica,2014,2793.749,54.58400344848633,90.84973253880707,,1.658477237028439,Americas,JAM,Upper middle income
Jamaica,2015,2802.534,54.83300018310547,90.52872959223956,,1.545850329194028,Americas,JAM,Upper middle income
Jamaica,2016,2809.915,55.09799575805664,90.20614391281394,,1.433774786886205,Americas,JAM,Upper middle income
Jamaica,2017,2815.764,55.37800216674805,89.88181121057812,,1.322374021710186,Americas,JAM,Upper middle income
Jamaica,2018,2820.097,55.67399978637695,89.55572202516369,,1.211714967355422,Americas,JAM,Upper middle income
Jamaica,2019,2823.271,55.9849967956543,89.2277179456112,,1.101916902357228,Americas,JAM,Upper middle income
Jamaica,2020,2830.739,56.31100082397461,88.89772732190843,,<1,Americas,JAM,Upper middle income
Jamaica,2021,2837.682,56.65199661254883,88.56567276950162,,<1,Americas,JAM,Upper middle income
Jamaica,2022,2839.144,57.007999420166016,88.231486530264,,<1,Americas,JAM,Upper middle income
Jamaica,2023,2839.786,57.37799835205078,87.89503077980804,,<1,Americas,JAM,Upper middle income
Jamaica,2024,2839.175,57.762001037597656,87.55626213477323,,<1,Americas,JAM,Upper middle income
Japan,2000,127027.789,78.64900207519531,98.51961391009472,97.8687629260538,<1,Western Pacific,JPN,High income
Japan,2001,127260.148,79.98999786376953,98.51961391009472,97.8687629260538,<1,Western Pacific,JPN,High income
Japan,2002,127484.598,81.64700317382812,98.51961391009472,97.8687629260538,<1,Western Pacific,JPN,High income
Japan,2003,127671.251,83.19599914550781,98.51961391009472,97.8687629260538,<1,Western Pacific,JPN,High income
Japan,2004,127815.774,84.63999938964844,98.5196139100947,97.8687629260538,<1,Western Pacific,JPN,High income
Japan,2005,127913.33,85.9780044555664,98.55453780785528,97.91386815917107,<1,Western Pacific,JPN,High income
Japan,2006,127997.247,87.11799621582031,98.58946170561585,97.95898077154249,<1,Western Pacific,JPN,High income
Japan,2007,128087.682,88.14600372314453,98.6243856033764,98.00410076316795,<1,Western Pacific,JPN,High income
Japan,2008,128155.99,89.1030044555664,98.65930950113696,98.04922813404758,<1,Western Pacific,JPN,High income
Japan,2009,128192.47,89.98899841308594,98.69423339889754,98.09436288418128,<1,Western Pacific,JPN,High income
Japan,2010,128185.275,90.81199645996094,98.7291572966581,98.13950501356908,<1,Western Pacific,JPN,High income
Japan,2011,128096.432,91.06900024414062,98.76408119441868,98.18465452221098,<1,Western Pacific,JPN,High income
Japan,2012,127928.285,91.14800262451172,98.79900509217924,98.22981141010698,<1,Western Pacific,JPN,High income
Japan,2013,127723.645,91.22599792480467,98.8339289899398,98.27497567725707,<1,Western Pacific,JPN,High income
Japan,2014,127486.605,91.3040008544922,98.86885288770036,98.32014732366127,<1,Western Pacific,JPN,High income
Japan,2015,127275.872,91.3810043334961,98.90377678546092,98.36532634931956,<1,Western Pacific,JPN,High income
Japan,2016,127159.951,91.45700073242188,98.93870068322148,98.410512754232,<1,Western Pacific,JPN,High income
Japan,2017,127064.69,91.53500366210938,98.97362458098203,98.4557065383985,<1,Western Pacific,JPN,High income
Japan,2018,126913.432,91.61599731445312,99.0,98.5009077018191,<1,Western Pacific,JPN,High income
Japan,2019,126699.424,91.69800567626952,99.0,98.54611624449385,<1,Western Pacific,JPN,High income
Japan,2020,126304.543,91.78199768066406,99.0,98.59133216642266,<1,Western Pacific,JPN,High income
Japan,2021,125679.338,91.86699676513672,99.0,98.63655546760556,<1,Western Pacific,JPN,High income
Japan,2022,124997.578,91.95500183105467,99.0,98.68178614804258,<1,Western Pacific,JPN,High income
Japan,2023,124370.947,92.04299926757812,99.0,98.72702420773368,<1,Western Pacific,JPN,High income
Japan,2024,123753.041,92.13400268554688,99.0,98.72702420773368,<1,Western Pacific,JPN,High income
Jersey,2007,94.207,,97.675,91.49298645833336,<1,Europe,JEY,
Jersey,2008,95.18,,97.675,91.49298645833336,<1,Europe,JEY,
Jersey,2009,96.145,,97.675,91.49298645833336,<1,Europe,JEY,
Jersey,2010,97.108,,97.675,91.49298645833336,<1,Europe,JEY,
Jersey,2011,98.029,,97.675,91.49298645833336,<1,Europe,JEY,
Jersey,2012,98.911,,97.7125,91.62786119791669,<1,Europe,JEY,
Jersey,2013,99.754,,97.75,91.7628125,<1,Europe,JEY,
Jersey,2014,100.568,,97.7875,91.89784036458332,<1,Europe,JEY,
Jersey,2015,101.217,,97.825,92.03294479166668,<1,Europe,JEY,
Jersey,2016,101.692,,97.8625,92.16812578125,<1,Europe,JEY,
Jersey,2017,102.125,,97.9,92.30338333333334,<1,Europe,JEY,
Jersey,2018,102.518,,97.9375,92.43871744791666,<1,Europe,JEY,
Jersey,2019,102.856,,97.975,92.574128125,<1,Europe,JEY,
Jersey,2020,103.13,,98.0125,92.70961536458334,<1,Europe,JEY,
Jersey,2021,103.328,,98.05,92.84517916666664,<1,Europe,JEY,
Jersey,2022,103.49,,98.05,92.84517916666664,<1,Europe,JEY,
Jersey,2023,103.674,,98.05,92.84517916666664,<1,Europe,JEY,
Jersey,2024,103.846,,98.05,92.84517916666664,<1,Europe,JEY,
Jordan,2000,5386.945,78.2699966430664,98.375425418806,55.52077868533507,<1,Eastern Mediterranean,JOR,Lower middle income
Jordan,2001,5498.894,78.28299713134766,98.40483346407584,55.53708093621778,<1,Eastern Mediterranean,JOR,Lower middle income
Jordan,2002,5616.066,78.2959976196289,98.43422129149862,55.55337047773514,<1,Eastern Mediterranean,JOR,Lower middle income
Jordan,2003,5741.828,78.30799865722656,98.46357836964908,55.56972917350575,<1,Eastern Mediterranean,JOR,Lower middle income
Jordan,2004,5882.061,78.32099914550781,98.49293938380464,55.58600072327439,<1,Eastern Mediterranean,JOR,Lower middle income
Jordan,2005,6029.587,79.48500061035156,98.54942886745708,55.51616285639475,<1,Eastern Mediterranean,JOR,Lower middle income
Jordan,2006,6427.371,80.97000122070312,98.61204347091623,57.11303832533219,<1,Eastern Mediterranean,JOR,Lower middle income
Jordan,2007,6827.227,82.37100219726562,98.67116359105592,58.74078174741683,<1,Eastern Mediterranean,JOR,Lower middle income
Jordan,2008,6989.866,83.69200134277344,98.72701204845552,60.39702417672397,<1,Eastern Mediterranean,JOR,Lower middle income
Jordan,2009,7141.753,84.9280014038086,98.77960457308448,62.07990001465115,<1,Eastern Mediterranean,JOR,Lower middle income
Jordan,2010,7297.043,86.08800506591797,98.82926875605612,63.78692934743912,<1,Eastern Mediterranean,JOR,Lower middle income
Jordan,2011,7480.424,87.17200469970703,98.87613778421256,65.51616235438115,<1,Eastern Mediterranean,JOR,Lower middle income
Jordan,2012,7587.127,88.18499755859375,98.92042287474656,67.26556128087151,<1,Eastern Mediterranean,JOR,Lower middle income
Jordan,2013,7991.809,89.125,98.9622049918779,69.03332023753849,<1,Eastern Mediterranean,JOR,Lower middle income
Jordan,2014,8791.71,90.0,99.0,70.81758172493032,<1,Eastern Mediterranean,JOR,Lower middle income
Jordan,2015,9544.729,90.25599670410156,99.0,72.61128084144252,<1,Eastern Mediterranean,JOR,Lower middle income
Jordan,2016,10006.367,90.50599670410156,99.0,74.40990590692547,<1,Eastern Mediterranean,JOR,Lower middle income
Jordan,2017,10234.226,90.74700164794922,99.0,76.21322168953165,<1,Eastern Mediterranean,JOR,Lower middle income
Jordan,2018,10462.306,90.97899627685548,99.0,78.02099193657747,<1,Eastern Mediterranean,JOR,Lower middle income
Jordan,2019,10671.891,91.20299530029295,99.0,79.83303691283265,<1,Eastern Mediterranean,JOR,Lower middle income
Jordan,2020,10865.228,91.41799926757812,99.0,81.64908042072224,<1,Eastern Mediterranean,JOR,Lower middle income
Jordan,2021,11066.356,91.6259994506836,99.0,83.4690312355887,<1,Eastern Mediterranean,JOR,Lower middle income
Jordan,2022,11256.263,91.82699584960938,99.0,85.29269648095266,<1,Eastern Mediterranean,JOR,Lower middle income
Jordan,2023,11439.213,92.0199966430664,99.0,87.11982416226287,<1,Eastern Mediterranean,JOR,Lower middle income
Jordan,2024,11552.876,92.20600128173828,99.0,88.95029852827125,<1,Eastern Mediterranean,JOR,Lower middle income
Kazakhstan,2000,15501.103,56.09800338745117,90.03074261524687,63.19592852780882,1.836119327685245,Europe,KAZ,Upper middle income
Kazakhstan,2001,15575.55,56.17100143432617,90.45431447902864,63.4503942106798,1.724955161603458,Europe,KAZ,Upper middle income
Kazakhstan,2002,15656.677,56.24399948120117,90.8203534835021,64.98845124703588,1.614051338840365,Europe,KAZ,Upper middle income
Kazakhstan,2003,15747.38,56.31700134277344,91.18529592842428,66.54315744866628,1.503407781448506,Europe,KAZ,Upper middle income
Kazakhstan,2004,15850.159,56.38999938964844,91.54914208823442,68.11441356873813,1.393024779974194,Europe,KAZ,Upper middle income
Kazakhstan,2005,15968.117,56.46299743652344,91.9118915154506,69.70212525337116,1.282902180950857,Europe,KAZ,Upper middle income
Kazakhstan,2006,16103.716,56.5359992980957,92.27354620066356,71.30620073633145,1.173039812697316,Europe,KAZ,Upper middle income
Kazakhstan,2007,16257.214,56.6089973449707,92.6340928968716,72.9265274275061,1.063438010513075,Europe,KAZ,Upper middle income
Kazakhstan,2008,16426.525,56.68200302124024,92.99354427953736,74.56302556662801,<1,Europe,KAZ,Upper middle income
Kazakhstan,2009,16619.846,56.755001068115234,93.35188712099806,76.21558293240622,<1,Europe,KAZ,Upper middle income
Kazakhstan,2010,16836.81,56.82700347900391,93.70902932833482,77.88380739101473,<1,Europe,KAZ,Upper middle income
Kazakhstan,2011,17066.002,56.900001525878906,94.06517163043142,79.56823806827808,<1,Europe,KAZ,Upper middle income
Kazakhstan,2012,17306.106,56.97299957275391,94.4202016510081,81.26843955307199,<1,Europe,KAZ,Upper middle income
Kazakhstan,2013,17556.502,57.04600143432617,94.77412588403168,82.98432225115272,<1,Europe,KAZ,Upper middle income
Kazakhstan,2014,17816.285,57.11800003051758,95.12687066385432,84.7156001776453,<1,Europe,KAZ,Upper middle income
Kazakhstan,2015,18084.169,57.19100189208984,95.47857900785549,86.46257739964867,<1,Europe,KAZ,Upper middle income
Kazakhstan,2016,18363.6,57.26399993896485,95.74658134036626,88.14631521634412,<1,Europe,KAZ,Upper middle income
Kazakhstan,2017,18651.931,57.33600234985352,95.99701828611212,89.82895946914165,<1,Europe,KAZ,Upper middle income
Kazakhstan,2018,18932.727,57.428001403808594,96.3060818845049,90.11379904746988,<1,Europe,KAZ,Upper middle income
Kazakhstan,2019,19209.555,57.540000915527344,96.6144824644743,90.39897987996127,<1,Europe,KAZ,Upper middle income
Kazakhstan,2020,19482.117,57.670997619628906,96.92176574947663,90.68404253408438,<1,Europe,KAZ,Upper middle income
Kazakhstan,2021,19743.603,57.82099914550781,97.22751627579387,90.96860998479715,<1,Europe,KAZ,Upper middle income
Kazakhstan,2022,20034.609,57.9900016784668,97.531338883182,91.25232377070044,<1,Europe,KAZ,Upper middle income
Kazakhstan,2023,20330.104,58.17899703979492,97.8328139720823,91.53484947097404,<1,Europe,KAZ,Upper middle income
Kazakhstan,2024,20592.571,58.387001037597656,97.83365282466848,91.5454182335736,<1,Europe,KAZ,Upper middle income
Kenya,2000,30642.89,19.892000198364254,45.36002245070608,,30.54759842648253,Africa,KEN,Lower middle income
Kenya,2001,31619.17,20.23900032043457,46.23005051527247,,30.03214743446091,Africa,KEN,Lower middle income
Kenya,2002,32629.808,20.590999603271484,47.09798505781543,,29.51914571961504,Africa,KEN,Lower middle income
Kenya,2003,33652.223,20.947999954223636,47.96372108532996,,29.0086814070583,Africa,KEN,Lower middle income
Kenya,2004,34713.455,21.309999465942383,48.82714921893018,,28.50084043442754,Africa,KEN,Lower middle income
Kenya,2005,35796.484,21.674999237060547,49.68723357281625,,27.99633206617378,Africa,KEN,Lower middle income
Kenya,2006,36904.008,22.045000076293945,50.54482960644543,,27.49460247288384,Africa,KEN,Lower middle income
Kenya,2007,38036.349,22.420000076293945,51.39982490484338,,26.99573853937955,Africa,KEN,Lower middle income
Kenya,2008,39206.351,22.799999237060547,52.25211762889353,,26.49982902762178,Africa,KEN,Lower middle income
Kenya,2009,40408.891,23.183000564575195,53.10072553925496,,26.00753508347676,Africa,KEN,Lower middle income
Kenya,2010,41598.567,23.57099914550781,53.94644212704893,,25.51834772552765,Africa,KEN,Lower middle income
Kenya,2011,42758.461,23.9689998626709,54.79127920601187,,25.0309854979968,Africa,KEN,Lower middle income
Kenya,2012,43888.303,24.376001358032227,55.63461017113921,,24.54589314656617,Africa,KEN,Lower middle income
Kenya,2013,44986.791,24.79400062561035,56.47706365308031,,24.0627052525878,Africa,KEN,Lower middle income
Kenya,2014,46051.44,25.22099876403809,57.31760133767849,,23.58213020950301,Africa,KEN,Lower middle income
Kenya,2015,47088.526,25.65799903869629,58.15642565728639,,23.10407086427927,Africa,KEN,Lower middle income
Kenya,2016,48139.687,26.104999542236328,58.99333303241437,,22.62871201376137,Africa,KEN,Lower middle income
Kenya,2017,49197.766,26.562000274658203,59.82810250315003,,22.15622215279943,Africa,KEN,Lower middle income
Kenya,2018,50207.107,27.030000686645508,60.66090281003694,,21.68654941887162,Africa,KEN,Lower middle income
Kenya,2019,51202.827,27.50700187683105,61.49076385993618,,21.22034199333395,Africa,KEN,Lower middle income
Kenya,2020,52217.334,27.99499893188477,62.31821189626199,,20.7573147539407,Africa,KEN,Lower middle income
Kenya,2021,53219.166,28.493000030517575,63.14266842432475,,20.29787973878784,Africa,KEN,Lower middle income
Kenya,2022,54252.461,29.001998901367188,63.96426197233999,,19.84200183153742,Africa,KEN,Lower middle income
Kenya,2023,55339.003,29.51999855041504,64.78207885578084,,19.39028166857171,Africa,KEN,Lower middle income
Kenya,2024,56432.944,30.048999786376957,65.5965968528709,,18.94248519482674,Africa,KEN,Lower middle income
Kiribati,2000,88.613,42.95800018310547,56.16538925651751,9.503979358020112,<1,Western Pacific,KIR,Lower middle income
Kiribati,2001,90.335,43.47299957275391,57.32463035824419,9.718901321368346,<1,Western Pacific,KIR,Lower middle income
Kiribati,2002,92.264,43.492000579833984,58.33210994011638,9.877490632586476,<1,Western Pacific,KIR,Lower middle income
Kiribati,2003,94.175,43.51199722290039,59.33991066692231,10.03624093007419,<1,Western Pacific,KIR,Lower middle income
Kiribati,2004,96.085,43.53199768066406,60.3477274331315,10.19503809267993,<1,Western Pacific,KIR,Lower middle income
Kiribati,2005,98.035,43.551002502441406,61.35525278795436,10.35376276030938,<1,Western Pacific,KIR,Lower middle income
Kiribati,2006,100.017,44.02999877929688,62.50456890659291,10.56802246373477,<1,Western Pacific,KIR,Lower middle income
Kiribati,2007,102.068,44.865997314453125,63.76440973805921,10.82687754340952,<1,Western Pacific,KIR,Lower middle income
Kiribati,2008,104.222,45.70600128173828,64.99398427417249,11.08816759956666,<1,Western Pacific,KIR,Lower middle income
Kiribati,2009,106.467,46.5469970703125,66.14692513728856,11.35153366073806,<1,Western Pacific,KIR,Lower middle income
Kiribati,2010,108.704,47.38999938964844,67.17283626240787,11.61710501664789,<1,Western Pacific,KIR,Lower middle income
Kiribati,2011,110.647,48.23500061035156,68.18756629104,11.88488874705797,<1,Western Pacific,KIR,Lower middle income
Kiribati,2012,112.284,49.08200073242188,69.19088768814339,12.15489183656757,<1,Western Pacific,KIR,Lower middle income
Kiribati,2013,113.838,49.92699813842773,70.18138793826856,12.4266053085506,<1,Western Pacific,KIR,Lower middle income
Kiribati,2014,115.326,50.77300262451172,71.15976335315662,12.70041358047411,<1,Western Pacific,KIR,Lower middle income
Kiribati,2015,116.815,51.61899948120117,72.12550046269043,12.97618733998562,<1,Western Pacific,KIR,Lower middle income
Kiribati,2016,118.478,52.45000076293945,73.07413739988473,13.25194434855377,<1,Western Pacific,KIR,Lower middle income
Kiribati,2017,120.275,53.262001037597656,74.00451654305557,13.52709777011218,<1,Western Pacific,KIR,Lower middle income
Kiribati,2018,122.084,54.05700302124024,74.91720988845732,13.80184975254443,<1,Western Pacific,KIR,Lower middle income
Kiribati,2019,123.921,54.834999084472656,75.81222911092648,14.07614217248797,<1,Western Pacific,KIR,Lower middle income
Kiribati,2020,126.099,55.593997955322266,76.68905129854045,14.34964185299814,<1,Western Pacific,KIR,Lower middle income
Kiribati,2021,128.377,56.33500289916992,77.5479842310266,14.62241991689168,<1,Western Pacific,KIR,Lower middle income
Kiribati,2022,130.469,57.05799865722656,78.70165417885025,14.89441463404623,<1,Western Pacific,KIR,Lower middle income
Kiribati,2023,132.53,57.762001037597656,78.8873728718607,14.99243130246388,<1,Western Pacific,KIR,Lower middle income
Kiribati,2024,134.518,58.447998046875,79.06834474857223,15.08794160136179,<1,Western Pacific,KIR,Lower middle income
"Kosovo (under United Nations 
Security Council Resolution 1244/99)",2008,1800.858,,95.3160786091054,70.46628182778772,<1,,XKX,Upper middle income
"Kosovo (under United Nations 
Security Council Resolution 1244/99)",2009,1794.681,,95.33099896601044,70.53007458971946,<1,,XKX,Upper middle income
"Kosovo (under United Nations 
Security Council Resolution 1244/99)",2010,1788.743,,95.34591932291548,70.59386735165121,<1,,XKX,Upper middle income
"Kosovo (under United Nations 
Security Council Resolution 1244/99)",2011,1791.949,,95.36297115937838,70.66677336528751,<1,,XKX,Upper middle income
"Kosovo (under United Nations 
Security Council Resolution 1244/99)",2012,1806.532,,95.37789151628344,70.73056612721925,<1,,XKX,Upper middle income
"Kosovo (under United Nations 
Security Council Resolution 1244/99)",2013,1817.167,,94.94089397539538,70.74885518985295,<1,,XKX,Upper middle income
"Kosovo (under United Nations 
Security Council Resolution 1244/99)",2014,1808.98,,94.5099566651944,70.76857968735698,<1,,XKX,Upper middle income
"Kosovo (under United Nations 
Security Council Resolution 1244/99)",2015,1779.02,,94.0850524261524,70.78973961973136,<1,,XKX,Upper middle income
"Kosovo (under United Nations 
Security Council Resolution 1244/99)",2016,1761.764,,93.66615409874136,70.81233498697607,<1,,XKX,Upper middle income
"Kosovo (under United Nations 
Security Council Resolution 1244/99)",2017,1768.119,,93.25727056914609,70.84599169610651,<1,,XKX,Upper middle income
"Kosovo (under United Nations 
Security Council Resolution 1244/99)",2018,1767.741,,92.85067961971131,70.87156046415406,<1,,XKX,Upper middle income
"Kosovo (under United Nations 
Security Council Resolution 1244/99)",2019,1755.042,,92.45001181001275,70.89856466707195,<1,,XKX,Upper middle income
"Kosovo (under United Nations 
Security Council Resolution 1244/99)",2020,1751.417,,92.05523998052226,70.92700430486019,<1,,XKX,Upper middle income
"Kosovo (under United Nations 
Security Council Resolution 1244/99)",2021,1741.446,,91.66633697171171,70.95687937751876,<1,,XKX,Upper middle income
"Kosovo (under United Nations 
Security Council Resolution 1244/99)",2022,1717.946,,91.28327562405336,70.98818988504767,<1,,XKX,Upper middle income
"Kosovo (under United Nations 
Security Council Resolution 1244/99)",2023,1700.031,,91.32463357772598,71.05915982133111,<1,,XKX,Upper middle income
"Kosovo (under United Nations 
Security Council Resolution 1244/99)",2024,1684.79,,91.37189981049468,71.14026831994074,<1,,XKX,Upper middle income
Kuwait,2000,1954.709,99.0,99.0,99.0,<1,Eastern Mediterranean,KWT,High income
Kuwait,2001,2008.121,99.90799713134766,99.0,99.0,<1,Eastern Mediterranean,KWT,High income
Kuwait,2002,2059.974,100.0,99.0,99.0,<1,Eastern Mediterranean,KWT,High income
Kuwait,2003,2109.881,100.0,99.0,99.0,<1,Eastern Mediterranean,KWT,High income
Kuwait,2004,2157.32,100.0,99.0,99.0,<1,Eastern Mediterranean,KWT,High income
Kuwait,2005,2236.788,100.0,99.0,99.0,<1,Eastern Mediterranean,KWT,High income
Kuwait,2006,2364.733,100.0,99.0,99.0,<1,Eastern Mediterranean,KWT,High income
Kuwait,2007,2507.887,100.0,99.0,99.0,<1,Eastern Mediterranean,KWT,High income
Kuwait,2008,2651.421,100.0,99.0,99.0,<1,Eastern Mediterranean,KWT,High income
Kuwait,2009,2795.484,100.0,99.0,99.0,<1,Eastern Mediterranean,KWT,High income
Kuwait,2010,2943.372,100.0,99.0,99.0,<1,Eastern Mediterranean,KWT,High income
Kuwait,2011,3132.814,100.0,99.0,99.0,<1,Eastern Mediterranean,KWT,High income
Kuwait,2012,3337.025,100.0,99.0,99.0,<1,Eastern Mediterranean,KWT,High income
Kuwait,2013,3507.746,100.0,99.0,99.0,<1,Eastern Mediterranean,KWT,High income
Kuwait,2014,3665.766,100.0,99.0,99.0,<1,Eastern Mediterranean,KWT,High income
Kuwait,2015,3834.454,100.0,99.0,99.0,<1,Eastern Mediterranean,KWT,High income
Kuwait,2016,4003.971,100.0,99.0,99.0,<1,Eastern Mediterranean,KWT,High income
Kuwait,2017,4154.685,100.0,99.0,99.0,<1,Eastern Mediterranean,KWT,High income
Kuwait,2018,4323.387,100.0,99.0,99.0,<1,Eastern Mediterranean,KWT,High income
Kuwait,2019,4442.194,100.0,99.0,99.0,<1,Eastern Mediterranean,KWT,High income
Kuwait,2020,4400.144,100.0,99.0,99.0,<1,Eastern Mediterranean,KWT,High income
Kuwait,2021,4360.742,100.0,99.0,99.0,<1,Eastern Mediterranean,KWT,High income
Kuwait,2022,4589.511,100.0,99.0,99.0,<1,Eastern Mediterranean,KWT,High income
Kuwait,2023,4838.782,100.0,99.0,99.0,<1,Eastern Mediterranean,KWT,High income
Kuwait,2024,4934.507,100.0,99.0,99.0,<1,Eastern Mediterranean,KWT,High income
Kyrgyzstan,2000,5025.145,35.29800033569336,80.94250799237066,46.41599176182274,13.63190665351351,Europe,KGZ,Lower middle income
Kyrgyzstan,2001,5071.956,35.295997619628906,80.94207386678,46.41488469289152,13.63230225496509,Europe,KGZ,Lower middle income
Kyrgyzstan,2002,5116.254,35.29500198364258,81.58481057459173,46.6904510374962,13.11165769577697,Europe,KGZ,Lower middle income
Kyrgyzstan,2003,5159.422,35.292999267578125,82.22735331727378,46.96546685050361,12.59118013885063,Europe,KGZ,Lower middle income
Kyrgyzstan,2004,5203.041,35.29199981689453,82.87012223336195,47.2410383118075,12.07049788330566,Europe,KGZ,Lower middle income
Kyrgyzstan,2005,5246.332,35.290000915527344,83.4769470367777,49.00453306447229,11.5499672380776,Europe,KGZ,Lower middle income
Kyrgyzstan,2006,5282.453,35.28900146484375,84.08327990386859,50.7982506303351,11.02924666951312,Europe,KGZ,Lower middle income
Kyrgyzstan,2007,5313.368,35.2869987487793,84.68874033198716,52.62113371829718,10.50866277789057,Europe,KGZ,Lower middle income
Kyrgyzstan,2008,5342.52,35.28499984741211,85.29352114246024,54.47372322037241,9.98804764210057,Europe,KGZ,Lower middle income
Kyrgyzstan,2009,5398.007,35.28400039672852,85.89779153512283,56.35649569938895,9.467265688203803,Europe,KGZ,Lower middle income
Kyrgyzstan,2010,5491.761,35.305999755859375,86.50508304387537,58.27948020404826,8.943507529590386,Europe,KGZ,Lower middle income
Kyrgyzstan,2011,5594.535,35.35200119018555,87.11513641275978,60.2419672955575,8.417180889197168,Europe,KGZ,Lower middle income
Kyrgyzstan,2012,5696.519,35.42300033569336,87.72766707534676,62.24311938225825,7.888724391851176,Europe,KGZ,Lower middle income
Kyrgyzstan,2013,5797.289,35.51700210571289,88.34193897864883,64.2807542269669,7.358923189616961,Europe,KGZ,Lower middle income
Kyrgyzstan,2014,5898.319,35.63500213623047,88.9576674918841,66.3539256239209,6.828207912311495,Europe,KGZ,Lower middle income
Kyrgyzstan,2015,6001.882,35.777000427246094,89.57443094541905,68.4612016111649,6.297130727161526,Europe,KGZ,Lower middle income
Kyrgyzstan,2016,6108.462,35.944000244140625,90.1919244806244,70.60143623861269,5.766159929940044,Europe,KGZ,Lower middle income
Kyrgyzstan,2017,6220.15,36.1349983215332,90.80958044336144,72.35931857942313,5.235945074204887,Europe,KGZ,Lower middle income
Kyrgyzstan,2018,6341.732,36.35100173950195,91.42708804714208,73.66283348765384,4.706970415511928,Europe,KGZ,Lower middle income
Kyrgyzstan,2019,6494.035,36.59099960327149,92.0438993396,74.97777307684201,4.179870346981728,Europe,KGZ,Lower middle income
Kyrgyzstan,2020,6664.14,36.85599899291992,92.5873159897583,76.23636663178993,3.654878333057888,Europe,KGZ,Lower middle income
Kyrgyzstan,2021,6820.479,37.14599990844727,93.250254637138,77.60716712264731,3.007519930700105,Europe,KGZ,Lower middle income
Kyrgyzstan,2022,6955.788,37.46100234985352,93.77708108454205,76.89778567382243,2.497631802142583,Europe,KGZ,Lower middle income
Kyrgyzstan,2023,7073.516,37.80099868774414,94.30004167335574,75.40156466959988,1.991927881218917,Europe,KGZ,Lower middle income
Kyrgyzstan,2024,7186.009,38.16600036621094,94.94305916048712,73.88129930023176,1.491001131090035,Europe,KGZ,Lower middle income
Lao People's Democratic Republic,2000,5431.212,21.976999282836918,48.34133345970113,5.142676707782361,24.26037193384536,Western Pacific,LAO,Lower middle income
Lao People's Democratic Republic,2001,5521.482,22.993000030517575,50.5352610633994,6.732693040578758,22.96228440375915,Western Pacific,LAO,Lower middle income
Lao People's Democratic Republic,2002,5610.889,24.04399871826172,52.71074214705853,7.964704696120633,21.67811940244294,Western Pacific,LAO,Lower middle income
Lao People's Democratic Republic,2003,5697.945,25.126001358032227,54.86538380220737,8.329782578842138,20.40990609061742,Western Pacific,LAO,Lower middle income
Lao People's Democratic Republic,2004,5781.626,26.242000579833984,56.99941427490957,8.69779924866436,19.15801840944155,Western Pacific,LAO,Lower middle income
Lao People's Democratic Republic,2005,5869.523,27.18600082397461,59.04274966074973,9.0438596547213,17.96473051789601,Western Pacific,LAO,Lower middle income
Lao People's Democratic Republic,2006,5963.2,27.74800109863281,60.93344810989341,9.343033766068435,16.86412497568504,Western Pacific,LAO,Lower middle income
Lao People's Democratic Republic,2007,6056.236,28.31599998474121,62.80627635597987,9.642312194913917,15.77465114574007,Western Pacific,LAO,Lower middle income
Lao People's Democratic Republic,2008,6148.969,28.89299964904785,64.66208959885172,9.9420426797011,14.6960035508387,Western Pacific,LAO,Lower middle income
Lao People's Democratic Republic,2009,6241.642,29.475000381469727,66.4995750629687,10.2417371173529,13.62910122635793,Western Pacific,LAO,Lower middle income
Lao People's Democratic Republic,2010,6334.194,30.06399917602539,68.3192708714706,10.54162194584802,12.57381450545746,Western Pacific,LAO,Lower middle income
Lao People's Democratic Republic,2011,6426.59,30.65999984741211,70.1211055659738,10.84168694426768,11.53037178852494,Western Pacific,LAO,Lower middle income
Lao People's Democratic Republic,2012,6518.978,31.26400184631348,71.90526329979008,11.14203696133442,10.49887841015618,Western Pacific,LAO,Lower middle income
Lao People's Democratic Republic,2013,6611.385,31.87200164794922,73.67064508591758,11.44219295699206,9.480044488488266,Western Pacific,LAO,Lower middle income
Lao People's Democratic Republic,2014,6703.172,32.48699951171875,75.41800398231743,11.74249720370797,8.47369672657211,Western Pacific,LAO,Lower middle income
Lao People's Democratic Republic,2015,6801.645,33.10799789428711,77.14704051224328,12.04282214165869,7.480151692233269,Western Pacific,LAO,Lower middle income
Lao People's Democratic Republic,2016,6908.802,33.73600006103516,78.85794831500434,14.26878753653034,6.499526244390194,Western Pacific,LAO,Lower middle income
Lao People's Democratic Republic,2017,7018.147,34.36800003051758,80.55005373422793,16.58808982111572,5.532255760917312,Western Pacific,LAO,Lower middle income
Lao People's Democratic Republic,2018,7128.045,35.003997802734375,82.22339943786712,19.00059397168248,4.578471251241969,Western Pacific,LAO,Lower middle income
Lao People's Democratic Republic,2019,7237.636,35.64500045776367,83.87821194539613,21.506343763718,3.638254804504764,Western Pacific,LAO,Lower middle income
Lao People's Democratic Republic,2020,7346.533,36.28999710083008,85.88563229449113,24.10504645612469,2.71180635071982,Western Pacific,LAO,Lower middle income
Lao People's Democratic Republic,2021,7453.194,36.939002990722656,87.5242448127318,26.79655706059346,1.799256351368484,Western Pacific,LAO,Lower middle income
Lao People's Democratic Republic,2022,7559.007,37.59199905395508,89.14501775807892,29.58071798163579,<1,Western Pacific,LAO,Lower middle income
Lao People's Democratic Republic,2023,7664.993,38.24700164794922,92.6257164263436,32.40306787260072,<1,Western Pacific,LAO,Lower middle income
Lao People's Democratic Republic,2024,7769.819,38.90599822998047,95.86357949683982,35.18772307636336,<1,Western Pacific,LAO,Lower middle income
Latvia,2000,2368.313,68.06700134277344,97.95743028951502,92.51835223456315,<1,Europe,LVA,High income
Latvia,2001,2338.301,67.94999694824219,97.95449051860906,92.4995710067988,<1,Europe,LVA,High income
Latvia,2002,2311.351,67.8499984741211,97.98751634922658,92.5141204288432,<1,Europe,LVA,High income
Latvia,2003,2288.984,67.79999542236328,98.02189703455151,92.53677840880218,<1,Europe,LVA,High income
Latvia,2004,2264.174,67.9000015258789,98.05971595242814,92.58323726693784,<1,Europe,LVA,High income
Latvia,2005,2239.784,68.0,98.09734372348836,92.62953462505268,<1,Europe,LVA,High income
Latvia,2006,2219.032,67.96699523925781,98.13207584358582,92.6984295558456,<1,Europe,LVA,High income
Latvia,2007,2200.776,67.9000015258789,98.16620090769908,92.9476269135772,<1,Europe,LVA,High income
Latvia,2008,2177.711,67.83399963378906,98.20047907096078,93.19816081492677,<1,Europe,LVA,High income
Latvia,2009,2142.043,67.81399536132812,98.23568503893424,93.45627431030454,<1,Europe,LVA,High income
Latvia,2010,2097.831,67.84099578857422,98.27171360221676,93.72128840346872,<1,Europe,LVA,High income
Latvia,2011,2059.941,67.86900329589844,98.30770173784786,93.98649085239995,<1,Europe,LVA,High income
Latvia,2012,2034.633,67.8969955444336,98.34363506895744,94.25174415353648,<1,Europe,LVA,High income
Latvia,2013,2013.01,67.92500305175781,98.37951801774648,94.51705254432191,<1,Europe,LVA,High income
Latvia,2014,1994.149,67.9520034790039,98.41533612484083,94.7823036111497,<1,Europe,LVA,High income
Latvia,2015,1977.867,67.97999572753906,98.45111056013587,95.04771509879409,<1,Europe,LVA,High income
Latvia,2016,1959.863,68.02099609375,98.48697684887996,95.31444337574352,<1,Europe,LVA,High income
Latvia,2017,1942.594,68.07500457763672,98.52289026461214,95.58224354013056,<1,Europe,LVA,High income
Latvia,2018,1927.588,68.14200592041016,98.55882055967098,95.85088346075553,<1,Europe,LVA,High income
Latvia,2019,1914.263,68.22200012207031,98.59472595232738,96.1201193629442,<1,Europe,LVA,High income
Latvia,2020,1901.123,68.31500244140625,98.63057400499002,96.38971622056124,<1,Europe,LVA,High income
Latvia,2021,1885.587,68.4209976196289,98.66631840772592,96.65942367795816,<1,Europe,LVA,High income
Latvia,2022,1881.063,68.54000091552734,98.70193583873213,96.92901338055398,<1,Europe,LVA,High income
Latvia,2023,1882.396,68.6709976196289,98.73737064879748,96.96994214788644,<1,Europe,LVA,High income
Latvia,2024,1871.871,68.81500244140625,98.7726032777308,97.01140686630464,<1,Europe,LVA,High income
Lebanon,2000,4329.34,86.0,84.31717889312166,43.4333632095238,<1,Eastern Mediterranean,LBN,Lower middle income
Lebanon,2001,4401.918,86.11800384521484,84.77523761340385,43.66931786349205,<1,Eastern Mediterranean,LBN,Lower middle income
Lebanon,2002,4463.504,86.23999786376953,85.23329633368603,43.9052725174603,<1,Eastern Mediterranean,LBN,Lower middle income
Lebanon,2003,4525.508,86.36599731445312,85.69135505396821,44.14122717142855,<1,Eastern Mediterranean,LBN,Lower middle income
Lebanon,2004,4599.279,86.4939956665039,86.14941377425039,44.37718182539681,<1,Eastern Mediterranean,LBN,Lower middle income
Lebanon,2005,4671.102,86.62699890136719,86.60747249453257,44.61313647936506,<1,Eastern Mediterranean,LBN,Lower middle income
Lebanon,2006,4751.136,86.76200103759766,87.06553121481475,44.84909113333331,<1,Eastern Mediterranean,LBN,Lower middle income
Lebanon,2007,4844.118,86.9010009765625,87.52358993509694,45.08504578730156,<1,Eastern Mediterranean,LBN,Lower middle income
Lebanon,2008,4925.354,87.04199981689453,87.98164865537912,45.32100044126981,<1,Eastern Mediterranean,LBN,Lower middle income
Lebanon,2009,4992.287,87.18699645996094,88.4397073756613,45.55695509523806,<1,Eastern Mediterranean,LBN,Lower middle income
Lebanon,2010,5041.288,87.33399963378906,88.89776609594348,45.79290974920632,<1,Eastern Mediterranean,LBN,Lower middle income
Lebanon,2011,5096.02,87.48400115966797,89.35582481622568,46.02886440317457,<1,Eastern Mediterranean,LBN,Lower middle income
Lebanon,2012,5235.742,87.63600158691406,89.81388353650786,46.26481905714282,<1,Eastern Mediterranean,LBN,Lower middle income
Lebanon,2013,5743.436,87.79000091552734,90.27194225679004,46.50077371111107,<1,Eastern Mediterranean,LBN,Lower middle income
Lebanon,2014,6346.99,87.9469985961914,90.73000097707232,46.73672836507937,<1,Eastern Mediterranean,LBN,Lower middle income
Lebanon,2015,6472.469,88.10600280761719,91.1880596973545,46.97268301904763,<1,Eastern Mediterranean,LBN,Lower middle income
Lebanon,2016,6323.06,88.26599884033203,91.64611841763669,47.20863767301589,<1,Eastern Mediterranean,LBN,Lower middle income
Lebanon,2017,6160.128,88.42900085449219,92.10417713791888,47.44459232698414,<1,Eastern Mediterranean,LBN,Lower middle income
Lebanon,2018,5984.119,88.59300231933594,92.46548183710104,47.63070716662766,<1,Eastern Mediterranean,LBN,Lower middle income
Lebanon,2019,5794.594,88.75799560546875,92.6,47.7,<1,Eastern Mediterranean,LBN,Lower middle income
Lebanon,2020,5702.398,88.92499542236328,92.6,47.7,<1,Eastern Mediterranean,LBN,Lower middle income
Lebanon,2021,5718.122,89.09300231933594,92.6,47.7,<1,Eastern Mediterranean,LBN,Lower middle income
Lebanon,2022,5744.489,89.26200103759766,92.6,47.7,<1,Eastern Mediterranean,LBN,Lower middle income
Lebanon,2023,5773.493,89.43199920654297,92.6,47.7,<1,Eastern Mediterranean,LBN,Lower middle income
Lebanon,2024,5805.962,89.6030044555664,92.6,47.7,<1,Eastern Mediterranean,LBN,Lower middle income
Lesotho,2000,2003.913,19.54800033569336,64.40585627894899,8.687828338787662,1.319154125387562,Africa,LSO,Lower middle income
Lesotho,2001,2000.853,20.06700134277344,64.96081734372406,9.590057043278197,1.431095837981023,Africa,LSO,Lower middle income
Lesotho,2002,1994.679,20.597000122070312,65.52019204601994,10.51176327529448,1.541434105279345,Africa,LSO,Lower middle income
Lesotho,2003,1985.059,21.137001037597656,66.08382702015197,11.4527288852219,1.650141925965007,Africa,LSO,Lower middle income
Lesotho,2004,1971.129,21.689001083374023,66.65220791557877,12.41411046828051,1.757139272993318,Africa,LSO,Lower middle income
Lesotho,2005,1953.076,22.249000549316406,67.22454962184705,13.39426781556412,1.862460622870693,Africa,LSO,Lower middle income
Lesotho,2006,1945.063,22.81999969482422,67.8015454898826,14.39482397549673,1.966006229605304,Africa,LSO,Lower middle income
Lesotho,2007,1953.268,23.304000854492188,68.36217746971033,15.36778149170447,2.07005110864087,Africa,LSO,Lower middle income
Lesotho,2008,1966.541,23.79599952697754,68.92667151750818,16.35856868588758,2.172573132074266,Africa,LSO,Lower middle income
Lesotho,2009,1980.883,24.292999267578125,69.4944225013917,17.36583286534889,2.273618656294215,Africa,LSO,Lower middle income
Lesotho,2010,1996.251,24.79800033569336,70.06612611917838,18.39122175364599,2.373083814844127,Africa,LSO,Lower middle income
Lesotho,2011,2014.009,25.310001373291016,70.64161251441817,19.43438177073489,2.470964927446639,Africa,LSO,Lower middle income
Lesotho,2012,2034.354,25.703998565673828,71.1931354913507,20.4290055242704,2.571046530146914,Africa,LSO,Lower middle income
Lesotho,2013,2056.504,26.10099983215332,71.74728056198431,21.34535028324812,2.669956086234535,Africa,LSO,Lower middle income
Lesotho,2014,2080.089,26.50200080871582,72.3042900166606,22.2002990885685,2.767647372881719,Africa,LSO,Lower middle income
Lesotho,2015,2104.611,26.90800094604492,72.8644331310882,23.06459916897689,2.864070198983313,Africa,LSO,Lower middle income
Lesotho,2016,2130.422,27.316999435424805,73.42727640619324,23.93714113927113,2.959275518182727,Africa,LSO,Lower middle income
Lesotho,2017,2157.11,27.729999542236328,73.99308988174595,24.81844047630067,3.053213850371097,Africa,LSO,Lower middle income
Lesotho,2018,2183.603,28.152999877929688,74.56328706421668,25.71171996633928,3.145636674348072,Africa,LSO,Lower middle income
Lesotho,2019,2209.405,28.584999084472656,75.13769322533216,26.61642922496307,3.236542742926294,Africa,LSO,Lower middle income
Lesotho,2020,2235.727,29.02800178527832,75.71683968780559,27.53364861954852,3.325812542554966,Africa,LSO,Lower middle income
Lesotho,2021,2261.542,29.48000144958496,76.30031643953797,28.46227265308017,3.413486585008137,Africa,LSO,Lower middle income
Lesotho,2022,2286.11,29.94300079345703,76.8886585638557,29.40338107424049,3.499439744047645,Africa,LSO,Lower middle income
Lesotho,2023,2311.472,30.41499900817871,77.481451488906,30.35585975649017,3.583717898788825,Africa,LSO,Lower middle income
Lesotho,2024,2337.423,30.89700126647949,78.07899637596877,31.32024170854098,3.666236811316011,Africa,LSO,Lower middle income
Liberia,2000,2928.117,44.330997467041016,61.02784302151183,,18.27369475013819,Africa,LBR,Low income
Liberia,2001,3015.338,44.67300033569336,61.91970463648163,,17.84036448094096,Africa,LBR,Low income
Liberia,2002,3094.782,45.01700210571289,62.80782270708376,,17.4092283906997,Africa,LBR,Low income
Liberia,2003,3119.532,45.36100006103516,63.69158342110621,,16.98083657377591,Africa,LBR,Low income
Liberia,2004,3156.892,45.70600128173828,64.57127287841838,,16.55493077995792,Africa,LBR,Low income
Liberia,2005,3301.015,46.05099868774414,65.44659927599018,,16.13177751097705,Africa,LBR,Low income
Liberia,2006,3490.787,46.39599990844727,66.20320691005305,,15.71137600888501,Africa,LBR,Low income
Liberia,2007,3669.05,46.742000579833984,66.95271572463469,,15.29347928626491,Africa,LBR,Low income
Liberia,2008,3821.003,47.0880012512207,67.6948813001936,,14.87834295916642,Africa,LBR,Low income
Liberia,2009,3943.028,47.44499969482422,68.43245498863992,,14.4633445245226,Africa,LBR,Low income
Liberia,2010,4058.89,47.8129997253418,69.16526489224748,,14.04861546623535,Africa,LBR,Low income
Liberia,2011,4221.178,48.192996978759766,69.8933749749855,,13.63405693543568,Africa,LBR,Low income
Liberia,2012,4373.043,48.58300018310547,70.61614907424915,,13.22026481827272,Africa,LBR,Low income
Liberia,2013,4470.239,48.98500061035156,71.33388625044039,,12.80691423103624,Africa,LBR,Low income
Liberia,2014,4564.293,49.39699935913086,72.04597317734564,,12.39458582144932,Africa,LBR,Low income
Liberia,2015,4659.431,49.81999969482422,72.7524847164664,,11.9831850483704,Africa,LBR,Low income
Liberia,2016,4755.608,50.253997802734375,73.45325744995971,,11.57284298370651,Africa,LBR,Low income
Liberia,2017,4848.925,50.696998596191406,74.1477432355412,,11.16410398022494,Africa,LBR,Low income
Liberia,2018,4944.726,51.1510009765625,74.83621283702449,,10.75667138805331,Africa,LBR,Low income
Liberia,2019,5043.721,51.61499786376953,75.51832589759486,,10.35087468868115,Africa,LBR,Low income
Liberia,2020,5149.463,52.0890007019043,76.19395477997104,,9.94683475426119,Africa,LBR,Low income
Liberia,2021,5259.323,52.573001861572266,76.86297349252149,,9.544670298448699,Africa,LBR,Low income
Liberia,2022,5373.294,53.06500244140625,77.52491386589143,,9.144873376964773,Africa,LBR,Low income
Liberia,2023,5493.031,53.56699752807617,78.18001392592902,,8.747176978819365,Africa,LBR,Low income
Liberia,2024,5612.817,54.07699966430664,78.82783454456121,,8.3520555717452,Africa,LBR,Low income
Libya,2008,6235.43,77.63199615478516,93.07924867549922,,<1,Eastern Mediterranean,LBY,Upper middle income
Libya,2009,6366.686,77.83700561523438,93.07924867549922,,<1,Eastern Mediterranean,LBY,Upper middle income
Libya,2010,6497.839,78.052001953125,93.07924867549922,,<1,Eastern Mediterranean,LBY,Upper middle income
Libya,2011,6343.203,78.2770004272461,93.07924867549922,,<1,Eastern Mediterranean,LBY,Upper middle income
Libya,2012,6179.328,78.51200103759766,93.07924867549922,,<1,Eastern Mediterranean,LBY,Upper middle income
Libya,2013,6304.628,78.75599670410156,93.35218995972116,,<1,Eastern Mediterranean,LBY,Upper middle income
Libya,2014,6427.252,79.00900268554688,93.625131243943,,<1,Eastern Mediterranean,LBY,Upper middle income
Libya,2015,6531.819,79.2699966430664,93.89807252816492,,<1,Eastern Mediterranean,LBY,Upper middle income
Libya,2016,6632.126,79.54000091552734,94.17101381238676,,<1,Eastern Mediterranean,LBY,Upper middle income
Libya,2017,6738.77,79.8169937133789,94.44395509660868,,<1,Eastern Mediterranean,LBY,Upper middle income
Libya,2018,6849.055,80.10200500488281,94.7168963808305,,<1,Eastern Mediterranean,LBY,Upper middle income
Libya,2019,6951.033,80.39299774169922,94.98983766505243,,<1,Eastern Mediterranean,LBY,Upper middle income
Libya,2020,7045.399,80.69099426269531,95.26277894927426,,<1,Eastern Mediterranean,LBY,Upper middle income
Libya,2021,7135.175,80.9939956665039,95.5357202334962,,<1,Eastern Mediterranean,LBY,Upper middle income
Libya,2022,7223.805,81.302001953125,95.80866151771802,,<1,Eastern Mediterranean,LBY,Upper middle income
Libya,2023,7305.659,81.60600280761719,96.08160280193997,,<1,Eastern Mediterranean,LBY,Upper middle income
Libya,2024,7381.023,81.90699768066406,96.3545440861619,,<1,Eastern Mediterranean,LBY,Upper middle income
Liechtenstein,2000,33.113,15.130000114440918,99.0,99.0,<1,Europe,LIE,High income
Liechtenstein,2001,33.444,14.961999893188477,99.0,99.0,<1,Europe,LIE,High income
Liechtenstein,2002,33.742,14.905999183654783,99.0,99.0,<1,Europe,LIE,High income
Liechtenstein,2003,34.06,14.84999942779541,99.0,99.0,<1,Europe,LIE,High income
Liechtenstein,2004,34.389,14.794999122619627,99.0,99.0,<1,Europe,LIE,High income
Liechtenstein,2005,34.691,14.738999366760254,99.0,99.0,<1,Europe,LIE,High income
Liechtenstein,2006,34.975,14.684000968933104,99.0,99.0,<1,Europe,LIE,High income
Liechtenstein,2007,35.226,14.629000663757324,99.0,99.0,<1,Europe,LIE,High income
Liechtenstein,2008,35.444,14.574000358581545,99.0,99.0,<1,Europe,LIE,High income
Liechtenstein,2009,35.717,14.519000053405762,99.0,99.0,<1,Europe,LIE,High income
Liechtenstein,2010,35.999,14.46399974822998,99.0,99.0,<1,Europe,LIE,High income
Liechtenstein,2011,36.27,14.40999984741211,99.0,99.0,<1,Europe,LIE,High income
Liechtenstein,2012,36.596,14.366999626159668,99.0,99.0,<1,Europe,LIE,High income
Liechtenstein,2013,36.91,14.33400058746338,99.0,99.0,<1,Europe,LIE,High income
Liechtenstein,2014,37.163,14.313000679016112,99.0,99.0,<1,Europe,LIE,High income
Liechtenstein,2015,37.4,14.303000450134276,99.0,99.0,<1,Europe,LIE,High income
Liechtenstein,2016,37.615,14.303000450134276,99.0,99.0,<1,Europe,LIE,High income
Liechtenstein,2017,37.85,14.315000534057615,99.0,99.0,<1,Europe,LIE,High income
Liechtenstein,2018,38.129,14.338000297546388,99.0,99.0,<1,Europe,LIE,High income
Liechtenstein,2019,38.44,14.371000289916992,99.0,99.0,<1,Europe,LIE,High income
Liechtenstein,2020,38.767,14.416000366210938,99.0,99.0,<1,Europe,LIE,High income
Liechtenstein,2021,39.044,14.47100067138672,99.0,99.0,<1,Europe,LIE,High income
Liechtenstein,2022,39.317,14.538000106811523,99.0,99.0,<1,Europe,LIE,High income
Liechtenstein,2023,39.598,14.617000579833984,99.0,99.0,<1,Europe,LIE,High income
Liechtenstein,2024,39.87,14.707000732421877,99.0,99.0,<1,Europe,LIE,High income
Lithuania,2000,3500.402,66.98600006103516,89.6457241496505,69.82796187307486,<1,Europe,LTU,High income
Lithuania,2001,3473.004,66.91899871826172,90.09776060456956,70.18006772796913,<1,Europe,LTU,High income
Lithuania,2002,3444.05,66.8280029296875,90.54624244911857,70.52940478156529,<1,Europe,LTU,High income
Lithuania,2003,3415.278,66.73699951171875,90.99635926463976,70.88001536707603,<1,Europe,LTU,High income
Lithuania,2004,3376.699,66.64599609375,91.44811679894347,72.48069633321558,<1,Europe,LTU,High income
Lithuania,2005,3322.263,66.63500213623047,91.91519217396711,74.10606538882696,<1,Europe,LTU,High income
Lithuania,2006,3269.808,66.70600128173828,92.3957545700156,75.75524897512636,<1,Europe,LTU,High income
Lithuania,2007,3231.374,66.7770004272461,92.87504397123182,77.41649632694137,<1,Europe,LTU,High income
Lithuania,2008,3198.481,66.8479995727539,93.35305759156246,79.0897529328094,<1,Europe,LTU,High income
Lithuania,2009,3163.254,66.84200286865234,93.81938811043806,80.76600720955439,<1,Europe,LTU,High income
Lithuania,2010,3097.72,66.75699615478516,94.27585649781786,82.4463730122301,<1,Europe,LTU,High income
Lithuania,2011,3028.642,66.74100494384766,94.74194575599934,84.14775069850522,<1,Europe,LTU,High income
Lithuania,2012,2988.329,66.86399841308594,95.22335504803638,85.87567410882723,<1,Europe,LTU,High income
Lithuania,2013,2958.36,66.98600006103516,95.7024541817261,87.61463059975884,<1,Europe,LTU,High income
Lithuania,2014,2933.168,67.10800170898438,96.1793622122159,89.3646361500565,<1,Europe,LTU,High income
Lithuania,2015,2905.764,67.22999572753906,96.65407440925192,91.12559653657644,<1,Europe,LTU,High income
Lithuania,2016,2869.11,67.36599731445312,97.12760747841637,92.89839423739753,<1,Europe,LTU,High income
Lithuania,2017,2829.313,67.51599884033203,97.59957959366838,94.48447865134392,<1,Europe,LTU,High income
Lithuania,2018,2802.478,67.67900085449219,98.06956669797384,94.93565719296394,<1,Europe,LTU,High income
Lithuania,2019,2795.058,67.8550033569336,98.53721017034889,95.38579531266058,<1,Europe,LTU,High income
Lithuania,2020,2795.765,68.0459976196289,98.8922199280899,95.72553767850576,<1,Europe,LTU,High income
Lithuania,2021,2794.488,68.2490005493164,99.0,96.05769284585558,<1,Europe,LTU,High income
Lithuania,2022,2816.919,68.46500396728516,99.0,96.38710408243696,<1,Europe,LTU,High income
Lithuania,2023,2854.099,68.69400024414062,99.0,96.71339190646115,<1,Europe,LTU,High income
Lithuania,2024,2859.11,68.93600463867188,99.0,96.73357425591472,<1,Europe,LTU,High income
Luxembourg,2000,436.132,84.21599578857422,99.0,99.0,<1,Europe,LUX,High income
Luxembourg,2001,441.752,84.8429946899414,99.0,99.0,<1,Europe,LUX,High income
Luxembourg,2002,446.389,85.29899597167969,99.0,99.0,<1,Europe,LUX,High income
Luxembourg,2003,451.838,85.74299621582031,99.0,99.0,<1,Europe,LUX,High income
Luxembourg,2004,458.296,86.17699432373047,99.0,99.0,<1,Europe,LUX,High income
Luxembourg,2005,465.363,86.5979995727539,99.0,99.0,<1,Europe,LUX,High income
Luxembourg,2006,472.866,87.00900268554688,99.0,99.0,<1,Europe,LUX,High income
Luxembourg,2007,480.27,87.40900421142578,99.0,99.0,<1,Europe,LUX,High income
Luxembourg,2008,488.99,87.80000305175781,99.0,99.0,<1,Europe,LUX,High income
Luxembourg,2009,498.187,88.1780014038086,99.0,99.0,<1,Europe,LUX,High income
Luxembourg,2010,507.41,88.5469970703125,99.0,99.0,<1,Europe,LUX,High income
Luxembourg,2011,518.584,88.906005859375,99.0,99.0,<1,Europe,LUX,High income
Luxembourg,2012,530.947,89.2490005493164,99.0,99.0,<1,Europe,LUX,High income
Luxembourg,2013,543.354,89.5739974975586,99.0,99.0,<1,Europe,LUX,High income
Luxembourg,2014,556.279,89.88400268554688,99.0,99.0,<1,Europe,LUX,High income
Luxembourg,2015,569.536,90.1790008544922,99.0,99.0,<1,Europe,LUX,High income
Luxembourg,2016,583.506,90.45999908447266,99.0,99.0,<1,Europe,LUX,High income
Luxembourg,2017,596.495,90.7270050048828,99.0,99.0,<1,Europe,LUX,High income
Luxembourg,2018,608.101,90.9810028076172,99.0,99.0,<1,Europe,LUX,High income
Luxembourg,2019,620.163,91.2229995727539,99.0,99.0,<1,Europe,LUX,High income
Luxembourg,2020,630.597,91.45299530029295,99.0,99.0,<1,Europe,LUX,High income
Luxembourg,2021,640.274,91.6719970703125,99.0,99.0,<1,Europe,LUX,High income
Luxembourg,2022,653.313,91.8810043334961,99.0,99.0,<1,Europe,LUX,High income
Luxembourg,2023,665.098,92.0780029296875,99.0,99.0,<1,Europe,LUX,High income
Luxembourg,2024,673.036,92.26599884033205,99.0,99.0,<1,Europe,LUX,High income
Madagascar,2000,16516.338,27.121002197265625,36.44275610617969,7.334602426692744,37.54183967243982,Africa,MDG,Low income
Madagascar,2001,17032.939,27.39099884033203,37.13655100375454,7.823712200565768,36.36428808025011,Africa,MDG,Low income
Madagascar,2002,17549.913,27.66300201416016,37.82854525768036,8.328022626278925,35.19026348834198,Africa,MDG,Low income
Madagascar,2003,18071.854,27.935998916625977,38.51822744429802,8.847310245777752,34.02013128022936,Africa,MDG,Low income
Madagascar,2004,18606.608,28.211000442504883,39.2060328929428,9.38171660876751,32.85360830573038,Africa,MDG,Low income
Madagascar,2005,19159.707,28.81399917602539,40.04291279606415,9.994085598982762,31.59467583023467,Africa,MDG,Low income
Madagascar,2006,19730.909,29.42500114440918,40.87811638782304,10.62483610247602,30.34275577665108,Africa,MDG,Low income
Madagascar,2007,20318.583,30.042999267578125,41.71104873153342,11.273715158911,29.09831449112973,Africa,MDG,Low income
Madagascar,2008,20923.84,30.669998168945312,42.54248803851463,11.94106347068221,27.86096734720542,Africa,MDG,Low income
Madagascar,2009,21547.28,31.301000595092773,43.37005361283564,12.62580549565632,26.63224544688547,Africa,MDG,Low income
Madagascar,2010,22183.34,31.937997817993164,44.19453589433641,13.32825835682592,25.41172786920345,Africa,MDG,Low income
Madagascar,2011,22822.3,32.58000183105469,45.01538225842248,14.04812910717579,24.1998020431118,Africa,MDG,Low income
Madagascar,2012,23462.438,33.22700119018555,45.83248651654955,14.78532362809918,22.99658325828506,Africa,MDG,Low income
Madagascar,2013,24109.29,33.87799835205078,46.64531107197495,15.53952878946456,21.80241974759123,Africa,MDG,Low income
Madagascar,2014,24764.348,34.53400039672852,47.45419203535794,16.30536531552611,20.61717934842846,Africa,MDG,Low income
Madagascar,2015,25426.702,35.19300079345703,48.25817346439801,16.85253645796285,19.44141482654236,Africa,MDG,Low income
Madagascar,2016,26099.952,35.85599899291992,49.0575914521926,17.41180869323025,18.27498225950147,Africa,MDG,Low income
Madagascar,2017,26788.375,36.52199935913086,49.85193862341013,17.98317376554251,17.11817965018599,Africa,MDG,Low income
Madagascar,2018,27494.926,37.19100189208984,50.64112414474613,18.56684141822743,15.97107377320864,Africa,MDG,Low income
Madagascar,2019,28219.554,37.86100006103516,51.42425599421279,19.16252194766852,14.83411093745869,Africa,MDG,Low income
Madagascar,2020,28953.556,38.53400039672852,52.20207478131961,19.7709075856246,13.70695129633508,Africa,MDG,Low income
Madagascar,2021,29691.083,39.20700073242188,52.97329685979739,20.39141306052149,12.59018229945273,Africa,MDG,Low income
Madagascar,2022,30437.261,39.88199996948242,53.73867224826214,21.02474446841968,11.48347493639651,Africa,MDG,Low income
Madagascar,2023,31195.932,40.555999755859375,54.49694303427982,21.67025132225324,10.38734383343554,Africa,MDG,Low income
Madagascar,2024,31964.956,41.23099899291992,55.33896083212555,22.0559944937861,9.301468850342552,Africa,MDG,Low income
Malawi,2000,11315.942,14.609999656677246,54.13082586614419,6.945435282905089,7.46749461377268,Africa,MWI,Low income
Malawi,2001,11593.058,14.697999954223633,54.93477254590433,7.315116171202747,7.220341165510892,Africa,MWI,Low income
Malawi,2002,11880.44,14.78600025177002,55.73580122456721,7.693561882098801,6.973647490853132,Africa,MWI,Low income
Malawi,2003,12181.574,14.875000953674316,56.53426333612236,8.081112192493572,6.727342314247282,Africa,MWI,Low income
Malawi,2004,12500.737,14.96399974822998,57.32980082518147,8.47739408176673,6.481503024506535,Africa,MWI,Low income
Malawi,2005,12840.031,15.053998947143556,58.12273985932879,8.88275570763886,6.236062032650062,Africa,MWI,Low income
Malawi,2006,13198.701,15.143999099731444,58.91274138722021,9.296815458525051,5.991091747190421,Africa,MWI,Low income
Malawi,2007,13576.343,15.234999656677246,59.70011955518357,9.719928377681589,5.746530917025649,Africa,MWI,Low income
Malawi,2008,13976.417,15.32599925994873,60.48455007979731,10.15170563759798,5.50244590064877,Africa,MWI,Low income
Malawi,2009,14395.788,15.429000854492188,61.26952179677539,10.5967163498251,5.258162926504419,Africa,MWI,Low income
Malawi,2010,14826.463,15.544000625610352,62.05471732341199,11.05506520274821,5.013776224944556,Africa,MWI,Low income
Malawi,2011,15265.022,15.67199993133545,62.84009049772378,11.52724108060691,4.769328746422222,Africa,MWI,Low income
Malawi,2012,15709.577,15.812000274658203,63.62504103321968,12.01295664591258,4.524971121299092,Africa,MWI,Low income
Malawi,2013,16161.816,15.965999603271484,64.4097635787401,12.51309025403414,4.280706385915145,Africa,MWI,Low income
Malawi,2014,16621.538,16.131999969482422,65.19339256432953,13.02694607943227,4.036729610285072,Africa,MWI,Low income
Malawi,2015,17085.587,16.312999725341797,65.9763340121013,13.55580825105638,3.79301420529093,Africa,MWI,Low income
Malawi,2016,17557.739,16.506000518798828,66.75750717087915,14.09855742363547,3.549791143193957,Africa,MWI,Low income
Malawi,2017,18039.715,16.714000701904297,67.5372652238348,14.65648567125515,3.307048993903556,Africa,MWI,Low income
Malawi,2018,18528.081,16.937000274658203,68.31521675925173,15.22967562778319,3.064905517552623,Africa,MWI,Low income
Malawi,2019,19025.752,17.173999786376953,69.0907681697374,15.81779250697999,2.823507944208931,Africa,MWI,Low income
Malawi,2020,19533.888,17.427000045776367,69.86394752312566,16.42173252951874,2.582911541606859,Africa,MWI,Low income
Malawi,2021,20047.258,17.69499969482422,70.63416618954209,17.04114929089061,2.343266936765222,Africa,MWI,Low income
Malawi,2022,20568.728,17.979999542236328,71.40138018731979,17.67694403805299,2.104646876993401,Africa,MWI,Low income
Malawi,2023,21104.482,18.279998779296875,72.22855225289251,17.9257583975611,1.867224126420332,Africa,MWI,Low income
Malawi,2024,21655.286,18.59800148010254,73.0535741738591,18.18165397420829,1.631065680151842,Africa,MWI,Low income
Malaysia,2000,22967.816,61.97699737548828,96.1058225790824,91.83441982032706,<1,Western Pacific,MYS,Upper middle income
Malaysia,2001,23526.538,62.922000885009766,96.21352184486028,91.99766485441594,<1,Western Pacific,MYS,Upper middle income
Malaysia,2002,24102.477,63.85599899291992,96.31855425082884,92.15774120876544,<1,Western Pacific,MYS,Upper middle income
Malaysia,2003,24679.602,64.7800064086914,96.421011641098,92.3148009702906,<1,Western Pacific,MYS,Upper middle income
Malaysia,2004,25256.772,65.69400024414062,96.52092703159644,92.46887324974462,<1,Western Pacific,MYS,Upper middle income
Malaysia,2005,25836.071,66.59400177001953,96.61811337635056,92.61951482183696,<1,Western Pacific,MYS,Upper middle income
Malaysia,2006,26417.909,67.48300170898438,96.71277408221894,92.7671153080116,<1,Western Pacific,MYS,Upper middle income
Malaysia,2007,26998.389,68.36000061035156,96.80490406995952,92.9116018456762,<1,Western Pacific,MYS,Upper middle income
Malaysia,2008,27570.059,69.2249984741211,96.89452379762696,93.0529920737099,-,Western Pacific,MYS,Upper middle income
Malaysia,2009,28124.778,70.07499694824219,96.98153166143396,93.19098851289318,-,Western Pacific,MYS,Upper middle income
Malaysia,2010,28655.776,70.91199493408203,97.06607323211516,93.32586018285866,-,Western Pacific,MYS,Upper middle income
Malaysia,2011,29162.039,71.60900115966797,97.14201794227958,93.44332656651424,-,Western Pacific,MYS,Upper middle income
Malaysia,2012,29662.831,72.2750015258789,97.21499655253128,93.55597752830867,-,Western Pacific,MYS,Upper middle income
Malaysia,2013,30174.265,72.93000030517578,97.28603893336552,93.66612103031012,-,Western Pacific,MYS,Upper middle income
Malaysia,2014,30696.137,73.57699584960938,97.3553157635016,93.77411721541692,-,Western Pacific,MYS,Upper middle income
Malaysia,2015,31232.798,74.21299743652344,97.42271115403852,93.87965477332534,-,Western Pacific,MYS,Upper middle income
Malaysia,2016,31789.685,74.83999633789062,97.4883578339003,93.9829919971318,-,Western Pacific,MYS,Upper middle income
Malaysia,2017,32355.644,75.4469985961914,97.55182443461835,94.08298238585957,-,Western Pacific,MYS,Upper middle income
Malaysia,2018,32910.967,76.03600311279297,97.61324381711958,94.17988252880552,-,Western Pacific,MYS,Upper middle income
Malaysia,2019,33440.596,76.60700225830078,97.67267962349518,94.2737504186907,-,Western Pacific,MYS,Upper middle income
Malaysia,2020,33889.558,77.16000366210938,97.7301935332944,94.36464201568867,-,Western Pacific,MYS,Upper middle income
Malaysia,2021,34282.399,77.69599914550781,97.78587402620414,94.45270585649564,-,Western Pacific,MYS,Upper middle income
Malaysia,2022,34695.493,78.21400451660156,97.83975149766448,94.53790130048196,-,Western Pacific,MYS,Upper middle income
Malaysia,2023,35126.298,78.71599578857422,97.8919385183286,94.62046640002266,-,Western Pacific,MYS,Upper middle income
Malaysia,2024,35557.673,79.20100402832031,97.94246577514032,94.70036185831202,-,Western Pacific,MYS,Upper middle income
Maldives,2000,282.019,27.70599937438965,93.97544165368625,,<1,South-East Asia,MDV,Upper middle income
Maldives,2001,286.767,28.85900115966797,94.32992116094115,,<1,South-East Asia,MDV,Upper middle income
Maldives,2002,291.616,30.0419979095459,94.67850469847768,,<1,South-East Asia,MDV,Upper middle income
Maldives,2003,296.491,31.251998901367188,95.02078414513744,,<1,South-East Asia,MDV,Upper middle income
Maldives,2004,301.413,32.4900016784668,95.35654981380634,,<1,South-East Asia,MDV,Upper middle income
Maldives,2005,306.429,33.75,95.68531873068328,,<1,South-East Asia,MDV,Upper middle income
Maldives,2006,313.851,34.79399871826172,95.99908966048142,,<1,South-East Asia,MDV,Upper middle income
Maldives,2007,324.479,35.20000076293945,96.2874159070082,,<1,South-East Asia,MDV,Upper middle income
Maldives,2008,336.17,35.61000061035156,96.59121258605852,,<1,South-East Asia,MDV,Upper middle income
Maldives,2009,348.275,36.020999908447266,96.89249311731368,,<1,South-East Asia,MDV,Upper middle income
Maldives,2010,360.792,36.43400192260742,97.1912684549674,,<1,South-East Asia,MDV,Upper middle income
Maldives,2011,373.674,36.849002838134766,97.48752218103952,,<1,South-East Asia,MDV,Upper middle income
Maldives,2012,386.818,37.266998291015625,97.78124113412711,,<1,South-East Asia,MDV,Upper middle income
Maldives,2013,400.07,37.685001373291016,98.07236970971069,,<1,South-East Asia,MDV,Upper middle income
Maldives,2014,413.617,38.10599899291992,98.36091462451122,,<1,South-East Asia,MDV,Upper middle income
Maldives,2015,428.154,38.52899932861328,98.64685758115124,,<1,South-East Asia,MDV,Upper middle income
Maldives,2016,443.308,38.95399856567383,98.9301591789306,,<1,South-East Asia,MDV,Upper middle income
Maldives,2017,458.287,39.37999725341797,99.0,,<1,South-East Asia,MDV,Upper middle income
Maldives,2018,473.099,39.80799865722656,99.0,,<1,South-East Asia,MDV,Upper middle income
Maldives,2019,487.731,40.23799896240234,99.0,,<1,South-East Asia,MDV,Upper middle income
Maldives,2020,502.118,40.66899871826172,99.0,,<1,South-East Asia,MDV,Upper middle income
Maldives,2021,516.154,41.10200119018555,99.0,,<1,South-East Asia,MDV,Upper middle income
Maldives,2022,524.106,41.5359992980957,99.0,,<1,South-East Asia,MDV,Upper middle income
Maldives,2023,525.994,41.97100067138672,99.0,,<1,South-East Asia,MDV,Upper middle income
Maldives,2024,527.799,42.40700149536133,99.0,,<1,South-East Asia,MDV,Upper middle income
Mali,2000,11559.29,28.356000900268555,49.40742587411454,,4.817844043546133,Africa,MLI,Low income
Mali,2001,11912.158,29.07499885559082,51.00435287278082,,4.598524465432979,Africa,MLI,Low income
Mali,2002,12288.05,29.80599975585937,52.66528529451742,,4.381375328056447,Africa,MLI,Low income
Mali,2003,12684.955,30.546998977661133,54.3201164982467,,4.166558391296273,Africa,MLI,Low income
Mali,2004,13102.409,31.299999237060547,55.96905524173022,,3.954041840200224,Africa,MLI,Low income
Mali,2005,13538.647,32.060001373291016,57.60967075598483,,3.744106315554542,Africa,MLI,Low income
Mali,2006,13990.139,32.832000732421875,59.24327915447152,,3.536590304919088,Africa,MLI,Low income
Mali,2007,14457.775,33.61199951171875,60.8678932754337,,3.331716403821324,Africa,MLI,Low income
Mali,2008,14940.782,34.40299987792969,62.48400699873768,,3.129420646773514,Africa,MLI,Low income
Mali,2009,15435.539,35.20000076293945,64.08942950592227,,2.929939791847673,Africa,MLI,Low income
Mali,2010,15945.198,35.999000549316406,65.68250643442559,,2.733439857169718,Africa,MLI,Low income
Mali,2011,16469.049,36.79899978637695,67.26265114064812,,2.539963493009035,Africa,MLI,Low income
Mali,2012,16957.033,37.5989990234375,68.82932247499429,,2.349545411896739,Africa,MLI,Low income
Mali,2013,17459.615,38.39799880981445,70.38202288841651,,2.162212518237058,Africa,MLI,Low income
Mali,2014,18020.267,39.19599914550781,71.92056819178447,,1.97795940258237,Africa,MLI,Low income
Mali,2015,18593.022,39.99100112915039,73.4442818917146,,1.796826821016671,Africa,MLI,Low income
Mali,2016,19191.289,40.78300094604492,74.95304653247238,,1.618797651600019,Africa,MLI,Low income
Mali,2017,19813.011,41.571998596191406,76.44675613335812,,1.44385461647321,Africa,MLI,Low income
Mali,2018,20442.03,42.35599899291992,77.92487265030667,,1.272015568724631,Africa,MLI,Low income
Mali,2019,21068.405,43.13600158691406,79.38757764969749,,1.103236443950093,Africa,MLI,Low income
Mali,2020,21713.836,43.90900039672852,80.83423745265465,,<1,Africa,MLI,Low income
Mali,2021,22388.63,44.677001953125,82.26525061055479,,<1,Africa,MLI,Low income
Mali,2022,23072.64,45.4370002746582,83.68011958416774,,<1,Africa,MLI,Low income
Mali,2023,23769.127,46.189002990722656,85.07893288159069,,<1,Africa,MLI,Low income
Mali,2024,24478.595,46.93399810791016,86.36335678154434,,<1,Africa,MLI,Low income
Malta,2000,399.895,92.36800384521484,99.0,99.0,<1,Europe,MLT,High income
Malta,2001,402.784,92.64099884033205,99.0,99.0,<1,Europe,MLT,High income
Malta,2002,405.565,92.9050064086914,99.0,99.0,<1,Europe,MLT,High income
Malta,2003,408.226,93.15999603271484,99.0,99.0,<1,Europe,MLT,High income
Malta,2004,410.798,93.40699768066406,99.0,99.0,<1,Europe,MLT,High income
Malta,2005,413.32,93.64500427246094,99.0,99.0,<1,Europe,MLT,High income
Malta,2006,415.454,93.78399658203124,99.0,99.0,<1,Europe,MLT,High income
Malta,2007,417.197,93.85700225830078,99.0,99.0,<1,Europe,MLT,High income
Malta,2008,418.969,93.9290008544922,99.0,99.0,<1,Europe,MLT,High income
Malta,2009,420.795,94.0009994506836,99.0,99.0,<1,Europe,MLT,High income
Malta,2010,422.651,94.0719985961914,99.0,99.0,<1,Europe,MLT,High income
Malta,2011,424.628,94.14099884033205,99.0,99.0,<1,Europe,MLT,High income
Malta,2012,426.611,94.21099853515624,99.0,99.0,<1,Europe,MLT,High income
Malta,2013,428.452,94.27899932861328,99.0,99.0,<1,Europe,MLT,High income
Malta,2014,434.485,94.34700012207033,99.0,99.0,<1,Europe,MLT,High income
Malta,2015,444.981,94.41400146484376,99.0,99.0,<1,Europe,MLT,High income
Malta,2016,455.269,94.4800033569336,99.0,99.0,<1,Europe,MLT,High income
Malta,2017,467.902,94.54600524902344,99.0,99.0,<1,Europe,MLT,High income
Malta,2018,484.558,94.61199951171876,99.0,99.0,<1,Europe,MLT,High income
Malta,2019,504.015,94.6780014038086,99.0,99.0,<1,Europe,MLT,High income
Malta,2020,518.207,94.74400329589844,99.0,99.0,<1,Europe,MLT,High income
Malta,2021,524.376,94.80999755859376,99.0,99.0,<1,Europe,MLT,High income
Malta,2022,528.192,94.875,99.0,99.0,<1,Europe,MLT,High income
Malta,2023,532.956,94.94100189208984,99.0,99.0,<1,Europe,MLT,High income
Malta,2024,539.607,95.0060043334961,99.0,99.0,<1,Europe,MLT,High income
Marshall Islands,2000,50.706,68.58000183105469,88.77856560558777,,<1,Western Pacific,MHL,Upper middle income
Marshall Islands,2001,51.123,69.10099792480469,88.73611162501139,,<1,Western Pacific,MHL,Upper middle income
Marshall Islands,2002,51.425,69.61799621582031,88.6939841063505,,<1,Western Pacific,MHL,Upper middle income
Marshall Islands,2003,51.639,70.1300048828125,88.65226144482745,,<1,Western Pacific,MHL,Upper middle income
Marshall Islands,2004,51.791,70.63700103759766,88.61094472511446,,<1,Western Pacific,MHL,Upper middle income
Marshall Islands,2005,51.906,71.13800048828125,88.54551411176992,,<1,Western Pacific,MHL,Upper middle income
Marshall Islands,2006,51.992,71.63500213623047,88.48039752143923,,<1,Western Pacific,MHL,Upper middle income
Marshall Islands,2007,52.035,72.1259994506836,88.41577878792127,,<1,Western Pacific,MHL,Upper middle income
Marshall Islands,2008,52.03,72.61299896240234,88.35148034944632,,<1,Western Pacific,MHL,Upper middle income
Marshall Islands,2009,52.019,73.0929946899414,88.28775620010553,,<1,Western Pacific,MHL,Upper middle income
Marshall Islands,2010,52.044,73.56800079345703,88.22443294934558,,<1,Western Pacific,MHL,Upper middle income
Marshall Islands,2011,51.907,74.03800201416016,88.16152356904864,,<1,Western Pacific,MHL,Upper middle income
Marshall Islands,2012,51.419,74.49800109863281,88.0994261058338,,<1,Western Pacific,MHL,Upper middle income
Marshall Islands,2013,50.681,74.94599914550781,88.03830758740412,,<1,Western Pacific,MHL,Upper middle income
Marshall Islands,2014,49.796,75.38400268554688,87.97800134538748,,<1,Western Pacific,MHL,Upper middle income
Marshall Islands,2015,48.8,75.81099700927734,87.91858673043896,,<1,Western Pacific,MHL,Upper middle income
Marshall Islands,2016,47.709,76.22799682617188,87.85999254362784,,<1,Western Pacific,MHL,Upper middle income
Marshall Islands,2017,46.529,76.63400268554688,87.80229831842495,,<1,Western Pacific,MHL,Upper middle income
Marshall Islands,2018,45.285,77.03099822998047,87.74533044435911,,<1,Western Pacific,MHL,Upper middle income
Marshall Islands,2019,44.007,77.41699981689453,87.68925953542532,,<1,Western Pacific,MHL,Upper middle income
Marshall Islands,2020,42.706,77.79399871826172,87.63392787124548,,<1,Western Pacific,MHL,Upper middle income
Marshall Islands,2021,41.367,78.16200256347656,87.57932117918398,,<1,Western Pacific,MHL,Upper middle income
Marshall Islands,2022,40.077,78.5199966430664,87.52553305442841,,<1,Western Pacific,MHL,Upper middle income
Marshall Islands,2023,38.827,78.86800384521484,87.47256134880749,,<1,Western Pacific,MHL,Upper middle income
Marshall Islands,2024,37.548,79.20800018310547,87.44485392748466,,<1,Western Pacific,MHL,Upper middle income
Martinique,2000,421.382,89.71299743652344,99.0,99.0,<1,Americas,MTQ,
Martinique,2001,417.147,89.63999938964844,99.0,99.0,<1,Americas,MTQ,
Martinique,2002,412.466,89.56600189208984,99.0,99.0,<1,Americas,MTQ,
Martinique,2003,408.406,89.49199676513672,99.0,99.0,<1,Americas,MTQ,
Martinique,2004,405.096,89.41699981689453,99.0,99.0,<1,Americas,MTQ,
Martinique,2005,401.847,89.34199523925781,99.0,99.0,<1,Americas,MTQ,
Martinique,2006,400.45,89.26599884033203,99.0,99.0,<1,Americas,MTQ,
Martinique,2007,400.807,89.1989974975586,99.0,99.0,<1,Americas,MTQ,
Martinique,2008,400.696,89.13999938964844,99.0,99.0,<1,Americas,MTQ,
Martinique,2009,399.521,89.09100341796875,99.0,99.0,<1,Americas,MTQ,
Martinique,2010,397.384,89.05000305175781,99.0,99.0,<1,Americas,MTQ,
Martinique,2011,394.565,89.01799774169922,99.0,99.0,<1,Americas,MTQ,
Martinique,2012,391.731,88.9949951171875,99.0,99.0,<1,Americas,MTQ,
Martinique,2013,389.466,88.98100280761719,99.0,99.0,<1,Americas,MTQ,
Martinique,2014,387.014,88.97699737548828,99.0,99.0,<1,Americas,MTQ,
Martinique,2015,383.731,88.98100280761719,99.0,99.0,<1,Americas,MTQ,
Martinique,2016,378.886,88.9949951171875,99.0,99.0,<1,Americas,MTQ,
Martinique,2017,371.502,89.01799774169922,99.0,99.0,<1,Americas,MTQ,
Martinique,2018,364.089,89.04899597167969,99.0,99.0,<1,Americas,MTQ,
Martinique,2019,359.611,89.09000396728516,99.0,99.0,<1,Americas,MTQ,
Martinique,2020,356.615,89.13999938964844,99.0,99.0,<1,Americas,MTQ,
Martinique,2021,353.278,89.197998046875,99.0,99.0,<1,Americas,MTQ,
Martinique,2022,349.459,89.26499938964844,99.0,98.99584071857028,<1,Americas,MTQ,
Martinique,2023,346.002,89.34100341796875,99.0,98.98405509148608,<1,Americas,MTQ,
Martinique,2024,343.195,89.42499542236328,99.0,98.98405509148608,<1,Americas,MTQ,
Mauritania,2000,2613.441,38.09099960327149,41.41342308350578,,6.197387510185187,Africa,MRT,Lower middle income
Mauritania,2001,2678.76,38.615997314453125,42.32802714810342,,5.896192301940249,Africa,MRT,Lower middle income
Mauritania,2002,2738.655,39.47999954223633,43.8234469336447,,5.572051395243801,Africa,MRT,Lower middle income
Mauritania,2003,2802.046,40.35100173950195,45.32825792408301,,5.252876127886746,Africa,MRT,Lower middle income
Mauritania,2004,2868.664,41.229000091552734,46.84217485401138,,4.938732342835691,Africa,MRT,Lower middle income
Mauritania,2005,2939.059,42.11100006103516,48.3637496328725,,4.629891132046838,Africa,MRT,Lower middle income
Mauritania,2006,3013.66,42.99800109863281,49.89309147418188,,4.326325690387971,Africa,MRT,Lower middle income
Mauritania,2007,3093.059,43.88999938964844,51.42990371805718,,4.028083662644415,Africa,MRT,Lower middle income
Mauritania,2008,3183.269,44.78799819946289,52.97427698319223,,3.735154252224743,Africa,MRT,Lower middle income
Mauritania,2009,3284.448,45.68600082397461,54.52367259073707,,3.44792602898701,Africa,MRT,Lower middle income
Mauritania,2010,3390.965,46.5880012512207,56.07931375963928,,3.166191028292316,Africa,MRT,Lower middle income
Mauritania,2011,3502.811,47.49300003051758,57.64053911407854,,2.890035984816034,Africa,MRT,Lower middle income
Mauritania,2012,3619.034,48.400001525878906,59.20670523790195,,2.619535000676991,Africa,MRT,Lower middle income
Mauritania,2013,3734.318,49.305999755859375,60.77645328405809,,2.354835467480991,Africa,MRT,Lower middle income
Mauritania,2014,3848.514,50.2030029296875,62.3466709330309,,2.096242810566933,Africa,MRT,Lower middle income
Mauritania,2015,3965.959,51.0890007019043,63.91647072863599,,1.843744095978652,Africa,MRT,Lower middle income
Mauritania,2016,4086.657,51.96200180053711,65.48500656234981,,1.597300652250981,Africa,MRT,Lower middle income
Mauritania,2017,4210.6,52.82400131225586,67.05284698451577,,1.385172226992626,Africa,MRT,Lower middle income
Mauritania,2018,4337.685,53.6719970703125,68.61882071531953,,1.184341817140454,Africa,MRT,Lower middle income
Mauritania,2019,4467.708,54.50699996948242,70.1831740304399,,<1,Africa,MRT,Lower middle income
Mauritania,2020,4600.131,55.32699966430664,71.74513157043033,,<1,Africa,MRT,Lower middle income
Mauritania,2021,4734.874,56.13300323486328,73.30495229648872,,<1,Africa,MRT,Lower middle income
Mauritania,2022,4875.637,56.92300033569336,74.86190345840309,,<1,Africa,MRT,Lower middle income
Mauritania,2023,5022.441,57.69900131225586,76.416594605687,,<1,Africa,MRT,Lower middle income
Mauritania,2024,5169.395,58.45800018310547,77.28464913753875,,<1,Africa,MRT,Lower middle income
Mauritius,2000,1216.629,42.66999816894531,99.0,,<1,Africa,MUS,Upper middle income
Mauritius,2001,1225.801,42.55900192260742,99.0,,<1,Africa,MUS,Upper middle income
Mauritius,2002,1234.085,42.44700241088867,99.0,,<1,Africa,MUS,Upper middle income
Mauritius,2003,1242.099,42.334999084472656,99.0,,<1,Africa,MUS,Upper middle income
Mauritius,2004,1249.8,42.22299957275391,99.0,,<1,Africa,MUS,Upper middle income
Mauritius,2005,1257.215,42.11199951171875,99.0,,<1,Africa,MUS,Upper middle income
Mauritius,2006,1263.781,42.0,99.0,,<1,Africa,MUS,Upper middle income
Mauritius,2007,1269.518,41.88899993896485,99.0,,<1,Africa,MUS,Upper middle income
Mauritius,2008,1274.635,41.777000427246094,99.0,,<1,Africa,MUS,Upper middle income
Mauritius,2009,1278.972,41.66600036621094,99.0,,<1,Africa,MUS,Upper middle income
Mauritius,2010,1282.709,41.55500030517578,99.0,,<1,Africa,MUS,Upper middle income
Mauritius,2011,1286.267,41.44400024414063,99.0,,<1,Africa,MUS,Upper middle income
Mauritius,2012,1289.17,41.33200073242188,99.0,,<1,Africa,MUS,Upper middle income
Mauritius,2013,1290.984,41.22200012207031,99.0,,<1,Africa,MUS,Upper middle income
Mauritius,2014,1292.005,41.11100006103516,99.0,,<1,Africa,MUS,Upper middle income
Mauritius,2015,1292.275,41.0,99.0,,<1,Africa,MUS,Upper middle income
Mauritius,2016,1291.803,40.90999984741211,99.0,,<1,Africa,MUS,Upper middle income
Mauritius,2017,1290.655,40.84099960327149,99.0,,<1,Africa,MUS,Upper middle income
Mauritius,2018,1288.833,40.792999267578125,99.0,,<1,Africa,MUS,Upper middle income
Mauritius,2019,1286.27,40.76599884033203,99.0,,<1,Africa,MUS,Upper middle income
Mauritius,2020,1283.223,40.7599983215332,99.0,,<1,Africa,MUS,Upper middle income
Mauritius,2021,1279.623,40.775001525878906,99.0,,<1,Africa,MUS,Upper middle income
Mauritius,2022,1276.13,40.810001373291016,99.0,,<1,Africa,MUS,Upper middle income
Mauritius,2023,1273.588,40.867000579833984,99.0,,<1,Africa,MUS,Upper middle income
Mauritius,2024,1271.169,40.94400024414063,99.0,,<1,Africa,MUS,Upper middle income
Mayotte,2006,184.992,50.185001373291016,97.42110074229822,79.36568287993758,-,Africa,MYT,
Mayotte,2007,190.761,50.137001037597656,97.42110074229822,79.36568287993758,-,Africa,MYT,
Mayotte,2008,196.406,49.78100204467773,97.42110074229822,79.36568287993758,-,Africa,MYT,
Mayotte,2009,201.895,49.36800003051758,97.128480798852,79.12729528773276,2.871519201148004,Africa,MYT,
Mayotte,2010,207.422,48.95400238037109,97.128480798852,79.12729528773276,2.871519201148004,Africa,MYT,
Mayotte,2011,212.978,48.54100036621094,97.1251371179286,81.47007533036074,2.874862882071404,Africa,MYT,
Mayotte,2012,218.992,48.12799835205078,97.1217856409676,83.81268715017812,2.878214359032416,Africa,MYT,
Mayotte,2013,226.623,47.71500015258789,97.07112706335838,86.11317030000845,2.880170255703103,Africa,MYT,
Mayotte,2014,235.775,47.33599853515625,96.95446917037842,88.35106394777256,2.880170255703103,Africa,MYT,
Mayotte,2015,245.579,46.98899841308594,96.83781127739846,90.58332318274012,2.880170255703103,Africa,MYT,
Mayotte,2016,255.872,46.676002502441406,96.72115338441851,92.80994800491024,2.880170255703103,Africa,MYT,
Mayotte,2017,265.164,46.39500045776367,96.60449549143856,94.31671875698848,2.880170255703103,Africa,MYT,
Mayotte,2018,269.69,46.14799880981445,96.4878375984586,93.87686517416267,-,Africa,MYT,
Mayotte,2019,274.911,45.93299865722656,96.37117970547868,93.4377997863563,-,Africa,MYT,
Mayotte,2020,284.37,45.7509994506836,96.37117970547868,93.11223551499478,-,Africa,MYT,
Mayotte,2021,294.421,45.60200119018555,96.37117970547868,92.78667124363328,-,Africa,MYT,
Mayotte,2022,305.269,45.48600006103516,96.37117970547868,92.46110697227176,-,Africa,MYT,
Mayotte,2023,316.015,45.40299987792969,96.37117970547868,92.46110697227176,-,Africa,MYT,
Mexico,2000,98625.552,74.72200012207031,91.56233229394284,40.01458521204533,2.517586916591533,Americas,MEX,Upper middle income
Mexico,2001,100099.099,75.04499816894531,92.04474453017806,40.15922548889865,2.48944305572708,Americas,MEX,Upper middle income
Mexico,2002,101548.624,75.36499786376953,92.52265727010382,40.3022276647005,2.46156089055555,Americas,MEX,Upper middle income
Mexico,2003,102978.515,75.68199920654297,92.99606348163596,40.44360447938482,2.302742835939141,Americas,MEX,Upper middle income
Mexico,2004,104394.131,75.99700164794922,93.46513234296292,40.58343673072063,2.147038571978539,Americas,MEX,Upper middle income
Mexico,2005,105811.504,76.30799865722656,93.92957040218988,40.72162930842594,1.994565973838577,Americas,MEX,Upper middle income
Mexico,2006,107253.666,76.61599731445312,94.38954942109486,40.85826101582899,1.845200581656192,Americas,MEX,Upper middle income
Mexico,2007,108774.36,76.92000579833984,94.84496645779524,40.99330261380207,1.698964408535621,Americas,MEX,Upper middle income
Mexico,2008,110374.288,77.22200012207031,95.27917867061151,41.12687442302644,1.55568322921529,Americas,MEX,Upper middle income
Mexico,2009,111999.721,77.52000427246094,95.58504991734335,41.25890251698645,1.41543799908852,Americas,MEX,Upper middle income
Mexico,2010,113623.895,77.81500244140625,95.88749786488444,41.38945295761341,1.278122601234895,Americas,MEX,Upper middle income
Mexico,2011,115243.504,78.11100006103516,96.18696014194224,41.51871464557954,1.143514951054803,Americas,MEX,Upper middle income
Mexico,2012,116818.208,78.40499877929688,96.48314725686602,41.64656262297763,1.011750016061246,Americas,MEX,Upper middle income
Mexico,2013,118343.573,78.6989974975586,96.77626370728412,41.77308516038681,<1,Americas,MEX,Upper middle income
Mexico,2014,119784.261,78.99299621582031,97.06631440044752,41.89828437600223,<1,Americas,MEX,Upper middle income
Mexico,2015,121072.306,79.28500366210938,97.35313855677664,42.02209086996477,<1,Americas,MEX,Upper middle income
Mexico,2016,122251.351,79.57699584960938,97.63690854036184,42.14457904254106,<1,Americas,MEX,Upper middle income
Mexico,2017,123400.057,79.86699676513672,97.9175037608425,42.26569684138674,<1,Americas,MEX,Upper middle income
Mexico,2018,124573.711,80.15599822998047,98.19500890602112,42.38548082165131,<1,Americas,MEX,Upper middle income
Mexico,2019,125762.982,80.44400024414062,98.46943436996996,42.50393546989427,<1,Americas,MEX,Upper middle income
Mexico,2020,126799.054,80.73099517822266,98.74080726897822,42.62107249075282,<1,Americas,MEX,Upper middle income
Mexico,2021,127648.148,81.01599884033203,99.0,42.73687715793663,<1,Americas,MEX,Upper middle income
Mexico,2022,128613.117,81.30000305175781,99.0,42.85113606174133,<1,Americas,MEX,Upper middle income
Mexico,2023,129739.759,81.58200073242188,99.0,42.90971948584374,<1,Americas,MEX,Upper middle income
Mexico,2024,130861.007,81.86199951171875,99.0,42.96663115138011,<1,Americas,MEX,Upper middle income
Micronesia (Federated States of),2000,112.044,22.32999992370605,91.7920940857296,,-,Western Pacific,FSM,Lower middle income
Micronesia (Federated States of),2001,112.365,22.32999992370605,91.6727103398297,,-,Western Pacific,FSM,Lower middle income
Micronesia (Federated States of),2002,112.448,22.32999992370605,91.55332659392982,,-,Western Pacific,FSM,Lower middle income
Micronesia (Federated States of),2003,112.285,22.32999992370605,91.43394284802994,,-,Western Pacific,FSM,Lower middle income
Micronesia (Federated States of),2004,111.925,22.32999992370605,91.31455910213006,,-,Western Pacific,FSM,Lower middle income
Micronesia (Federated States of),2005,111.412,22.32999992370605,91.19517535623018,,-,Western Pacific,FSM,Lower middle income
Micronesia (Federated States of),2006,110.729,22.323999404907227,91.0757916103303,,7,Western Pacific,FSM,Lower middle income
Micronesia (Federated States of),2007,109.88,22.316999435424805,90.95640786443042,,7,Western Pacific,FSM,Lower middle income
Micronesia (Federated States of),2008,108.936,22.31100082397461,90.83702411853054,,7,Western Pacific,FSM,Lower middle income
Micronesia (Federated States of),2009,107.957,22.30500030517578,90.71764037263064,,7,Western Pacific,FSM,Lower middle income
Micronesia (Federated States of),2010,107.54,22.297998428344727,90.59825662673076,,7,Western Pacific,FSM,Lower middle income
Micronesia (Federated States of),2011,107.698,22.30500030517578,90.47887288083088,,7,Western Pacific,FSM,Lower middle income
Micronesia (Federated States of),2012,107.89,22.323999404907227,90.359489134931,,7,Western Pacific,FSM,Lower middle income
Micronesia (Federated States of),2013,108.121,22.35500144958496,90.24010538903116,,7,Western Pacific,FSM,Lower middle income
Micronesia (Federated States of),2014,108.396,22.39900016784668,90.12072164313128,,7,Western Pacific,FSM,Lower middle income
Micronesia (Federated States of),2015,108.716,22.45599937438965,90.0013378972314,,-,Western Pacific,FSM,Lower middle income
Micronesia (Federated States of),2016,109.075,22.5260009765625,89.88195415133151,,-,Western Pacific,FSM,Lower middle income
Micronesia (Federated States of),2017,109.481,22.607999801635746,89.88195415133151,,-,Western Pacific,FSM,Lower middle income
Micronesia (Federated States of),2018,109.909,22.702999114990234,89.88195415133151,,-,Western Pacific,FSM,Lower middle income
Micronesia (Federated States of),2019,110.282,22.812000274658203,89.88195415133151,,-,Western Pacific,FSM,Lower middle income
Micronesia (Federated States of),2020,110.916,22.933000564575195,89.88195415133151,,-,Western Pacific,FSM,Lower middle income
Monaco,2000,32.455,100.0,99.0,99.0,<1,Europe,MCO,High income
Monaco,2001,32.447,100.0,99.0,99.0,<1,Europe,MCO,High income
Monaco,2002,32.422,100.0,99.0,99.0,<1,Europe,MCO,High income
Monaco,2003,32.374,100.0,99.0,99.0,<1,Europe,MCO,High income
Monaco,2004,32.307,100.0,99.0,99.0,<1,Europe,MCO,High income
Monaco,2005,32.21,100.0,99.0,99.0,<1,Europe,MCO,High income
Monaco,2006,32.057,100.0,99.0,99.0,<1,Europe,MCO,High income
Monaco,2007,31.837,100.0,99.0,99.0,<1,Europe,MCO,High income
Monaco,2008,31.836,100.0,99.0,99.0,<1,Europe,MCO,High income
Monaco,2009,32.364,100.0,99.0,99.0,<1,Europe,MCO,High income
Monaco,2010,33.163,100.0,99.0,99.0,<1,Europe,MCO,High income
Monaco,2011,33.946,100.0,99.0,99.0,<1,Europe,MCO,High income
Monaco,2012,34.711,100.0,99.0,99.0,<1,Europe,MCO,High income
Monaco,2013,35.447,100.0,99.0,99.0,<1,Europe,MCO,High income
Monaco,2014,36.128,100.0,99.0,99.0,<1,Europe,MCO,High income
Monaco,2015,36.757,100.0,99.0,99.0,<1,Europe,MCO,High income
Monaco,2016,37.276,100.0,99.0,99.0,<1,Europe,MCO,High income
Monaco,2017,37.678,100.0,99.0,99.0,<1,Europe,MCO,High income
Monaco,2018,38.154,100.0,99.0,99.0,<1,Europe,MCO,High income
Monaco,2019,38.109,100.0,99.0,99.0,<1,Europe,MCO,High income
Monaco,2020,38.05,100.0,99.0,99.0,<1,Europe,MCO,High income
Monaco,2021,38.527,100.0,99.0,99.0,<1,Europe,MCO,High income
Monaco,2022,38.931,100.0,99.0,99.0,<1,Europe,MCO,High income
Monaco,2023,38.956,100.0,99.0,99.0,<1,Europe,MCO,High income
Monaco,2024,38.631,100.0,99.0,99.0,<1,Europe,MCO,High income
Mongolia,2000,2455.182,57.132999420166016,62.41532899127741,17.71677123126158,18.09000848276441,Western Pacific,MNG,Upper middle income
Mongolia,2001,2477.7,58.22200012207031,63.82368994617919,18.76004635735323,17.18966051484187,Western Pacific,MNG,Upper middle income
Mongolia,2002,2500.075,59.30400085449219,65.20969719960074,19.82838219656356,16.31291837189231,Western Pacific,MNG,Upper middle income
Mongolia,2003,2521.805,60.37799835205078,66.57277309935564,20.92063939900715,15.4599295097932,Western Pacific,MNG,Upper middle income
Mongolia,2004,2542.793,61.44300079345703,67.91237566448672,22.03566033854527,14.63080627474702,Western Pacific,MNG,Upper middle income
Mongolia,2005,2563.461,62.49399948120117,69.2258593497373,23.17097112710255,13.82696747392041,Western Pacific,MNG,Upper middle income
Mongolia,2006,2584.756,63.53499984741211,70.51554001514057,24.32698593229989,13.04670214811336,Western Pacific,MNG,Upper middle income
Mongolia,2007,2607.965,64.56400299072266,71.78046414760826,25.50219766674243,12.29035216214817,Western Pacific,MNG,Upper middle income
Mongolia,2008,2634.424,65.58100128173828,73.02078995066915,26.69575872882444,11.55757128067208,Western Pacific,MNG,Upper middle income
Mongolia,2009,2665.326,66.57999420166016,74.23369672898939,27.90475508788489,10.84979126470328,Western Pacific,MNG,Upper middle income
Mongolia,2010,2701.732,67.56700134277344,75.42245934934405,29.13039708147399,10.16476518465129,Western Pacific,MNG,Upper middle income
Mongolia,2011,2745.18,67.96299743652344,76.31297613584567,30.16628733083093,9.6627009552516,Western Pacific,MNG,Upper middle income
Mongolia,2012,2795.459,68.02999877929688,77.04563431683033,31.09860335505961,9.256338625670304,Western Pacific,MNG,Upper middle income
Mongolia,2013,2851.881,68.09700012207031,77.7798259632281,32.0426962176353,8.851271889588386,Western Pacific,MNG,Upper middle income
Mongolia,2014,2913.039,68.16300201416016,78.51509612957774,32.99815632126511,8.44774896664436,Western Pacific,MNG,Upper middle income
Mongolia,2015,2976.526,68.22999572753906,79.25231207380227,33.96566500371753,8.045264307279192,Western Pacific,MNG,Upper middle income
Mongolia,2016,3040.812,68.2969970703125,79.99102745863864,34.94482737347474,7.644073749314765,Western Pacific,MNG,Upper middle income
Mongolia,2017,3104.364,68.36299896240234,80.7307985361717,35.93521204154963,7.244397828206949,Western Pacific,MNG,Upper middle income
Mongolia,2018,3167.706,68.44499969482422,81.47838241832962,36.94322235220642,6.842644052102215,Western Pacific,MNG,Upper middle income
Mongolia,2019,3232.113,68.54299926757812,82.23322122419404,37.96894481575067,6.439275753692399,Western Pacific,MNG,Upper middle income
Mongolia,2020,3290.785,68.65699768066406,82.99473482372105,39.01243635676195,6.034757459289905,Western Pacific,MNG,Upper middle income
Mongolia,2021,3339.674,68.78500366210938,83.76162848902504,40.07296871567524,5.635722621952121,Western Pacific,MNG,Upper middle income
Mongolia,2022,3386.015,68.93000030517578,84.53443461585142,41.15171557336249,5.284749138180588,Western Pacific,MNG,Upper middle income
Mongolia,2023,3431.932,69.08900451660156,85.31151264574599,42.24751380118403,4.934571723215336,Western Pacific,MNG,Upper middle income
Mongolia,2024,3475.54,69.26300048828125,86.09265532444205,43.360722296887,4.585481242950469,Western Pacific,MNG,Upper middle income
Montenegro,2006,633.871,62.803001403808594,95.17713634331348,83.86273144197267,<1,Europe,MNE,Upper middle income
Montenegro,2007,633.379,63.13899612426758,95.46030885919735,84.01289411313593,<1,Europe,MNE,Upper middle income
Montenegro,2008,632.845,63.47500228881836,95.74321239930975,84.13776236815839,<1,Europe,MNE,Upper middle income
Montenegro,2009,632.438,63.80799865722656,96.02578843559613,84.26147305544131,<1,Europe,MNE,Upper middle income
Montenegro,2010,632.088,64.13999938964844,96.30807108269678,84.38418029018662,<1,Europe,MNE,Upper middle income
Montenegro,2011,632.688,64.47200012207031,96.59008786768824,84.50597034007457,<1,Europe,MNE,Upper middle income
Montenegro,2012,633.54,64.80400085449219,96.87183127574735,84.62683888531396,<1,Europe,MNE,Upper middle income
Montenegro,2013,633.202,65.13700103759766,97.15331409492988,84.74685624408212,<1,Europe,MNE,Upper middle income
Montenegro,2014,631.375,65.47100067138672,97.4345288246908,84.86601665139199,<1,Europe,MNE,Upper middle income
Montenegro,2015,628.145,65.80599975585938,97.71547421693062,84.9843200456703,<1,Europe,MNE,Upper middle income
Montenegro,2016,624.249,66.14099884033203,97.98380316638944,85.09075882277834,<1,Europe,MNE,Upper middle income
Montenegro,2017,620.114,66.47699737548828,98.22817229732412,85.1754101234488,<1,Europe,MNE,Upper middle income
Montenegro,2018,615.795,66.81299591064453,98.87892492289129,85.2588066435164,<1,Europe,MNE,Upper middle income
Montenegro,2019,611.667,67.1500015258789,99.0,85.3410135829891,<1,Europe,MNE,Upper middle income
Montenegro,2020,607.935,67.48800659179688,99.0,85.42202280249235,<1,Europe,MNE,Upper middle income
Montenegro,2021,603.851,67.82600402832031,99.0,85.44174330132574,<1,Europe,MNE,Upper middle income
Montenegro,2022,614.648,68.16400146484375,99.0,85.46146770904998,<1,Europe,MNE,Upper middle income
Montenegro,2023,633.552,68.50200653076172,99.0,85.48118926363317,<1,Europe,MNE,Upper middle income
Montenegro,2024,638.479,68.83999633789062,99.0,85.50091178791058,<1,Europe,MNE,Upper middle income
Montserrat,2000,5.029,2.086999893188477,98.09240167048394,,<1,Americas,MSR,
Montserrat,2001,4.59,9.494999885559082,98.09075282198192,,<1,Americas,MSR,
Montserrat,2002,4.476,9.455999374389648,98.0891039734799,,<1,Americas,MSR,
Montserrat,2003,4.49,9.41800022125244,98.08745512497786,,<1,Americas,MSR,
Montserrat,2004,4.515,9.379000663757324,98.08580627647584,,<1,Americas,MSR,
Montserrat,2005,4.547,9.340999603271484,98.08415742797382,,<1,Americas,MSR,
Montserrat,2006,4.582,9.30299949645996,98.0825085794718,,<1,Americas,MSR,
Montserrat,2007,4.623,9.264999389648438,98.08085973096976,,<1,Americas,MSR,
Montserrat,2008,4.677,9.22700023651123,98.07921088246776,,<1,Americas,MSR,
Montserrat,2009,4.735,9.1899995803833,98.07756203396572,,<1,Americas,MSR,
Montserrat,2010,4.794,9.151999473571776,98.07591318546368,,<1,Americas,MSR,
Montserrat,2011,4.822,9.114999771118164,98.07426433696168,,<1,Americas,MSR,
Montserrat,2012,4.796,9.085000038146973,98.07261548845965,,<1,Americas,MSR,
Montserrat,2013,4.753,9.063000679016112,98.07096663995762,,<1,Americas,MSR,
Montserrat,2014,4.711,9.04800033569336,98.0693177914556,,<1,Americas,MSR,
Montserrat,2015,4.673,9.041000366210938,98.06766894295356,,<1,Americas,MSR,
Montserrat,2016,4.638,9.041000366210938,98.06602009445156,,<1,Americas,MSR,
Montserrat,2017,4.603,9.04800033569336,98.06437124594952,,<1,Americas,MSR,
Montserrat,2018,4.569,9.063000679016112,98.0627223974475,,<1,Americas,MSR,
Montserrat,2019,4.54,9.086000442504885,98.06107354894549,,<1,Americas,MSR,
Montserrat,2020,4.508,9.114999771118164,98.05942470044346,,<1,Americas,MSR,
Montserrat,2021,4.479,9.152999877929688,98.05942470044346,,<1,Americas,MSR,
Montserrat,2022,4.453,9.197999954223633,98.05942470044346,,<1,Americas,MSR,
Montserrat,2023,4.42,9.25100040435791,98.05942470044346,,<1,Americas,MSR,
Montserrat,2024,4.389,9.312000274658203,98.05942470044346,,<1,Americas,MSR,
Morocco,2000,28423.435,53.334999084472656,62.14399959898762,40.68927113718864,2.194065814053281,Eastern Mediterranean,MAR,Lower middle income
Morocco,2001,28814.643,53.66200256347656,63.45710735292213,41.26701417312741,2.077848467137859,Eastern Mediterranean,MAR,Lower middle income
Morocco,2002,29198.142,53.9900016784668,64.76395321714347,41.84206882962538,1.962875849332354,Eastern Mediterranean,MAR,Lower middle income
Morocco,2003,29571.415,54.31699752807617,66.06314992103901,42.4132470218147,1.849227075224987,Eastern Mediterranean,MAR,Lower middle income
Morocco,2004,29953.018,54.64400100708008,67.35523113791217,42.98115211191369,1.736861318265863,Eastern Mediterranean,MAR,Lower middle income
Morocco,2005,30358.144,55.17399978637695,68.75549976802921,43.66314792918599,1.619126999809825,Eastern Mediterranean,MAR,Lower middle income
Morocco,2006,30771.178,55.746002197265625,70.163478359653,45.39490156092448,1.50217852195276,Eastern Mediterranean,MAR,Lower middle income
Morocco,2007,31186.468,56.31700134277344,71.55373234747515,47.16882184396187,1.38750371426526,Eastern Mediterranean,MAR,Lower middle income
Morocco,2008,31606.767,56.8859977722168,72.92560755273074,48.98268002415059,1.275123446440056,Eastern Mediterranean,MAR,Lower middle income
Morocco,2009,32030.778,57.45199966430664,74.27852198497317,50.8342738607937,1.165050924819514,Eastern Mediterranean,MAR,Lower middle income
Morocco,2010,32467.016,58.01799774169922,75.61386350649539,52.72364610749091,1.057199469501682,Eastern Mediterranean,MAR,Lower middle income
Morocco,2011,32912.588,58.58100128173828,76.93008325832372,54.64751311474368,<1,Eastern Mediterranean,MAR,Lower middle income
Morocco,2012,33355.241,59.141998291015625,78.22758539300862,56.60482213145566,<1,Eastern Mediterranean,MAR,Lower middle income
Morocco,2013,33787.571,59.70000076293945,79.50587966863353,58.59346073529051,<1,Eastern Mediterranean,MAR,Lower middle income
Morocco,2014,34204.78,60.25599670410156,80.76534263044316,60.61239249392215,<1,Eastern Mediterranean,MAR,Lower middle income
Morocco,2015,34607.588,60.80899810791016,82.00552543259525,62.6595549218595,<1,Eastern Mediterranean,MAR,Lower middle income
Morocco,2016,35023.457,61.36000061035156,83.22676778139632,64.73391873694202,<1,Eastern Mediterranean,MAR,Lower middle income
Morocco,2017,35446.392,61.90800094604492,84.42865830549157,66.83346753141748,<1,Eastern Mediterranean,MAR,Lower middle income
Morocco,2018,35839.76,62.4530029296875,85.61120061373272,68.95673176012613,<1,Eastern Mediterranean,MAR,Lower middle income
Morocco,2019,36210.898,62.99399566650391,86.7740979476491,71.10180927581698,<1,Eastern Mediterranean,MAR,Lower middle income
Morocco,2020,36584.208,63.53200149536133,87.91767895678353,73.2677313316826,<1,Eastern Mediterranean,MAR,Lower middle income
Morocco,2021,36954.442,64.06499481201172,89.0414569298463,75.45227624780374,<1,Eastern Mediterranean,MAR,Lower middle income
Morocco,2022,37329.064,64.59600067138672,90.14621144991956,77.64264502426936,<1,Eastern Mediterranean,MAR,Lower middle income
Morocco,2023,37712.505,65.12100219726562,91.2311035579693,79.13957656849324,<1,Eastern Mediterranean,MAR,Lower middle income
Morocco,2024,38081.173,65.64299774169922,92.21202672096533,79.98180722796016,<1,Eastern Mediterranean,MAR,Lower middle income
Mozambique,2000,18129.653,29.09800148010254,23.44104186740473,8.947468433951673,17.94120339243023,Africa,MOZ,Low income
Mozambique,2001,18537.729,29.277000427246094,24.44829666485706,9.00250960949976,17.59723682587839,Africa,MOZ,Low income
Mozambique,2002,18958.338,29.457000732421875,25.89205629916071,9.368225879597896,17.20687078191065,Africa,MOZ,Low income
Mozambique,2003,19392.475,29.636999130249023,27.3637062660651,9.74288115939979,16.81750581638413,Africa,MOZ,Low income
Mozambique,2004,19840.313,29.81800079345703,28.86359454593842,10.21363835380048,16.42897210575163,Africa,MOZ,Low income
Mozambique,2005,20304.569,29.999000549316406,30.39101932366501,10.79756219544708,16.04144485452538,Africa,MOZ,Low income
Mozambique,2006,20787.087,30.1820011138916,31.9468315696643,11.42353748152276,15.65459515148394,Africa,MOZ,Low income
Mozambique,2007,21287.635,30.36400032043457,33.52931444411319,12.09035729722661,15.26892470138759,Africa,MOZ,Low income
Mozambique,2008,21819.036,30.83199882507324,35.2815210331491,12.90399628893216,14.83895514780766,Africa,MOZ,Low income
Mozambique,2009,22391.745,31.327999114990234,37.07133169399853,13.77313620113775,14.40722905328795,Africa,MOZ,Low income
Mozambique,2010,22999.235,31.830001831054688,38.88708424323419,14.51631259823357,13.97734243210888,Africa,MOZ,Low income
Mozambique,2011,23649.039,32.33599853515625,40.72723491072746,15.25164015543847,13.54964680859072,Africa,MOZ,Low income
Mozambique,2012,24337.846,32.84600067138672,42.59123175683615,16.01988466254704,13.12417443145982,Africa,MOZ,Low income
Mozambique,2013,25051.611,33.36000061035156,44.4785109091444,16.82030903571943,12.70095855343716,Africa,MOZ,Low income
Mozambique,2014,25788.475,33.87799835205078,46.38850533707034,17.65216612259296,12.28003418516372,Africa,MOZ,Low income
Mozambique,2015,26547.572,34.400001525878906,48.32064216408354,18.51470092272239,11.86143281999052,Africa,MOZ,Low income
Mozambique,2016,27337.105,34.92599868774414,50.2743318960673,19.4071399285232,11.44518863153097,Africa,MOZ,Low income
Mozambique,2017,28166.393,35.45500183105469,52.24854303065561,20.32833656565723,11.03146794053074,Africa,MOZ,Low income
Mozambique,2018,29018.644,35.987998962402344,54.24313675919774,21.27787361847556,10.62016563353772,Africa,MOZ,Low income
Mozambique,2019,29884.38,36.52799987792969,56.25877199093512,22.25602017451187,10.21093107193371,Africa,MOZ,Low income
Mozambique,2020,30783.688,37.07400131225586,58.29434485645777,23.26156838065937,9.803948471249456,Africa,MOZ,Low income
Mozambique,2021,31707.8,37.62800216674805,60.34998629027999,24.29435449796522,9.399022563270584,Africa,MOZ,Low income
Mozambique,2022,32656.246,38.1870002746582,62.42375415406717,25.35243593920661,8.996578268385226,Africa,MOZ,Low income
Mozambique,2023,33635.16,38.75299835205078,64.51575889299187,26.43561215649967,8.596425292255047,Africa,MOZ,Low income
Mozambique,2024,34631.766,39.32600021362305,66.6252441342671,27.54294569759958,8.198620304009893,Africa,MOZ,Low income
Myanmar,2000,45290.841,27.024999618530277,47.01435754462567,27.13404643630729,16.51035869814913,South-East Asia,MMR,Lower middle income
Myanmar,2001,45771.139,27.20800018310547,48.60710242437155,28.64283199343824,16.15918754102771,South-East Asia,MMR,Lower middle income
Myanmar,2002,46232.653,27.39099884033203,50.22573703486034,30.18471037745282,15.80872894534771,South-East Asia,MMR,Lower middle income
Myanmar,2003,46667.192,27.575000762939453,51.87042726725601,31.75991990582024,15.45885084131991,South-East Asia,MMR,Lower middle income
Myanmar,2004,47068.772,27.759998321533203,53.54101747024806,33.36835999108601,15.10955663827149,South-East Asia,MMR,Lower middle income
Myanmar,2005,47438.365,27.946001052856445,55.23736987130535,35.00994173548436,14.76085407757223,South-East Asia,MMR,Lower middle income
Myanmar,2006,47785.135,28.131999969482425,56.95906153387352,36.68422617880559,14.41287495331969,South-East Asia,MMR,Lower middle income
Myanmar,2007,48125.043,28.319000244140625,58.70623360292488,38.3914580396534,14.06549591585705,South-East Asia,MMR,Lower middle income
Myanmar,2008,48390.793,28.506999969482425,60.4787323145867,40.13153745411605,13.71872173464894,South-East Asia,MMR,Lower middle income
Myanmar,2009,48660.459,28.69499969482422,62.27614757570955,41.90401650848893,13.37267738814407,South-East Asia,MMR,Lower middle income
Myanmar,2010,49024.382,28.88500022888184,64.0988519879754,43.70949494485613,13.02712745016942,South-East Asia,MMR,Lower middle income
Myanmar,2011,49419.82,29.07499885559082,65.94618767331723,45.34767298206176,12.6823176377273,South-East Asia,MMR,Lower middle income
Myanmar,2012,49837.446,29.26599884033203,67.81825248114612,46.79631038681581,12.33813145011498,South-East Asia,MMR,Lower middle income
Myanmar,2013,50262.658,29.457000732421875,69.71466266258811,48.26599113292013,11.99468763476953,South-East Asia,MMR,Lower middle income
Myanmar,2014,50681.634,29.649999618530277,71.6357324611293,49.75711404872744,11.65176665060986,South-East Asia,MMR,Lower middle income
Myanmar,2015,51089.056,29.857999801635746,73.58402833126274,51.27311945423021,11.30796037926324,South-East Asia,MMR,Lower middle income
Myanmar,2016,51495.696,30.08199882507324,75.55927468258682,52.81341424800213,10.96325076607239,South-East Asia,MMR,Lower middle income
Myanmar,2017,51894.938,30.32200050354004,77.5609391468529,54.37704925420127,10.6177309489406,South-East Asia,MMR,Lower middle income
Myanmar,2018,52272.247,30.57900047302246,79.58865578262977,55.96328316462088,10.27139149839037,South-East Asia,MMR,Lower middle income
Myanmar,2019,52640.713,30.851999282836918,81.64163240174966,57.57081432688913,9.92443175079171,South-East Asia,MMR,Lower middle income
Myanmar,2020,53016.522,31.141000747680664,83.69545994591054,58.81552905646833,9.576945844446442,South-East Asia,MMR,Lower middle income
Myanmar,2021,53387.102,31.447999954223636,85.53103779310685,59.50475103391594,9.22883341844513,South-East Asia,MMR,Lower middle income
Myanmar,2022,53756.787,31.7710018157959,85.58037849958373,59.57403940386913,9.197400181785273,South-East Asia,MMR,Lower middle income
Myanmar,2023,54133.798,32.11199951171875,85.63245922593636,59.64718210406605,9.16421447340804,South-East Asia,MMR,Lower middle income
Myanmar,2024,54500.091,32.470001220703125,85.68714176405406,59.72397507725068,9.1293748268958,South-East Asia,MMR,Lower middle income
Namibia,2000,1818.647,32.37300109863281,76.23624618845805,,7.241339236153451,Africa,NAM,Upper middle income
Namibia,2001,1857.048,32.89799880981445,76.60733973113362,,7.058536494090911,Africa,NAM,Upper middle income
Namibia,2002,1889.97,33.7660026550293,77.08108062687731,,6.843320009680416,Africa,NAM,Upper middle income
Namibia,2003,1917.464,34.70899963378906,77.56986948303069,,6.624401827627728,Africa,NAM,Upper middle income
Namibia,2004,1942.082,35.66600036621094,78.0541039412165,,6.408167573063846,Africa,NAM,Upper middle income
Namibia,2005,1966.582,36.63199996948242,78.53208764532575,,6.195178994882697,Africa,NAM,Upper middle income
Namibia,2006,1991.888,37.61000061035156,79.00460088645177,,5.985218218622398,Africa,NAM,Upper middle income
Namibia,2007,2018.6,38.59799957275391,79.47088682416148,,5.778541636326151,Africa,NAM,Upper middle income
Namibia,2008,2047.056,39.59700012207031,79.93111345548509,,5.575126532868661,Africa,NAM,Upper middle income
Namibia,2009,2077.394,40.60100173950195,80.3834346901376,,5.3755586309125,Africa,NAM,Upper middle income
Namibia,2010,2109.811,41.615997314453125,80.82945048984851,,5.179367224063177,Africa,NAM,Upper middle income
Namibia,2011,2146.325,42.637001037597656,81.26765486429598,,4.987031404541191,Africa,NAM,Upper middle income
Namibia,2012,2194.654,43.69300079345703,81.70573291006649,,4.79628042827731,Africa,NAM,Upper middle income
Namibia,2013,2252.508,44.75600051879883,82.13584742153495,,4.609509458271541,Africa,NAM,Upper middle income
Namibia,2014,2312.139,45.82600021362305,82.5578966769433,,4.426762968774676,Africa,NAM,Upper middle income
Namibia,2015,2374.3,46.900001525878906,82.97104175428271,,4.248306051299689,Africa,NAM,Upper middle income
Namibia,2016,2439.213,47.96099853515625,83.37097914182517,,4.075372230904288,Africa,NAM,Upper middle income
Namibia,2017,2506.853,49.00499725341797,83.75692163210896,,3.908154210607904,Africa,NAM,Upper middle income
Namibia,2018,2577.327,50.03200149536133,84.12910832229669,,3.746542134818646,Africa,NAM,Upper middle income
Namibia,2019,2650.494,51.0420036315918,84.55490090126438,,3.590427276615319,Africa,NAM,Upper middle income
Namibia,2020,2728.762,52.03300094604492,84.96891824812955,,3.439825731875201,Africa,NAM,Upper middle income
Namibia,2021,2810.548,53.00499725341797,85.37136409157785,,3.294615151914388,Africa,NAM,Upper middle income
Namibia,2022,2889.662,53.95600128173828,85.76199515937074,,3.154789251223666,Africa,NAM,Upper middle income
Namibia,2023,2963.095,54.88600158691406,86.1410432483345,,3.020214366740529,Africa,NAM,Upper middle income
Namibia,2024,3030.131,55.79500198364258,86.50873783521266,,2.890754936279673,Africa,NAM,Upper middle income
Nauru,2000,10.168,100.0,98.31540236724057,18.64806242786849,<1,Western Pacific,NRU,High income
Nauru,2001,10.13,100.0,98.31871935936968,18.64869158133587,<1,Western Pacific,NRU,High income
Nauru,2002,10.082,100.0,98.32203635149878,18.64932073480325,<1,Western Pacific,NRU,High income
Nauru,2003,10.059,100.0,98.3253533436279,18.64994988827063,<1,Western Pacific,NRU,High income
Nauru,2004,10.06,100.0,98.328670335757,18.65057904173801,<1,Western Pacific,NRU,High income
Nauru,2005,10.049,100.0,98.33198732788613,18.6512081952054,<1,Western Pacific,NRU,High income
Nauru,2006,10.034,100.0,98.33530432001524,18.65183734867278,<1,Western Pacific,NRU,High income
Nauru,2007,10.02,100.0,98.33862131214435,18.65246650214016,<1,Western Pacific,NRU,High income
Nauru,2008,10.009,100.0,98.30948239144752,18.65309565560755,<1,Western Pacific,NRU,High income
Nauru,2009,10.016,100.0,98.28034128132852,18.65372480907493,<1,Western Pacific,NRU,High income
Nauru,2010,10.043,100.0,98.25119798178744,18.65435396254231,<1,Western Pacific,NRU,High income
Nauru,2011,10.098,100.0,98.2220524928242,18.6549831160097,<1,Western Pacific,NRU,High income
Nauru,2012,10.267,100.0,98.19290481443888,18.65561226947708,<1,Western Pacific,NRU,High income
Nauru,2013,10.517,100.0,98.16375494663144,18.65624142294446,<1,Western Pacific,NRU,High income
Nauru,2014,10.742,100.0,98.13460288940186,18.65687057641185,<1,Western Pacific,NRU,High income
Nauru,2015,10.954,100.0,98.10544864275018,18.65749972987923,<1,Western Pacific,NRU,High income
Nauru,2016,11.15,100.0,98.07629220667636,18.65812888334661,<1,Western Pacific,NRU,High income
Nauru,2017,11.324,100.0,98.04713358118046,18.658758036814,<1,Western Pacific,NRU,High income
Nauru,2018,11.477,100.0,98.01797276626242,18.65938719028138,<1,Western Pacific,NRU,High income
Nauru,2019,11.587,100.0,97.98880976192228,18.66001634374877,<1,Western Pacific,NRU,High income
Nauru,2020,11.643,100.0,97.95964456816,18.66064549721614,<1,Western Pacific,NRU,High income
Nauru,2021,11.709,100.0,97.93047718497562,18.66127465068353,<1,Western Pacific,NRU,High income
Nauru,2022,11.801,100.0,97.9013076123691,18.66190380415091,<1,Western Pacific,NRU,High income
Nauru,2023,11.875,100.0,97.87213585034048,18.6625329576183,<1,Western Pacific,NRU,High income
Nauru,2024,11.947,100.0,97.84296189888973,18.66316211108568,<1,Western Pacific,NRU,High income
Nepal,2000,24546.509,13.397000312805176,79.48839698197432,26.80554313600265,3.533078575257289,South-East Asia,NPL,Lower middle income
Nepal,2001,24946.748,13.946999549865724,80.16709109448007,27.09165052058111,3.397038186271044,South-East Asia,NPL,Lower middle income
Nepal,2002,25328.981,14.239999771118164,80.8065175847141,27.34459965038119,3.26741403420885,South-East Asia,NPL,Lower middle income
Nepal,2003,25688.758,14.538000106811523,81.44168696353263,27.59697556637722,3.138233379122333,South-East Asia,NPL,Lower middle income
Nepal,2004,26016.656,14.8410005569458,82.07250893824012,27.84874704318282,3.009509986600301,South-East Asia,NPL,Lower middle income
Nepal,2005,26309.458,15.14900016784668,82.6989066918082,28.09988722002534,2.881258137505416,South-East Asia,NPL,Lower middle income
Nepal,2006,26565.425,15.462000846862791,83.32079102881175,28.3503651944172,2.753491554119653,South-East Asia,NPL,Lower middle income
Nepal,2007,26788.492,15.781000137329102,83.93816293454468,28.6002604379978,2.6262077515395,South-East Asia,NPL,Lower middle income
Nepal,2008,26990.037,16.10500144958496,84.55083627018567,28.84942891342365,2.499438862025464,South-East Asia,NPL,Lower middle income
Nepal,2009,27173.035,16.43400001525879,85.15872987499503,29.09784190194737,2.373198911282113,South-East Asia,NPL,Lower middle income
Nepal,2010,27341.952,16.76799964904785,85.7617588960131,29.34546920184414,2.247501817868937,South-East Asia,NPL,Lower middle income
Nepal,2011,27464.494,17.107999801635742,86.3599023849968,29.59238349047415,2.122348771563441,South-East Asia,NPL,Lower middle income
Nepal,2012,27534.915,17.45800018310547,86.95328372807006,29.83894962268396,1.997709527919227,South-East Asia,NPL,Lower middle income
Nepal,2013,27589.996,17.815000534057617,87.54157959687808,28.40666690499327,1.873644512715917,South-East Asia,NPL,Lower middle income
Nepal,2014,27672.37,18.1820011138916,88.12480620628679,26.94955417681066,1.750143626352033,South-East Asia,NPL,Lower middle income
Nepal,2015,27823.629,18.55699920654297,88.70269799010491,25.46764865483123,1.627252348182701,South-East Asia,NPL,Lower middle income
Nepal,2016,27955.462,18.941999435424805,89.27519139884181,23.96139816392809,1.504977126759119,South-East Asia,NPL,Lower middle income
Nepal,2017,28011.258,19.336000442504883,89.84208400302344,22.43096970517682,1.383352857362925,South-East Asia,NPL,Lower middle income
Nepal,2018,28079.689,19.739999771118164,90.40323370654684,20.87673464804288,1.262398335348375,South-East Asia,NPL,Lower middle income
Nepal,2019,28414.064,20.152999877929688,90.9584624626018,19.29889250024438,1.142146789246455,South-East Asia,NPL,Lower middle income
Nepal,2020,28966.574,20.576000213623047,91.5076217588488,17.69784340941268,1.022618932214384,South-East Asia,NPL,Lower middle income
Nepal,2021,29475.01,21.007999420166016,92.05053299950588,16.07381295241676,<1,South-East Asia,NPL,Lower middle income
Nepal,2022,29715.436,21.451000213623047,92.5870336093326,16.21137600692967,<1,South-East Asia,NPL,Lower middle income
Nepal,2023,29694.614,21.902999877929688,93.11696382211392,16.34901412819881,<1,South-East Asia,NPL,Lower middle income
Nepal,2024,29651.054,22.36600112915039,93.64012468421166,16.48688566838658,<1,South-East Asia,NPL,Lower middle income
Netherlands (Kingdom of the),2000,16058.76,76.79499816894531,99.0,99.0,<1,Europe,NLD,High income
Netherlands (Kingdom of the),2001,16182.705,77.83000183105469,99.0,99.0,<1,Europe,NLD,High income
Netherlands (Kingdom of the),2002,16288.051,79.11299896240234,99.0,99.0,<1,Europe,NLD,High income
Netherlands (Kingdom of the),2003,16366.912,80.34099578857422,99.0,99.0,<1,Europe,NLD,High income
Netherlands (Kingdom of the),2004,16425.566,81.51399993896484,99.0,99.0,<1,Europe,NLD,High income
Netherlands (Kingdom of the),2005,16465.71,82.6300048828125,99.0,99.0,<1,Europe,NLD,High income
Netherlands (Kingdom of the),2006,16493.852,83.63600158691406,99.0,99.0,<1,Europe,NLD,High income
Netherlands (Kingdom of the),2007,16531.357,84.53900146484375,99.0,99.0,<1,Europe,NLD,High income
Netherlands (Kingdom of the),2008,16597.258,85.4020004272461,99.0,99.0,<1,Europe,NLD,High income
Netherlands (Kingdom of the),2009,16684.15,86.28800201416016,99.0,99.0,<1,Europe,NLD,High income
Netherlands (Kingdom of the),2010,16771.235,87.13399505615234,99.0,99.0,<1,Europe,NLD,High income
Netherlands (Kingdom of the),2011,16851.057,87.8790054321289,99.0,99.0,<1,Europe,NLD,High income
Netherlands (Kingdom of the),2012,16915.194,88.58799743652344,99.0,99.0,<1,Europe,NLD,High income
Netherlands (Kingdom of the),2013,16967.063,89.18700408935547,99.0,99.0,<1,Europe,NLD,High income
Netherlands (Kingdom of the),2014,17030.089,89.69000244140625,99.0,99.0,<1,Europe,NLD,High income
Netherlands (Kingdom of the),2015,17107.433,90.1729965209961,99.0,99.0,<1,Europe,NLD,High income
Netherlands (Kingdom of the),2016,17204.693,90.63500213623048,99.0,99.0,<1,Europe,NLD,High income
Netherlands (Kingdom of the),2017,17315.37,91.0770034790039,99.0,99.0,<1,Europe,NLD,High income
Netherlands (Kingdom of the),2018,17421.28,91.48999786376952,99.0,99.0,<1,Europe,NLD,High income
Netherlands (Kingdom of the),2019,17537.507,91.8759994506836,99.0,99.0,<1,Europe,NLD,High income
Netherlands (Kingdom of the),2020,17636.731,92.23600006103516,99.0,99.0,<1,Europe,NLD,High income
Netherlands (Kingdom of the),2021,17730.564,92.5719985961914,99.0,99.0,<1,Europe,NLD,High income
Netherlands (Kingdom of the),2022,17904.421,92.88600158691406,99.0,99.0,<1,Europe,NLD,High income
Netherlands (Kingdom of the),2023,18092.524,93.1790008544922,99.0,99.0,<1,Europe,NLD,High income
Netherlands (Kingdom of the),2024,18228.742,93.4530029296875,99.0,99.0,<1,Europe,NLD,High income
New Caledonia,2000,223.098,61.91899871826172,95.10497708421002,87.04396250569972,<1,Western Pacific,NCL,High income
New Caledonia,2001,227.707,62.2760009765625,95.10497708421002,87.04396250569972,<1,Western Pacific,NCL,High income
New Caledonia,2002,232.236,62.63199996948242,95.10497708421002,87.04396250569972,<1,Western Pacific,NCL,High income
New Caledonia,2003,236.678,62.98699951171875,95.33832950020786,87.70611083605965,<1,Western Pacific,NCL,High income
New Caledonia,2004,240.852,63.34099578857422,95.57168191620576,88.37045505093748,<1,Western Pacific,NCL,High income
New Caledonia,2005,244.381,63.96500015258789,95.8050343322036,89.03699515033313,<1,Western Pacific,NCL,High income
New Caledonia,2006,247.547,64.63800048828125,96.0383867482015,89.7057311342468,<1,Western Pacific,NCL,High income
New Caledonia,2007,250.725,65.30599975585938,96.27173916419936,90.3766630026782,<1,Western Pacific,NCL,High income
New Caledonia,2008,253.825,65.96900177001953,96.50509158019725,91.0497907556275,<1,Western Pacific,NCL,High income
New Caledonia,2009,257.25,66.6240005493164,96.73844399619507,91.72511439309471,<1,Western Pacific,NCL,High income
New Caledonia,2010,261.582,67.10199737548828,96.97179641219292,92.40263391507972,<1,Western Pacific,NCL,High income
New Caledonia,2011,266.543,67.56500244140625,97.20514882819084,93.08234932158264,<1,Western Pacific,NCL,High income
New Caledonia,2012,271.633,68.02399444580078,97.43850124418869,93.76426061260337,<1,Western Pacific,NCL,High income
New Caledonia,2013,276.822,68.47900390625,97.67185366018656,94.44836778814212,<1,Western Pacific,NCL,High income
New Caledonia,2014,281.224,68.93099975585938,97.9052060761844,95.13467084819858,<1,Western Pacific,NCL,High income
New Caledonia,2015,283.168,69.3790054321289,98.13855849218233,95.50277488301629,<1,Western Pacific,NCL,High income
New Caledonia,2016,283.423,69.82099914550781,98.37191090818015,95.72985997164864,<1,Western Pacific,NCL,High income
New Caledonia,2017,283.546,70.2560043334961,98.60526332417804,95.95694506028109,<1,Western Pacific,NCL,High income
New Caledonia,2018,283.541,70.68299865722656,98.8386157401759,96.18403014891344,<1,Western Pacific,NCL,High income
New Caledonia,2019,283.606,71.10400390625,99.0,96.41111523754586,<1,Western Pacific,NCL,High income
New Caledonia,2020,284.176,71.51799774169922,99.0,96.63820032617824,<1,Western Pacific,NCL,High income
New Caledonia,2021,285.214,71.92500305175781,99.0,96.86528541481066,<1,Western Pacific,NCL,High income
New Caledonia,2022,287.123,72.32499694824219,99.0,96.86528541481066,<1,Western Pacific,NCL,High income
New Caledonia,2023,289.87,72.71900177001953,99.0,96.86528541481066,<1,Western Pacific,NCL,High income
New Caledonia,2024,292.639,73.10600280761719,99.0,96.86528541481066,<1,Western Pacific,NCL,High income
New Zealand,2000,3857.574,86.02100372314453,99.0,84.39357087309139,<1,Western Pacific,NZL,High income
New Zealand,2001,3891.762,86.0999984741211,99.0,84.39357194740643,<1,Western Pacific,NZL,High income
New Zealand,2002,3951.119,86.16100311279297,99.0,84.39357312856359,<1,Western Pacific,NZL,High income
New Zealand,2003,4022.586,86.22100067138672,99.0,84.39357011732586,<1,Western Pacific,NZL,High income
New Zealand,2004,4083.91,86.28099822998047,99.0,84.39357087360604,<1,Western Pacific,NZL,High income
New Zealand,2005,4135.007,86.34100341796875,99.0,84.39356932583128,<1,Western Pacific,NZL,High income
New Zealand,2006,4181.94,86.4000015258789,99.0,85.37428701015938,<1,Western Pacific,NZL,High income
New Zealand,2007,4223.266,86.33999633789062,99.0,86.35499732426014,<1,Western Pacific,NZL,High income
New Zealand,2008,4261.824,86.27999877929688,99.0,87.33571501616214,<1,Western Pacific,NZL,High income
New Zealand,2009,4304.304,86.22000122070312,99.0,88.31642639738449,<1,Western Pacific,NZL,High income
New Zealand,2010,4347.77,86.15999603271484,99.0,89.2971432582876,<1,Western Pacific,NZL,High income
New Zealand,2011,4382.7,86.0999984741211,99.0,90.27785613706192,<1,Western Pacific,NZL,High income
New Zealand,2012,4411.676,86.16100311279297,99.0,91.25856942868523,<1,Western Pacific,NZL,High income
New Zealand,2013,4453.851,86.22100067138672,99.0,92.23928598731796,<1,Western Pacific,NZL,High income
New Zealand,2014,4522.983,86.28099822998047,99.0,93.22000192215128,<1,Western Pacific,NZL,High income
New Zealand,2015,4614.029,86.34100341796875,99.0,94.20071536234715,<1,Western Pacific,NZL,High income
New Zealand,2016,4714.77,86.4000015258789,99.0,95.18142650137752,<1,Western Pacific,NZL,High income
New Zealand,2017,4812.752,86.46600341796875,99.0,96.16213826197271,<1,Western Pacific,NZL,High income
New Zealand,2018,4900.847,86.53800201416016,99.0,97.14285321337051,<1,Western Pacific,NZL,High income
New Zealand,2019,4989.403,86.61500549316406,99.0,98.12356692489016,<1,Western Pacific,NZL,High income
New Zealand,2020,5069.895,86.6989974975586,99.0,99.0,<1,Western Pacific,NZL,High income
New Zealand,2021,5107.697,86.78900146484375,99.0,99.0,<1,Western Pacific,NZL,High income
New Zealand,2022,5131.734,86.88399505615234,99.0,99.0,<1,Western Pacific,NZL,High income
New Zealand,2023,5172.836,86.98500061035156,99.0,99.0,<1,Western Pacific,NZL,High income
New Zealand,2024,5213.944,87.09099578857422,99.0,99.0,<1,Western Pacific,NZL,High income
Nicaragua,2000,5022.633,55.185001373291016,,,-,Americas,NIC,Lower middle income
Nicaragua,2001,5087.825,55.334999084472656,,,-,Americas,NIC,Lower middle income
Nicaragua,2002,5149.909,55.48400115966797,,,-,Americas,NIC,Lower middle income
Nicaragua,2003,5210.963,55.63300323486328,,,-,Americas,NIC,Lower middle income
Nicaragua,2004,5272.912,55.78200149536133,,,-,Americas,NIC,Lower middle income
Nicaragua,2005,5342.105,55.935001373291016,,,-,Americas,NIC,Lower middle income
Nicaragua,2006,5418.855,56.13199996948242,,,-,Americas,NIC,Lower middle income
Nicaragua,2007,5497.243,56.32799911499024,,,-,Americas,NIC,Lower middle income
Nicaragua,2008,5576.593,56.52499771118164,,,-,Americas,NIC,Lower middle income
Nicaragua,2009,5656.601,56.72100067138672,,,-,Americas,NIC,Lower middle income
Nicaragua,2010,5737.45,56.91699981689453,,,-,Americas,NIC,Lower middle income
Nicaragua,2011,5819.051,57.11299896240234,,,-,Americas,NIC,Lower middle income
Nicaragua,2012,5901.287,57.30900192260742,,,-,Americas,NIC,Lower middle income
Nicaragua,2013,5983.845,57.505001068115234,,,-,Americas,NIC,Lower middle income
Nicaragua,2014,6066.492,57.70000076293945,,,-,Americas,NIC,Lower middle income
Nicaragua,2015,6149.417,57.89500045776367,,,-,Americas,NIC,Lower middle income
Nicaragua,2016,6232.666,58.09000015258789,,,-,Americas,NIC,Lower middle income
Nicaragua,2017,6316.231,58.29899978637695,,,-,Americas,NIC,Lower middle income
Nicaragua,2018,6400.08,58.52199935913086,,,-,Americas,NIC,Lower middle income
Nicaragua,2019,6483.657,58.7599983215332,,,-,Americas,NIC,Lower middle income
Nicaragua,2020,6565.267,59.012001037597656,,,-,Americas,NIC,Lower middle income
Nicaragua,2021,6644.741,59.27699661254883,,,-,Americas,NIC,Lower middle income
Nicaragua,2022,6730.654,59.555999755859375,,,-,Americas,NIC,Lower middle income
Nicaragua,2023,6823.613,59.8489990234375,,,-,Americas,NIC,Lower middle income
Nicaragua,2024,6916.14,60.15499877929688,,,-,Americas,NIC,Lower middle income
Niger,2000,11509.63,16.18600082397461,36.54790601826489,,3.465523743518836,Africa,NER,Low income
Niger,2001,11920.647,16.260000228881836,37.35881343870799,,3.462694843455928,Africa,NER,Low income
Niger,2002,12349.144,16.255001068115234,38.11153703156663,,3.462886162844644,Africa,NER,Low income
Niger,2003,12796.984,16.250999450683594,38.85820989651651,,3.463039113732148,Africa,NER,Low income
Niger,2004,13265.836,16.246999740600586,39.59819492247877,,3.385033716647998,Africa,NER,Low income
Niger,2005,13756.192,16.242000579833984,40.33089015591533,,3.307055759147729,Africa,NER,Low income
Niger,2006,14268.581,16.237998962402344,41.05750248877846,,3.229032286473039,Africa,NER,Low income
Niger,2007,14803.61,16.233999252319336,41.77742421315023,,3.151000395947166,Africa,NER,Low income
Niger,2008,15361.915,16.229000091552734,42.49008769897592,,3.072993073543164,Africa,NER,Low income
Niger,2009,15943.675,16.225000381469727,43.19663216550433,,2.994943013019172,Africa,NER,Low income
Niger,2010,16548.835,16.22100067138672,43.89648243999211,,2.916884586541931,Africa,NER,Low income
Niger,2011,17176.283,16.215999603271484,44.58910123474321,,2.838847373495255,Africa,NER,Low income
Niger,2012,17836.769,16.211999893188477,45.27557296157107,,2.760771026561827,Africa,NER,Low income
Niger,2013,18519.898,16.20800018310547,45.95534366559618,,2.682685926627558,Africa,NER,Low income
Niger,2014,19215.909,16.2189998626709,46.63600328751551,,2.604194200501965,Africa,NER,Low income
Niger,2015,19939.498,16.246999740600586,47.31809121979769,,2.525292489929362,Africa,NER,Low income
Niger,2016,20685.753,16.290000915527344,48.00013167566136,,2.446083553088896,Africa,NER,Low income
Niger,2017,21435.446,16.350000381469727,48.6826437620777,,2.366568738684025,Africa,NER,Low income
Niger,2018,22188.069,16.424999237060547,49.36420479161895,,2.286846548526476,Africa,NER,Low income
Niger,2019,22947.757,16.517000198364258,50.04530627711397,,2.206922523219372,Africa,NER,Low income
Niger,2020,23717.613,16.625999450683594,50.72546645397951,,2.126850291862937,Africa,NER,Low income
Niger,2021,24502.14,16.750999450683594,51.40378523964308,,2.046703572775486,Africa,NER,Low income
Niger,2022,25311.973,16.893999099731445,52.08067859754516,,1.96649675659588,Africa,NER,Low income
Niger,2023,26159.867,17.054000854492188,52.7552521305404,,1.886304486968032,Africa,NER,Low income
Niger,2024,27032.412,17.231998443603516,53.42746562861762,,1.806164935169664,Africa,NER,Low income
Nigeria,2000,126382.494,34.84000015258789,44.48030850802051,12.61186847367684,22.61549209655276,Africa,NGA,Lower middle income
Nigeria,2001,129862.595,35.66899871826172,45.76545792420407,12.97651518662126,22.40802542863033,Africa,NGA,Lower middle income
Nigeria,2002,133471.989,36.507999420166016,47.32367440973025,13.78858014934258,21.45681325517836,Africa,NGA,Lower middle income
Nigeria,2003,137202.644,37.35600280761719,48.88987917652366,14.62508445492526,20.51634623408368,Africa,NGA,Lower middle income
Nigeria,2004,141057.045,38.21200180053711,50.46355761914504,15.48624441648515,19.58705962785998,Africa,NGA,Lower middle income
Nigeria,2005,145017.253,39.07400131225586,52.04385780335991,16.37212071681815,18.66957662701404,Africa,NGA,Lower middle income
Nigeria,2006,149077.334,39.94300079345703,53.63099772001117,17.28313888688199,17.76382378176342,Africa,NGA,Lower middle income
Nigeria,2007,153267.261,40.81900024414063,55.22483344339621,18.219607834318,16.86996054814009,Africa,NGA,Lower middle income
Nigeria,2008,157595.014,41.70199966430664,56.82522642516318,19.1818410659703,15.98815040822718,Africa,NGA,Lower middle income
Nigeria,2009,162049.464,42.5880012512207,58.43066518347654,20.16950686533956,15.11930722787811,Africa,NGA,Lower middle income
Nigeria,2010,166642.886,43.47999954223633,60.04206159591001,21.18334296600267,14.2629587887005,Africa,NGA,Lower middle income
Nigeria,2011,171379.598,44.365997314453125,61.65526616459739,22.22153494732645,13.42132415733462,Africa,NGA,Lower middle income
Nigeria,2012,176200.625,45.24599838256836,63.27026274086506,23.18942325252488,12.59426617392368,Africa,NGA,Lower middle income
Nigeria,2013,181049.443,46.11800003051758,64.88638288762516,23.77453642913645,11.78196406972362,Africa,NGA,Lower middle income
Nigeria,2014,185896.915,46.98199844360352,66.50362643820394,24.35749471028233,10.98423325460581,Africa,NGA,Lower middle income
Nigeria,2015,190671.878,47.8380012512207,68.12200211648457,24.93813173870306,10.20088992571977,Africa,NGA,Lower middle income
Nigeria,2016,195443.7,48.68299865722656,69.74056882735208,25.51578465593784,9.432156266223366,Africa,NGA,Lower middle income
Nigeria,2017,200254.579,49.51900100708008,71.35998490353437,26.09065218670923,8.677523903141049,Africa,NGA,Lower middle income
Nigeria,2018,204938.755,50.34400177001953,72.97966029967361,26.66227834500237,7.937025434850401,Africa,NGA,Lower middle income
Nigeria,2019,209485.641,51.15699768066406,74.59932139527437,27.23039096030194,7.21052167201362,Africa,NGA,Lower middle income
Nigeria,2020,213996.181,51.95800018310547,76.21903660177648,27.79490193969123,6.497734835128402,Africa,NGA,Lower middle income
Nigeria,2021,218529.286,52.74599838256836,77.83855188331852,28.35557208709847,5.798487272295966,Africa,NGA,Lower middle income
Nigeria,2022,223150.896,53.52099990844727,79.457946920672,28.91233823276513,5.11247909997949,Africa,NGA,Lower middle income
Nigeria,2023,227882.945,54.282997131347656,81.07728970428158,29.46513867986222,4.439412434897687,Africa,NGA,Lower middle income
Nigeria,2024,232679.478,55.02999877929688,82.2488935172216,29.90459918830802,3.779135551727749,Africa,NGA,Lower middle income
Niue,2000,2.047,33.069000244140625,99.0,98.36386870566584,<1,Western Pacific,NIU,
Niue,2001,1.988,33.44499969482422,99.0,98.36386870566584,<1,Western Pacific,NIU,
Niue,2002,1.942,33.874000549316406,99.0,98.36386870566584,<1,Western Pacific,NIU,
Niue,2003,1.908,34.31699752807617,99.0,98.36386870566584,<1,Western Pacific,NIU,
Niue,2004,1.869,34.763999938964844,99.0,98.36386870566584,<1,Western Pacific,NIU,
Niue,2005,1.827,35.21200180053711,99.0,98.30228256425822,<1,Western Pacific,NIU,
Niue,2006,1.798,35.66299819946289,99.0,98.2406964228506,<1,Western Pacific,NIU,
Niue,2007,1.784,36.3640022277832,99.0,98.179110281443,<1,Western Pacific,NIU,
Niue,2008,1.78,37.13100051879883,99.0,98.11752414003536,<1,Western Pacific,NIU,
Niue,2009,1.777,37.902000427246094,99.0,98.05593799862775,<1,Western Pacific,NIU,
Niue,2010,1.768,38.68000030517578,98.98419379517183,97.99435185722012,<1,Western Pacific,NIU,
Niue,2011,1.757,39.46500015258789,98.92198557152778,97.8213594342103,<1,Western Pacific,NIU,
Niue,2012,1.757,40.255001068115234,98.85977734788374,97.44472317046858,<1,Western Pacific,NIU,
Niue,2013,1.762,41.03499984741211,98.79756912423969,97.06848348999364,<1,Western Pacific,NIU,
Niue,2014,1.769,41.80699920654297,98.73536090059562,96.69264039278532,<1,Western Pacific,NIU,
Niue,2015,1.779,42.56800079345703,98.67315267695156,96.31719387884375,<1,Western Pacific,NIU,
Niue,2016,1.782,43.31800079345703,98.6109444533075,95.94214394816876,<1,Western Pacific,NIU,
Niue,2017,1.78,44.05699920654297,98.54873622966343,95.5674906007605,<1,Western Pacific,NIU,
Niue,2018,1.786,44.78499984741211,98.48652800601938,95.193233836619,<1,Western Pacific,NIU,
Niue,2019,1.793,45.5,98.42431978237532,94.81937365574412,<1,Western Pacific,NIU,
Niue,2020,1.799,46.20199966430664,98.36211155873129,94.4459100581359,<1,Western Pacific,NIU,
Niue,2021,1.813,46.8910026550293,98.2999033350872,94.07284304379448,<1,Western Pacific,NIU,
Niue,2022,1.821,47.56700134277344,98.23769511144316,93.70017261271964,<1,Western Pacific,NIU,
Niue,2023,1.817,48.229000091552734,98.1754868877991,93.3278987649116,<1,Western Pacific,NIU,
Niue,2024,1.819,48.87699890136719,98.11327866415505,92.95602150037016,<1,Western Pacific,NIU,
North Macedonia,2000,2057.253,58.547996520996094,96.76132642197344,80.37549086191524,<1,Europe,MKD,Upper middle income
North Macedonia,2001,2066.301,58.3390007019043,96.76498037927378,80.35357641172315,<1,Europe,MKD,Upper middle income
North Macedonia,2002,2074.484,58.130001068115234,96.76863481164916,80.33166229655762,<1,Europe,MKD,Upper middle income
North Macedonia,2003,2081.411,57.920997619628906,96.7722873788314,80.3097459238797,<1,Europe,MKD,Upper middle income
North Macedonia,2004,2086.581,57.71099853515625,96.77596209105496,80.28772949568236,<1,Europe,MKD,Upper middle income
North Macedonia,2005,2089.807,57.53200149536133,96.85864128756688,80.29056773033449,<1,Europe,MKD,Upper middle income
North Macedonia,2006,2089.233,57.382999420166016,96.9404130326478,80.29670674154848,<1,Europe,MKD,Upper middle income
North Macedonia,2007,2081.972,57.26399993896485,97.02137246581051,80.30609060140706,<1,Europe,MKD,Upper middle income
North Macedonia,2008,2070.834,57.17499923706055,97.10163564578978,80.31868078335238,<1,Europe,MKD,Upper middle income
North Macedonia,2009,2060.599,57.11699676513672,97.18129731868449,80.33453391453438,<1,Europe,MKD,Upper middle income
North Macedonia,2010,2051.505,57.0890007019043,97.26047821441104,80.35350039368932,<1,Europe,MKD,Upper middle income
North Macedonia,2011,2040.446,57.09199905395508,97.33927656264623,80.3756344856881,<1,Europe,MKD,Upper middle income
North Macedonia,2012,2027.289,57.12500381469727,97.41781508155464,80.40079227648462,<1,Europe,MKD,Upper middle income
North Macedonia,2013,2013.28,57.18899917602539,97.49619125185248,80.42902416049623,<1,Europe,MKD,Upper middle income
North Macedonia,2014,1997.833,57.28399658203125,97.57452308627823,80.46028915667839,<1,Europe,MKD,Upper middle income
North Macedonia,2015,1980.366,57.407997131347656,97.6529269300646,80.49433835289169,<1,Europe,MKD,Upper middle income
North Macedonia,2016,1961.259,57.5629997253418,97.7315020702952,80.53132506036172,<1,Europe,MKD,Upper middle income
North Macedonia,2017,1940.879,57.74800109863281,97.81036309417092,80.57110421433296,<1,Europe,MKD,Upper middle income
North Macedonia,2018,1919.728,57.9630012512207,97.88961663309726,80.49715831973857,<1,Europe,MKD,Upper middle income
North Macedonia,2019,1897.641,58.20800018310547,97.96937921015945,80.54298996215171,<1,Europe,MKD,Upper middle income
North Macedonia,2020,1872.015,58.48199844360352,98.04975393285204,80.59146326138932,<1,Europe,MKD,Upper middle income
North Macedonia,2021,1851.108,58.7859992980957,98.13084940447268,80.64263447863891,<1,Europe,MKD,Upper middle income
North Macedonia,2022,1840.233,59.11800384521485,98.15895913188736,80.69625683410038,<1,Europe,MKD,Upper middle income
North Macedonia,2023,1831.802,59.47899627685547,98.18668586593476,80.75239404130473,<1,Europe,MKD,Upper middle income
North Macedonia,2024,1823.009,59.86800384521485,98.18733140461732,80.79054149258052,<1,Europe,MKD,Upper middle income
Northern Mariana Islands,2000,68.356,90.1520004272461,96.48442311686728,79.6435056273777,<1,Western Pacific,MNP,High income
Northern Mariana Islands,2001,67.984,90.23500061035156,96.67356631569304,79.79963474059025,<1,Western Pacific,MNP,High income
Northern Mariana Islands,2002,66.778,90.31599426269533,96.86270951451876,79.95576385380276,<1,Western Pacific,MNP,High income
Northern Mariana Islands,2003,65.421,90.39800262451172,97.05185271334454,80.11189296701531,<1,Western Pacific,MNP,High income
Northern Mariana Islands,2004,63.938,90.47799682617188,97.24099591217026,80.19730135592805,<1,Western Pacific,MNP,High income
Northern Mariana Islands,2005,62.354,90.55799865722656,97.43013911099598,80.2824346274607,<1,Western Pacific,MNP,High income
Northern Mariana Islands,2006,60.682,90.63800048828124,97.61928230982176,80.36729278161324,<1,Western Pacific,MNP,High income
Northern Mariana Islands,2007,58.941,90.71599578857422,97.80842550864747,80.45187581838567,<1,Western Pacific,MNP,High income
Northern Mariana Islands,2008,57.15,90.79499816894533,97.9975687074732,80.53618373777798,<1,Western Pacific,MNP,High income
Northern Mariana Islands,2009,55.325,90.87200164794922,98.18671190629895,80.62021653979019,<1,Western Pacific,MNP,High income
Northern Mariana Islands,2010,54.091,90.9489974975586,98.37585510512469,80.70397422442228,<1,Western Pacific,MNP,High income
Northern Mariana Islands,2011,53.608,91.02799987792967,98.56499830395046,80.78745679167427,<1,Western Pacific,MNP,High income
Northern Mariana Islands,2012,53.234,91.10800170898438,98.75414150277618,80.87066424154615,<1,Western Pacific,MNP,High income
Northern Mariana Islands,2013,52.758,91.18999481201172,98.9432847016019,80.95359657403792,<1,Western Pacific,MNP,High income
Northern Mariana Islands,2014,52.178,91.2729949951172,99.0,81.03625378914957,<1,Western Pacific,MNP,High income
Northern Mariana Islands,2015,51.514,91.35700225830078,99.0,81.11863588688112,<1,Western Pacific,MNP,High income
Northern Mariana Islands,2016,50.773,91.44300079345705,99.0,81.20074286723255,<1,Western Pacific,MNP,High income
Northern Mariana Islands,2017,49.959,91.52999877929688,99.0,81.28257473020389,<1,Western Pacific,MNP,High income
Northern Mariana Islands,2018,49.077,91.61800384521484,99.0,81.36413147579509,<1,Western Pacific,MNP,High income
Northern Mariana Islands,2019,48.129,91.70800018310548,99.0,81.45454545454544,<1,Western Pacific,MNP,High income
Northern Mariana Islands,2020,47.528,91.79800415039062,99.0,81.45454545454544,<1,Western Pacific,MNP,High income
Northern Mariana Islands,2021,46.979,91.88999938964844,99.0,81.45454545454544,<1,Western Pacific,MNP,High income
Northern Mariana Islands,2022,46.078,91.98300170898438,99.0,81.45454545454544,<1,Western Pacific,MNP,High income
Northern Mariana Islands,2023,45.143,92.07599639892578,99.0,81.45454545454544,<1,Western Pacific,MNP,High income
Northern Mariana Islands,2024,44.278,92.17100524902344,99.0,81.45454545454544,<1,Western Pacific,MNP,High income
Norway,2000,4490.867,76.02000427246094,99.0,99.0,<1,Europe,NOR,High income
Norway,2001,4513.657,76.37799835205078,99.0,99.0,<1,Europe,NOR,High income
Norway,2002,4538.014,76.73300170898438,99.0,99.0,<1,Europe,NOR,High income
Norway,2003,4564.669,77.08399963378906,99.0,99.0,<1,Europe,NOR,High income
Norway,2004,4591.743,77.39899444580078,99.0,99.0,<1,Europe,NOR,High income
Norway,2005,4623.124,77.67500305175781,99.0,99.0,<1,Europe,NOR,High income
Norway,2006,4660.494,77.94999694824219,99.0,99.0,<1,Europe,NOR,High income
Norway,2007,4709.01,78.23400115966797,99.0,99.0,<1,Europe,NOR,High income
Norway,2008,4768.101,78.5260009765625,99.0,99.0,<1,Europe,NOR,High income
Norway,2009,4828.623,78.81500244140625,99.0,99.0,<1,Europe,NOR,High income
Norway,2010,4889.162,79.10199737548828,99.0,99.0,<1,Europe,NOR,High income
Norway,2011,4952.968,79.45500183105469,99.0,99.0,<1,Europe,NOR,High income
Norway,2012,5018.458,79.8740005493164,99.0,99.0,<1,Europe,NOR,High income
Norway,2013,5080.124,80.28600311279297,99.0,99.0,<1,Europe,NOR,High income
Norway,2014,5137.395,80.69200134277344,99.0,99.0,<1,Europe,NOR,High income
Norway,2015,5189.771,81.09099578857422,99.0,99.0,<1,Europe,NOR,High income
Norway,2016,5235.983,81.48500061035156,99.0,99.0,<1,Europe,NOR,High income
Norway,2017,5276.802,81.87100219726562,99.0,99.0,<1,Europe,NOR,High income
Norway,2018,5311.752,82.24800109863281,99.0,99.0,<1,Europe,NOR,High income
Norway,2019,5347.73,82.61600494384766,99.0,99.0,<1,Europe,NOR,High income
Norway,2020,5379.274,82.9739990234375,99.0,99.0,<1,Europe,NOR,High income
Norway,2021,5408.091,83.322998046875,99.0,99.0,<1,Europe,NOR,High income
Norway,2022,5456.801,83.66400146484375,99.0,99.0,<1,Europe,NOR,High income
Norway,2023,5519.167,83.99500274658203,99.0,99.0,<1,Europe,NOR,High income
Norway,2024,5576.66,84.31800079345703,99.0,99.0,<1,Europe,NOR,High income
occupied Palestinian territory*,2000,3151.793,71.96900177001953,92.39326909445656,74.5546544605572,1.240575945256711,Eastern Mediterranean,PSE,Lower middle income
occupied Palestinian territory*,2001,3242.285,72.18899536132812,92.88284683379928,74.95547250546919,1.176358643296573,Eastern Mediterranean,PSE,Lower middle income
occupied Palestinian territory*,2002,3322.364,72.40899658203125,93.37112120632264,75.35535613628137,1.11267113747056,Eastern Mediterranean,PSE,Lower middle income
occupied Palestinian territory*,2003,3398.07,72.62699890136719,93.8579862818772,75.75414009897615,1.049554335560946,Eastern Mediterranean,PSE,Lower middle income
occupied Palestinian territory*,2004,3475.177,72.84500122070312,94.34356492541396,76.15200178464447,<1,Eastern Mediterranean,PSE,Lower middle income
occupied Palestinian territory*,2005,3557.401,73.06100463867188,94.82775436501994,76.54877789378098,<1,Eastern Mediterranean,PSE,Lower middle income
occupied Palestinian territory*,2006,3645.096,73.2760009765625,95.31062089703642,76.94456069142453,<1,Eastern Mediterranean,PSE,Lower middle income
occupied Palestinian territory*,2007,3736.691,73.49099731445312,95.79221788928906,77.33943353575043,<1,Eastern Mediterranean,PSE,Lower middle income
occupied Palestinian territory*,2008,3829.041,73.70399475097656,96.2724627426521,77.73324723370146,<1,Eastern Mediterranean,PSE,Lower middle income
occupied Palestinian territory*,2009,3921.246,73.9229965209961,96.75165754298544,78.12657566840737,<1,Eastern Mediterranean,PSE,Lower middle income
occupied Palestinian territory*,2010,4016.916,74.14900207519531,97.22977874516884,78.51944623080533,<1,Eastern Mediterranean,PSE,Lower middle income
occupied Palestinian territory*,2011,4115.908,74.38099670410156,97.70673063129504,78.91174513619232,<1,Eastern Mediterranean,PSE,Lower middle income
occupied Palestinian territory*,2012,4215.313,74.61900329589844,98.18246600280804,79.30343924601789,<1,Eastern Mediterranean,PSE,Lower middle income
occupied Palestinian territory*,2013,4315.261,74.86299896240234,98.57939477219176,79.6944832492158,<1,Eastern Mediterranean,PSE,Lower middle income
occupied Palestinian territory*,2014,4415.882,75.11299896240234,98.96806027087496,80.08485077980569,<1,Eastern Mediterranean,PSE,Lower middle income
occupied Palestinian territory*,2015,4521.565,75.36799621582031,99.0,80.35819539137371,<1,Eastern Mediterranean,PSE,Lower middle income
occupied Palestinian territory*,2016,4632.739,75.62799835205078,99.0,80.5186816228868,<1,Eastern Mediterranean,PSE,Lower middle income
occupied Palestinian territory*,2017,4742.743,75.89399719238281,99.0,80.53326716639671,<1,Eastern Mediterranean,PSE,Lower middle income
occupied Palestinian territory*,2018,4850.592,76.16400146484375,99.0,80.54807409667073,<1,Eastern Mediterranean,PSE,Lower middle income
occupied Palestinian territory*,2019,4957.768,76.44000244140625,99.0,80.56320807166556,<1,Eastern Mediterranean,PSE,Lower middle income
occupied Palestinian territory*,2020,5069.692,76.718994140625,98.9584055042094,80.57851134701355,<1,Eastern Mediterranean,PSE,Lower middle income
occupied Palestinian territory*,2021,5185.336,77.00300598144531,98.86639575316958,80.59408483082123,<1,Eastern Mediterranean,PSE,Lower middle income
occupied Palestinian territory*,2022,5305.27,77.29100036621094,98.78094384649012,80.6098759007822,<1,Eastern Mediterranean,PSE,Lower middle income
occupied Palestinian territory*,2023,5409.202,77.58200073242188,98.77635866789863,80.62583823409605,<1,Eastern Mediterranean,PSE,Lower middle income
occupied Palestinian territory*,2024,5495.443,77.87700653076172,98.77170739842614,80.64201720460765,<1,Eastern Mediterranean,PSE,Lower middle income
Oman,2000,2282.131,71.56900024414062,85.63807677753556,83.89832845584127,<1,Eastern Mediterranean,OMN,High income
Oman,2001,2310.217,71.54899597167969,85.63376851841316,83.8937506270249,<1,Eastern Mediterranean,OMN,High income
Oman,2002,2337.14,71.52899932861328,85.62946226568837,83.88917482034962,<1,Eastern Mediterranean,OMN,High income
Oman,2003,2363.796,71.50899505615234,85.6251514284285,83.88459441446801,<1,Eastern Mediterranean,OMN,High income
Oman,2004,2404.821,71.8270034790039,85.69364914062291,83.95737804531707,<1,Eastern Mediterranean,OMN,High income
Oman,2005,2459.802,72.39999389648438,86.06027557938347,84.32566428966511,<1,Eastern Mediterranean,OMN,High income
Oman,2006,2514.795,72.96699523925781,86.42351894600144,84.6906189251478,<1,Eastern Mediterranean,OMN,High income
Oman,2007,2570.174,73.5270004272461,86.78319726820001,85.05204416992423,<1,Eastern Mediterranean,OMN,High income
Oman,2008,2626.529,74.08000183105469,87.13935918088787,85.40998589495356,<1,Eastern Mediterranean,OMN,High income
Oman,2009,2684.659,74.6240005493164,87.49162154476794,85.76403061108977,<1,Eastern Mediterranean,OMN,High income
Oman,2010,2757.446,75.16099548339844,87.84044325647966,86.11466237835117,<1,Eastern Mediterranean,OMN,High income
Oman,2011,3076.763,76.18299865722656,88.28548895038742,86.56857619424048,<1,Eastern Mediterranean,OMN,High income
Oman,2012,3547.106,77.56400299072266,88.79879686386732,87.09616426833612,<1,Eastern Mediterranean,OMN,High income
Oman,2013,3833.913,78.88200378417969,89.29448138912674,87.60553599891638,<1,Eastern Mediterranean,OMN,High income
Oman,2014,4002.439,80.14500427246094,89.77447419352156,88.09871799939415,<1,Eastern Mediterranean,OMN,High income
Oman,2015,4184.895,81.3499984741211,90.238487505215,88.57535911162357,<1,Eastern Mediterranean,OMN,High income
Oman,2016,4390.877,82.5,90.68742225068196,89.03638467302338,<1,Eastern Mediterranean,OMN,High income
Oman,2017,4537.396,83.56000518798828,91.11489460689408,89.47486661585539,<1,Eastern Mediterranean,OMN,High income
Oman,2018,4597.877,84.53900146484375,91.5230946241618,89.89309961308331,<1,Eastern Mediterranean,OMN,High income
Oman,2019,4591.241,85.44300079345703,91.88826190284058,90.2677608803701,<1,Eastern Mediterranean,OMN,High income
Oman,2020,4522.497,86.2760009765625,92.16803053958508,90.55716304029072,<1,Eastern Mediterranean,OMN,High income
Oman,2021,4500.424,87.04399871826172,92.30971945948944,90.71065221099872,<1,Eastern Mediterranean,OMN,High income
Oman,2022,4730.226,87.75,92.4399731975253,90.85175349201162,<1,Eastern Mediterranean,OMN,High income
Oman,2023,5049.269,88.4000015258789,92.55988896467495,90.98165648915716,<1,Eastern Mediterranean,OMN,High income
Oman,2024,5281.538,88.99800109863281,92.6702187093673,91.10117441357514,<1,Eastern Mediterranean,OMN,High income
Pakistan,2000,154879.127,32.98200225830078,87.34432636361551,42.5792292071787,5.24255638329655,Eastern Mediterranean,PAK,Lower middle income
Pakistan,2001,159270.907,33.18000030517578,87.58607620804187,42.69305142935025,5.042877866511937,Eastern Mediterranean,PAK,Lower middle income
Pakistan,2002,163222.549,33.37999725341797,87.82481463530868,42.80643047364781,4.844137506547243,Eastern Mediterranean,PAK,Lower middle income
Pakistan,2003,167110.248,33.57999801635742,88.062537100299,42.91929652486071,4.646478502741062,Eastern Mediterranean,PAK,Lower middle income
Pakistan,2004,171286.0,33.781002044677734,88.29937400557272,43.0316818761366,4.449840591994286,Eastern Mediterranean,PAK,Lower middle income
Pakistan,2005,175453.212,33.98199844360352,87.9858227113677,43.14355221862858,4.254290002978815,Eastern Mediterranean,PAK,Lower middle income
Pakistan,2006,179682.69,34.18399810791016,88.1422644667259,43.25493430401125,4.059770908762357,Eastern Mediterranean,PAK,Lower middle income
Pakistan,2007,184493.231,34.387001037597656,88.31304278296547,43.36582533065339,3.86629135371571,Eastern Mediterranean,PAK,Lower middle income
Pakistan,2008,189499.113,34.59000015258789,88.48203193869406,43.47619567284337,3.673910097046426,Eastern Mediterranean,PAK,Lower middle income
Pakistan,2009,194376.534,34.79300308227539,88.64923431316491,43.5860467210907,3.482626789032873,Eastern Mediterranean,PAK,Lower middle income
Pakistan,2010,199239.047,34.99700164794922,88.81473450728754,43.69540068478101,3.292396763724868,Eastern Mediterranean,PAK,Lower middle income
Pakistan,2011,203746.065,35.20199966430664,88.97851557340296,43.80425213620185,3.103228239149913,Eastern Mediterranean,PAK,Lower middle income
Pakistan,2012,207667.125,35.40800094604492,89.14056582103206,43.91259794621655,2.915128944878066,Eastern Mediterranean,PAK,Lower middle income
Pakistan,2013,211073.978,35.612998962402344,89.30072892681088,44.0203991690231,2.728180873941794,Eastern Mediterranean,PAK,Lower middle income
Pakistan,2014,214264.647,35.819000244140625,89.45914728056593,44.12769037208513,2.542307437685314,Eastern Mediterranean,PAK,Lower middle income
Pakistan,2015,217290.883,36.0260009765625,89.61581969613843,44.23447388073006,2.357517255670903,Eastern Mediterranean,PAK,Lower middle income
Pakistan,2016,220138.869,36.23400115966797,89.77071504406182,44.3407371870023,2.173817970939701,Eastern Mediterranean,PAK,Lower middle income
Pakistan,2017,223273.967,36.44200134277344,89.92377768785555,44.44647001888334,1.991243882109038,Eastern Mediterranean,PAK,Lower middle income
Pakistan,2018,226928.892,36.66600036621094,90.07584702340982,44.55187007308574,1.809424045648011,Eastern Mediterranean,PAK,Lower middle income
Pakistan,2019,230800.899,36.90699768066406,90.22677432898864,44.65689072200333,1.62846806844372,Eastern Mediterranean,PAK,Lower middle income
Pakistan,2020,235001.746,37.165000915527344,90.37633025855236,44.76146060905316,1.448513484532093,Eastern Mediterranean,PAK,Lower middle income
Pakistan,2021,239477.801,37.43999862670898,90.5243087608224,44.86552017660011,1.269698588232362,Eastern Mediterranean,PAK,Lower middle income
Pakistan,2022,243700.667,37.73099899291992,90.67045563620556,44.96899628955111,1.092173519147144,Eastern Mediterranean,PAK,Lower middle income
Pakistan,2023,247504.495,38.040000915527344,90.68158722929194,44.97130556151026,1.088355958699931,Eastern Mediterranean,PAK,Lower middle income
Pakistan,2024,251269.164,38.3650016784668,90.6932992273275,44.97373640647368,1.084340785068203,Eastern Mediterranean,PAK,Lower middle income
Palau,2000,19.178,70.33799743652344,99.0,65.42258965929142,<1,Western Pacific,PLW,High income
Palau,2001,19.352,70.09300231933594,99.0,66.30464913635306,<1,Western Pacific,PLW,High income
Palau,2002,19.503,69.84700012207031,99.0,67.18099888469828,<1,Western Pacific,PLW,High income
Palau,2003,19.659,69.5999984741211,99.0,68.05161112140036,<1,Western Pacific,PLW,High income
Palau,2004,19.82,70.38300323486328,99.0,69.12363672280725,<1,Western Pacific,PLW,High income
Palau,2005,19.819,71.1520004272461,99.0,70.21033797961762,<1,Western Pacific,PLW,High income
Palau,2006,19.593,71.91000366210938,99.0,71.31191572999079,<1,Western Pacific,PLW,High income
Palau,2007,19.302,72.65499877929688,99.0,72.42752801350507,<1,Western Pacific,PLW,High income
Palau,2008,19.009,73.38899993896484,99.0,73.55722076458137,<1,Western Pacific,PLW,High income
Palau,2009,18.709,74.10900115966797,99.0,74.69985349943565,<1,Western Pacific,PLW,High income
Palau,2010,18.396,74.81700134277344,99.0,75.85547777525285,<1,Western Pacific,PLW,High income
Palau,2011,18.078,75.51100158691406,99.0,77.02314028969478,<1,Western Pacific,PLW,High income
Palau,2012,17.765,76.19400024414062,99.0,78.20322869064613,<1,Western Pacific,PLW,High income
Palau,2013,17.648,76.86199951171875,99.0,79.39416544021218,<1,Western Pacific,PLW,High income
Palau,2014,17.715,77.51700592041016,99.0,80.59606791926875,<1,Western Pacific,PLW,High income
Palau,2015,17.77,78.15899658203125,99.0,81.80849503249489,<1,Western Pacific,PLW,High income
Palau,2016,17.797,78.7750015258789,99.0,83.02663439615287,<1,Western Pacific,PLW,High income
Palau,2017,17.812,79.36499786376953,99.0,84.2496095224533,<1,Western Pacific,PLW,High income
Palau,2018,17.814,79.93000030517578,99.0,85.47689385548672,<1,Western Pacific,PLW,High income
Palau,2019,17.798,80.47000122070312,99.0,86.70764543171778,<1,Western Pacific,PLW,High income
Palau,2020,17.792,80.98799896240234,99.0,87.94216045261724,<1,Western Pacific,PLW,High income
Palau,2021,17.783,81.48300170898438,99.0,89.1792971350352,<1,Western Pacific,PLW,High income
Palau,2022,17.759,81.95600128173828,99.0,90.4186872328875,<1,Western Pacific,PLW,High income
Palau,2023,17.727,82.40799713134766,99.0,90.60119282737556,<1,Western Pacific,PLW,High income
Palau,2024,17.695,82.83899688720703,99.0,90.77521734695183,<1,Western Pacific,PLW,High income
Panama,2000,3010.369,62.198001861572266,89.6201521615703,,4.163786028546037,Americas,PAN,High income
Panama,2001,3069.537,62.49700164794922,89.97597730212742,,4.012354079449532,Americas,PAN,High income
Panama,2002,3129.344,62.79399871826172,90.32898726713525,,3.862891100143906,Americas,PAN,High income
Panama,2003,3189.807,63.09099960327149,90.6583978938369,,3.715186714445566,Americas,PAN,High income
Panama,2004,3251.155,63.387001037597656,90.86602232639802,,3.569333712782634,Americas,PAN,High income
Panama,2005,3313.026,63.68200302124024,91.06279784021986,,3.425324082152331,Americas,PAN,High income
Panama,2006,3375.024,63.97600173950195,91.25621515316875,,3.283148676296365,Americas,PAN,High income
Panama,2007,3437.49,64.26799774169922,91.44613888851484,,3.142883447726871,Americas,PAN,High income
Panama,2008,3500.648,64.56000518798828,91.63294405972592,,3.004346731972079,Americas,PAN,High income
Panama,2009,3564.381,64.85099792480469,91.81648688613012,,2.867617825937957,Americas,PAN,High income
Panama,2010,3628.535,65.13999938964844,91.99662948347078,,2.732762916634541,Americas,PAN,High income
Panama,2011,3693.505,65.43700408935547,92.17502661449404,,2.599035892459537,Americas,PAN,High income
Panama,2012,3759.256,65.74100494384766,92.35145569602614,,2.466577373023782,Americas,PAN,High income
Panama,2013,3825.329,66.052001953125,92.5258725116137,,2.335449732512749,Americas,PAN,High income
Panama,2014,3892.101,66.37100219726562,92.69838155131352,,2.205650753007006,Americas,PAN,High income
Panama,2015,3960.035,66.69599914550781,92.8686371033942,,2.07737389538513,Americas,PAN,High income
Panama,2016,4029.086,67.0270004272461,93.18881981633596,,1.950671984494342,Americas,PAN,High income
Panama,2017,4098.707,67.36500549316406,93.50738845013966,,1.825543849213815,Americas,PAN,High income
Panama,2018,4167.86,67.70899963378906,93.82413408681651,,1.702103701175246,Americas,PAN,High income
Panama,2019,4234.7,68.05899810791016,94.13897350452724,,1.580404357832853,Americas,PAN,High income
Panama,2020,4293.261,68.41400146484375,94.43064925718632,,1.461507527464283,Americas,PAN,High income
Panama,2021,4345.405,68.7750015258789,94.6436730326195,,1.34960234884514,Americas,PAN,High income
Panama,2022,4400.773,69.14099884033203,94.85343136420998,,1.239697376462945,Americas,PAN,High income
Panama,2023,4458.759,69.51200103759766,95.05984392575463,,1.13183875962374,Americas,PAN,High income
Panama,2024,4515.577,69.88800048828125,95.26282388157048,,1.026071736033878,Americas,PAN,High income
Papua New Guinea,2000,5537.064,13.203999519348145,29.77241733095133,,53.81706522307305,Western Pacific,PNG,Lower middle income
Papua New Guinea,2001,5728.435,13.181999206542969,29.75864105191851,,53.82954638808181,Western Pacific,PNG,Lower middle income
Papua New Guinea,2002,5924.003,13.164000511169434,29.74737118372037,,53.83976067547862,Western Pacific,PNG,Lower middle income
Papua New Guinea,2003,6123.997,13.145999908447266,29.73610178877686,,53.84997970189514,Western Pacific,PNG,Lower middle income
Papua New Guinea,2004,6328.041,13.12700080871582,29.72420546294373,,53.8607586554384,Western Pacific,PNG,Lower middle income
Papua New Guinea,2005,6535.905,13.109000205993652,31.19758398659205,,51.62650352190502,Western Pacific,PNG,Lower middle income
Papua New Guinea,2006,6747.72,13.090999603271484,32.67151420316455,,49.39132861139937,Western Pacific,PNG,Lower middle income
Papua New Guinea,2007,6963.345,13.072999954223633,34.14599865888106,,47.15523703596295,Western Pacific,PNG,Lower middle income
Papua New Guinea,2008,7183.002,13.054999351501465,35.62103592016918,,44.91823032618468,Western Pacific,PNG,Lower middle income
Papua New Guinea,2009,7406.438,13.03700065612793,36.87045617584435,,42.68030541213025,Western Pacific,PNG,Lower middle income
Papua New Guinea,2010,7633.523,13.019000053405762,38.0973177449194,,40.44146360258304,Western Pacific,PNG,Lower middle income
Papua New Guinea,2011,7859.346,13.0,39.30108615987713,,38.20209185993971,Western Pacific,PNG,Lower middle income
Papua New Guinea,2012,8081.39,12.982000350952148,40.48280872696889,,35.96139262037953,Western Pacific,PNG,Lower middle income
Papua New Guinea,2013,8302.698,12.977999687194824,41.64884100564068,,33.71503763098189,Western Pacific,PNG,Lower middle income
Papua New Guinea,2014,8523.441,12.98799991607666,42.79861484361665,,31.4641013615519,Western Pacific,PNG,Lower middle income
Papua New Guinea,2015,8743.246,13.011999130249023,43.93156883362468,,29.20965118653113,Western Pacific,PNG,Lower middle income
Papua New Guinea,2016,8961.718,13.050000190734863,45.04717496760374,,26.95275898675838,Western Pacific,PNG,Lower middle income
Papua New Guinea,2017,9178.714,13.101999282836914,46.14491698019805,,24.69449293066582,Western Pacific,PNG,Lower middle income
Papua New Guinea,2018,9394.513,13.168999671936035,47.22473461641264,,22.43571088476254,Western Pacific,PNG,Lower middle income
Papua New Guinea,2019,9609.01,13.249999046325684,48.28571010483601,,20.17774681305665,Western Pacific,PNG,Lower middle income
Papua New Guinea,2020,9815.746,13.345000267028809,49.32739617439011,,17.92166885965836,Western Pacific,PNG,Lower middle income
Papua New Guinea,2021,10012.896,13.456000328063965,50.35015188307017,,15.6682772394727,Western Pacific,PNG,Lower middle income
Papua New Guinea,2022,10203.169,13.58199977874756,51.35313300857848,,13.41890617952822,Western Pacific,PNG,Lower middle income
Papua New Guinea,2023,10389.635,13.722999572753906,52.33591687930141,,11.17469837157386,Western Pacific,PNG,Lower middle income
Papua New Guinea,2024,10576.502,13.879999160766602,53.29848486861902,,8.93674448434834,Western Pacific,PNG,Lower middle income
Paraguay,2000,5100.868,55.330997467041016,76.39116104147986,49.85144929827873,2.659472586180676,Americas,PRY,Upper middle income
Paraguay,2001,5187.689,55.96600341796875,77.77322538393473,50.71572965152424,2.479877377267707,Americas,PRY,Upper middle income
Paraguay,2002,5261.328,56.59999847412109,79.1178795847731,51.56808569281102,2.304171645189046,Americas,PRY,Upper middle income
Paraguay,2003,5326.436,56.97699737548828,80.35478899758007,52.31497926024556,2.144117752651655,Americas,PRY,Upper middle income
Paraguay,2004,5388.175,57.30500030517578,81.5575917746236,53.03755713698972,1.988448482988644,Americas,PRY,Upper middle income
Paraguay,2005,5448.097,57.632999420166016,82.74704658798781,53.75416776386481,1.834763175264464,Americas,PRY,Upper middle income
Paraguay,2006,5505.148,57.959999084472656,83.92290475521955,54.46447196440464,1.68309817358794,Americas,PRY,Upper middle income
Paraguay,2007,5559.386,58.2859992980957,85.08525321991972,55.16850356894754,1.533444536135754,Americas,PRY,Upper middle income
Paraguay,2008,5613.574,58.61199951171875,86.2343916183711,55.86660534573967,1.385762394434874,Americas,PRY,Upper middle income
Paraguay,2009,5671.236,58.9370002746582,87.37013460437353,56.55846891249399,1.240079545960258,Americas,PRY,Upper middle income
Paraguay,2010,5737.971,59.26100158691406,88.49255243430486,57.2441160582428,1.096386997934346,Americas,PRY,Upper middle income
Paraguay,2011,5814.626,59.58399963378906,89.6017300612008,57.9235805996781,<1,Americas,PRY,Upper middle income
Paraguay,2012,5897.008,59.90700149536133,90.69789547005824,58.59717219288826,<1,Americas,PRY,Upper middle income
Paraguay,2013,5982.445,60.19700241088867,91.77662822176708,59.2558255493223,<1,Americas,PRY,Upper middle income
Paraguay,2014,6069.811,60.474002838134766,92.84212525361778,59.90575823593984,<1,Americas,PRY,Upper middle income
Paraguay,2015,6159.103,60.75,93.89628716215245,60.55039439203986,<1,Americas,PRY,Upper middle income
Paraguay,2016,6249.126,61.0260009765625,94.939272291061,61.19001240823001,<1,Americas,PRY,Upper middle income
Paraguay,2017,6338.66,61.29999923706055,95.97096834904676,61.82412965176825,<1,Americas,PRY,Upper middle income
Paraguay,2018,6427.382,61.584999084472656,96.9920505649968,62.45578668106288,<1,Americas,PRY,Upper middle income
Paraguay,2019,6515.058,61.878997802734375,98.0247086553271,63.08424360511282,<1,Americas,PRY,Upper middle income
Paraguay,2020,6603.739,62.18299865722656,99.0,63.70945919505957,<1,Americas,PRY,Upper middle income
Paraguay,2021,6684.182,62.496002197265625,99.0,63.9595993188715,<1,Americas,PRY,Upper middle income
Paraguay,2022,6760.464,62.81800079345703,99.0,64.16248962392572,<1,Americas,PRY,Upper middle income
Paraguay,2023,6844.146,63.14899826049805,99.0,64.2916963189796,<1,Americas,PRY,Upper middle income
Paraguay,2024,6929.153,63.4890022277832,99.0,64.36471974176607,<1,Americas,PRY,Upper middle income
Peru,2000,26598.331,73.04199981689453,80.40770599759621,45.00092709280983,7.291403910681238,Americas,PER,Upper middle income
Peru,2001,26964.601,73.44800567626953,81.16520056418672,45.38858870636965,6.946954803530966,Americas,PER,Upper middle income
Peru,2002,27288.217,73.8499984741211,81.91208984872027,45.77256382877032,6.609984278184884,Americas,PER,Upper middle income
Peru,2003,27580.49,74.2490005493164,82.64886735559915,46.15330602808705,6.280177856362318,Americas,PER,Upper middle income
Peru,2004,27852.19,74.64399719238281,83.37524769965893,46.53041640732567,5.957670379223233,Americas,PER,Upper middle income
Peru,2005,28101.18,75.03399658203125,84.09101406740118,46.9035186602477,5.642563308175802,Americas,PER,Upper middle income
Peru,2006,28324.491,75.4209976196289,84.79697200184702,47.27346165066876,5.334352783252279,Americas,PER,Upper middle income
Peru,2007,28530.699,75.8030014038086,85.49257875731108,47.63946143925391,5.033332016603068,Americas,PER,Upper middle income
Peru,2008,28719.041,76.052001953125,86.13887308602524,47.94985678530399,4.761746185241911,Americas,PER,Upper middle income
Peru,2009,28896.811,76.24099731445312,86.7621628336496,48.23493637554224,4.504195758723046,Americas,PER,Upper middle income
Peru,2010,29086.019,76.43000030517578,87.38150931210491,48.51908105836105,4.249710069077523,Americas,PER,Upper middle income
Peru,2011,29304.086,76.61700439453125,87.99636402248717,48.80150028677772,3.998589354455034,Americas,PER,Upper middle income
Peru,2012,29550.366,76.80400085449219,88.60729522190991,49.08299186224137,3.750501887810691,Americas,PER,Upper middle income
Peru,2013,29817.919,76.98899841308594,89.21380174232847,49.3627748732011,3.505714591815087,Americas,PER,Upper middle income
Peru,2014,30115.826,77.17300415039062,89.81618344284885,49.64125633182182,3.264053728728801,Americas,PER,Upper middle income
Peru,2015,30457.6,77.35700225830078,90.41467206527425,49.91882488076852,3.025376284697453,Americas,PER,Upper middle income
Peru,2016,30866.494,77.53900146484375,91.0088509037893,50.19471776262411,2.789902128645317,Americas,PER,Upper middle income
Peru,2017,31324.637,77.72000122070312,91.59896726830316,50.46932470948179,2.557481602894152,Americas,PER,Upper middle income
Peru,2018,31897.584,77.9070053100586,92.1863171590782,50.74531370526217,2.327433561071698,Americas,PER,Upper middle income
Peru,2019,32449.303,78.0989990234375,92.77049248796384,51.02226156914704,2.099990394327646,Americas,PER,Upper middle income
Peru,2020,32838.579,78.29700469970703,93.351440846039,51.30050361262338,1.875195878446029,Americas,PER,Upper middle income
Peru,2021,33155.882,78.5,93.92878085224729,51.57962607052023,1.653265269691897,Americas,PER,Upper middle income
Peru,2022,33475.438,78.70800018310547,94.5023037650654,50.93170182042675,1.434320747814477,Americas,PER,Upper middle income
Peru,2023,33845.617,78.9219970703125,95.07192332405516,50.18543524042615,1.218430094067734,Americas,PER,Upper middle income
Peru,2024,34217.848,79.13899993896484,95.63708238263834,49.42839623192059,1.00587437948298,Americas,PER,Upper middle income
Philippines,2000,79625.397,46.1349983215332,86.51498295916244,41.72814769970694,2.927515254658919,Western Pacific,PHL,Lower middle income
Philippines,2001,81401.488,46.04999923706055,86.8671120695057,41.8381252227249,2.784575070526922,Western Pacific,PHL,Lower middle income
Philippines,2002,83068.889,45.96500015258789,87.24124519733651,42.94722133985695,2.641299540630469,Western Pacific,PHL,Lower middle income
Philippines,2003,84731.835,45.87999725341797,87.61607419811533,44.07316524822551,2.497688735776272,Western Pacific,PHL,Lower middle income
Philippines,2004,86394.504,45.79499816894531,87.9916018113597,44.62163928262642,2.353742384120434,Western Pacific,PHL,Lower middle income
Philippines,2005,88015.962,45.709999084472656,88.36783113804317,44.75247830961987,2.209460863716509,Western Pacific,PHL,Lower middle income
Philippines,2006,89508.986,45.625,88.74475468348686,44.88351558364052,2.064843886447921,Western Pacific,PHL,Lower middle income
Philippines,2007,91075.184,45.540000915527344,89.12237319753844,45.01475067653524,1.919891613636796,Western Pacific,PHL,Lower middle income
Philippines,2008,92699.095,45.45499801635742,89.50069501929215,45.14618990335058,1.77460398450179,Western Pacific,PHL,Lower middle income
Philippines,2009,94384.25,45.37099838256836,89.87980925892109,45.27811038727593,1.628958872327896,Western Pacific,PHL,Lower middle income
Philippines,2010,96337.125,45.33200073242188,90.26401140521698,45.4229968618347,1.48207711382519,Western Pacific,PHL,Lower middle income
Philippines,2011,98248.614,45.522003173828125,90.670107052381,45.63267366104305,1.330886444699808,Western Pacific,PHL,Lower middle income
Philippines,2012,100175.512,45.71200180053711,91.07489194794012,45.84190448813953,1.180445370424316,Western Pacific,PHL,Lower middle income
Philippines,2013,102076.336,45.90299987792969,91.47845214689036,46.05096885618724,1.030739676921109,Western Pacific,PHL,Lower middle income
Philippines,2014,103767.13,46.09299850463867,91.88061006130924,46.25930419263766,<1,Western Pacific,PHL,Lower middle income
Philippines,2015,105312.992,46.28400039672852,92.28153927677768,46.46747119424531,<1,Western Pacific,PHL,Lower middle income
Philippines,2016,106735.719,46.47499847412109,92.68115071449864,46.67519000942062,<1,Western Pacific,PHL,Lower middle income
Philippines,2017,108119.693,46.68199920654297,93.08059927202528,46.88686583793925,<1,Western Pacific,PHL,Lower middle income
Philippines,2018,109465.287,46.90699768066406,93.4798496793252,47.10299282049486,<1,Western Pacific,PHL,Lower middle income
Philippines,2019,110804.683,47.14899826049805,93.87864262968124,47.32323625379274,<1,Western Pacific,PHL,Lower middle income
Philippines,2020,112081.264,47.40800094604492,94.2767858134665,47.54753072947066,<1,Western Pacific,PHL,Lower middle income
Philippines,2021,113100.95,47.68399810791016,94.67410266904568,47.77582107188413,<1,Western Pacific,PHL,Lower middle income
Philippines,2022,113964.338,47.97700119018555,95.07040588934704,48.00804720214076,<1,Western Pacific,PHL,Lower middle income
Philippines,2023,114891.199,48.28700256347656,95.465506033898,48.24414569797796,<1,Western Pacific,PHL,Lower middle income
Philippines,2024,115843.67,48.6140022277832,95.85922149255056,48.48405774418252,<1,Western Pacific,PHL,Lower middle income
Poland,2000,38258.071,61.71600341796875,,,-,Europe,POL,High income
Poland,2001,38247.357,61.7609977722168,,,-,Europe,POL,High income
Poland,2002,38229.408,61.7869987487793,,,-,Europe,POL,High income
Poland,2003,38203.524,61.676002502441406,,,-,Europe,POL,High income
Poland,2004,38167.572,61.56399917602539,,,-,Europe,POL,High income
Poland,2005,38124.379,61.45199966430664,98.239082450466,91.14338729785854,<1,Europe,POL,High income
Poland,2006,38071.167,61.34099960327149,98.23582098005085,91.5208606961704,<1,Europe,POL,High income
Poland,2007,38020.421,61.22900390625,98.23253231241884,91.89994282745936,<1,Europe,POL,High income
Poland,2008,37995.902,61.115997314453125,98.2292078050967,92.28064765202323,<1,Europe,POL,High income
Poland,2009,38002.155,61.00400161743164,98.22592171965115,92.66324611839995,<1,Europe,POL,High income
Poland,2010,38095.351,60.891998291015625,97.68795844086677,92.5556548838142,<1,Europe,POL,High income
Poland,2011,38208.643,60.77999877929688,97.14836201858824,92.44115614480502,<1,Europe,POL,High income
Poland,2012,38247.868,60.65400314331055,96.60641098437448,92.31812540549627,<1,Europe,POL,High income
Poland,2013,38259.262,60.52899932861328,96.06267564260392,92.18820237709092,<1,Europe,POL,High income
Poland,2014,38265.113,60.40299987792969,95.51704448731566,92.05109875423814,<1,Europe,POL,High income
Poland,2015,38266.314,60.27799987792969,94.96964278514334,91.90697013389622,<1,Europe,POL,High income
Poland,2016,38263.265,60.178001403808594,94.4224326184484,91.7583692704549,<1,Europe,POL,High income
Poland,2017,38254.959,60.1050033569336,93.87613073506334,91.60542146934247,<1,Europe,POL,High income
Poland,2018,38241.071,60.05799865722656,93.33123337628824,91.44795834361416,<1,Europe,POL,High income
Poland,2019,38225.885,60.0369987487793,92.78831425366684,91.28595210153765,<1,Europe,POL,High income
Poland,2020,38171.012,60.042999267578125,92.24805674258816,90.75611446031716,<1,Europe,POL,High income
Poland,2021,38040.302,60.07500457763672,91.71092987263197,90.22955445658717,<1,Europe,POL,High income
Poland,2022,38385.739,60.13399887084961,91.1776289012676,89.70695891387626,<1,Europe,POL,High income
Poland,2023,38762.844,60.21800231933594,90.648484121514,89.1886328736699,<1,Europe,POL,High income
Poland,2024,38539.201,60.32999801635742,90.124463310463,88.67554625090342,<1,Europe,POL,High income
Portugal,2000,10283.204,54.39900207519531,99.0,93.6960057186934,<1,Europe,PRT,High income
Portugal,2001,10354.325,55.04400253295898,99.0,93.73041449337542,<1,Europe,PRT,High income
Portugal,2002,10413.044,55.66600036621094,99.0,93.76468529275108,<1,Europe,PRT,High income
Portugal,2003,10454.245,56.28700256347656,99.0,93.80024108969998,<1,Europe,PRT,High income
Portugal,2004,10481.381,56.90699768066406,99.0,93.83707411508924,<1,Europe,PRT,High income
Portugal,2005,10502.994,57.52199935913086,99.0,93.87490896805812,<1,Europe,PRT,High income
Portugal,2006,10524.12,58.137001037597656,99.0,93.91407926459485,<1,Europe,PRT,High income
Portugal,2007,10546.825,58.749000549316406,99.0,93.95436636074078,<1,Europe,PRT,High income
Portugal,2008,10564.081,59.35900115966797,99.0,93.99584401515229,<1,Europe,PRT,High income
Portugal,2009,10576.267,59.9640007019043,99.0,94.03826769519156,<1,Europe,PRT,High income
Portugal,2010,10578.66,60.56699752807617,99.0,94.15695766636298,<1,Europe,PRT,High income
Portugal,2011,10557.052,61.16699981689453,99.0,94.27432416807402,<1,Europe,PRT,High income
Portugal,2012,10513.15,61.76300048828125,99.0,94.39031921097045,<1,Europe,PRT,High income
Portugal,2013,10458.298,62.35200119018555,99.0,94.4710642260588,<1,Europe,PRT,High income
Portugal,2014,10406.199,62.93600082397461,99.0,94.5497390805673,<1,Europe,PRT,High income
Portugal,2015,10370.267,63.51399993896485,99.0,94.62629571127916,<1,Europe,PRT,High income
Portugal,2016,10346.372,64.08599853515625,99.0,94.7007684390199,<1,Europe,PRT,High income
Portugal,2017,10330.844,64.6520004272461,99.0,94.7731814845443,<1,Europe,PRT,High income
Portugal,2018,10325.353,65.21099853515625,99.0,94.8434931768351,<1,Europe,PRT,High income
Portugal,2019,10343.213,65.76399993896484,99.0,94.91181013363214,<1,Europe,PRT,High income
Portugal,2020,10370.519,66.30999755859375,99.0,94.97809597634124,<1,Europe,PRT,High income
Portugal,2021,10390.956,66.8489990234375,99.0,95.04237160797346,<1,Europe,PRT,High income
Portugal,2022,10417.073,67.38099670410156,99.0,95.1046831961616,<1,Europe,PRT,High income
Portugal,2023,10430.738,67.90599822998047,99.0,95.16505475925683,<1,Europe,PRT,High income
Portugal,2024,10425.292,68.42300415039062,99.0,95.21734794836368,<1,Europe,PRT,High income
Puerto Rico,2000,3809.866,94.38700103759766,97.21324563299235,75.13195126778449,<1,Americas,PRI,High income
Puerto Rico,2001,3813.013,94.33300018310548,97.36072590792844,75.24593245169936,<1,Americas,PRI,High income
Puerto Rico,2002,3810.713,94.27799987792967,97.50820618286446,75.35991363561419,<1,Americas,PRI,High income
Puerto Rico,2003,3806.043,94.2239990234375,97.65568645780051,75.47389481952908,<1,Americas,PRI,High income
Puerto Rico,2004,3798.657,94.16799926757812,97.8031667327366,75.58787600344395,<1,Americas,PRI,High income
Puerto Rico,2005,3788.415,94.11199951171876,97.95064700767269,75.70185718735884,<1,Americas,PRI,High income
Puerto Rico,2006,3776.215,94.05599975585938,98.09812728260874,75.81583837127371,<1,Americas,PRI,High income
Puerto Rico,2007,3763.088,93.9990005493164,98.24560755754482,75.92981955518859,<1,Americas,PRI,High income
Puerto Rico,2008,3749.128,93.94200134277344,98.39308783248084,76.04380073910343,<1,Americas,PRI,High income
Puerto Rico,2009,3735.015,93.88399505615234,98.5405681074169,78.83245448593352,<1,Americas,PRI,High income
Puerto Rico,2010,3714.836,93.8249969482422,98.68804838235296,81.62911430483247,<1,Americas,PRI,High income
Puerto Rico,2011,3683.71,93.77300262451172,98.83552865728905,84.43378019579849,<1,Americas,PRI,High income
Puerto Rico,2012,3646.422,93.72599792480467,98.98300893222512,87.24645215883335,<1,Americas,PRI,High income
Puerto Rico,2013,3606.769,93.68600463867188,99.0,90.06713019393523,<1,Americas,PRI,High income
Puerto Rico,2014,3565.367,93.6510009765625,99.0,92.89581430110512,<1,Americas,PRI,High income
Puerto Rico,2015,3521.811,93.6240005493164,99.0,95.73250448034386,<1,Americas,PRI,High income
Puerto Rico,2016,3476.008,93.6020050048828,99.0,98.57720073164964,<1,Americas,PRI,High income
Puerto Rico,2017,3371.874,93.58699798583984,99.0,99.0,<1,Americas,PRI,High income
Puerto Rico,2018,3290.068,93.57799530029295,99.0,99.0,<1,Americas,PRI,High income
Puerto Rico,2019,3288.028,93.57600402832033,99.0,99.0,<1,Americas,PRI,High income
Puerto Rico,2020,3275.805,93.58100128173828,99.0,99.0,<1,Americas,PRI,High income
Puerto Rico,2021,3253.21,93.59200286865234,99.0,99.0,<1,Americas,PRI,High income
Puerto Rico,2022,3240.968,93.61000061035156,99.0,99.0,<1,Americas,PRI,High income
Puerto Rico,2023,3242.023,93.63399505615234,99.0,99.0,<1,Americas,PRI,High income
Puerto Rico,2024,3242.204,93.66400146484376,99.0,98.94026183914308,<1,Americas,PRI,High income
Qatar,2000,644.989,96.31100463867188,99.0,96.34022044696152,<1,Eastern Mediterranean,QAT,High income
Qatar,2001,677.925,96.50599670410156,99.0,96.34022044696152,<1,Eastern Mediterranean,QAT,High income
Qatar,2002,711.205,96.69200134277344,99.0,96.34022044696152,<1,Eastern Mediterranean,QAT,High income
Qatar,2003,744.682,96.86800384521484,99.0,96.34022044696152,<1,Eastern Mediterranean,QAT,High income
Qatar,2004,773.332,97.08999633789062,99.0,96.34022044696152,<1,Eastern Mediterranean,QAT,High income
Qatar,2005,825.408,97.39599609375,99.0,96.34022044696152,<1,Eastern Mediterranean,QAT,High income
Qatar,2006,972.831,97.67100524902344,99.0,96.34022044696152,<1,Eastern Mediterranean,QAT,High income
Qatar,2007,1208.595,97.91699981689452,99.0,96.34022044696152,<1,Eastern Mediterranean,QAT,High income
Qatar,2008,1426.938,98.13899993896484,99.0,96.34022044696152,<1,Eastern Mediterranean,QAT,High income
Qatar,2009,1586.05,98.33599853515624,99.0,96.68583834280724,<1,Eastern Mediterranean,QAT,High income
Qatar,2010,1709.229,98.5009994506836,99.0,97.03149803308118,<1,Eastern Mediterranean,QAT,High income
Qatar,2011,1810.95,98.6020050048828,99.0,97.14476077017174,<1,Eastern Mediterranean,QAT,High income
Qatar,2012,1907.117,98.6969985961914,99.0,96.99539436261584,<1,Eastern Mediterranean,QAT,High income
Qatar,2013,2032.641,98.78500366210938,99.0,96.84600884584268,<1,Eastern Mediterranean,QAT,High income
Qatar,2014,2218.372,98.86800384521484,99.0,96.6966042198523,<1,Eastern Mediterranean,QAT,High income
Qatar,2015,2427.331,98.94499969482422,99.0,96.54718048464464,<1,Eastern Mediterranean,QAT,High income
Qatar,2016,2599.372,99.01499938964844,99.0,96.3977376402198,<1,Eastern Mediterranean,QAT,High income
Qatar,2017,2706.709,99.0780029296875,99.0,96.24827568657768,<1,Eastern Mediterranean,QAT,High income
Qatar,2018,2761.142,99.13500213623048,99.0,96.09879462371836,<1,Eastern Mediterranean,QAT,High income
Qatar,2019,2797.921,99.18800354003906,99.0,95.94929445164172,<1,Eastern Mediterranean,QAT,High income
Qatar,2020,2803.375,99.23500061035156,99.0,95.79977517034791,<1,Eastern Mediterranean,QAT,High income
Qatar,2021,2814.982,99.27799987792967,99.0,95.65023677983685,<1,Eastern Mediterranean,QAT,High income
Qatar,2022,2892.455,99.31800079345705,99.0,95.5006792801086,<1,Eastern Mediterranean,QAT,High income
Qatar,2023,2979.082,99.35399627685548,99.0,95.34524187796096,<1,Eastern Mediterranean,QAT,High income
Qatar,2024,3048.423,99.38700103759766,99.0,95.34524187796096,<1,Eastern Mediterranean,QAT,High income
Republic of Korea,2002,47299.12,80.29900360107422,98.7656134279428,97.23031896416116,<1,Western Pacific,KOR,High income
Republic of Korea,2003,47514.16,80.6520004272461,98.7656134279428,97.23031896416116,<1,Western Pacific,KOR,High income
Republic of Korea,2004,47697.075,81.00200653076172,98.7656134279428,97.23031896416116,<1,Western Pacific,KOR,High income
Republic of Korea,2005,47851.644,81.34500122070312,98.7656134279428,97.23031896416116,<1,Western Pacific,KOR,High income
Republic of Korea,2006,48006.518,81.52799987792969,98.76561342794278,97.23031896416114,<1,Western Pacific,KOR,High income
Republic of Korea,2007,48178.118,81.63099670410156,98.83704626367845,97.3756221999523,<1,Western Pacific,KOR,High income
Republic of Korea,2008,48356.493,81.73300170898438,98.90847909941412,97.52103381801857,<1,Western Pacific,KOR,High income
Republic of Korea,2009,48546.687,81.83499908447266,98.97991193514976,97.66655381835996,<1,Western Pacific,KOR,High income
Republic of Korea,2010,48769.332,81.93600463867188,99.0,97.81218220097644,<1,Western Pacific,KOR,High income
Republic of Korea,2011,49127.643,81.92300415039062,99.0,97.95791896586805,<1,Western Pacific,KOR,High income
Republic of Korea,2012,49599.579,81.85099792480469,99.0,98.10376411303471,<1,Western Pacific,KOR,High income
Republic of Korea,2013,50071.164,81.77899932861328,99.0,98.24971764247654,<1,Western Pacific,KOR,High income
Republic of Korea,2014,50539.056,81.70700073242188,99.0,98.39577955419344,<1,Western Pacific,KOR,High income
Republic of Korea,2015,50983.912,81.63400268554688,99.0,98.52414952021758,<1,Western Pacific,KOR,High income
Republic of Korea,2016,51297.839,81.56200408935547,99.0,98.61637123726145,<1,Western Pacific,KOR,High income
Republic of Korea,2017,51486.27,81.50299835205078,99.0,98.70862372237748,<1,Western Pacific,KOR,High income
Republic of Korea,2018,51640.894,81.45899963378906,99.0,98.80090697556564,<1,Western Pacific,KOR,High income
Republic of Korea,2019,51767.846,81.43000030517578,99.0,98.89322099682596,<1,Western Pacific,KOR,High income
Republic of Korea,2020,51858.482,81.41400146484375,99.0,98.98556578615845,<1,Western Pacific,KOR,High income
Republic of Korea,2021,51848.397,81.41400146484375,99.0,99.0,<1,Western Pacific,KOR,High income
Republic of Korea,2022,51782.512,81.427001953125,99.0,99.0,<1,Western Pacific,KOR,High income
Republic of Korea,2023,51748.739,81.45600128173828,99.0,99.0,<1,Western Pacific,KOR,High income
Republic of Korea,2024,51717.59,81.49799346923828,99.0,99.0,<1,Western Pacific,KOR,High income
Republic of Moldova,2000,4234.967,44.5890007019043,83.00022435136631,40.37351671347766,<1,Europe,MDA,Upper middle income
Republic of Moldova,2001,4189.77,44.18899917602539,83.32349234178372,42.28121669872805,<1,Europe,MDA,Upper middle income
Republic of Moldova,2002,4142.93,43.78899765014648,83.65124401514132,44.23449547802812,<1,Europe,MDA,Upper middle income
Republic of Moldova,2003,4095.419,43.38899993896485,83.98348323877178,46.23392752296716,<1,Europe,MDA,Upper middle income
Republic of Moldova,2004,4046.669,42.98999786376953,84.32041634243046,48.28059706956129,<1,Europe,MDA,Upper middle income
Republic of Moldova,2005,3988.669,42.77499771118164,84.69709139668414,50.46512415250078,<1,Europe,MDA,Upper middle income
Republic of Moldova,2006,3921.316,42.74399948120117,85.11052930924247,52.77546943926168,<1,Europe,MDA,Upper middle income
Republic of Moldova,2007,3851.396,42.7130012512207,85.52446704825911,55.11694954898764,<1,Europe,MDA,Upper middle income
Republic of Moldova,2008,3779.504,42.68199920654297,85.93891116906262,57.48961059546578,<1,Europe,MDA,Upper middle income
Republic of Moldova,2009,3706.21,42.6510009765625,86.35385103834594,59.89349203553746,<1,Europe,MDA,Upper middle income
Republic of Moldova,2010,3631.992,42.619998931884766,86.76930117195131,62.32864705556591,<1,Europe,MDA,Upper middle income
Republic of Moldova,2011,3557.266,42.5890007019043,87.18525153142876,64.79511382603455,<1,Europe,MDA,Upper middle income
Republic of Moldova,2012,3482.626,42.55799865722656,87.60170723086404,67.29293874562705,<1,Europe,MDA,Upper middle income
Republic of Moldova,2013,3408.738,42.527000427246094,88.01866934218266,69.82216721301248,<1,Europe,MDA,Upper middle income
Republic of Moldova,2014,3342.709,42.49599838256836,88.43613335926204,72.38283980359805,<1,Europe,MDA,Upper middle income
Republic of Moldova,2015,3287.164,42.48999786376953,88.85234711495679,72.69872298780189,<1,Europe,MDA,Upper middle income
Republic of Moldova,2016,3237.794,42.51100158691406,89.27220543098186,73.02174030462122,<1,Europe,MDA,Upper middle income
Republic of Moldova,2017,3193.497,42.55699920654297,89.69502975248015,73.35107584926143,<1,Europe,MDA,Upper middle income
Republic of Moldova,2018,3153.773,42.62900161743164,90.12057224540008,73.68672863894263,<1,Europe,MDA,Upper middle income
Republic of Moldova,2019,3112.562,42.72600173950195,90.5483180309042,74.02816936229208,<1,Europe,MDA,Upper middle income
Republic of Moldova,2020,3069.131,42.849002838134766,90.9779971950064,74.37537903913598,<1,Europe,MDA,Upper middle income
Republic of Moldova,2021,3023.778,42.99800109863281,91.4092054171204,74.728074448968,<1,Europe,MDA,Upper middle income
Republic of Moldova,2022,3039.985,43.17300033569336,91.8415594867587,75.08599024139644,<1,Europe,MDA,Upper middle income
Republic of Moldova,2023,3067.07,43.37300109863281,92.27455838342463,75.44860532059869,<1,Europe,MDA,Upper middle income
Republic of Moldova,2024,3034.961,43.5989990234375,92.70791627579456,75.81589087110716,<1,Europe,MDA,Upper middle income
Réunion,2000,763.14,91.16899871826172,99.0,97.31831891094131,<1,Africa,REU,
Réunion,2001,772.236,92.54800415039062,99.0,97.31831891094131,<1,Africa,REU,
Réunion,2002,781.303,93.72799682617188,99.0,97.31831891094131,<1,Africa,REU,
Réunion,2003,790.561,94.73199462890624,99.0,97.31831891094131,<1,Africa,REU,
Réunion,2004,797.0,95.58399963378906,99.0,97.31831891094131,<1,Africa,REU,
Réunion,2005,800.224,96.302001953125,99.0,97.31831891094131,<1,Africa,REU,
Réunion,2006,806.679,96.9070053100586,99.0,97.3246316084988,<1,Africa,REU,
Réunion,2007,818.729,97.41600036621094,99.0,97.3309443060563,<1,Africa,REU,
Réunion,2008,830.488,97.84400177001952,99.0,97.3372570036138,<1,Africa,REU,
Réunion,2009,838.467,98.20100402832033,99.0,97.34356970117126,<1,Africa,REU,
Réunion,2010,844.471,98.5009994506836,99.0,97.34988239872877,<1,Africa,REU,
Réunion,2011,846.782,98.74299621582033,99.0,97.21172177907728,<1,Africa,REU,
Réunion,2012,845.058,98.94000244140624,99.0,97.07354242376437,<1,Africa,REU,
Réunion,2013,847.596,99.0999984741211,99.0,96.93534433278994,<1,Africa,REU,
Réunion,2014,858.67,99.23099517822266,99.0,96.79712750615406,<1,Africa,REU,
Réunion,2015,865.012,99.33900451660156,99.0,96.6588919438567,<1,Africa,REU,
Réunion,2016,862.86,99.4290008544922,99.0,96.52063764589788,<1,Africa,REU,
Réunion,2017,858.754,99.50299835205078,99.0,96.3823646122776,<1,Africa,REU,
Réunion,2018,856.942,99.56399536132812,99.0,96.24407284299583,<1,Africa,REU,
Réunion,2019,857.327,99.61599731445312,99.0,96.1057623380526,<1,Africa,REU,
Réunion,2020,861.446,99.65900421142578,99.0,95.96743309744792,<1,Africa,REU,
Réunion,2021,868.079,99.6959991455078,99.0,95.82908512118172,<1,Africa,REU,
Réunion,2022,871.54,99.72599792480467,99.0,95.6907184092541,<1,Africa,REU,
Réunion,2023,874.883,99.75299835205078,99.0,95.69691869284276,<1,Africa,REU,
Réunion,2024,878.591,99.7750015258789,99.0,95.69691869284276,<1,Africa,REU,
Romania,2000,22046.262,53.00400161743164,99.0,81.65202056269327,<1,Europe,ROU,High income
Romania,2001,21919.917,52.85199737548828,99.0,81.60899896554729,<1,Europe,ROU,High income
Romania,2002,21770.017,52.78000259399414,99.0,81.58862374129163,<1,Europe,ROU,High income
Romania,2003,21593.45,52.91200256347656,99.0,81.62598342522263,<1,Europe,ROU,High income
Romania,2004,21403.217,53.04300308227539,99.0,81.66306235901114,<1,Europe,ROU,High income
Romania,2005,21213.388,53.17399978637695,99.0,81.70013532449728,<1,Europe,ROU,High income
Romania,2006,21035.732,53.30500030517578,99.0,81.73721180640322,<1,Europe,ROU,High income
Romania,2007,20870.716,53.43600082397461,99.0,81.7742905546345,<1,Europe,ROU,High income
Romania,2008,20718.742,53.56699752807617,99.0,81.81136908519488,<1,Europe,ROU,High income
Romania,2009,20576.927,53.697998046875,99.0,81.8484445439679,<1,Europe,ROU,High income
Romania,2010,20432.574,53.82900238037109,99.0,81.88552164280816,<1,Europe,ROU,High income
Romania,2011,20282.011,53.96000289916992,99.0,81.92260476353782,<1,Europe,ROU,High income
Romania,2012,20158.452,53.974002838134766,99.0,81.9265649123088,<1,Europe,ROU,High income
Romania,2013,20062.921,53.9370002746582,99.0,81.9160915763475,<1,Europe,ROU,High income
Romania,2014,19968.174,53.89999771118164,99.0,81.90562194094227,<1,Europe,ROU,High income
Romania,2015,19871.019,53.88699722290039,99.0,81.90193771876166,<1,Europe,ROU,High income
Romania,2016,19777.051,53.89999771118164,99.0,81.90561804729708,<1,Europe,ROU,High income
Romania,2017,19689.401,53.935997009277344,99.0,81.91580580175109,<1,Europe,ROU,High income
Romania,2018,19597.872,53.99800109863281,99.0,81.93335706995111,<1,Europe,ROU,High income
Romania,2019,19501.542,54.08400344848633,99.0,81.95769893180405,<1,Europe,ROU,High income
Romania,2020,19392.469,54.19399642944336,99.0,81.98882925004092,<1,Europe,ROU,High income
Romania,2021,19248.161,54.32900238037109,99.0,82.02704245499388,<1,Europe,ROU,High income
Romania,2022,19166.772,54.48899841308594,99.0,82.07232797512991,<1,Europe,ROU,High income
Romania,2023,19118.479,54.67200469970703,99.0,82.12412057786568,<1,Europe,ROU,High income
Romania,2024,19015.088,54.87999725341797,99.0,82.18299293904701,<1,Europe,ROU,High income
Russian Federation,2000,146717.783,73.3499984741211,96.41183859356715,75.34922930804318,<1,Europe,RUS,High income
Russian Federation,2001,146117.284,73.34600067138672,96.4115548229706,75.34816724659518,<1,Europe,RUS,High income
Russian Federation,2002,145939.5,73.34100341796875,96.42406176877044,75.35993926950256,<1,Europe,RUS,High income
Russian Federation,2003,145794.229,73.37300109863281,96.4392520827246,75.381584096785,<1,Europe,RUS,High income
Russian Federation,2004,145180.097,73.41799926757812,96.45544922004945,75.40674216562056,<1,Europe,RUS,High income
Russian Federation,2005,144597.884,73.46299743652344,96.47170917847404,75.4319466983241,<1,Europe,RUS,High income
Russian Federation,2006,144102.948,73.50800323486328,96.48802949299146,75.45719359333546,<1,Europe,RUS,High income
Russian Federation,2007,143859.764,73.5530014038086,96.50441151443952,75.4824848204389,<1,Europe,RUS,High income
Russian Federation,2008,143811.84,73.5979995727539,96.52085979967272,75.50782238606423,-,Europe,RUS,High income
Russian Federation,2009,143869.132,73.64199829101562,96.53729351007732,75.53293540816743,-,Europe,RUS,High income
Russian Federation,2010,143934.465,73.68699645996094,96.55386278643806,75.55836053752424,-,Europe,RUS,High income
Russian Federation,2011,144043.748,73.73200225830078,96.57049969272676,75.58383422863743,-,Europe,RUS,High income
Russian Federation,2012,144291.029,73.79100036621094,96.58830612120656,75.61315241342842,-,Europe,RUS,High income
Russian Federation,2013,144604.098,73.86299896240234,96.60723172131236,75.64606614551224,-,Europe,RUS,High income
Russian Federation,2014,144925.638,73.94999694824219,96.6274699098944,75.68314240441087,-,Europe,RUS,High income
Russian Federation,2015,145307.616,74.04999542236328,96.64888820399258,75.7238565068519,-,Europe,RUS,High income
Russian Federation,2016,145778.677,74.16399383544922,96.67158818568092,75.76849668326032,-,Europe,RUS,High income
Russian Federation,2017,146186.799,74.29199981689453,96.69560323848393,75.81708639814457,-,Europe,RUS,High income
Russian Federation,2018,146430.146,74.43299865722656,96.72088706477956,75.86937785906352,-,Europe,RUS,High income
Russian Federation,2019,146533.067,74.58699798583984,96.7474557360286,75.92538181999328,-,Europe,RUS,High income
Russian Federation,2020,146371.299,74.75399780273438,96.7753426009288,75.98512270385685,-,Europe,RUS,High income
Russian Federation,2021,145836.175,74.93399810791016,96.80457947621892,76.04862357312207,-,Europe,RUS,High income
Russian Federation,2022,145579.899,75.1259994506836,96.83509370432256,76.115615937165,-,Europe,RUS,High income
Russian Federation,2023,145440.5,75.33100128173828,96.86701251381656,76.18640856756888,-,Europe,RUS,High income
Russian Federation,2024,144820.423,75.5479965209961,96.90026160746424,76.26072941624138,-,Europe,RUS,High income
Rwanda,2000,8213.931,14.925999641418455,47.57058407692646,,14.80345596499367,Africa,RWA,Low income
Rwanda,2001,8287.094,15.828999519348145,48.37034232309614,,14.39413771273961,Africa,RWA,Low income
Rwanda,2002,8400.18,16.777000427246094,49.18572277900832,,13.98378818129649,Africa,RWA,Low income
Rwanda,2003,8586.875,16.90399932861328,49.75616263508012,,13.66049119440871,Africa,RWA,Low income
Rwanda,2004,8816.844,16.908000946044922,50.29020326690025,,13.34992914193014,Africa,RWA,Low income
Rwanda,2005,9054.528,16.91200065612793,50.8247607465071,,13.03938340494887,Africa,RWA,Low income
Rwanda,2006,9299.246,16.91699981689453,51.36014148994423,,12.72875816735216,Africa,RWA,Low income
Rwanda,2007,9549.933,16.92099952697754,51.89573756500999,,12.41824674524554,Africa,RWA,Low income
Rwanda,2008,9804.269,16.924999237060547,52.43185107157398,,12.10775114169377,Africa,RWA,Low income
Rwanda,2009,10060.432,16.93000030517578,52.96879377259553,,11.79718263596774,Africa,RWA,Low income
Rwanda,2010,10317.553,16.93400001525879,53.50594661637509,,11.48672107094923,Africa,RWA,Low income
Rwanda,2011,10573.733,16.937999725341797,54.04361635134606,,11.1762749060482,Africa,RWA,Low income
Rwanda,2012,10829.901,16.94300079345703,54.58212116074282,,10.865762743852,Africa,RWA,Low income
Rwanda,2013,11093.34,16.94700050354004,55.12083118217846,,10.5553508201006,Africa,RWA,Low income
Rwanda,2014,11364.757,16.96700096130371,55.6650639617623,,10.24368662433773,Africa,RWA,Low income
Rwanda,2015,11640.022,17.003999710083008,56.21517980365521,,9.930787543279429,Africa,RWA,Low income
Rwanda,2016,11919.183,17.055999755859375,56.77061155692573,,9.616906903806491,Africa,RWA,Low income
Rwanda,2017,12202.06,17.125,57.33204509446168,,9.30198873658532,Africa,RWA,Low income
Rwanda,2018,12487.996,17.211000442504883,57.89954361633085,,8.9861350678095,Africa,RWA,Low income
Rwanda,2019,12776.103,17.312999725341797,58.47285361318093,,8.66951780891422,Africa,RWA,Low income
Rwanda,2020,13065.837,17.43199920654297,59.05235874399938,,8.352166070459866,Africa,RWA,Low income
Rwanda,2021,13355.26,17.5679988861084,59.63812277632567,,8.034181501637631,Africa,RWA,Low income
Rwanda,2022,13651.03,17.72100067138672,60.23021940030151,,7.715666703956398,Africa,RWA,Low income
Rwanda,2023,13954.471,17.892000198364258,60.82904235754807,,7.39666317037921,Africa,RWA,Low income
Rwanda,2024,14256.567,18.08100128173828,61.39217602116697,,7.077278243503296,Africa,RWA,Low income
Saint Barthelemy,2000,7.082,,99.0,99.0,<1,Americas,BLM,
Saint Barthelemy,2001,7.272,,99.0,99.0,<1,Americas,BLM,
Saint Barthelemy,2002,7.466,,99.0,99.0,<1,Americas,BLM,
Saint Barthelemy,2003,7.658,,99.0,99.0,<1,Americas,BLM,
Saint Barthelemy,2004,7.846,,99.0,99.0,<1,Americas,BLM,
Saint Barthelemy,2005,8.03,,99.0,99.0,<1,Americas,BLM,
Saint Barthelemy,2006,8.22,,99.0,99.0,<1,Americas,BLM,
Saint Barthelemy,2007,8.412,,99.0,99.0,<1,Americas,BLM,
Saint Barthelemy,2008,8.602,,99.0,99.0,<1,Americas,BLM,
Saint Barthelemy,2009,8.796,,99.0,99.0,<1,Americas,BLM,
Saint Barthelemy,2010,8.965,,99.0,99.0,<1,Americas,BLM,
Saint Barthelemy,2011,9.088,,99.0,99.0,<1,Americas,BLM,
Saint Barthelemy,2012,9.197,,99.0,99.0,<1,Americas,BLM,
Saint Barthelemy,2013,9.318,,99.0,99.0,<1,Americas,BLM,
Saint Barthelemy,2014,9.447,,99.0,99.0,<1,Americas,BLM,
Saint Barthelemy,2015,9.59,,99.0,99.0,<1,Americas,BLM,
Saint Barthelemy,2016,9.75,,99.0,99.0,<1,Americas,BLM,
Saint Barthelemy,2017,9.928,,99.0,99.0,<1,Americas,BLM,
Saint Barthelemy,2018,10.107,,99.0,99.0,<1,Americas,BLM,
Saint Barthelemy,2019,10.299,,99.0,99.0,<1,Americas,BLM,
Saint Barthelemy,2020,10.543,,99.0,99.0,<1,Americas,BLM,
Saint Barthelemy,2021,10.764,,99.0,99.0,<1,Americas,BLM,
Saint Barthelemy,2022,10.92,,99.0,99.0,<1,Americas,BLM,
Saint Barthelemy,2023,11.085,,99.0,99.0,<1,Americas,BLM,
Saint Barthelemy,2024,11.258,,99.0,99.0,<1,Americas,BLM,
Saint Helena,2002,5.85,40.17900085449219,99.0,80.86642516570265,<1,Africa,SHN,
Saint Helena,2003,5.753,40.08699798583984,99.0,80.86642516570265,<1,Africa,SHN,
Saint Helena,2004,5.651,39.99400329589844,99.0,80.86642516570265,<1,Africa,SHN,
Saint Helena,2005,5.543,39.9010009765625,99.0,80.86642516570265,<1,Africa,SHN,
Saint Helena,2006,5.433,39.80900192260742,99.0,80.86642516570265,<1,Africa,SHN,
Saint Helena,2007,5.322,39.71699905395508,99.0,80.86223749405886,<1,Africa,SHN,
Saint Helena,2008,5.272,39.624000549316406,99.0,80.85804982241505,<1,Africa,SHN,
Saint Helena,2009,5.296,39.552001953125,99.0,80.85386215077126,<1,Africa,SHN,
Saint Helena,2010,5.329,39.5,99.0,80.84967447912747,<1,Africa,SHN,
Saint Helena,2011,5.364,39.46799850463867,99.0,80.84548680748368,<1,Africa,SHN,
Saint Helena,2012,5.403,39.45600128173828,99.0,82.79420039740309,<1,Africa,SHN,
Saint Helena,2013,5.435,39.4640007019043,99.0,84.74271166229003,<1,Africa,SHN,
Saint Helena,2014,5.466,39.492000579833984,99.0,86.6910206021445,<1,Africa,SHN,
Saint Helena,2015,5.505,39.53999710083008,99.0,88.63912721696605,<1,Africa,SHN,
Saint Helena,2016,5.517,39.60799789428711,99.0,90.5870315067556,<1,Africa,SHN,
Saint Helena,2017,5.501,39.69599914550781,99.0,92.53473347151264,<1,Africa,SHN,
Saint Helena,2018,5.481,39.80500030517578,99.0,94.48223311123726,<1,Africa,SHN,
Saint Helena,2019,5.458,39.93299865722656,99.0,96.4295304259294,<1,Africa,SHN,
Saint Helena,2020,5.43,40.08199691772461,99.0,98.37662541558862,<1,Africa,SHN,
Saint Helena,2021,5.39,40.2509994506836,99.0,98.49214108598144,<1,Africa,SHN,
Saint Helena,2022,5.343,40.44100189208984,99.0,98.44320394031634,<1,Africa,SHN,
Saint Helena,2023,5.289,40.6510009765625,99.0,98.39427133817895,<1,Africa,SHN,
Saint Helena,2024,5.237,40.88100051879883,99.0,98.39427133817895,<1,Africa,SHN,
Saint Kitts and Nevis,2000,45.248,32.77799987792969,98.4498940767374,,<1,Americas,KNA,High income
Saint Kitts and Nevis,2001,45.761,32.597999572753906,98.4623525425581,,<1,Americas,KNA,High income
Saint Kitts and Nevis,2002,46.02,32.45500183105469,98.4748110083788,,<1,Americas,KNA,High income
Saint Kitts and Nevis,2003,46.176,32.3120002746582,98.4872694741995,,<1,Americas,KNA,High income
Saint Kitts and Nevis,2004,46.315,32.17000198364258,98.4997279400202,,<1,Americas,KNA,High income
Saint Kitts and Nevis,2005,46.437,32.02799987792969,98.51218640584092,,<1,Americas,KNA,High income
Saint Kitts and Nevis,2006,46.569,31.88599967956543,98.5246448716616,,<1,Americas,KNA,High income
Saint Kitts and Nevis,2007,46.706,31.74399948120117,98.5371033374823,,<1,Americas,KNA,High income
Saint Kitts and Nevis,2008,46.835,31.602998733520508,98.549561803303,,<1,Americas,KNA,High income
Saint Kitts and Nevis,2009,46.916,31.46299934387207,98.5620202691237,,<1,Americas,KNA,High income
Saint Kitts and Nevis,2010,46.846,31.321998596191406,98.57447873494442,,<1,Americas,KNA,High income
Saint Kitts and Nevis,2011,46.886,31.18199920654297,98.58693720076512,,<1,Americas,KNA,High income
Saint Kitts and Nevis,2012,47.033,31.062000274658203,98.59939566658582,,<1,Americas,KNA,High income
Saint Kitts and Nevis,2013,47.069,30.963998794555664,98.61185413240652,,<1,Americas,KNA,High income
Saint Kitts and Nevis,2014,47.089,30.884998321533203,98.61185413240652,,<1,Americas,KNA,High income
Saint Kitts and Nevis,2015,47.087,30.827001571655277,98.61185413240652,,<1,Americas,KNA,High income
Saint Kitts and Nevis,2016,47.075,30.790000915527344,98.61185413240652,,<1,Americas,KNA,High income
Saint Kitts and Nevis,2017,47.05,30.772998809814453,98.61185413240652,,<1,Americas,KNA,High income
Saint Lucia,2000,158.616,27.77400016784668,90.62743001371844,,<1,Americas,LCA,Upper middle income
Saint Lucia,2001,160.237,27.472999572753903,90.61051226566268,,<1,Americas,LCA,Upper middle income
Saint Lucia,2002,161.641,26.328998565673828,90.54620841254308,,<1,Americas,LCA,Upper middle income
Saint Lucia,2003,162.976,25.21600151062012,90.8572851699581,,<1,Americas,LCA,Upper middle income
Saint Lucia,2004,164.239,24.132999420166016,91.17700530389904,,<1,Americas,LCA,Upper middle income
Saint Lucia,2005,165.45,23.084999084472656,91.50530698426688,,<1,Americas,LCA,Upper middle income
Saint Lucia,2006,166.639,22.06800079345703,91.84168725018976,,<1,Americas,LCA,Upper middle income
Saint Lucia,2007,167.758,21.083999633789062,92.18591933388834,,<1,Americas,LCA,Upper middle income
Saint Lucia,2008,168.808,20.130998611450195,92.53760905185888,,<1,Americas,LCA,Upper middle income
Saint Lucia,2009,169.869,19.21299934387207,92.8966104390121,,<1,Americas,LCA,Upper middle income
Saint Lucia,2010,170.906,18.44999885559082,93.26622941121188,,<1,Americas,LCA,Upper middle income
Saint Lucia,2011,171.801,18.44999885559082,93.66159151862168,,<1,Americas,LCA,Upper middle income
Saint Lucia,2012,172.587,18.44999885559082,94.0569581898498,,<1,Americas,LCA,Upper middle income
Saint Lucia,2013,173.369,18.46099853515625,94.45254238905692,,<1,Americas,LCA,Upper middle income
Saint Lucia,2014,174.138,18.48200035095215,94.84824285742822,,<1,Americas,LCA,Upper middle income
Saint Lucia,2015,174.905,18.51499938964844,95.24398475214169,,<1,Americas,LCA,Upper middle income
Saint Lucia,2016,175.646,18.558000564575195,95.63962268540168,,<1,Americas,LCA,Upper middle income
Saint Lucia,2017,176.342,18.61199951171875,96.0350677750338,,<1,Americas,LCA,Upper middle income
Saint Lucia,2018,177.017,18.678001403808597,96.43023042366544,,<1,Americas,LCA,Upper middle income
Saint Lucia,2019,177.661,18.753999710083008,96.82498025057038,,<1,Americas,LCA,Upper middle income
Saint Lucia,2020,178.25,18.840999603271484,97.21923485273236,,<1,Americas,LCA,Upper middle income
Saint Lucia,2021,178.522,18.940000534057617,97.61286210472409,,<1,Americas,LCA,Upper middle income
Saint Lucia,2022,178.781,19.05000114440918,97.8739462216036,,<1,Americas,LCA,Upper middle income
Saint Lucia,2023,179.285,19.171998977661133,98.09668766836168,,<1,Americas,LCA,Upper middle income
Saint Lucia,2024,179.744,19.30599975585937,98.09568165760685,,<1,Americas,LCA,Upper middle income
Saint Martin (French part),2000,29.996,,99.0,96.7,<1,Americas,MAF,High income
Saint Martin (French part),2001,30.803,,99.0,96.7,<1,Americas,MAF,High income
Saint Martin (French part),2002,31.604,,99.0,96.7,<1,Americas,MAF,High income
Saint Martin (French part),2003,32.395,,99.0,96.7,<1,Americas,MAF,High income
Saint Martin (French part),2004,33.171,,99.0,96.7,<1,Americas,MAF,High income
Saint Martin (French part),2005,33.928,,99.0,96.7,<1,Americas,MAF,High income
Saint Martin (French part),2006,34.658,,99.0,96.7,<1,Americas,MAF,High income
Saint Martin (French part),2007,35.337,,99.0,96.7,<1,Americas,MAF,High income
Saint Martin (French part),2008,35.958,,99.0,96.7,<1,Americas,MAF,High income
Saint Martin (French part),2009,36.502,,99.0,96.7,<1,Americas,MAF,High income
Saint Martin (French part),2010,36.856,,99.0,96.6978902335304,<1,Americas,MAF,High income
Saint Martin (French part),2011,37.069,,99.0,96.69232032819636,<1,Americas,MAF,High income
Saint Martin (French part),2012,37.276,,99.0,96.68675042286227,<1,Americas,MAF,High income
Saint Martin (French part),2013,37.419,,99.0,96.68118051752822,<1,Americas,MAF,High income
Saint Martin (French part),2014,37.45,,99.0,96.67561061219416,<1,Americas,MAF,High income
Saint Martin (French part),2015,37.369,,99.0,96.6700407068601,<1,Americas,MAF,High income
Saint Martin (French part),2016,37.175,,99.0,96.66447080152604,<1,Americas,MAF,High income
Saint Martin (French part),2017,36.837,,99.0,96.658900896192,<1,Americas,MAF,High income
Saint Martin (French part),2018,36.012,,99.0,96.65333099085794,<1,Americas,MAF,High income
Saint Martin (French part),2019,34.267,,99.0,96.64776108552388,<1,Americas,MAF,High income
Saint Martin (French part),2020,31.786,,99.0,96.64219118018984,<1,Americas,MAF,High income
Saint Martin (French part),2021,29.961,,99.0,96.63662127485576,<1,Americas,MAF,High income
Saint Martin (French part),2022,28.87,,99.0,96.6310513695217,<1,Americas,MAF,High income
Saint Martin (French part),2023,27.515,,99.0,96.62548146418766,<1,Americas,MAF,High income
Saint Martin (French part),2024,26.129,,99.0,96.62548146418766,<1,Americas,MAF,High income
Saint Pierre and Miquelon,2007,6.048,89.9280014038086,90.0362590502466,80.6256860269768,<1,Americas,SPM,
Saint Pierre and Miquelon,2008,6.037,89.91799926757812,90.0362590502466,80.6256860269768,<1,Americas,SPM,
Saint Pierre and Miquelon,2009,6.029,89.90799713134766,90.0362590502466,80.6256860269768,<1,Americas,SPM,
Saint Pierre and Miquelon,2010,6.024,89.9020004272461,90.0362590502466,80.6256860269768,<1,Americas,SPM,
Saint Pierre and Miquelon,2011,6.013,89.89899444580078,90.0362590502466,80.6256860269768,<1,Americas,SPM,
Saint Pierre and Miquelon,2012,5.995,89.89599609375,90.94017441921392,82.27168219676952,<1,Americas,SPM,
Saint Pierre and Miquelon,2013,5.976,89.89400482177734,91.84408978818146,83.93430858566336,<1,Americas,SPM,
Saint Pierre and Miquelon,2014,5.961,89.89099884033203,92.74800515714878,85.61356519365809,<1,Americas,SPM,
Saint Pierre and Miquelon,2015,5.947,89.88899993896484,93.6519205261161,87.3094520207535,<1,Americas,SPM,
Saint Pierre and Miquelon,2016,5.93,89.89199829101562,94.55583589508342,89.0219690669498,<1,Americas,SPM,
Saint Pierre and Miquelon,2017,5.919,89.9010009765625,95.45975126405074,90.75111633224698,<1,Americas,SPM,
Saint Pierre and Miquelon,2018,5.91,89.91600036621094,96.36366663301806,92.49689381664504,<1,Americas,SPM,
Saint Pierre and Miquelon,2019,5.876,89.93599700927734,97.26758200198536,94.25930152014402,<1,Americas,SPM,
Saint Pierre and Miquelon,2020,5.827,89.96199798583984,98.1714973709527,96.0383394427441,<1,Americas,SPM,
Saint Pierre and Miquelon,2021,5.779,89.99400329589844,98.1714973709527,96.0383394427441,<1,Americas,SPM,
Saint Pierre and Miquelon,2022,5.732,90.03199768066406,98.1714973709527,96.0383394427441,<1,Americas,SPM,
Saint Pierre and Miquelon,2023,5.681,90.0749969482422,98.1714973709527,96.0383394427441,<1,Americas,SPM,
Saint Pierre and Miquelon,2024,5.628,90.1230010986328,98.1714973709527,96.0383394427441,<1,Americas,SPM,
Saint Vincent and the Grenadines,2000,113.545,45.18600082397461,95.44887666728216,,-,Americas,VCT,Upper middle income
Saint Vincent and the Grenadines,2001,113.501,45.54800033569336,95.60567058601096,,-,Americas,VCT,Upper middle income
Saint Vincent and the Grenadines,2002,113.347,45.91400146484375,95.76310652254035,,-,Americas,VCT,Upper middle income
Saint Vincent and the Grenadines,2003,113.141,46.28300094604492,95.92118907366851,,-,Americas,VCT,Upper middle income
Saint Vincent and the Grenadines,2004,112.835,46.65600204467773,96.0799247403839,,-,Americas,VCT,Upper middle income
Saint Vincent and the Grenadines,2005,112.45,47.03199768066406,96.2393271059169,,-,Americas,VCT,Upper middle income
Saint Vincent and the Grenadines,2006,112.014,47.4119987487793,96.39940463630415,,-,Americas,VCT,Upper middle income
Saint Vincent and the Grenadines,2007,111.531,47.79399871826172,96.56015606375436,,-,Americas,VCT,Upper middle income
Saint Vincent and the Grenadines,2008,111.028,48.18000030517578,96.72159830963928,,<1,Americas,VCT,Upper middle income
Saint Vincent and the Grenadines,2009,110.508,48.56900024414063,96.88373704970348,,<1,Americas,VCT,Upper middle income
Saint Vincent and the Grenadines,2010,109.959,48.96099853515625,97.04657913964886,,<1,Americas,VCT,Upper middle income
Saint Vincent and the Grenadines,2011,109.349,49.35599899291992,97.21013105013164,,<1,Americas,VCT,Upper middle income
Saint Vincent and the Grenadines,2012,108.736,49.753997802734375,97.37440273234589,,<1,Americas,VCT,Upper middle income
Saint Vincent and the Grenadines,2013,108.135,50.15399932861328,97.53938469553516,,<1,Americas,VCT,Upper middle income
Saint Vincent and the Grenadines,2014,107.535,50.55800247192383,97.70511582632876,,<1,Americas,VCT,Upper middle income
Saint Vincent and the Grenadines,2015,106.96,50.96399688720703,97.71085989018368,,<1,Americas,VCT,Upper middle income
Saint Vincent and the Grenadines,2016,106.349,51.37299728393555,97.71664011498903,,<1,Americas,VCT,Upper middle income
Saint Vincent and the Grenadines,2017,105.663,51.78400421142578,97.7224514289518,,-,Americas,VCT,Upper middle income
Saint Vincent and the Grenadines,2018,104.926,52.197998046875,97.72830627473138,,-,Americas,VCT,Upper middle income
Samoa,2000,181.685,21.976999282836918,87.2425744445138,60.15973247313817,<1,Western Pacific,WSM,Lower middle income
Samoa,2001,183.166,22.06800079345703,87.23958705171303,60.18575913389915,<1,Western Pacific,WSM,Lower middle income
Samoa,2002,184.471,21.94099998474121,87.24375539110353,60.14943540677396,<1,Western Pacific,WSM,Lower middle income
Samoa,2003,185.43,21.697999954223636,87.25174463339236,60.07994306152128,<1,Western Pacific,WSM,Lower middle income
Samoa,2004,186.249,21.457000732421875,87.25966297904196,60.01101972327076,<1,Western Pacific,WSM,Lower middle income
Samoa,2005,186.978,21.218000411987305,87.49689822225858,60.10995943477881,<1,Western Pacific,WSM,Lower middle income
Samoa,2006,187.709,20.981000900268555,87.73334483314686,60.20842916624542,<1,Western Pacific,WSM,Lower middle income
Samoa,2007,188.753,20.75,87.96889730347038,60.30761240635972,<1,Western Pacific,WSM,Lower middle income
Samoa,2008,190.107,20.52400016784668,88.20361964793298,60.40725875789067,<1,Western Pacific,WSM,Lower middle income
Samoa,2009,191.513,20.299999237060547,88.43759457936534,60.50650142545091,<1,Western Pacific,WSM,Lower middle income
Samoa,2010,193.023,20.078001022338867,88.67083929650865,60.60535886681246,<1,Western Pacific,WSM,Lower middle income
Samoa,2011,194.713,19.85700035095215,88.90339229744195,60.70354663016435,<1,Western Pacific,WSM,Lower middle income
Samoa,2012,196.498,19.623998641967773,89.13551503195116,60.79711687687777,<1,Western Pacific,WSM,Lower middle income
Samoa,2013,198.268,19.38500022888184,90.03607502511582,60.88782997489973,<1,Western Pacific,WSM,Lower middle income
Samoa,2014,200.037,19.14900016784668,90.9382375010808,61.07640776424791,<1,Western Pacific,WSM,Lower middle income
Samoa,2015,201.782,18.91400146484375,91.8420321668066,61.26262394456908,<1,Western Pacific,WSM,Lower middle income
Samoa,2016,203.499,18.68099975585937,92.74742609628515,61.44679147455631,<1,Western Pacific,WSM,Lower middle income
Samoa,2017,205.415,18.45199966430664,93.65442453953264,61.62960512094462,<1,Western Pacific,WSM,Lower middle income
Samoa,2018,207.582,18.243000030517575,94.5630996694418,61.81660565519216,<1,Western Pacific,WSM,Lower middle income
Samoa,2019,209.78,18.05599975585937,95.47369800210548,62.00892206126781,<1,Western Pacific,WSM,Lower middle income
Samoa,2020,211.944,17.888999938964844,96.3864371758172,62.17864024056458,<1,Western Pacific,WSM,Lower middle income
Samoa,2021,213.779,17.742000579833984,97.30155455185194,62.28833618858653,<1,Western Pacific,WSM,Lower middle income
Samoa,2022,215.261,17.615999221801758,98.1847056726277,62.37301304552838,<1,Western Pacific,WSM,Lower middle income
Samoa,2023,216.663,17.507999420166016,98.9302348547362,62.43378128961658,<1,Western Pacific,WSM,Lower middle income
Samoa,2024,218.019,17.420000076293945,99.0,62.50194060138003,<1,Western Pacific,WSM,Lower middle income
San Marino,2000,26.799,93.44000244140624,99.0,99.0,<1,Europe,SMR,High income
San Marino,2001,27.143,93.75,99.0,99.0,<1,Europe,SMR,High income
San Marino,2002,27.491,93.9250030517578,99.0,99.0,<1,Europe,SMR,High income
San Marino,2003,27.843,93.9749984741211,99.0,99.0,<1,Europe,SMR,High income
San Marino,2004,28.203,94.15499877929688,99.0,99.0,<1,Europe,SMR,High income
San Marino,2005,28.572,94.4530029296875,99.0,99.0,<1,Europe,SMR,High income
San Marino,2006,28.942,94.73600006103516,99.0,99.0,<1,Europe,SMR,High income
San Marino,2007,29.316,95.00700378417967,99.0,99.0,<1,Europe,SMR,High income
San Marino,2008,29.701,95.26399993896484,99.0,99.0,<1,Europe,SMR,High income
San Marino,2009,30.09,95.50799560546876,99.0,99.0,<1,Europe,SMR,High income
San Marino,2010,30.624,95.74000549316406,99.0,99.0,<1,Europe,SMR,High income
San Marino,2011,32.169,95.96099853515624,99.0,99.0,<1,Europe,SMR,High income
San Marino,2012,33.467,96.1709976196289,99.0,99.0,<1,Europe,SMR,High income
San Marino,2013,33.62,96.37000274658205,99.0,99.0,<1,Europe,SMR,High income
San Marino,2014,33.725,96.55899810791016,99.0,99.0,<1,Europe,SMR,High income
San Marino,2015,33.901,96.73899841308594,99.0,99.0,<1,Europe,SMR,High income
San Marino,2016,34.161,96.91000366210938,99.0,99.0,<1,Europe,SMR,High income
San Marino,2017,34.378,97.0719985961914,99.0,99.0,<1,Europe,SMR,High income
San Marino,2018,34.529,97.22599792480467,99.0,99.0,<1,Europe,SMR,High income
San Marino,2019,34.653,97.36800384521484,99.0,99.0,<1,Europe,SMR,High income
San Marino,2020,34.769,97.4990005493164,99.0,99.0,<1,Europe,SMR,High income
San Marino,2021,34.572,97.6199951171875,99.0,99.0,<1,Europe,SMR,High income
San Marino,2022,34.09,97.73200225830078,99.0,99.0,<1,Europe,SMR,High income
San Marino,2023,33.733,97.83599853515624,99.0,99.0,<1,Europe,SMR,High income
San Marino,2024,33.581,97.93199920654295,99.0,99.0,<1,Europe,SMR,High income
Sao Tome and Principe,2000,144.018,53.42399978637695,69.18870739232617,25.94730013732185,10.23996134885509,Africa,STP,Lower middle income
Sao Tome and Principe,2001,146.375,54.37700271606445,69.64652714536163,26.38207785146981,9.770529177220011,Africa,STP,Lower middle income
Sao Tome and Principe,2002,149.922,55.55499649047852,70.122877439146,26.8517437840908,9.280836983108225,Africa,STP,Lower middle income
Sao Tome and Principe,2003,153.814,56.76599884033203,70.59285912427008,27.32992430742446,8.794631197648007,Africa,STP,Lower middle income
Sao Tome and Principe,2004,157.705,57.97200012207031,71.05183334677058,27.81135802111758,8.316389515735091,Africa,STP,Lower middle income
Sao Tome and Principe,2005,161.639,59.165000915527344,71.49903039259175,28.29492357546652,7.846922262608081,Africa,STP,Lower middle income
Sao Tome and Principe,2006,165.638,60.34799957275391,71.93499758675406,28.78105521346651,7.385796674436051,Africa,STP,Lower middle income
Sao Tome and Principe,2007,169.7,61.519996643066406,72.35981220859362,29.26961614264333,6.933022430897391,Africa,STP,Lower middle income
Sao Tome and Principe,2008,173.793,62.68000030517578,72.77356467233533,29.76046710563327,6.488596323934444,Africa,STP,Lower middle income
Sao Tome and Principe,2009,177.853,63.823001861572266,73.17592564325412,30.25286866791832,6.052879869820051,Africa,STP,Lower middle income
Sao Tome and Principe,2010,181.802,64.95199584960938,73.56743853111806,30.74725052425377,5.625444290174106,Africa,STP,Lower middle income
Sao Tome and Principe,2011,185.649,66.06400299072266,73.9480124273014,31.24315606280806,5.206424420238457,Africa,STP,Lower middle income
Sao Tome and Principe,2012,189.439,67.15999603271484,74.31797117975144,31.74071532722502,4.795579919876896,Africa,STP,Lower middle income
Sao Tome and Principe,2013,193.148,68.20800018310547,74.6744974780629,32.23502944930772,4.395397204223448,Africa,STP,Lower middle income
Sao Tome and Principe,2014,196.767,69.21300506591797,75.01849359987298,32.72673262952188,4.005038555783516,Africa,STP,Lower middle income
Sao Tome and Principe,2015,200.291,70.17400360107422,75.3502679497471,33.2155492701388,3.624186123729351,Africa,STP,Lower middle income
Sao Tome and Principe,2016,203.689,71.09199523925781,75.67030852983515,33.70151069009506,3.25236259595015,Africa,STP,Lower middle income
Sao Tome and Principe,2017,206.97,71.96800231933594,75.97909300815931,34.18465454178926,2.889102280824178,Africa,STP,Lower middle income
Sao Tome and Principe,2018,210.187,72.8030014038086,76.27706121467017,34.6650082017517,2.53395274992661,Africa,STP,Lower middle income
Sao Tome and Principe,2019,213.392,73.5979995727539,76.56466131201492,35.14261349226679,2.186473926262821,Africa,STP,Lower middle income
Sao Tome and Principe,2020,217.435,74.35399627685547,76.84230360789091,35.61750545300464,1.846236805132916,Africa,STP,Lower middle income
Sao Tome and Principe,2021,221.961,75.072998046875,77.11047954299335,36.08989212179557,1.512768076061438,Africa,STP,Lower middle income
Sao Tome and Principe,2022,226.305,75.75499725341797,77.55741167415113,36.37309258434687,1.293032262552956,Africa,STP,Lower middle income
Sao Tome and Principe,2023,230.871,76.4010009765625,77.76274401764226,36.53061284132053,1.135971195381115,Africa,STP,Lower middle income
Sao Tome and Principe,2024,235.536,77.01399993896484,77.95744583703197,36.68003809267376,<1,Africa,STP,Lower middle income
Saudi Arabia,2000,16177.722,79.8479995727539,99.0,,<1,Eastern Mediterranean,SAU,High income
Saudi Arabia,2001,17041.397,80.07699584960938,99.0,,<1,Eastern Mediterranean,SAU,High income
Saudi Arabia,2002,17910.91,80.30400085449219,99.0,,<1,Eastern Mediterranean,SAU,High income
Saudi Arabia,2003,18786.767,80.52999877929688,99.0,,<1,Eastern Mediterranean,SAU,High income
Saudi Arabia,2004,19669.48,80.75399780273438,99.0,,<1,Eastern Mediterranean,SAU,High income
Saudi Arabia,2005,20559.89,80.97900390625,99.0,,<1,Eastern Mediterranean,SAU,High income
Saudi Arabia,2006,21459.144,81.20399475097656,99.0,,<1,Eastern Mediterranean,SAU,High income
Saudi Arabia,2007,22368.313,81.427001953125,99.0,,<1,Eastern Mediterranean,SAU,High income
Saudi Arabia,2008,23287.877,81.64900207519531,99.0,,<1,Eastern Mediterranean,SAU,High income
Saudi Arabia,2009,24217.654,81.86699676513672,99.0,,<1,Eastern Mediterranean,SAU,High income
Saudi Arabia,2010,25157.128,82.08399963378906,99.0,,<1,Eastern Mediterranean,SAU,High income
Saudi Arabia,2011,26105.645,82.302001953125,99.0,,<1,Eastern Mediterranean,SAU,High income
Saudi Arabia,2012,27062.443,82.52000427246094,99.0,,<1,Eastern Mediterranean,SAU,High income
Saudi Arabia,2013,28026.825,82.74000549316406,99.0,,<1,Eastern Mediterranean,SAU,High income
Saudi Arabia,2014,28998.128,82.95999908447266,99.0,,<1,Eastern Mediterranean,SAU,High income
Saudi Arabia,2015,29974.938,83.18000030517578,99.0,,<1,Eastern Mediterranean,SAU,High income
Saudi Arabia,2016,30717.808,83.4010009765625,99.0,,<1,Eastern Mediterranean,SAU,High income
Saudi Arabia,2017,30782.402,83.62200164794922,99.0,,<1,Eastern Mediterranean,SAU,High income
Saudi Arabia,2018,30365.121,83.84400177001953,99.0,,<1,Eastern Mediterranean,SAU,High income
Saudi Arabia,2019,30472.811,84.06500244140625,99.0,,<1,Eastern Mediterranean,SAU,High income
Saudi Arabia,2020,30991.207,84.28700256347656,99.0,,<1,Eastern Mediterranean,SAU,High income
Saudi Arabia,2021,31328.375,84.50800323486328,99.0,,<1,Eastern Mediterranean,SAU,High income
Saudi Arabia,2022,32175.352,84.72899627685547,99.0,,<1,Eastern Mediterranean,SAU,High income
Saudi Arabia,2023,33264.292,84.94999694824219,99.0,,<1,Eastern Mediterranean,SAU,High income
Saudi Arabia,2024,33962.757,85.17100524902344,99.0,,<1,Eastern Mediterranean,SAU,High income
Senegal,2000,9968.26,40.31999969482422,59.79973596550378,20.03323958628872,1.600468325469748,Africa,SEN,Lower middle income
Senegal,2001,10212.942,40.4640007019043,60.90664658063541,20.26349657267239,1.531044247112797,Africa,SEN,Lower middle income
Senegal,2002,10466.214,40.60699844360352,62.01612912861217,20.49298366314066,1.461784935644099,Africa,SEN,Lower middle income
Senegal,2003,10721.176,40.89800262451172,63.19424539222982,20.76823825799739,1.390601430114158,Africa,SEN,Lower middle income
Senegal,2004,10975.704,41.305999755859375,64.42184615771626,21.07892823931099,1.318143778110982,Africa,SEN,Lower middle income
Senegal,2005,11235.472,41.7140007019043,65.64540333796226,21.38832592851473,1.246111934866371,Africa,SEN,Lower middle income
Senegal,2006,11500.094,42.124000549316406,66.86560708028699,21.69705124856111,1.174481144474769,Africa,SEN,Lower middle income
Senegal,2007,11770.344,42.53499984741211,68.08184617655742,22.00478487989144,1.103266330472406,Africa,SEN,Lower middle income
Senegal,2008,12048.959,42.946998596191406,69.29395081596905,22.31152228982365,1.032469112619324,Africa,SEN,Lower middle income
Senegal,2009,12337.389,43.35900115966797,70.5013902121975,22.61695793275671,<1,Africa,SEN,Lower middle income
Senegal,2010,12635.413,43.77300262451172,71.70472897842366,22.92169266059503,<1,Africa,SEN,Lower middle income
Senegal,2011,12958.897,44.1879997253418,72.9034178534763,23.22541770893016,<1,Africa,SEN,Lower middle income
Senegal,2012,13310.495,44.60300064086914,74.0969620089046,23.52783067595442,<1,Africa,SEN,Lower middle income
Senegal,2013,13710.849,45.01900100708008,75.28553707730772,23.82922889024257,<1,Africa,SEN,Lower middle income
Senegal,2014,14152.102,45.43600082397461,76.46896680992002,24.12960592157294,<1,Africa,SEN,Lower middle income
Senegal,2015,14593.331,45.86199951171875,77.64932024319398,24.43130326508775,<1,Africa,SEN,Lower middle income
Senegal,2016,15034.521,46.29600143432617,78.82581393398321,24.73398817300785,<1,Africa,SEN,Lower middle income
Senegal,2017,15475.002,46.7400016784668,79.99847268746056,25.03820305484453,<1,Africa,SEN,Lower middle income
Senegal,2018,15914.498,47.19200134277344,81.16624226018173,25.34332168625109,<1,Africa,SEN,Lower middle income
Senegal,2019,16352.922,47.65299987792969,82.32886005054189,25.64959372306816,<1,Africa,SEN,Lower middle income
Senegal,2020,16789.219,48.12200164794922,83.48557356641214,25.9566923925669,<1,Africa,SEN,Lower middle income
Senegal,2021,17220.867,48.59999847412109,84.63607480077204,26.26486249449341,<1,Africa,SEN,Lower middle income
Senegal,2022,17651.103,49.08599853515625,85.77962884308337,26.57377640455335,<1,Africa,SEN,Lower middle income
Senegal,2023,18077.573,49.57900238037109,86.91556682032501,26.88312107953473,<1,Africa,SEN,Lower middle income
Senegal,2024,18501.984,50.08000183105469,88.04356704383812,27.19314070505821,<1,Africa,SEN,Lower middle income
Serbia,2000,7694.605,52.76900100708008,89.41923934750676,74.41925421930597,<1,Europe,SRB,Upper middle income
Serbia,2001,7651.927,52.99199676513672,89.39539242087804,74.44541090875664,<1,Europe,SRB,Upper middle income
Serbia,2002,7616.743,53.21499633789063,89.37172009625216,74.47170083545763,<1,Europe,SRB,Upper middle income
Serbia,2003,7590.935,53.4370002746582,89.34828299839934,74.49797804297394,<1,Europe,SRB,Upper middle income
Serbia,2004,7565.841,53.6609992980957,89.32490646720419,74.52468659419745,<1,Europe,SRB,Upper middle income
Serbia,2005,7539.133,53.882999420166016,89.67200827233161,74.5512268510666,<1,Europe,SRB,Upper middle income
Serbia,2006,7511.394,54.1050033569336,90.02058206791958,74.57790610628739,<1,Europe,SRB,Upper middle income
Serbia,2007,7482.989,54.32799911499024,90.37057444968238,74.60486664838919,<1,Europe,SRB,Upper middle income
Serbia,2008,7454.279,54.54999923706055,90.7220873327348,74.63181039954391,<1,Europe,SRB,Upper middle income
Serbia,2009,7425.347,54.772003173828125,91.07507207536548,74.65888941201872,<1,Europe,SRB,Upper middle income
Serbia,2010,7395.864,54.99299621582031,91.4295629669581,74.68594667444806,<1,Europe,SRB,Upper middle income
Serbia,2011,7364.859,55.21500015258789,91.78549145516104,74.71329265453168,<1,Europe,SRB,Upper middle income
Serbia,2012,7324.623,55.35600280761719,92.14529894748595,74.7284510084725,<1,Europe,SRB,Upper middle income
Serbia,2013,7276.18,55.46900177001953,92.5067790597268,74.7394297105426,<1,Europe,SRB,Upper middle income
Serbia,2014,7227.203,55.58300018310547,92.8689758961741,74.75062472969826,<1,Europe,SRB,Upper middle income
Serbia,2015,7177.253,55.69599914550781,93.23194940388191,74.7617385185247,<1,Europe,SRB,Upper middle income
Serbia,2016,7126.083,55.80999755859375,93.5956537011763,74.77307451991801,<1,Europe,SRB,Upper middle income
Serbia,2017,7073.507,55.94199752807617,93.95988081033488,74.7872431709499,<1,Europe,SRB,Upper middle income
Serbia,2018,7020.019,56.09199905395508,94.32480906213333,74.80425748353437,<1,Europe,SRB,Upper middle income
Serbia,2019,6966.153,56.26000213623047,94.69063068896531,74.82414080001499,<1,Europe,SRB,Upper middle income
Serbia,2020,6907.812,56.44599914550781,95.0575271243011,74.84690637301956,<1,Europe,SRB,Upper middle income
Serbia,2021,6835.43,56.6510009765625,95.4256771978758,74.87272359123071,<1,Europe,SRB,Upper middle income
Serbia,2022,6791.213,56.87300109863281,95.4163594509615,74.90129948796204,<1,Europe,SRB,Upper middle income
Serbia,2023,6773.201,57.11299896240234,95.40725349560287,74.93280719507712,<1,Europe,SRB,Upper middle income
Serbia,2024,6736.216,57.371002197265625,95.39838202106004,74.9672634764971,<1,Europe,SRB,Upper middle income
Seychelles,2000,83.318,50.43299865722656,93.56640776468396,61.94741479592869,-,Africa,SYC,High income
Seychelles,2001,84.606,50.64599990844727,93.7397794837197,62.06219883060063,-,Africa,SYC,High income
Seychelles,2002,85.857,50.8759994506836,93.9131512027555,62.17698286527261,-,Africa,SYC,High income
Seychelles,2003,87.034,51.12300109863281,94.08652292179124,62.29176689994455,-,Africa,SYC,High income
Seychelles,2004,88.156,51.38800048828125,94.25989464082704,62.40655093461653,3.772512670498997,Africa,SYC,High income
Seychelles,2005,89.266,51.67000198364258,94.43326635986278,62.52133496928847,3.772512670498997,Africa,SYC,High income
Seychelles,2006,90.373,51.968997955322266,94.60663807889858,62.63611900396045,3.772512670498997,Africa,SYC,High income
Seychelles,2007,91.468,52.28499603271485,94.78000979793433,62.75090303863239,3.772512670498997,Africa,SYC,High income
Seychelles,2008,92.547,52.61899948120117,94.95338151697008,62.86568707330433,3.772512670498997,Africa,SYC,High income
Seychelles,2009,93.628,52.96900177001953,95.12675323600588,62.9804711079763,3.772512670498997,Africa,SYC,High income
Seychelles,2010,94.971,53.33599853515625,95.3001249550416,63.09525514264824,3.772512670498997,Africa,SYC,High income
Seychelles,2011,97.024,53.71999740600586,95.4734966740774,63.21003917732022,3.772512670498997,Africa,SYC,High income
Seychelles,2012,99.543,54.119998931884766,95.64686839311317,63.32482321199216,3.772512670498997,Africa,SYC,High income
Seychelles,2013,102.093,54.5369987487793,95.82024011214897,63.43960724666413,3.772512670498997,Africa,SYC,High income
Seychelles,2014,104.654,54.96900177001953,95.9936118311847,63.55439128133607,3.772512670498997,Africa,SYC,High income
Seychelles,2015,107.23,55.400001525878906,96.1669835502205,63.66917531600806,3.772512670498997,Africa,SYC,High income
Seychelles,2016,109.821,55.830997467041016,96.23174048637864,63.71204887374036,3.768259513621341,Africa,SYC,High income
Seychelles,2017,112.427,56.2609977722168,96.23825493573752,63.7163618884883,3.761745064262465,Africa,SYC,High income
Seychelles,2018,115.04,56.69100189208984,96.24474690001472,63.72066001656148,3.755253099985271,Africa,SYC,High income
Seychelles,2019,117.65,57.11899948120117,96.86047042636352,64.12831145469585,-,Africa,SYC,High income
Seychelles,2020,120.291,57.54600143432617,97.03384214539932,64.24309548936783,-,Africa,SYC,High income
Seychelles,2021,122.987,57.97200012207031,97.20721386443506,64.35787952403977,-,Africa,SYC,High income
Seychelles,2022,125.522,58.39599990844727,97.38058558347086,64.47266355871174,-,Africa,SYC,High income
Seychelles,2023,127.951,58.81999588012695,97.5539573025066,64.58744759338369,-,Africa,SYC,High income
Seychelles,2024,130.418,59.24199676513672,97.72732902154236,64.70223162805563,-,Africa,SYC,High income
Sierra Leone,2000,4423.611,35.625999450683594,40.88311887027941,5.167969340636868,36.33472255496787,Africa,SLE,Low income
Sierra Leone,2001,4692.716,35.867000579833984,41.22370673675455,5.283256136630039,36.11723007436731,Africa,SLE,Low income
Sierra Leone,2002,4971.435,36.10900115966797,42.35640187373874,5.467281010551156,34.87582439320535,Africa,SLE,Low income
Sierra Leone,2003,5177.687,36.35200119018555,43.48952637209766,5.65695554108736,33.64021332655403,Africa,SLE,Low income
Sierra Leone,2004,5355.717,36.59600067138672,44.62304495963377,5.852204244446503,32.41043778925256,Africa,SLE,Low income
Sierra Leone,2005,5501.712,36.91900253295898,45.78672415374353,6.059148077625088,31.15681398692368,Africa,SLE,Low income
Sierra Leone,2006,5624.466,37.303001403808594,46.97215118036733,6.275895942336541,29.8890061583165,Africa,SLE,Low income
Sierra Leone,2007,5749.352,37.68899917602539,48.15631376894666,6.497538872570457,28.63033102677958,Africa,SLE,Low income
Sierra Leone,2008,5894.722,38.07699966430664,49.33913468092517,6.723951125360346,27.38086205265317,Africa,SLE,Low income
Sierra Leone,2009,6055.646,38.46599960327149,50.520195051474,6.954935879407516,26.141007821864,Africa,SLE,Low income
Sierra Leone,2010,6222.714,38.85599899291992,51.69944183293266,7.190372061254676,24.9108053507518,Africa,SLE,Low income
Sierra Leone,2011,6387.251,39.24799728393555,52.87716856763549,7.430206200889383,23.68999162357018,Africa,SLE,Low income
Sierra Leone,2012,6551.08,39.641998291015625,54.05330477716169,7.674309681624274,22.47864038259686,Africa,SLE,Low income
Sierra Leone,2013,6714.051,40.0359992980957,55.22712233213241,7.922426640666147,21.27738812653149,Africa,SLE,Low income
Sierra Leone,2014,6876.385,40.43199920654297,56.39923585392495,8.174562118036237,20.08570102619488,Africa,SLE,Low income
Sierra Leone,2015,7037.655,40.82899856567383,57.5692588907449,8.430526507116046,18.90391131483454,Africa,SLE,Low income
Sierra Leone,2016,7205.328,41.22800064086914,58.73744660658837,8.690249900847272,17.73181491511268,Africa,SLE,Low income
Sierra Leone,2017,7379.299,41.6359977722168,59.90581139701291,8.953960476767001,16.56789979458621,Africa,SLE,Low income
Sierra Leone,2018,7554.563,42.05500030517578,61.07471166057357,9.221558973867456,15.4120832718753,Africa,SLE,Low income
Sierra Leone,2019,7731.991,42.48400115966797,62.24359495365259,9.492779065464912,14.26498750561537,Africa,SLE,Low income
Sierra Leone,2020,7912.558,42.92300033569336,63.41221188284757,9.76740297338789,13.12699888992031,Africa,SLE,Low income
Sierra Leone,2021,8094.602,43.37199783325195,64.58031756087765,10.04520802311666,11.99850309322515,Africa,SLE,Low income
Sierra Leone,2022,8276.807,43.83100128173828,65.74765331219162,10.32596370462095,10.87988035167489,Africa,SLE,Low income
Sierra Leone,2023,8460.512,44.29999923706055,66.91397587186185,10.60943632747713,9.771519608403183,Africa,SLE,Low income
Sierra Leone,2024,8642.022,44.77899932861328,68.07902380618691,10.8953836036255,8.673802087020757,Africa,SLE,Low income
Singapore,2000,4035.245,100.0,99.0,99.0,<1,Western Pacific,SGP,High income
Singapore,2001,4116.166,100.0,99.0,99.0,<1,Western Pacific,SGP,High income
Singapore,2002,4146.892,100.0,99.0,99.0,<1,Western Pacific,SGP,High income
Singapore,2003,4138.245,100.0,99.0,99.0,<1,Western Pacific,SGP,High income
Singapore,2004,4172.767,100.0,99.0,99.0,<1,Western Pacific,SGP,High income
Singapore,2005,4268.364,100.0,99.0,99.0,<1,Western Pacific,SGP,High income
Singapore,2006,4407.058,100.0,99.0,99.0,<1,Western Pacific,SGP,High income
Singapore,2007,4596.515,100.0,99.0,99.0,<1,Western Pacific,SGP,High income
Singapore,2008,4806.741,100.0,99.0,99.0,<1,Western Pacific,SGP,High income
Singapore,2009,4968.568,100.0,99.0,99.0,<1,Western Pacific,SGP,High income
Singapore,2010,5077.014,100.0,99.0,99.0,<1,Western Pacific,SGP,High income
Singapore,2011,5182.239,100.0,99.0,99.0,<1,Western Pacific,SGP,High income
Singapore,2012,5293.34,100.0,99.0,99.0,<1,Western Pacific,SGP,High income
Singapore,2013,5385.588,100.0,99.0,99.0,<1,Western Pacific,SGP,High income
Singapore,2014,5457.9,100.0,99.0,99.0,<1,Western Pacific,SGP,High income
Singapore,2015,5525.34,100.0,99.0,99.0,<1,Western Pacific,SGP,High income
Singapore,2016,5577.93,100.0,99.0,99.0,<1,Western Pacific,SGP,High income
Singapore,2017,5604.078,100.0,99.0,99.0,<1,Western Pacific,SGP,High income
Singapore,2018,5634.369,100.0,99.0,99.0,<1,Western Pacific,SGP,High income
Singapore,2019,5669.563,100.0,99.0,99.0,<1,Western Pacific,SGP,High income
Singapore,2020,5620.15,100.0,99.0,99.0,<1,Western Pacific,SGP,High income
Singapore,2021,5546.29,100.0,99.0,99.0,<1,Western Pacific,SGP,High income
Singapore,2022,5649.885,100.0,99.0,99.0,<1,Western Pacific,SGP,High income
Singapore,2023,5789.09,100.0,99.0,99.0,<1,Western Pacific,SGP,High income
Singapore,2024,5832.387,100.0,99.0,99.0,<1,Western Pacific,SGP,High income
Sint Maarten (Dutch part),2000,30.773,100.0,98.5885136863648,,<1,Americas,SXM,High income
Sint Maarten (Dutch part),2001,30.726,100.0,98.64410335124072,,<1,Americas,SXM,High income
Sint Maarten (Dutch part),2002,30.96,100.0,98.69969301611664,,<1,Americas,SXM,High income
Sint Maarten (Dutch part),2003,31.327,100.0,98.75528268099258,,<1,Americas,SXM,High income
Sint Maarten (Dutch part),2004,31.69,100.0,98.8108723458685,,<1,Americas,SXM,High income
Sint Maarten (Dutch part),2005,32.057,100.0,98.86646201074444,,<1,Americas,SXM,High income
Sint Maarten (Dutch part),2006,32.428,100.0,98.92205167562037,,<1,Americas,SXM,High income
Sint Maarten (Dutch part),2007,32.791,100.0,98.97764134049628,,<1,Americas,SXM,High income
Sint Maarten (Dutch part),2008,33.145,100.0,99.0,,<1,Americas,SXM,High income
Sint Maarten (Dutch part),2009,33.491,100.0,99.0,,<1,Americas,SXM,High income
Sint Maarten (Dutch part),2010,33.794,100.0,99.0,,<1,Americas,SXM,High income
Sint Maarten (Dutch part),2011,34.267,100.0,99.0,,<1,Americas,SXM,High income
Sint Maarten (Dutch part),2012,35.023,100.0,99.0,,<1,Americas,SXM,High income
Sint Maarten (Dutch part),2013,35.854,100.0,99.0,,<1,Americas,SXM,High income
Sint Maarten (Dutch part),2014,36.672,100.0,99.0,,<1,Americas,SXM,High income
Sint Maarten (Dutch part),2015,37.471,100.0,99.0,,<1,Americas,SXM,High income
Sint Maarten (Dutch part),2016,38.249,100.0,99.0,,<1,Americas,SXM,High income
Sint Maarten (Dutch part),2017,38.996,100.0,99.0,,<1,Americas,SXM,High income
Slovakia,2000,5379.999,56.233001708984375,97.9808934698164,92.17964665401963,<1,Europe,SVK,High income
Slovakia,2001,5379.437,56.16300201416016,97.9794231997538,92.17798685905882,<1,Europe,SVK,High income
Slovakia,2002,5377.688,56.01300048828125,97.97627277588464,92.81332555621492,<1,Europe,SVK,High income
Slovakia,2003,5376.196,55.86299896240234,97.97311934572036,93.44966751787643,<1,Europe,SVK,High income
Slovakia,2004,5376.038,55.71299743652344,97.9699700750668,94.08701957146305,<1,Europe,SVK,High income
Slovakia,2005,5376.695,55.56300354003906,97.96681986738602,94.725376808649,<1,Europe,SVK,High income
Slovakia,2006,5376.846,55.4119987487793,97.9636510753121,95.36473564893969,<1,Europe,SVK,High income
Slovakia,2007,5376.999,55.2609977722168,97.96048137639428,96.00510652714148,<1,Europe,SVK,High income
Slovakia,2008,5379.12,55.11100387573242,97.95733320150852,96.6464908433867,<1,Europe,SVK,High income
Slovakia,2009,5385.073,54.959999084472656,98.25165168433092,97.28888057419076,<1,Europe,SVK,High income
Slovakia,2010,5391.851,54.685001373291016,98.62233663815536,97.93308975279878,<1,Europe,SVK,High income
Slovakia,2011,5398.109,54.42000198364258,98.99754248189394,98.57904044298128,<1,Europe,SVK,High income
Slovakia,2012,5404.871,54.28000259399414,99.0,98.87783036029842,<1,Europe,SVK,High income
Slovakia,2013,5410.422,54.1400032043457,99.0,98.93564559241982,<1,Europe,SVK,High income
Slovakia,2014,5415.23,54.00000381469727,99.0,98.99345335898134,<1,Europe,SVK,High income
Slovakia,2015,5420.278,53.88899993896485,99.0,99.0,<1,Europe,SVK,High income
Slovakia,2016,5427.259,53.805999755859375,99.0,99.0,<1,Europe,SVK,High income
Slovakia,2017,5435.7,53.7509994506836,99.0,99.0,<1,Europe,SVK,High income
Slovakia,2018,5443.232,53.72599792480469,99.0,99.0,<1,Europe,SVK,High income
Slovakia,2019,5450.626,53.72899627685547,99.0,99.0,<1,Europe,SVK,High income
Slovakia,2020,5455.024,53.7599983215332,99.0,99.0,<1,Europe,SVK,High income
Slovakia,2021,5442.759,53.82000350952149,99.0,99.0,<1,Europe,SVK,High income
Slovakia,2022,5473.197,53.90899658203125,99.0,99.0,<1,Europe,SVK,High income
Slovakia,2023,5518.055,54.02699661254883,99.0,99.0,<1,Europe,SVK,High income
Slovakia,2024,5506.76,54.1719970703125,99.0,99.0,<1,Europe,SVK,High income
Slovenia,2000,1986.816,50.753997802734375,99.0,91.8356262672664,<1,Europe,SVN,High income
Slovenia,2001,1989.679,50.77999877929688,99.0,91.83103478296556,<1,Europe,SVN,High income
Slovenia,2002,1991.572,50.85700225830078,99.0,91.82644329866471,<1,Europe,SVN,High income
Slovenia,2003,1992.49,51.08199691772461,99.0,91.82185181436388,<1,Europe,SVN,High income
Slovenia,2004,1993.545,51.30799865722656,99.0,91.81726033006304,<1,Europe,SVN,High income
Slovenia,2005,1996.914,51.53300094604492,99.0,91.8126688457622,<1,Europe,SVN,High income
Slovenia,2006,2003.114,51.75799560546875,99.0,91.80807736146136,<1,Europe,SVN,High income
Slovenia,2007,2014.158,51.98299789428711,99.0,91.8034858771605,<1,Europe,SVN,High income
Slovenia,2008,2025.085,52.20900344848633,99.0,91.79889439285964,<1,Europe,SVN,High income
Slovenia,2009,2035.608,52.43300247192383,99.0,91.79430290855882,<1,Europe,SVN,High income
Slovenia,2010,2044.612,52.657997131347656,99.0,92.36281820514272,<1,Europe,SVN,High income
Slovenia,2011,2048.804,52.882999420166016,99.0,92.93127616608965,<1,Europe,SVN,High income
Slovenia,2012,2053.321,53.108001708984375,99.0,93.49967679139957,<1,Europe,SVN,High income
Slovenia,2013,2056.441,53.33200073242188,99.0,94.06802008107272,<1,Europe,SVN,High income
Slovenia,2014,2058.401,53.55700302124024,99.0,94.63630603510865,<1,Europe,SVN,High income
Slovenia,2015,2059.947,53.78100204467773,99.0,95.20453465350757,<1,Europe,SVN,High income
Slovenia,2016,2061.373,54.02000045776367,99.0,95.7727059362695,<1,Europe,SVN,High income
Slovenia,2017,2062.41,54.27299880981445,99.0,96.34081988339445,<1,Europe,SVN,High income
Slovenia,2018,2069.481,54.54099655151367,99.0,96.90887649488236,<1,Europe,SVN,High income
Slovenia,2019,2083.439,54.821998596191406,99.0,97.47687577073332,<1,Europe,SVN,High income
Slovenia,2020,2102.419,55.11800003051758,99.0,98.04481771094726,<1,Europe,SVN,High income
Slovenia,2021,2113.494,55.427001953125,99.0,98.61270231552444,<1,Europe,SVN,High income
Slovenia,2022,2115.228,55.75100326538086,99.0,99.0,<1,Europe,SVN,High income
Slovenia,2023,2118.396,56.0880012512207,99.0,99.0,<1,Europe,SVN,High income
Slovenia,2024,2118.697,56.4379997253418,99.0,99.0,<1,Europe,SVN,High income
Solomon Islands,2000,440.469,15.813000679016112,76.74768859019048,,7.739440910191678,Western Pacific,SLB,Lower middle income
Solomon Islands,2001,449.125,16.201000213623047,76.806666574329,,7.71038942088974,Western Pacific,SLB,Lower middle income
Solomon Islands,2002,457.671,16.597000122070312,76.8668530163014,,7.680737926070299,Western Pacific,SLB,Lower middle income
Solomon Islands,2003,466.154,17.000999450683594,76.9282622438296,,7.650488284129395,Western Pacific,SLB,Lower middle income
Solomon Islands,2004,474.611,17.413000106811523,76.99088252749074,,7.619638971437201,Western Pacific,SLB,Lower middle income
Solomon Islands,2005,483.08,17.832000732421875,76.71514607831905,,7.389716626926678,Western Pacific,SLB,Lower middle income
Solomon Islands,2006,491.594,18.25899887084961,76.27819987812117,,7.160698276050468,Western Pacific,SLB,Lower middle income
Solomon Islands,2007,500.156,18.694000244140625,75.85081425141645,,6.932625091920265,Western Pacific,SLB,Lower middle income
Solomon Islands,2008,508.79,19.137998580932617,75.43332358056163,,6.705472814518818,Western Pacific,SLB,Lower middle income
Solomon Islands,2009,518.141,19.588998794555664,75.02550562966792,,6.47941985107943,Western Pacific,SLB,Lower middle income
Solomon Islands,2010,532.968,20.04800033569336,74.6276815743393,,6.254439324572427,Western Pacific,SLB,Lower middle income
Solomon Islands,2011,552.945,20.507999420166016,74.23858398618184,,6.031011774088469,Western Pacific,SLB,Lower middle income
Solomon Islands,2012,573.606,20.970001220703125,73.85840848243885,,5.809081573757732,Western Pacific,SLB,Lower middle income
Solomon Islands,2013,594.945,21.433000564575195,73.48694586437534,,5.588717866665848,Western Pacific,SLB,Lower middle income
Solomon Islands,2014,616.908,21.895999908447266,73.12396073217792,,5.369983377411925,Western Pacific,SLB,Lower middle income
Solomon Islands,2015,639.415,22.36000061035156,72.76965125549069,,5.152822577732774,Western Pacific,SLB,Lower middle income
Solomon Islands,2016,662.379,22.822999954223636,72.42353421811998,,4.93734864371,Western Pacific,SLB,Lower middle income
Solomon Islands,2017,685.672,23.285999298095703,72.08579151784437,,4.723503646860032,Western Pacific,SLB,Lower middle income
Solomon Islands,2018,709.101,23.749000549316406,71.76150690150602,,4.511288133935798,Western Pacific,SLB,Lower middle income
Solomon Islands,2019,728.147,24.209999084472656,71.58489275197391,,4.300798965986362,Western Pacific,SLB,Lower middle income
Solomon Islands,2020,744.498,24.670000076293945,71.41297930332834,,4.091978566091991,Western Pacific,SLB,Lower middle income
Solomon Islands,2021,762.591,25.12800025939941,71.24548715303861,,3.884866908978396,Western Pacific,SLB,Lower middle income
Solomon Islands,2022,781.066,25.583999633789062,71.36738430578959,,3.864363312613909,Western Pacific,SLB,Lower middle income
Solomon Islands,2023,800.005,26.036998748779297,71.48847188158919,,3.843994120770245,Western Pacific,SLB,Lower middle income
Solomon Islands,2024,819.198,26.488000869750977,71.60903184522935,,3.823715148515549,Western Pacific,SLB,Lower middle income
Somalia,2000,8838.713,33.24700164794922,26.55482792591213,,18.26687132791157,Eastern Mediterranean,SOM,Low income
Somalia,2001,9198.493,33.617000579833984,27.71096626300069,,18.17394001657754,Eastern Mediterranean,SOM,Low income
Somalia,2002,9550.063,33.98999786376953,28.86288665098472,,18.08025347464198,Eastern Mediterranean,SOM,Low income
Somalia,2003,9909.157,34.75600051879883,30.22457721149787,,17.88785831917199,Eastern Mediterranean,SOM,Low income
Somalia,2004,10280.998,35.53099822998047,31.57894429865762,,17.69320285503091,Eastern Mediterranean,SOM,Low income
Somalia,2005,10644.228,36.31100082397461,33.43143299993189,,16.82017848039748,Eastern Mediterranean,SOM,Low income
Somalia,2006,10975.502,37.09999847412109,35.33957980964834,,15.96126374856933,Eastern Mediterranean,SOM,Low income
Somalia,2007,11322.582,34.40399932861328,35.5233098422892,,15.88558749537562,Eastern Mediterranean,SOM,Low income
Somalia,2008,11663.084,36.01100158691406,37.97606883408219,,14.85174497154765,Eastern Mediterranean,SOM,Low income
Somalia,2009,11961.201,37.64500045776367,40.46677974494302,,13.84585986998297,Eastern Mediterranean,SOM,Low income
Somalia,2010,12261.756,39.30999755859375,42.99143410260772,,12.86801794110548,Eastern Mediterranean,SOM,Low income
Somalia,2011,12348.83,41.0,45.54108743801335,,11.92025443051124,Eastern Mediterranean,SOM,Low income
Somalia,2012,12461.16,41.55799865722656,47.60566612253733,,11.19793618776013,Eastern Mediterranean,SOM,Low income
Somalia,2013,12869.594,42.117000579833984,49.7134555846093,,10.48703595685865,Eastern Mediterranean,SOM,Low income
Somalia,2014,13339.491,42.67900085449219,51.86357444812948,,9.787290720211606,Eastern Mediterranean,SOM,Low income
Somalia,2015,13806.963,43.244998931884766,54.05459369002293,,9.098657119666093,Eastern Mediterranean,SOM,Low income
Somalia,2016,14348.74,43.81600189208984,56.28497801624798,,8.421132074214281,Eastern Mediterranean,SOM,Low income
Somalia,2017,14916.629,44.39099884033203,58.55241586677961,,7.754987824471344,Eastern Mediterranean,SOM,Low income
Somalia,2018,15452.487,44.97100067138672,60.85528720985727,,7.100242810776006,Eastern Mediterranean,SOM,Low income
Somalia,2019,16030.971,45.55400085449219,63.19097375883955,,6.457244758444601,Eastern Mediterranean,SOM,Low income
Somalia,2020,16651.191,46.14099884033203,65.55782670782081,,5.826000499136497,Eastern Mediterranean,SOM,Low income
Somalia,2021,17271.431,46.73100280761719,67.95359949708556,,5.206709841500165,Eastern Mediterranean,SOM,Low income
Somalia,2022,17801.897,47.323997497558594,70.37633178673063,,4.599466297494237,Eastern Mediterranean,SOM,Low income
Somalia,2023,18358.615,47.92000198364258,72.82406417708047,,4.004363271469942,Eastern Mediterranean,SOM,Low income
Somalia,2024,19009.151,48.51900100708008,75.29479645713772,,3.421493527064705,Eastern Mediterranean,SOM,Low income
South Africa,2000,47159.719,56.89099884033203,85.95599754888444,63.24772898732362,8.198975455594091,Africa,ZAF,Upper middle income
South Africa,2001,47566.8,57.36800003051758,86.46224247267807,63.69807336270613,7.84187259435487,Africa,ZAF,Upper middle income
South Africa,2002,48019.415,57.89800262451172,86.97573834142108,64.50802509285451,7.481430260699351,Africa,ZAF,Upper middle income
South Africa,2003,48500.348,58.44600296020508,87.48564090141728,65.32522063349195,7.124532031320292,Africa,ZAF,Upper middle income
South Africa,2004,48991.421,58.99300003051758,87.98649090450759,66.13766263256647,6.774593726597046,Africa,ZAF,Upper middle income
South Africa,2005,49490.033,59.5359992980957,88.47753183629013,66.94336066807976,6.432064970885835,Africa,ZAF,Upper middle income
South Africa,2006,49998.277,60.07699966430664,88.95936512168466,67.38559446886104,6.096570735806774,Africa,ZAF,Upper middle income
South Africa,2007,50528.584,60.615997314453125,89.43203447521164,67.6639002510223,5.768074899951846,Africa,ZAF,Upper middle income
South Africa,2008,51114.599,61.15400314331055,89.89582470674796,67.92725183610933,5.446402376810939,Africa,ZAF,Upper middle income
South Africa,2009,51728.516,61.6870002746582,90.34985418064868,68.1734096388476,5.132059852951016,Africa,ZAF,Upper middle income
South Africa,2010,52344.051,62.21799850463867,90.7948993263466,68.40384473257026,4.824579308466521,Africa,ZAF,Upper middle income
South Africa,2011,52995.205,62.746002197265625,91.2307992186561,68.61793878596505,4.524041288210371,Africa,ZAF,Upper middle income
South Africa,2012,53782.567,63.27199935913086,91.65782310759252,68.81603398140444,4.230278407051197,Africa,ZAF,Upper middle income
South Africa,2013,54678.791,63.792999267578125,92.07544160486384,68.99671146217545,3.943572360503231,Africa,ZAF,Upper middle income
South Africa,2014,55594.838,64.31199645996094,92.48433714561745,69.16121844610822,3.663529196320045,Africa,ZAF,Upper middle income
South Africa,2015,56723.537,64.8280029296875,92.27668133417949,69.30901510818005,3.390205972709823,Africa,ZAF,Upper middle income
South Africa,2016,57259.551,65.34100341796875,92.06338982826534,69.44002831084227,3.123547109757922,Africa,ZAF,Upper middle income
South Africa,2017,57635.162,65.8499984741211,91.844654961916,69.55383033470274,2.863578214894768,Africa,ZAF,Upper middle income
South Africa,2018,58613.001,66.3550033569336,91.62086782693171,69.65041662053862,2.610224906421139,Africa,ZAF,Upper middle income
South Africa,2019,59587.885,66.85600280761719,91.39239956252254,69.72977699107075,2.363412308375898,Africa,ZAF,Upper middle income
South Africa,2020,60562.381,67.35399627685547,91.15983680827932,69.7921809477187,2.12300379214101,Africa,ZAF,Upper middle income
South Africa,2021,61502.603,67.84700012207031,90.92310260216549,69.60954237196447,1.889056311158178,Africa,ZAF,Upper middle income
South Africa,2022,62378.41,68.33499908447266,90.68253611071032,69.08608458207725,1.661477078724914,Africa,ZAF,Upper middle income
South Africa,2023,63212.384,68.81900024414062,90.43869658047085,68.55207973236396,1.440129178762608,Africa,ZAF,Upper middle income
South Africa,2024,64007.187,69.2979965209961,90.19168013647388,68.00756387556561,1.224975688164592,Africa,ZAF,Upper middle income
South Sudan,2011,10288.109,18.03199958801269,40.29792136840274,,20.76491326105867,Africa,SSD,Low income
South Sudan,2012,10756.24,18.21700096130371,40.31822048620367,,19.96515273697642,Africa,SSD,Low income
South Sudan,2013,11166.275,18.41499900817871,40.31700366857967,,19.16340769615609,Africa,SSD,Low income
South Sudan,2014,11235.073,18.625999450683597,40.29509963813893,,18.35959811759941,Africa,SSD,Low income
South Sudan,2015,11107.561,18.851999282836918,40.25381503851709,,17.553446097349,Africa,SSD,Low income
South Sudan,2016,10830.102,19.09199905395508,40.19392503948914,,16.74496829654533,Africa,SSD,Low income
South Sudan,2017,10259.154,19.34600067138672,40.11642216552283,,15.93408002587975,Africa,SSD,Low income
South Sudan,2018,10122.977,19.614999771118164,40.02261240648787,,15.12059277456175,Africa,SSD,Low income
South Sudan,2019,10423.384,19.89900016784668,39.91362380031028,,14.30441711960361,Africa,SSD,Low income
South Sudan,2020,10698.467,20.198999404907227,39.79093329400473,,13.48535544812842,Africa,SSD,Low income
South Sudan,2021,10865.78,20.513999938964844,39.65549186010017,,12.66342554008657,Africa,SSD,Low income
South Sudan,2022,11021.177,20.84600067138672,39.50922880059323,,11.83830697763875,Africa,SSD,Low income
South Sudan,2023,11483.374,21.19499969482422,39.62664223936552,,11.79835486542238,Africa,SSD,Low income
South Sudan,2024,11943.408,21.559999465942383,39.74943913275636,,11.75657125860158,Africa,SSD,Low income
Spain,2000,41019.774,76.26199340820312,99.0,99.0,<1,Europe,ESP,High income
Spain,2001,41245.599,76.34300231933594,99.0,99.0,<1,Europe,ESP,High income
Spain,2002,41755.704,76.53300476074219,99.0,99.0,<1,Europe,ESP,High income
Spain,2003,42506.543,76.77799987792969,99.0,99.0,<1,Europe,ESP,High income
Spain,2004,43234.566,77.0219955444336,99.0,99.0,<1,Europe,ESP,High income
Spain,2005,43958.885,77.26300048828125,99.0,99.0,<1,Europe,ESP,High income
Spain,2006,44695.448,77.50199890136719,99.0,99.0,<1,Europe,ESP,High income
Spain,2007,45516.507,77.74000549316406,99.0,99.0,<1,Europe,ESP,High income
Spain,2008,46235.054,77.97599792480469,99.0,99.0,<1,Europe,ESP,High income
Spain,2009,46635.18,78.20999908447266,99.0,99.0,<1,Europe,ESP,High income
Spain,2010,46840.471,78.44200134277344,99.0,99.0,<1,Europe,ESP,High income
Spain,2011,46998.043,78.6729965209961,99.0,99.0,<1,Europe,ESP,High income
Spain,2012,47018.323,78.9020004272461,99.0,99.0,<1,Europe,ESP,High income
Spain,2013,46860.389,79.13299560546875,99.0,99.0,<1,Europe,ESP,High income
Spain,2014,46720.188,79.36599731445312,99.0,99.0,<1,Europe,ESP,High income
Spain,2015,46683.686,79.60199737548828,99.0,99.0,<1,Europe,ESP,High income
Spain,2016,46732.771,79.83999633789062,99.0,99.0,<1,Europe,ESP,High income
Spain,2017,46868.596,80.08000183105469,99.0,99.0,<1,Europe,ESP,High income
Spain,2018,47092.821,80.32099914550781,99.0,99.0,<1,Europe,ESP,High income
Spain,2019,47435.119,80.56500244140625,99.0,99.0,<1,Europe,ESP,High income
Spain,2020,47679.489,80.80999755859375,99.0,99.0,<1,Europe,ESP,High income
Spain,2021,47735.664,81.05599975585938,99.0,99.0,<1,Europe,ESP,High income
Spain,2022,47828.382,81.30400085449219,99.0,99.0,<1,Europe,ESP,High income
Spain,2023,47911.579,81.552001953125,99.0,99.0,<1,Europe,ESP,High income
Spain,2024,47910.526,81.802001953125,99.0,99.0,<1,Europe,ESP,High income
Sri Lanka,2000,19293.054,18.3799991607666,83.67506560925322,45.18698619758059,3.222202915554392,South-East Asia,LKA,Lower middle income
Sri Lanka,2001,19600.362,18.364999771118164,83.92036558669137,45.29025710617374,3.169489563642988,South-East Asia,LKA,Lower middle income
Sri Lanka,2002,19805.752,18.3489990234375,84.19811046908966,45.39305934367354,3.11679480046725,South-East Asia,LKA,Lower middle income
Sri Lanka,2003,19951.521,18.333999633789062,84.47623452440912,45.49640529822765,3.064041672584578,South-East Asia,LKA,Lower middle income
Sri Lanka,2004,20087.605,18.319000244140625,84.75458291719576,45.59978477592243,3.011268754826857,South-East Asia,LKA,Lower middle income
Sri Lanka,2005,20216.524,18.30299949645996,85.03302810146663,45.70270135350727,2.958512676599673,South-East Asia,LKA,Lower middle income
Sri Lanka,2006,20352.411,18.288000106811523,85.31184259236986,45.8829944206069,2.905700099506761,South-East Asia,LKA,Lower middle income
Sri Lanka,2007,20492.545,18.27200126647949,85.59075666886105,46.06271363614264,2.85290286859725,South-East Asia,LKA,Lower middle income
Sri Lanka,2008,20629.378,18.256999969482425,85.87003457870635,46.24286655732609,2.800050561633796,South-East Asia,LKA,Lower middle income
Sri Lanka,2009,20756.435,18.242000579833984,86.149546290692,46.4229534965321,2.74717873249052,South-East Asia,LKA,Lower middle income
Sri Lanka,2010,20879.089,18.22599983215332,86.42915563118359,46.60245257902763,2.69431995317398,South-East Asia,LKA,Lower middle income
Sri Lanka,2011,21009.048,18.211000442504883,86.70912461257124,46.78239632844704,2.641408109482313,South-East Asia,LKA,Lower middle income
Sri Lanka,2012,21169.458,18.196001052856445,86.98932466530023,46.96227189291279,2.588476692542125,South-East Asia,LKA,Lower middle income
Sri Lanka,2013,21358.827,18.197999954223636,87.2717415635994,47.15099315175137,2.534998901788756,South-East Asia,LKA,Lower middle income
Sri Lanka,2014,21547.456,18.218000411987305,87.55635862152249,47.3492388322291,2.480977559468528,South-East Asia,LKA,Lower middle income
Sri Lanka,2015,21729.971,18.256000518798828,87.84304849907733,47.55717384234381,2.42644822939471,South-East Asia,LKA,Lower middle income
Sri Lanka,2016,21910.772,18.31100082397461,88.13156471936004,47.77442719443044,2.371475041058229,South-East Asia,LKA,Lower middle income
Sri Lanka,2017,22087.522,18.38400077819824,88.42187204723906,48.00168110601302,2.316062522081624,South-East Asia,LKA,Lower middle income
Sri Lanka,2018,22253.118,18.47599983215332,88.71395771593467,48.13926319305261,2.260218754470418,South-East Asia,LKA,Lower middle income
Sri Lanka,2019,22410.552,18.584999084472656,89.00747052402028,47.87638184907865,2.204035064131789,South-East Asia,LKA,Lower middle income
Sri Lanka,2020,22561.807,18.713001251220703,89.30248006464892,47.61727079387715,2.147491708273147,South-East Asia,LKA,Lower middle income
Sri Lanka,2021,22700.372,18.86000061035156,89.59883561231652,47.36052798623474,2.090625889970872,South-East Asia,LKA,Lower middle income
Sri Lanka,2022,22834.965,19.025999069213867,89.8964005892061,47.10476183751783,2.033474925224452,South-East Asia,LKA,Lower middle income
Sri Lanka,2023,22971.617,19.211000442504883,90.19502841419984,46.84857424661696,1.97607592580533,South-East Asia,LKA,Lower middle income
Sri Lanka,2024,23103.565,19.416000366210938,90.21384402603944,46.93297051436028,1.971061802955505,South-East Asia,LKA,Lower middle income
Sudan,2000,27816.745,32.49500274658203,45.74311946465812,,9.595430264149222,Eastern Mediterranean,SDN,Low income
Sudan,2001,28516.77,32.54800033569336,45.75674417420923,,9.5897105340417,Eastern Mediterranean,SDN,Low income
Sudan,2002,29228.727,32.60099792480469,45.77036959065184,,9.58399114419231,Eastern Mediterranean,SDN,Low income
Sudan,2003,29896.035,32.65399932861328,45.78399433683641,,9.578271634259707,Eastern Mediterranean,SDN,Low income
Sudan,2004,30556.637,32.707000732421875,45.797621974813,,9.572552714987832,Eastern Mediterranean,SDN,Low income
Sudan,2005,31262.444,32.76000213623047,46.74025635029397,,9.32959793767767,Eastern Mediterranean,SDN,Low income
Sudan,2006,31992.435,32.8129997253418,47.68229620768524,,9.086898662289917,Eastern Mediterranean,SDN,Low income
Sudan,2007,32764.135,32.86600112915039,48.62373967385376,,8.844453380006735,Eastern Mediterranean,SDN,Low income
Sudan,2008,33623.98,32.91899871826172,49.56459269384421,,8.602264429143611,Eastern Mediterranean,SDN,Low income
Sudan,2009,34569.113,32.99300003051758,50.50965843216627,,8.35831542425483,Eastern Mediterranean,SDN,Low income
Sudan,2010,35414.399,33.0890007019043,51.45881235514182,,8.112666605112942,Eastern Mediterranean,SDN,Low income
Sudan,2011,36140.806,33.207000732421875,52.41168100198423,,7.865475403016142,Eastern Mediterranean,SDN,Low income
Sudan,2012,36923.178,33.34600067138672,53.36768324871339,,7.616989341927494,Eastern Mediterranean,SDN,Low income
Sudan,2013,37785.849,33.50699996948242,54.32667080087017,,7.367273562080815,Eastern Mediterranean,SDN,Low income
Sudan,2014,38823.318,33.689002990722656,55.28807726983506,,7.116571798348199,Eastern Mediterranean,SDN,Low income
Sudan,2015,40024.431,33.89400100708008,56.25193363126212,,6.864871292366065,Eastern Mediterranean,SDN,Low income
Sudan,2016,41259.892,34.121002197265625,57.2176665079602,,6.612417303774917,Eastern Mediterranean,SDN,Low income
Sudan,2017,42714.306,34.369998931884766,58.18490549053125,,6.359369046580472,Eastern Mediterranean,SDN,Low income
Sudan,2018,44230.596,34.641998291015625,59.1534610514816,,6.10581073898568,Eastern Mediterranean,SDN,Low income
Sudan,2019,45548.175,34.935997009277344,60.12277301869217,,5.851980274549816,Eastern Mediterranean,SDN,Low income
Sudan,2020,46789.231,35.25299835205078,61.09263560524857,,5.597966543978997,Eastern Mediterranean,SDN,Low income
Sudan,2021,48066.924,35.59299850463867,62.06266462080177,,5.343935783450932,Eastern Mediterranean,SDN,Low income
Sudan,2022,49383.346,35.95600128173828,63.03247379116299,,5.0900541236104,Eastern Mediterranean,SDN,Low income
Sudan,2023,50042.791,36.34200286865234,64.00166974227793,,4.836487065164309,Eastern Mediterranean,SDN,Low income
Sudan,2024,50448.963,36.75199890136719,64.89171295028513,,4.582495814044059,Eastern Mediterranean,SDN,Low income
Suriname,2000,476.643,66.44400024414062,89.06165656828964,51.58039628225477,7.631611684741515,Americas,SUR,Upper middle income
Suriname,2001,486.56,66.51699829101562,89.52978213388612,51.81575294955999,7.262140540594347,Americas,SUR,Upper middle income
Suriname,2002,496.551,66.59100341796875,89.99603025850404,52.05073281619723,6.894003139937754,Americas,SUR,Upper middle income
Suriname,2003,506.414,66.66400146484375,90.45994214292168,52.28471385688801,6.527621554292063,Americas,SUR,Upper middle income
Suriname,2004,513.923,66.73699951171875,90.92175214073632,52.5180081342911,6.162777518060945,Americas,SUR,Upper middle income
Suriname,2005,519.313,66.68199920654297,91.3567891042984,52.71265690260651,5.821946912619374,Americas,SUR,Upper middle income
Suriname,2006,524.997,66.61499786376953,91.79050246377068,52.90432077658297,5.481981224339236,Americas,SUR,Upper middle income
Suriname,2007,531.016,66.5469970703125,92.22516749613976,53.09632639457043,5.140755536241203,Americas,SUR,Upper middle income
Suriname,2008,537.245,66.47899627685547,92.6609808211452,53.2889718900373,4.79809723509664,Americas,SUR,Upper middle income
Suriname,2009,543.568,66.41200256347656,93.09808384942498,53.4825352502815,4.453871905608343,Americas,SUR,Upper middle income
Suriname,2010,549.923,66.34400177001953,93.53617056376672,53.67645475130024,4.108357036856546,Americas,SUR,Upper middle income
Suriname,2011,556.269,66.2760009765625,93.97539341725611,53.87101317004581,3.76140772699958,Americas,SUR,Upper middle income
Suriname,2012,562.633,66.20800018310547,94.415755076208,54.06621096529064,3.413025660371903,Americas,SUR,Upper middle income
Suriname,2013,569.02,66.13999938964844,94.85725043532236,54.26204911899609,3.063209275458591,Americas,SUR,Upper middle income
Suriname,2014,575.373,66.08899688720703,95.30139336341712,54.46284256187642,2.710602109703419,Americas,SUR,Upper middle income
Suriname,2015,581.627,66.05599975585938,95.74769202352095,54.66861213685959,2.355671513499554,Americas,SUR,Upper middle income
Suriname,2016,587.757,66.04000091552734,96.1954574091076,54.87885325157625,1.999046425219491,Americas,SUR,Upper middle income
Suriname,2017,593.713,66.04100036621094,96.64410853307342,55.0933294280924,1.641263517141099,Americas,SUR,Upper middle income
Suriname,2018,599.513,66.05999755859375,97.09310701904556,55.31203393028802,1.282823120778436,Americas,SUR,Upper middle income
Suriname,2019,605.768,66.09500122070312,97.54177273681034,55.53424963785444,<1,Americas,SUR,Upper middle income
Suriname,2020,612.317,66.14900207519531,97.98963190718231,55.76043462089171,<1,Americas,SUR,Upper middle income
Suriname,2021,617.896,66.21900177001953,97.99112622299758,55.77625637348488,<1,Americas,SUR,Upper middle income
Suriname,2022,623.164,66.30699920654297,97.99300979919924,55.7961498911635,<1,Americas,SUR,Upper middle income
Suriname,2023,628.886,66.41100311279297,97.9952348294942,55.81965958935572,<1,Americas,SUR,Upper middle income
Suriname,2024,634.431,66.53299713134766,97.99784938932753,55.84724103623481,<1,Americas,SUR,Upper middle income
Sweden,2000,8872.101,84.0260009765625,99.0,99.0,<1,Europe,SWE,High income
Sweden,2001,8896.022,84.07099914550781,99.0,99.0,<1,Europe,SWE,High income
Sweden,2002,8925.047,84.13299560546875,99.0,99.0,<1,Europe,SWE,High income
Sweden,2003,8958.431,84.19599914550781,99.0,99.0,<1,Europe,SWE,High income
Sweden,2004,8993.808,84.25800323486328,99.0,99.0,<1,Europe,SWE,High income
Sweden,2005,9029.771,84.31900024414062,99.0,99.0,<1,Europe,SWE,High income
Sweden,2006,9080.623,84.43000030517578,99.0,99.0,<1,Europe,SWE,High income
Sweden,2007,9148.274,84.58799743652344,99.0,99.0,<1,Europe,SWE,High income
Sweden,2008,9219.9,84.7459945678711,99.0,99.0,<1,Europe,SWE,High income
Sweden,2009,9298.74,84.9020004272461,99.0,99.0,<1,Europe,SWE,High income
Sweden,2010,9378.232,85.05599975585938,99.0,99.0,<1,Europe,SWE,High income
Sweden,2011,9449.259,85.2969970703125,99.0,99.0,<1,Europe,SWE,High income
Sweden,2012,9519.487,85.6199951171875,99.0,99.0,<1,Europe,SWE,High income
Sweden,2013,9600.62,85.93599700927734,99.0,99.0,<1,Europe,SWE,High income
Sweden,2014,9696.433,86.24699401855469,99.0,99.0,<1,Europe,SWE,High income
Sweden,2015,9799.481,86.5530014038086,99.0,99.0,<1,Europe,SWE,High income
Sweden,2016,9923.28,86.85200500488281,99.0,99.0,<1,Europe,SWE,High income
Sweden,2017,10057.862,87.14600372314453,99.0,99.0,<1,Europe,SWE,High income
Sweden,2018,10175.405,87.43099975585938,99.0,99.0,<1,Europe,SWE,High income
Sweden,2019,10279.125,87.70800018310547,99.0,99.0,<1,Europe,SWE,High income
Sweden,2020,10353.686,87.97699737548828,99.0,99.0,<1,Europe,SWE,High income
Sweden,2021,10416.131,88.23799896240234,99.0,99.0,<1,Europe,SWE,High income
Sweden,2022,10487.338,88.49199676513672,99.0,99.0,<1,Europe,SWE,High income
Sweden,2023,10551.494,88.73799896240234,99.0,99.0,<1,Europe,SWE,High income
Sweden,2024,10606.999,88.97599792480469,99.0,99.0,<1,Europe,SWE,High income
Switzerland,2000,7184.007,73.38299560546875,99.0,96.70000272100988,<1,Europe,CHE,High income
Switzerland,2001,7226.391,73.375,99.0,96.69999988238912,<1,Europe,CHE,High income
Switzerland,2002,7278.752,73.4010009765625,99.0,96.70000262072207,<1,Europe,CHE,High income
Switzerland,2003,7333.447,73.42699432373047,99.0,96.7000002832964,<1,Europe,CHE,High income
Switzerland,2004,7384.194,73.4520034790039,99.0,96.70000120212956,<1,Europe,CHE,High income
Switzerland,2005,7431.823,73.4780044555664,99.0,96.69999838625512,<1,Europe,CHE,High income
Switzerland,2006,7478.509,73.50399780273438,99.0,96.70000200774533,<1,Europe,CHE,High income
Switzerland,2007,7545.381,73.52999877929688,99.0,96.69999976220709,<1,Europe,CHE,High income
Switzerland,2008,7641.728,73.55599975585938,99.0,96.69999725660767,<1,Europe,CHE,High income
Switzerland,2009,7737.645,73.58100128173828,99.0,96.70000176964324,<1,Europe,CHE,High income
Switzerland,2010,7825.753,73.60699462890625,99.0,96.69999913117388,<1,Europe,CHE,High income
Switzerland,2011,7914.372,73.63099670410156,99.0,96.69999787611958,<1,Europe,CHE,High income
Switzerland,2012,7998.926,73.65299987792969,99.0,96.70000325839642,<1,Europe,CHE,High income
Switzerland,2013,8091.202,73.67399597167969,99.0,96.70000177401408,<1,Europe,CHE,High income
Switzerland,2014,8190.235,73.69599914550781,99.0,96.69999838579686,<1,Europe,CHE,High income
Switzerland,2015,8283.934,73.71800231933594,99.0,96.70000095756704,<1,Europe,CHE,High income
Switzerland,2016,8374.901,73.73899841308594,99.0,96.6999986018025,<1,Europe,CHE,High income
Switzerland,2017,8453.628,73.76100158691406,99.0,96.70000198839833,<1,Europe,CHE,High income
Switzerland,2018,8516.344,73.7969970703125,99.0,96.6999971613406,<1,Europe,CHE,High income
Switzerland,2019,8577.524,73.8489990234375,99.0,96.69999916328383,<1,Europe,CHE,High income
Switzerland,2020,8640.582,73.91500091552734,99.0,96.7000003497305,<1,Europe,CHE,High income
Switzerland,2021,8707.023,73.99600219726562,99.0,96.69999672460436,<1,Europe,CHE,High income
Switzerland,2022,8792.182,74.09200286865234,99.0,96.70000141776345,<1,Europe,CHE,High income
Switzerland,2023,8870.561,74.2020034790039,99.0,96.70000038324628,<1,Europe,CHE,High income
Switzerland,2024,8921.981,74.32699584960938,99.0,96.69999688819372,<1,Europe,CHE,High income
Syrian Arab Republic,2000,16637.888,51.946998596191406,91.61585410638706,,<1,Eastern Mediterranean,SYR,Low income
Syrian Arab Republic,2001,17051.338,52.314002990722656,91.75862189991086,,<1,Eastern Mediterranean,SYR,Low income
Syrian Arab Republic,2002,17468.332,52.68199920654297,91.8997721443818,,<1,Eastern Mediterranean,SYR,Low income
Syrian Arab Republic,2003,17889.296,53.04899978637695,92.0391528942306,,<1,Eastern Mediterranean,SYR,Low income
Syrian Arab Republic,2004,18336.875,53.41699600219727,92.17690369041148,,<1,Eastern Mediterranean,SYR,Low income
Syrian Arab Republic,2005,18814.091,53.78199768066406,92.31275000064228,,<1,Eastern Mediterranean,SYR,Low income
Syrian Arab Republic,2006,19637.022,54.14599609375,92.44684352799162,,<1,Eastern Mediterranean,SYR,Low income
Syrian Arab Republic,2007,20884.125,54.5109977722168,92.57932689085652,,<1,Eastern Mediterranean,SYR,Low income
Syrian Arab Republic,2008,21636.564,54.875,92.71006194875532,,<1,Eastern Mediterranean,SYR,Low income
Syrian Arab Republic,2009,21976.969,55.23699951171875,92.83899509246308,,<1,Eastern Mediterranean,SYR,Low income
Syrian Arab Republic,2010,22482.421,55.59999847412109,92.96631130790767,,<1,Eastern Mediterranean,SYR,Low income
Syrian Arab Republic,2011,22878.098,54.57999801635742,93.01424075755877,,<1,Eastern Mediterranean,SYR,Low income
Syrian Arab Republic,2012,22759.763,53.55500030517578,93.06660907487552,,<1,Eastern Mediterranean,SYR,Low income
Syrian Arab Republic,2013,21666.917,52.52899932861328,93.12365671982737,,<1,Eastern Mediterranean,SYR,Low income
Syrian Arab Republic,2014,20273.659,51.5,93.18529085814076,,<1,Eastern Mediterranean,SYR,Low income
Syrian Arab Republic,2015,19424.618,52.167999267578125,93.33136909220376,,<1,Eastern Mediterranean,SYR,Low income
Syrian Arab Republic,2016,19193.834,52.834999084472656,93.47431944360672,,<1,Eastern Mediterranean,SYR,Low income
Syrian Arab Republic,2017,19224.668,53.50000381469727,93.61410788320715,,<1,Eastern Mediterranean,SYR,Low income
Syrian Arab Republic,2018,19577.845,54.16200256347656,93.7507061762982,,<1,Eastern Mediterranean,SYR,Low income
Syrian Arab Republic,2019,20353.534,54.82100296020508,93.88413970113282,,<1,Eastern Mediterranean,SYR,Low income
Syrian Arab Republic,2020,21049.429,55.47500228881836,94.01435067312978,,<1,Eastern Mediterranean,SYR,Low income
Syrian Arab Republic,2021,21628.839,56.124000549316406,94.05369129609936,,<1,Eastern Mediterranean,SYR,Low income
Syrian Arab Republic,2022,22462.173,56.76900100708008,94.07793630575198,,<1,Eastern Mediterranean,SYR,Low income
Syrian Arab Republic,2023,23594.623,57.40900039672852,94.10203424288628,,<1,Eastern Mediterranean,SYR,Low income
Syrian Arab Republic,2024,24672.76,58.04399871826172,94.1259941580026,,<1,Eastern Mediterranean,SYR,Low income
Tajikistan,2000,6284.735,26.500999450683597,55.47300512213224,35.50479701651167,34.35713840366568,Europe,TJK,Lower middle income
Tajikistan,2001,6407.377,26.50300025939941,56.94821305260257,36.61883667146819,33.07569187456218,Europe,TJK,Lower middle income
Tajikistan,2002,6531.669,26.5049991607666,58.43077427704278,37.7621940155366,31.79430690283788,Europe,TJK,Lower middle income
Tajikistan,2003,6658.575,26.506999969482425,59.92068714002567,38.93486543435425,30.51298440161451,Europe,TJK,Lower middle income
Tajikistan,2004,6790.547,26.50800132751465,61.41754793499864,40.13629306521536,29.23205985756938,Europe,TJK,Lower middle income
Tajikistan,2005,6924.72,26.51000022888184,62.92218595800144,41.36759971441109,27.95084827098393,Europe,TJK,Lower middle income
Tajikistan,2006,7057.566,26.511999130249023,64.43417713555117,42.62821608983567,26.66970044289136,Europe,TJK,Lower middle income
Tajikistan,2007,7194.477,26.513999938964844,65.95352297818785,43.91814046353672,25.38861825925549,Europe,TJK,Lower middle income
Tajikistan,2008,7338.403,26.51599884033203,67.4802180746637,45.23736919459652,24.10759697245823,Europe,TJK,Lower middle income
Tajikistan,2009,7490.23,26.51799964904785,69.01426032576633,46.5858978425593,22.8266378895244,Europe,TJK,Lower middle income
Tajikistan,2010,7652.141,26.51999855041504,70.55565724571319,47.96372881488077,21.5457445511844,Europe,TJK,Lower middle income
Tajikistan,2011,7824.785,26.520999908447266,72.10411701638427,49.37037113089217,20.26513460482228,Europe,TJK,Lower middle income
Tajikistan,2012,8014.084,26.545000076293945,73.66606770422024,50.81722191928735,18.97980582161597,Europe,TJK,Lower middle income
Tajikistan,2013,8216.724,26.589000701904297,75.23948452841637,52.30202377680246,17.69141759046207,Europe,TJK,Lower middle income
Tajikistan,2014,8425.552,26.655000686645508,76.82371141892885,53.82486946330017,16.40057256818427,Europe,TJK,Lower middle income
Tajikistan,2015,8643.84,26.74199867248535,78.41728916773177,55.38439084427541,15.10847003060194,Europe,TJK,Lower middle income
Tajikistan,2016,8865.631,26.851001739501957,80.01921061775725,56.980067631769,13.81596390831075,Europe,TJK,Lower middle income
Tajikistan,2017,9085.946,26.98200035095215,81.62820435377068,58.61086382821794,12.52409817609674,Europe,TJK,Lower middle income
Tajikistan,2018,9307.333,27.13400077819824,83.24283356647294,60.27530342265934,11.23402705869032,Europe,TJK,Lower middle income
Tajikistan,2019,9529.966,27.30900001525879,84.86212524886827,61.97304770577752,9.946554565811612,Europe,TJK,Lower middle income
Tajikistan,2020,9749.31,27.506000518798828,86.29580904570446,62.95113942495241,8.6628518442264,Europe,TJK,Lower middle income
Tajikistan,2021,9966.908,27.72599983215332,87.72461943891803,63.93297515249584,7.383897484656939,Europe,TJK,Lower middle income
Tajikistan,2022,10182.222,27.968002319335938,89.14723500115079,64.91744094458421,6.110831743253057,Europe,TJK,Lower middle income
Tajikistan,2023,10389.799,28.233999252319336,89.16843910811771,65.00880621319705,6.097922523074348,Europe,TJK,Lower middle income
Tajikistan,2024,10590.927,28.52300071716309,89.19147499655888,65.10807151729307,6.083896744544327,Europe,TJK,Lower middle income
Thailand,2000,63007.815,31.38599967956543,93.77658697132529,,<1,South-East Asia,THA,Upper middle income
Thailand,2001,63651.141,32.54800033569336,94.1405368582414,,<1,South-East Asia,THA,Upper middle income
Thailand,2002,64266.437,33.73400115966797,94.49989590089857,,<1,South-East Asia,THA,Upper middle income
Thailand,2003,64868.166,34.94099807739258,94.85432573108844,,<1,South-East Asia,THA,Upper middle income
Thailand,2004,65452.047,36.16900253295898,95.2036653761552,,<1,South-East Asia,THA,Upper middle income
Thailand,2005,66017.42,37.41100311279297,95.53880092289282,,<1,South-East Asia,THA,Upper middle income
Thailand,2006,66567.687,38.67300033569336,95.86824899787727,,<1,South-East Asia,THA,Upper middle income
Thailand,2007,67102.394,39.95000076293945,96.19166287624608,,<1,South-East Asia,THA,Upper middle income
Thailand,2008,67619.83,41.242000579833984,96.5089112924914,,<1,South-East Asia,THA,Upper middle income
Thailand,2009,68121.08,42.542999267578125,96.81969055628775,,<1,South-East Asia,THA,Upper middle income
Thailand,2010,68579.447,43.85600280761719,97.12401629592767,,<1,South-East Asia,THA,Upper middle income
Thailand,2011,69007.208,44.697998046875,97.4082908052725,,<1,South-East Asia,THA,Upper middle income
Thailand,2012,69436.098,45.44499969482422,97.68572568112546,,<1,South-East Asia,THA,Upper middle income
Thailand,2013,69845.114,46.19300079345703,97.95924755374456,,<1,South-East Asia,THA,Upper middle income
Thailand,2014,70216.367,46.94300079345703,98.22887743714509,,<1,South-East Asia,THA,Upper middle income
Thailand,2015,70540.795,47.69400024414063,98.4945735276121,,<1,South-East Asia,THA,Upper middle income
Thailand,2016,70859.841,48.447998046875,98.75636645098076,,<1,South-East Asia,THA,Upper middle income
Thailand,2017,71160.187,49.20000076293945,99.0,,<1,South-East Asia,THA,Upper middle income
Thailand,2018,71376.079,49.948997497558594,99.0,,<1,South-East Asia,THA,Upper middle income
Thailand,2019,71522.271,50.69199752807617,99.0,,<1,South-East Asia,THA,Upper middle income
Thailand,2020,71641.484,51.43000030517578,99.0,,<1,South-East Asia,THA,Upper middle income
Thailand,2021,71727.332,52.16299819946289,99.0,,<1,South-East Asia,THA,Upper middle income
Thailand,2022,71735.329,52.88899993896485,99.0,,<1,South-East Asia,THA,Upper middle income
Thailand,2023,71702.435,53.608001708984375,99.0,,<1,South-East Asia,THA,Upper middle income
Thailand,2024,71668.011,54.31999969482422,99.0,,<1,South-East Asia,THA,Upper middle income
Timor-Leste,2002,879.159,24.97900009155273,49.61794437716917,,6.634958671304656,South-East Asia,TLS,Lower middle income
Timor-Leste,2003,916.878,25.343000411987305,51.31086074734294,,6.561572544181145,South-East Asia,TLS,Lower middle income
Timor-Leste,2004,929.074,25.709999084472656,53.00071961293369,,6.487521777518612,South-East Asia,TLS,Lower middle income
Timor-Leste,2005,948.311,26.041000366210938,54.67540502359067,,6.415075182828327,South-East Asia,TLS,Lower middle income
Timor-Leste,2006,976.597,26.374000549316406,56.34705752896934,,6.342063357223158,South-East Asia,TLS,Lower middle income
Timor-Leste,2007,1004.889,26.708999633789062,58.01564757422052,,6.268482411922626,South-East Asia,TLS,Lower middle income
Timor-Leste,2008,1032.429,27.04800033569336,59.68172648264872,,6.194206802360823,South-East Asia,TLS,Lower middle income
Timor-Leste,2009,1058.782,27.38899803161621,61.43824931509803,,6.119351179857577,South-East Asia,TLS,Lower middle income
Timor-Leste,2010,1084.679,27.73200035095215,63.1966745548591,,6.043910641593589,South-East Asia,TLS,Lower middle income
Timor-Leste,2011,1110.207,28.07900047302246,64.95741703117876,,5.967757528017875,South-East Asia,TLS,Lower middle income
Timor-Leste,2012,1134.885,28.42799949645996,66.71977380982514,,5.891008983806057,South-East Asia,TLS,Lower middle income
Timor-Leste,2013,1158.695,28.77899932861328,68.48361270233173,,5.813661493199281,South-East Asia,TLS,Lower middle income
Timor-Leste,2014,1181.903,29.13300132751465,70.2490467993202,,5.735645713266695,South-East Asia,TLS,Lower middle income
Timor-Leste,2015,1205.131,29.489999771118164,72.01592602092148,,5.656956676851719,South-East Asia,TLS,Lower middle income
Timor-Leste,2016,1228.312,29.850000381469727,73.78409313703561,,5.577587874102155,South-East Asia,TLS,Lower middle income
Timor-Leste,2017,1251.703,30.21199989318848,75.55315862837817,,5.4975994085095,South-East Asia,TLS,Lower middle income
Timor-Leste,2018,1275.959,30.577999114990234,77.32342090501041,,5.41685299103063,South-East Asia,TLS,Lower middle income
Timor-Leste,2019,1300.945,30.94700050354004,79.09449199225598,,5.335408569339055,South-East Asia,TLS,Lower middle income
Timor-Leste,2020,1326.053,31.31999969482422,80.86640629206221,,5.253191558684859,South-East Asia,TLS,Lower middle income
Timor-Leste,2021,1350.139,31.69499969482422,82.63858241927429,,5.170332047118984,South-East Asia,TLS,Lower middle income
Timor-Leste,2022,1369.295,32.07400131225586,84.41125463551403,,5.086686107033295,South-East Asia,TLS,Lower middle income
Timor-Leste,2023,1384.286,32.455997467041016,85.94146319134994,,4.924617535862276,South-East Asia,TLS,Lower middle income
Timor-Leste,2024,1400.638,32.842002868652344,87.32965060573356,,4.872460037105187,South-East Asia,TLS,Lower middle income
Togo,2000,5140.037,32.90700149536133,45.84010527495384,10.02621774983855,24.38755647298709,Africa,TGO,Low income
Togo,2001,5277.382,33.35599899291992,47.20665515812811,10.43961826960565,23.52364231384835,Africa,TGO,Low income
Togo,2002,5413.274,33.80900192260742,48.54864378242801,10.85721047760751,22.66733551665877,Africa,TGO,Low income
Togo,2003,5552.167,34.26499938964844,49.86571313207083,11.27887565293667,21.81907323163904,Africa,TGO,Low income
Togo,2004,5696.508,34.7239990234375,51.00229650452238,11.70469206267145,20.9789413894814,Africa,TGO,Low income
Togo,2005,5844.631,35.185001373291016,51.94533192119151,12.13452679406472,20.14732260114874,Africa,TGO,Low income
Togo,2006,6010.668,35.64899826049805,52.85337187524208,12.56866267123295,19.32399535162306,Africa,TGO,Low income
Togo,2007,6188.344,36.11600112915039,53.72647980794581,13.00717942859256,18.50904561924908,Africa,TGO,Low income
Togo,2008,6368.812,36.58699798583984,54.56516250963659,13.4503740884263,17.7023021590232,Africa,TGO,Low income
Togo,2009,6551.865,37.05799865722656,55.36773590708455,13.89744778401251,16.90489699481111,Africa,TGO,Low income
Togo,2010,6732.59,37.53300094604492,56.13607206150077,14.34935687429398,16.11585427752225,Africa,TGO,Low income
Togo,2011,6916.474,38.03200149536133,56.87789572039296,14.8107744821214,15.33061676232637,Africa,TGO,Low income
Togo,2012,7100.736,38.545997619628906,57.58878961716431,15.27990414860391,14.55191507875088,Africa,TGO,Low income
Togo,2013,7285.442,39.06100082397461,58.26329497273034,15.75365040945286,13.7831879893962,Africa,TGO,Low income
Togo,2014,7472.45,39.57900238037109,58.90228392141565,16.2325567508779,13.02406053008227,Africa,TGO,Low income
Togo,2015,7663.195,40.09999847412109,59.50586668468176,16.71671255775602,12.27462218405526,Africa,TGO,Low income
Togo,2016,7858.289,40.62800216674805,60.07531264492925,17.20719144305367,11.53422151627669,Africa,TGO,Low income
Togo,2017,8057.14,41.1619987487793,60.6102462342239,17.70387472956297,10.80324515708495,Africa,TGO,Low income
Togo,2018,8258.778,41.70199966430664,61.1106166110229,18.20688455018772,10.08186880075994,Africa,TGO,Low income
Togo,2019,8463.068,42.24799728393555,61.57638798157956,18.71634584277723,9.37027150540201,Africa,TGO,Low income
Togo,2020,8669.72,42.79999923706055,62.00752375393434,19.23238303590565,8.668630909163037,Africa,TGO,Low income
Togo,2021,8878.379,43.358001708984375,62.40400097407473,19.55493502174329,7.977127304201447,Africa,TGO,Low income
Togo,2022,9089.738,43.92100143432617,62.7656132616006,19.87752010631874,7.296063517004763,Africa,TGO,Low income
Togo,2023,9304.337,44.4900016784668,63.78240510138647,20.20037955941418,6.625472587862475,Africa,TGO,Low income
Togo,2024,9515.236,45.06399917602539,64.78624554982918,20.52323527901875,5.965638295866905,Africa,TGO,Low income
Tokelau,2000,1.845,0.0,97.21572947412083,,<1,Western Pacific,TKL,
Tokelau,2001,1.864,0.0,97.35875738174563,,<1,Western Pacific,TKL,
Tokelau,2002,1.839,0.0,97.5017852893704,,<1,Western Pacific,TKL,
Tokelau,2003,1.774,0.0,97.6448131969952,,<1,Western Pacific,TKL,
Tokelau,2004,1.705,0.0,97.78784110462,,<1,Western Pacific,TKL,
Tokelau,2005,1.631,0.0,97.93086901224478,,<1,Western Pacific,TKL,
Tokelau,2006,1.569,0.0,98.07389691986953,,<1,Western Pacific,TKL,
Tokelau,2007,1.552,0.0,98.21692482749432,,<1,Western Pacific,TKL,
Tokelau,2008,1.563,0.0,98.35995273511912,,<1,Western Pacific,TKL,
Tokelau,2009,1.574,0.0,98.50298064274386,,<1,Western Pacific,TKL,
Tokelau,2010,1.585,0.0,98.64600855036866,,<1,Western Pacific,TKL,
Tokelau,2011,1.599,0.0,98.78903645799346,,<1,Western Pacific,TKL,
Tokelau,2012,1.659,0.0,98.93206436561826,,<1,Western Pacific,TKL,
Tokelau,2013,1.726,0.0,99.0,,<1,Western Pacific,TKL,
Tokelau,2014,1.728,0.0,99.0,,<1,Western Pacific,TKL,
Tokelau,2015,1.698,0.0,99.0,,<1,Western Pacific,TKL,
Tokelau,2016,1.677,0.0,99.0,,<1,Western Pacific,TKL,
Tokelau,2017,1.742,0.0,99.0,,<1,Western Pacific,TKL,
Tokelau,2018,1.878,0.0,99.0,,<1,Western Pacific,TKL,
Tokelau,2019,2.014,0.0,99.0,,<1,Western Pacific,TKL,
Tokelau,2020,2.128,0.0,99.0,,<1,Western Pacific,TKL,
Tokelau,2021,2.205,0.0,99.0,,<1,Western Pacific,TKL,
Tokelau,2022,2.29,0.0,99.0,,<1,Western Pacific,TKL,
Tokelau,2023,2.397,0.0,99.0,,<1,Western Pacific,TKL,
Tokelau,2024,2.506,0.0,99.0,,<1,Western Pacific,TKL,
Tonga,2000,102.677,23.012001037597656,98.54104979149211,29.22498634856585,<1,Western Pacific,TON,Upper middle income
Tonga,2001,103.288,23.041000366210938,98.54075857566136,29.23279557069962,<1,Western Pacific,TON,Upper middle income
Tonga,2002,103.874,23.069000244140625,98.54047960970048,29.240336340784,<1,Western Pacific,TON,Upper middle income
Tonga,2003,104.464,23.097999572753903,98.54018484528704,29.24814399423133,<1,Western Pacific,TON,Upper middle income
Tonga,2004,105.071,23.12700080871582,98.53989382980475,29.25595366532893,<1,Western Pacific,TON,Upper middle income
Tonga,2005,105.671,23.154998779296875,98.58558374401876,29.28031948560449,<1,Western Pacific,TON,Upper middle income
Tonga,2006,106.253,23.18400001525879,98.63130084651762,29.30497934877658,<1,Western Pacific,TON,Upper middle income
Tonga,2007,106.726,23.227001190185547,98.67694620695576,29.33345106170304,<1,Western Pacific,TON,Upper middle income
Tonga,2008,107.02,23.2810001373291,98.7225624072798,29.36493862666726,<1,Western Pacific,TON,Upper middle income
Tonga,2009,107.203,23.334999084472656,98.76824211087788,29.39646878666677,<1,Western Pacific,TON,Upper middle income
Tonga,2010,107.4,23.388999938964844,98.81399234326337,29.42804418219117,<1,Western Pacific,TON,Upper middle income
Tonga,2011,107.57,23.44300079345703,98.8097360298525,29.45966442925372,<1,Western Pacific,TON,Upper middle income
Tonga,2012,107.46,23.434999465942383,98.8058202724573,29.4744305402053,<1,Western Pacific,TON,Upper middle income
Tonga,2013,107.078,23.381999969482425,98.80192440795132,29.47690619534826,<1,Western Pacific,TON,Upper middle income
Tonga,2014,106.609,23.328001022338867,98.79783076420765,29.47906339504993,<1,Western Pacific,TON,Upper middle income
Tonga,2015,106.095,23.274999618530277,98.79354988462356,29.48145160459502,<1,Western Pacific,TON,Upper middle income
Tonga,2016,105.524,23.222000122070312,98.78907159169115,29.48379458872963,<1,Western Pacific,TON,Upper middle income
Tonga,2017,105.356,23.16900062561035,98.7844002121241,29.48609449428556,<1,Western Pacific,TON,Upper middle income
Tonga,2018,105.567,23.130998611450195,98.77963640581228,29.49247739146891,<1,Western Pacific,TON,Upper middle income
Tonga,2019,105.669,23.10700035095215,98.77483370245288,29.50268368414233,<1,Western Pacific,TON,Upper middle income
Tonga,2020,105.704,23.0989990234375,98.77008473695167,29.51728506096345,<1,Western Pacific,TON,Upper middle income
Tonga,2021,105.49,23.10400009155273,98.76542587302065,29.53547037816361,<1,Western Pacific,TON,Upper middle income
Tonga,2022,105.042,23.125,98.81147658928126,29.55808679423291,<1,Western Pacific,TON,Upper middle income
Tonga,2023,104.597,23.15999984741211,98.85773196642384,29.58460092539248,<1,Western Pacific,TON,Upper middle income
Tonga,2024,104.175,23.209999084472656,98.85834666026234,29.59845431835112,<1,Western Pacific,TON,Upper middle income
Trinidad and Tobago,2005,1352.034,54.96699905395508,97.30942041215032,69.35958845696977,<1,Americas,TTO,High income
Trinidad and Tobago,2006,1358.698,54.77899932861328,97.30973993072313,69.34447829588005,<1,Americas,TTO,High income
Trinidad and Tobago,2007,1365.377,54.59000015258789,97.31006219942547,69.32928811764634,<1,Americas,TTO,High income
Trinidad and Tobago,2008,1372.084,54.402000427246094,97.31038383032411,69.31417912127047,<1,Americas,TTO,High income
Trinidad and Tobago,2009,1379.056,54.21299743652344,97.31070386682435,69.2989872930129,<1,Americas,TTO,High income
Trinidad and Tobago,2010,1386.654,54.025001525878906,97.44026936976184,69.29203676477188,<1,Americas,TTO,High income
Trinidad and Tobago,2011,1394.983,53.83599853515625,97.56970308659466,69.28501902282899,<1,Americas,TTO,High income
Trinidad and Tobago,2012,1403.809,53.67100143432617,97.69898493989844,69.27993575718352,<1,Americas,TTO,High income
Trinidad and Tobago,2013,1412.653,53.53000259399414,97.828150538828,69.2767875362099,<1,Americas,TTO,High income
Trinidad and Tobago,2014,1421.131,53.41299819946289,97.95722918082888,69.27557080393393,<1,Americas,TTO,High income
Trinidad and Tobago,2015,1429.188,53.31900024414063,98.0862562464858,69.27620753515761,<1,Americas,TTO,High income
Trinidad and Tobago,2016,1437.026,53.25000381469727,98.21526235268314,69.27885419511043,<1,Americas,TTO,High income
Trinidad and Tobago,2017,1445.261,53.20500183105469,98.34427633018598,69.28342695056227,<1,Americas,TTO,High income
Trinidad and Tobago,2018,1470.518,53.18400192260742,98.4733339387866,69.28992738283546,<1,Americas,TTO,High income
Trinidad and Tobago,2019,1484.894,53.1870002746582,98.6024616253734,69.298349578604,<1,Americas,TTO,High income
Trinidad and Tobago,2020,1481.024,53.2140007019043,98.73169572658114,69.30869544272232,<1,Americas,TTO,High income
Trinidad and Tobago,2021,1487.717,53.26499938964844,98.86106517060742,69.32096089325361,<1,Americas,TTO,High income
Trinidad and Tobago,2022,1495.921,53.34000015258789,98.9906054804652,69.33514725115013,<1,Americas,TTO,High income
Trinidad and Tobago,2023,1502.932,53.438995361328125,99.0,69.35124769386063,<1,Americas,TTO,High income
Trinidad and Tobago,2024,1507.782,53.56199645996094,99.0,69.36926267361316,<1,Americas,TTO,High income
Tunisia,2000,9764.935,63.43200302124024,87.5364530934515,76.76374151027548,<1,Eastern Mediterranean,TUN,Lower middle income
Tunisia,2001,9869.677,63.81800079345703,87.84724499757647,77.04618301133927,<1,Eastern Mediterranean,TUN,Lower middle income
Tunisia,2002,9971.515,64.20199584960938,88.13897820752324,77.32488298930258,<1,Eastern Mediterranean,TUN,Lower middle income
Tunisia,2003,10071.632,64.58499908447266,88.42649530695144,77.60016342018783,<1,Eastern Mediterranean,TUN,Lower middle income
Tunisia,2004,10166.163,64.95000457763672,88.70511377845807,77.86713011588888,<1,Eastern Mediterranean,TUN,Lower middle income
Tunisia,2005,10255.472,65.23699951171875,88.95885125870412,78.1089443615353,<1,Eastern Mediterranean,TUN,Lower middle income
Tunisia,2006,10346.41,65.52400207519531,89.20965203855539,78.34842679922762,<1,Eastern Mediterranean,TUN,Lower middle income
Tunisia,2007,10441.702,65.80899810791016,89.4569801310422,78.58501199660165,<1,Eastern Mediterranean,TUN,Lower middle income
Tunisia,2008,10542.635,66.0929946899414,89.88682555610266,78.81900347108895,<1,Eastern Mediterranean,TUN,Lower middle income
Tunisia,2009,10650.681,66.3759994506836,90.34339380795764,79.0504165904685,<1,Eastern Mediterranean,TUN,Lower middle income
Tunisia,2010,10765.98,66.65699768066406,90.79591664903442,79.2789942255773,<1,Eastern Mediterranean,TUN,Lower middle income
Tunisia,2011,10886.035,66.93800354003906,91.2448200352834,79.50528155521351,<1,Eastern Mediterranean,TUN,Lower middle income
Tunisia,2012,11009.647,67.21800231933594,91.68982737010576,79.50196499424837,<1,Eastern Mediterranean,TUN,Lower middle income
Tunisia,2013,11141.361,67.49500274658203,92.13051683944704,79.49639155969133,<1,Eastern Mediterranean,TUN,Lower middle income
Tunisia,2014,11274.288,67.77200317382812,92.56745705081138,78.4387815336686,<1,Eastern Mediterranean,TUN,Lower middle income
Tunisia,2015,11402.264,68.05599975585938,93.00174714004274,77.14501992734851,<1,Eastern Mediterranean,TUN,Lower middle income
Tunisia,2016,11528.674,68.34600067138672,93.43290203527084,75.84017485375273,<1,Eastern Mediterranean,TUN,Lower middle income
Tunisia,2017,11650.498,68.64200592041016,93.8606207367796,74.52403742357951,<1,Eastern Mediterranean,TUN,Lower middle income
Tunisia,2018,11765.514,68.94499969482422,94.2847367416076,73.19659778477818,<1,Eastern Mediterranean,TUN,Lower middle income
Tunisia,2019,11875.081,69.25399780273438,94.70479450677178,71.85743731681828,<1,Eastern Mediterranean,TUN,Lower middle income
Tunisia,2020,11974.057,69.56800079345703,95.120374054685,70.50619434273206,<1,Eastern Mediterranean,TUN,Lower middle income
Tunisia,2021,12048.622,69.88800048828125,95.53129819323438,69.14286746180655,<1,Eastern Mediterranean,TUN,Lower middle income
Tunisia,2022,12119.334,70.21399688720703,95.9372584120703,67.76726959713099,<1,Eastern Mediterranean,TUN,Lower middle income
Tunisia,2023,12200.431,70.54399871826172,96.33779945917556,66.3789813342294,<1,Eastern Mediterranean,TUN,Lower middle income
Tunisia,2024,12277.109,70.8800048828125,96.73278732880144,64.97810721453011,<1,Eastern Mediterranean,TUN,Lower middle income
Türkiye,2000,65425.961,64.74099731445312,92.52077172917772,,<1,Europe,TUR,Upper middle income
Türkiye,2001,66245.128,65.34000396728516,92.60699167607156,,<1,Europe,TUR,Upper middle income
Türkiye,2002,67048.795,65.9739990234375,92.8175922761901,,<1,Europe,TUR,Upper middle income
Türkiye,2003,67831.73,66.60199737548828,93.02409160662636,,<1,Europe,TUR,Upper middle income
Türkiye,2004,68592.617,67.2249984741211,93.22660124934252,,<1,Europe,TUR,Upper middle income
Türkiye,2005,69329.557,67.83999633789062,93.4249804113802,,<1,Europe,TUR,Upper middle income
Türkiye,2006,70045.349,68.44999694824219,93.61947536383192,,<1,Europe,TUR,Upper middle income
Türkiye,2007,70750.586,69.0530014038086,93.81002516111768,,<1,Europe,TUR,Upper middle income
Türkiye,2008,71562.338,69.6510009765625,93.99679382014358,,<1,Europe,TUR,Upper middle income
Türkiye,2009,72464.848,70.24099731445312,94.17966287327454,,<1,Europe,TUR,Upper middle income
Türkiye,2010,73346.769,70.82499694824219,94.3588134972971,,<1,Europe,TUR,Upper middle income
Türkiye,2011,74215.203,71.4020004272461,94.53424697680286,,<1,Europe,TUR,Upper middle income
Türkiye,2012,75197.198,71.9739990234375,94.7061073056509,,<1,Europe,TUR,Upper middle income
Türkiye,2013,76403.031,72.531005859375,94.87404022036549,,<1,Europe,TUR,Upper middle income
Türkiye,2014,78036.154,73.07699584960938,95.03833323674692,,<1,Europe,TUR,Upper middle income
Türkiye,2015,80014.226,73.61100006103516,95.19904082762216,,<1,Europe,TUR,Upper middle income
Türkiye,2016,81652.088,74.13399505615234,95.35629978229998,,<1,Europe,TUR,Upper middle income
Türkiye,2017,83083.662,74.64399719238281,95.51015264270978,,<1,Europe,TUR,Upper middle income
Türkiye,2018,84415.969,75.14299774169922,95.66076308860748,,<1,Europe,TUR,Upper middle income
Türkiye,2019,85357.672,75.62999725341797,95.80819994579085,,<1,Europe,TUR,Upper middle income
Türkiye,2020,86091.692,76.10499572753906,95.95257574958929,,<1,Europe,TUR,Upper middle income
Türkiye,2021,86686.253,76.56900024414062,95.96140826963556,,<1,Europe,TUR,Upper middle income
Türkiye,2022,87058.473,77.0219955444336,95.97003459563986,,<1,Europe,TUR,Upper middle income
Türkiye,2023,87270.501,77.46299743652344,95.97844177169684,,<1,Europe,TUR,Upper middle income
Türkiye,2024,87473.805,77.89299774169922,95.9866257794699,,<1,Europe,TUR,Upper middle income
Turkmenistan,2000,4582.677,45.91299819946289,90.08510849008869,68.6097783171517,8.030004584399432,Europe,TKM,Upper middle income
Turkmenistan,2001,4675.409,46.137001037597656,90.44687117510162,69.64419290279244,7.659917068141502,Europe,TKM,Upper middle income
Turkmenistan,2002,4769.465,46.36199951171875,90.81088189945086,70.68506470088776,7.287531489255591,Europe,TKM,Upper middle income
Turkmenistan,2003,4863.865,46.58699798583984,91.17706471243392,71.7322099345552,6.912949647825728,Europe,TKM,Upper middle income
Turkmenistan,2004,4958.093,46.8120002746582,91.54546766402238,72.78577125565074,6.536120492612876,Europe,TKM,Upper middle income
Turkmenistan,2005,5052.257,47.05199813842773,92.0373759307942,74.30982858952333,6.128255123335779,Europe,TKM,Upper middle income
Turkmenistan,2006,5147.105,47.30800247192383,92.53065012655554,75.84673685382458,5.719704261182542,Europe,TKM,Upper middle income
Turkmenistan,2007,5244.046,47.580997467041016,93.02511978485154,77.39615968823571,5.310724811845541,Europe,TKM,Upper middle income
Turkmenistan,2008,5345.029,47.86800003051758,93.5202593447869,78.95685539211391,4.901982318169198,Europe,TKM,Upper middle income
Turkmenistan,2009,5451.592,48.172000885009766,94.01604731490336,80.52885929232252,4.493539772989172,Europe,TKM,Upper middle income
Turkmenistan,2010,5564.356,48.49100112915039,94.41386725149856,82.01938678258847,4.18598318005162,Europe,TKM,Upper middle income
Turkmenistan,2011,5683.417,48.82499694824219,94.91648184916107,83.61680079909387,3.772628578628719,Europe,TKM,Upper middle income
Turkmenistan,2012,5808.546,49.17499923706055,95.41894113441822,85.22355192451262,3.360691899691189,Europe,TKM,Upper middle income
Turkmenistan,2013,5939.341,49.54100036621094,95.92095383083613,86.83891743218634,2.950551240506336,Europe,TKM,Upper middle income
Turkmenistan,2014,6075.283,49.92100143432617,96.42213947953836,88.46188122723368,2.542685200015415,Europe,TKM,Upper middle income
Turkmenistan,2015,6215.77,50.31700134277344,96.92232181173756,90.09199527415282,2.137356099198612,Europe,TKM,Upper middle income
Turkmenistan,2016,6360.041,50.72800064086914,97.42116113672338,91.45528478983717,1.734989643189451,Europe,TKM,Upper middle income
Turkmenistan,2017,6507.061,51.15299987792969,97.9183405901452,92.68884687283968,1.335986223817337,Europe,TKM,Upper middle income
Turkmenistan,2018,6655.524,51.59299850463867,98.31091485681404,93.82401803513147,<1,Europe,TKM,Upper middle income
Turkmenistan,2019,6803.944,52.047996520996094,98.97443842900852,94.05085336564274,<1,Europe,TKM,Upper middle income
Turkmenistan,2020,6949.912,52.5160026550293,99.0,94.27450453623034,<1,Europe,TKM,Upper middle income
Turkmenistan,2021,7092.043,52.99800109863281,99.0,94.49485543490088,<1,Europe,TKM,Upper middle income
Turkmenistan,2022,7230.193,53.49399948120117,99.0,94.71173136321462,<1,Europe,TKM,Upper middle income
Turkmenistan,2023,7364.438,54.00299835205078,99.0,94.83489774970796,<1,Europe,TKM,Upper middle income
Turkmenistan,2024,7494.498,54.52399826049805,99.0,94.85354591778092,<1,Europe,TKM,Upper middle income
Turks and Caicos Islands,2000,18.73,84.55000305175781,,,-,Americas,TCA,High income
Turks and Caicos Islands,2001,19.576,85.36199951171875,,,-,Americas,TCA,High income
Turks and Caicos Islands,2002,20.597,86.00699615478516,,,-,Americas,TCA,High income
Turks and Caicos Islands,2003,21.727,86.60800170898438,,,-,Americas,TCA,High income
Turks and Caicos Islands,2004,22.856,87.18799591064453,,,-,Americas,TCA,High income
Turks and Caicos Islands,2005,23.988,87.7449951171875,,,-,Americas,TCA,High income
Turks and Caicos Islands,2006,25.123,88.28099822998047,,,-,Americas,TCA,High income
Turks and Caicos Islands,2007,26.27,88.7969970703125,,,-,Americas,TCA,High income
Turks and Caicos Islands,2008,27.427,89.29399871826172,,,-,Americas,TCA,High income
Turks and Caicos Islands,2009,28.588,89.77000427246094,,,-,Americas,TCA,High income
Turks and Caicos Islands,2010,29.739,90.22799682617188,,,-,Americas,TCA,High income
Turks and Caicos Islands,2011,30.846,90.66799926757812,,,-,Americas,TCA,High income
Turks and Caicos Islands,2012,32.127,91.08999633789062,,,-,Americas,TCA,High income
Turks and Caicos Islands,2013,33.653,91.48300170898438,,,-,Americas,TCA,High income
Turks and Caicos Islands,2014,35.05,91.85100555419922,,,-,Americas,TCA,High income
Turks and Caicos Islands,2015,36.605,92.19499969482422,,,-,Americas,TCA,High income
Turks and Caicos Islands,2016,38.315,92.51699829101562,98.68940741013644,47.22443831744203,<1,Americas,TCA,High income
Turks and Caicos Islands,2017,39.913,92.81700134277344,98.71179164632552,47.19711462610392,<1,Americas,TCA,High income
Turks and Caicos Islands,2018,41.559,93.0979995727539,98.73274743132092,47.17151656833776,<1,Americas,TCA,High income
Turks and Caicos Islands,2019,43.166,93.36000061035156,98.75229483365,47.14765364725939,<1,Americas,TCA,High income
Turks and Caicos Islands,2020,44.386,93.6050033569336,98.77057167286158,47.12533788544193,<1,Americas,TCA,High income
Turks and Caicos Islands,2021,45.243,93.83399963378906,98.7876500176188,47.10447699692493,<1,Americas,TCA,High income
Turks and Caicos Islands,2022,45.847,94.0469970703125,98.80353723635244,47.08507505428843,<1,Americas,TCA,High income
Turks and Caicos Islands,2023,46.198,94.24700164794922,98.8184607523226,47.06685933512514,<1,Americas,TCA,High income
Turks and Caicos Islands,2024,46.535,94.43299865722656,98.83233797709438,47.04991876645909,<1,Americas,TCA,High income
Tuvalu,2000,9.544,46.01800155639648,98.94890589224676,7.685771827739067,<1,Western Pacific,TUV,Upper middle income
Tuvalu,2001,9.586,46.42900085449219,98.95477622177236,7.706445398346324,<1,Western Pacific,TUV,Upper middle income
Tuvalu,2002,9.623,46.84099960327149,98.96007725155522,7.727126321675503,<1,Western Pacific,TUV,Upper middle income
Tuvalu,2003,9.695,47.65599822998047,98.96372688107336,7.768382718201412,<1,Western Pacific,TUV,Upper middle income
Tuvalu,2004,9.816,48.67799758911133,98.96554474376155,7.82013162818558,<1,Western Pacific,TUV,Upper middle income
Tuvalu,2005,9.94,49.69900131225586,98.9659492701757,7.871720192664275,<1,Western Pacific,TUV,Upper middle income
Tuvalu,2006,10.056,50.72100067138672,98.96493138556092,7.923250618425084,<1,Western Pacific,TUV,Upper middle income
Tuvalu,2007,10.182,51.74300003051758,98.9624863760549,7.974671096508906,<1,Western Pacific,TUV,Upper middle income
Tuvalu,2008,10.321,52.76499938964844,98.95863073877705,8.025982835245046,<1,Western Pacific,TUV,Upper middle income
Tuvalu,2009,10.461,53.78199768066406,98.95338396691902,8.076930580293993,<1,Western Pacific,TUV,Upper middle income
Tuvalu,2010,10.614,54.795997619628906,98.9467468568781,8.127617129335626,<1,Western Pacific,TUV,Upper middle income
Tuvalu,2011,10.78,55.80699920654297,98.93872563909152,8.178043083861434,<1,Western Pacific,TUV,Upper middle income
Tuvalu,2012,10.934,56.81499862670898,98.929330064394,8.228208854651056,<1,Western Pacific,TUV,Upper middle income
Tuvalu,2013,11.001,57.814002990722656,98.9186170640434,8.277811064945155,<1,Western Pacific,TUV,Upper middle income
Tuvalu,2014,10.984,58.7859992980957,98.90679787800488,8.32594065435149,<1,Western Pacific,TUV,Upper middle income
Tuvalu,2015,10.963,59.72999954223633,98.89393038088755,8.372551348938034,<1,Western Pacific,TUV,Upper middle income
Tuvalu,2016,10.93,60.64500045776367,98.88009417991516,8.417597800702078,<1,Western Pacific,TUV,Upper middle income
Tuvalu,2017,10.869,61.52999877929688,98.86535977821067,8.46103365882406,<1,Western Pacific,TUV,Upper middle income
Tuvalu,2018,10.751,62.387001037597656,98.84976519521184,8.502965204475434,<1,Western Pacific,TUV,Upper middle income
Tuvalu,2019,10.581,63.21500015258789,98.8333705888805,8.543344999508964,<1,Western Pacific,TUV,Upper middle income
Tuvalu,2020,10.399,64.01399993896484,98.81625355762044,8.58217972768881,<1,Western Pacific,TUV,Upper middle income
Tuvalu,2021,10.194,64.78499603271484,98.798446877674,8.619522693381354,<1,Western Pacific,TUV,Upper middle income
Tuvalu,2022,9.992,65.5270004272461,98.78003171877168,8.655329159648003,<1,Western Pacific,TUV,Upper middle income
Tuvalu,2023,9.816,66.24100494384766,98.76104725912542,8.689653637714299,<1,Western Pacific,TUV,Upper middle income
Tuvalu,2024,9.646,66.9280014038086,98.7415397759091,8.722550432799155,<1,Western Pacific,TUV,Upper middle income
Uganda,2000,24000.15,14.78600025177002,26.23570518610371,2.611169272109676,13.82974790823059,Africa,UGA,Low income
Uganda,2001,24745.676,15.20099925994873,27.52988267814992,3.095994414644113,13.37658377220775,Africa,UGA,Low income
Uganda,2002,25532.87,15.625999450683594,28.85044939521347,3.599884027820504,12.92580260300065,Africa,UGA,Low income
Uganda,2003,26352.124,16.06100082397461,30.19674375988338,4.122992209435422,12.47753971178643,Africa,UGA,Low income
Uganda,2004,27154.515,16.506999969482422,31.56856356345063,4.665667995442145,12.03180368940846,Africa,UGA,Low income
Uganda,2005,27963.289,16.959999084472656,32.96330103312234,5.227242687557975,11.58923142025705,Africa,UGA,Low income
Uganda,2006,28794.003,17.42500114440918,34.38262421414326,5.808865993086521,11.14932994991618,Africa,UGA,Low income
Uganda,2007,29653.43,17.89900016784668,35.824381726143,6.410040637739221,10.71259954192302,Africa,UGA,Low income
Uganda,2008,30539.553,18.38400077819824,37.28873087223678,7.031338462856962,10.27894663788928,Africa,UGA,Low income
Uganda,2009,31451.151,18.87800025939941,38.77399679155636,7.672416117865077,9.848726285713676,Africa,UGA,Low income
Uganda,2010,32390.802,19.382999420166016,40.28025624277718,8.33386895954043,9.421861636989,Africa,UGA,Low income
Uganda,2011,33354.543,19.89800071716309,41.80625228926177,9.015570102150855,8.998597096533576,Africa,UGA,Low income
Uganda,2012,34337.438,20.423999786376957,43.35153943452943,9.717890568761288,8.578976162299398,Africa,UGA,Low income
Uganda,2013,35337.042,20.95800018310547,44.91407727030548,10.44012215426801,8.163406903542342,Africa,UGA,Low income
Uganda,2014,36395.539,21.503999710083008,46.49454648014358,11.1834474802514,7.751670118103427,Africa,UGA,Low income
Uganda,2015,37531.446,22.059999465942383,48.09125983247326,11.94741491782115,7.344082650263149,Africa,UGA,Low income
Uganda,2016,38799.152,22.623998641967773,49.70260636324534,12.73150287872915,6.940924828611839,Africa,UGA,Low income
Uganda,2017,40177.388,23.19599914550781,51.32772813985999,13.53573882715946,6.542304906974852,Africa,UGA,Low income
Uganda,2018,41565.831,23.77400016784668,52.96510828391125,14.3595127676697,6.148458048569371,Africa,UGA,Low income
Uganda,2019,42999.637,24.36100006103516,54.6148662999288,15.20377146659638,5.75928832403048,Africa,UGA,Low income
Uganda,2020,44457.152,24.95400047302246,56.27517240738164,15.79762989053195,5.375080590343408,Africa,UGA,Low income
Uganda,2021,45910.93,25.55299949645996,57.94520032846781,16.36600205839512,4.995916835701164,Africa,UGA,Low income
Uganda,2022,47312.719,26.15900039672852,59.62436702835106,16.93906063136816,4.62183211193658,Africa,UGA,Low income
Uganda,2023,48656.601,26.770999908447266,61.31152341680334,17.51619792032419,4.252962229082268,Africa,UGA,Low income
Uganda,2024,50015.092,27.38899803161621,63.00580157219711,18.09712277826907,3.889388329063921,Africa,UGA,Low income
Ukraine,2000,49556.66,67.14500427246094,98.20391418123435,66.34533727314749,<1,Europe,UKR,Upper middle income
Ukraine,2001,49106.855,67.18299865722656,98.24740331696228,66.36514810181392,<1,Europe,UKR,Upper middle income
Ukraine,2002,48677.281,67.28299713134766,98.2725981349604,66.43819057610803,<1,Europe,UKR,Upper middle income
Ukraine,2003,48315.136,67.42699432373047,98.26403723956857,66.54891462922147,<1,Europe,UKR,Upper middle income
Ukraine,2004,47979.507,67.59700012207031,97.7928382047192,69.34004394367891,<1,Europe,UKR,Upper middle income
Ukraine,2005,47585.556,67.79000091552734,97.3192965244118,71.95430664575164,<1,Europe,UKR,Upper middle income
Ukraine,2006,47278.694,67.96900177001953,96.84237372856025,74.53527057319893,<1,Europe,UKR,Upper middle income
Ukraine,2007,47062.798,68.1469955444336,96.3624898983504,77.0930188106893,<1,Europe,UKR,Upper middle income
Ukraine,2008,46819.175,68.32500457763672,95.87965837930918,79.62803721088451,<1,Europe,UKR,Upper middle income
Ukraine,2009,46623.731,68.50200653076172,95.39390415705292,82.13985533730244,<1,Europe,UKR,Upper middle income
Ukraine,2010,46456.003,68.59600067138672,94.90720764327078,84.61241604788256,<1,Europe,UKR,Upper middle income
Ukraine,2011,46307.853,68.68900299072266,94.41910113773277,87.07777517407578,<1,Europe,UKR,Upper middle income
Ukraine,2012,46210.056,68.7820053100586,93.92956257967832,89.38660422119894,<1,Europe,UKR,Upper middle income
Ukraine,2013,46126.77,68.875,93.7584244839538,89.05118200608756,<1,Europe,UKR,Upper middle income
Ukraine,2014,45972.38,68.9679946899414,93.28568664117364,88.6131133324757,<1,Europe,UKR,Upper middle income
Ukraine,2015,45784.896,69.06099700927734,93.31873115693966,88.5460827206253,<1,Europe,UKR,Upper middle income
Ukraine,2016,45616.832,69.15399932861328,93.35137834520978,88.47891449629877,<1,Europe,UKR,Upper middle income
Ukraine,2017,45436.041,69.24600219726562,93.38370807566416,88.41161334599953,<1,Europe,UKR,Upper middle income
Ukraine,2018,45208.907,69.35199737548828,93.41454094961792,88.34421844344007,<1,Europe,UKR,Upper middle income
Ukraine,2019,44957.458,69.4729995727539,93.44371588361705,88.2768037695359,<1,Europe,UKR,Upper middle income
Ukraine,2020,44680.014,69.60800170898438,93.47120728633791,88.20941919811894,<1,Europe,UKR,Upper middle income
Ukraine,2021,44298.64,69.75700378417969,93.49693741950882,88.14213857538577,<1,Europe,UKR,Upper middle income
Ukraine,2022,41048.766,69.91899871826172,93.52089486301116,88.07500931941317,<1,Europe,UKR,Upper middle income
Ukraine,2023,37732.836,70.09500122070312,93.51732965892596,87.98572954804368,<1,Europe,UKR,Upper middle income
Ukraine,2024,37860.221,70.28399658203125,93.47909225975393,87.86837694309784,<1,Europe,UKR,Upper middle income
United Arab Emirates,2000,3493.575,80.23600006103516,99.0,98.19269011303392,<1,Eastern Mediterranean,ARE,High income
United Arab Emirates,2001,3723.59,80.65499877929688,99.0,98.19450783729316,<1,Eastern Mediterranean,ARE,High income
United Arab Emirates,2002,3956.826,81.06700134277344,99.0,98.21882551546362,<1,Eastern Mediterranean,ARE,High income
United Arab Emirates,2003,4192.457,81.47200012207031,99.0,98.24333518447284,<1,Eastern Mediterranean,ARE,High income
United Arab Emirates,2004,4428.967,81.87100219726562,99.0,98.26803328586976,<1,Eastern Mediterranean,ARE,High income
United Arab Emirates,2005,4664.79,82.26200103759766,99.0,98.29289797226588,<1,Eastern Mediterranean,ARE,High income
United Arab Emirates,2006,5009.1,82.64799499511719,99.0,98.31795310065012,<1,Eastern Mediterranean,ARE,High income
United Arab Emirates,2007,5624.635,83.02300262451172,99.0,98.34314585431534,<1,Eastern Mediterranean,ARE,High income
United Arab Emirates,2008,6302.664,83.38700103759766,99.0,98.36847715077184,<1,Eastern Mediterranean,ARE,High income
United Arab Emirates,2009,6707.058,83.74199676513672,99.0,98.39394257322591,<1,Eastern Mediterranean,ARE,High income
United Arab Emirates,2010,6938.363,84.08700561523438,99.0,98.419528993262,<1,Eastern Mediterranean,ARE,High income
United Arab Emirates,2011,7199.423,84.4229965209961,99.0,98.44524382535002,<1,Eastern Mediterranean,ARE,High income
United Arab Emirates,2012,7497.118,84.7490005493164,99.0,98.47106560937924,<1,Eastern Mediterranean,ARE,High income
United Arab Emirates,2013,7831.847,85.06600189208984,99.0,98.4969991964186,<1,Eastern Mediterranean,ARE,High income
United Arab Emirates,2014,8236.874,85.375,99.0,98.523036217534,<1,Eastern Mediterranean,ARE,High income
United Arab Emirates,2015,8674.633,85.67399597167969,99.0,98.54916404995124,<1,Eastern Mediterranean,ARE,High income
United Arab Emirates,2016,9030.873,85.96500396728516,99.0,98.57538158458586,<1,Eastern Mediterranean,ARE,High income
United Arab Emirates,2017,9234.327,86.24800109863281,99.0,98.6016896433562,<1,Eastern Mediterranean,ARE,High income
United Arab Emirates,2018,9346.87,86.52200317382812,99.0,98.62806757725949,<1,Eastern Mediterranean,ARE,High income
United Arab Emirates,2019,9377.847,86.78900146484375,99.0,98.63044449148272,<1,Eastern Mediterranean,ARE,High income
United Arab Emirates,2020,9448.524,87.0479965209961,99.0,98.6327534590734,<1,Eastern Mediterranean,ARE,High income
United Arab Emirates,2021,9789.048,87.29900360107422,99.0,98.63499409988002,<1,Eastern Mediterranean,ARE,High income
United Arab Emirates,2022,10242.086,87.54299926757812,99.0,98.63717125080748,<1,Eastern Mediterranean,ARE,High income
United Arab Emirates,2023,10642.081,87.77899932861328,99.0,98.6392693175614,<1,Eastern Mediterranean,ARE,High income
United Arab Emirates,2024,11027.129,88.00799560546875,99.0,98.6413172332089,<1,Eastern Mediterranean,ARE,High income
United Kingdom,2000,59057.338,78.6510009765625,99.0,99.0,<1,Europe,GBR,High income
United Kingdom,2001,59288.09,78.7509994506836,99.0,99.0,<1,Europe,GBR,High income
United Kingdom,2002,59540.763,79.0469970703125,99.0,99.0,<1,Europe,GBR,High income
United Kingdom,2003,59820.385,79.33899688720703,99.0,99.0,<1,Europe,GBR,High income
United Kingdom,2004,60169.967,79.62899780273438,99.0,99.0,<1,Europe,GBR,High income
United Kingdom,2005,60596.108,79.91500091552734,99.0,99.0,<1,Europe,GBR,High income
United Kingdom,2006,61051.094,80.1989974975586,99.0,99.0,<1,Europe,GBR,High income
United Kingdom,2007,61535.855,80.47900390625,99.0,99.0,<1,Europe,GBR,High income
United Kingdom,2008,62027.306,80.75699615478516,99.0,99.0,<1,Europe,GBR,High income
United Kingdom,2009,62506.226,81.03099822998047,99.0,99.0,<1,Europe,GBR,High income
United Kingdom,2010,63006.483,81.302001953125,99.0,99.0,<1,Europe,GBR,High income
United Kingdom,2011,63509.285,81.56999969482422,99.0,99.0,<1,Europe,GBR,High income
United Kingdom,2012,63960.484,81.83699798583984,99.0,99.0,<1,Europe,GBR,High income
United Kingdom,2013,64389.388,82.10199737548828,99.0,99.0,<1,Europe,GBR,High income
United Kingdom,2014,64865.916,82.36499786376953,99.0,99.0,<1,Europe,GBR,High income
United Kingdom,2015,65382.11,82.6259994506836,99.0,99.0,<1,Europe,GBR,High income
United Kingdom,2016,65893.358,82.88600158691406,99.0,99.0,<1,Europe,GBR,High income
United Kingdom,2017,66354.471,83.14300537109375,99.0,99.0,<1,Europe,GBR,High income
United Kingdom,2018,66752.475,83.39800262451172,99.0,99.0,<1,Europe,GBR,High income
United Kingdom,2019,67110.958,83.6520004272461,99.0,99.0,<1,Europe,GBR,High income
United Kingdom,2020,67351.861,83.90299987792969,99.0,99.0,<1,Europe,GBR,High income
United Kingdom,2021,67668.792,84.1520004272461,99.0,99.0,<1,Europe,GBR,High income
United Kingdom,2022,68179.315,84.39800262451172,99.0,99.0,<1,Europe,GBR,High income
United Kingdom,2023,68682.962,84.64199829101562,99.0,99.0,<1,Europe,GBR,High income
United Kingdom,2024,69138.192,84.88400268554688,99.0,99.0,<1,Europe,GBR,High income
United Republic of Tanzania,2000,34260.139,22.30900001525879,28.61153178388437,1.283958457527521,16.62727989779376,Africa,TZA,Lower middle income
United Republic of Tanzania,2001,35198.299,22.673999786376957,29.8677621346393,1.320755098007834,16.4217160555486,Africa,TZA,Lower middle income
United Republic of Tanzania,2002,36121.304,23.04400062561035,31.12412673437254,1.358354904659572,16.21630078208659,Africa,TZA,Lower middle income
United Republic of Tanzania,2003,37089.555,23.61100006103516,32.47579915535975,1.408219392324876,15.97758312133429,Africa,TZA,Lower middle income
United Republic of Tanzania,2004,38109.668,24.222999572753903,33.94711570066744,2.140763777791761,15.73268103464086,Africa,TZA,Lower middle income
United Republic of Tanzania,2005,39182.076,24.84499931335449,35.42835327894568,2.925730250570996,15.48778793077645,Africa,TZA,Lower middle income
United Republic of Tanzania,2006,40294.902,25.477998733520508,36.91950714139385,4.032494602640189,15.24277628290745,Africa,TZA,Lower middle income
United Republic of Tanzania,2007,41435.512,26.121000289916992,38.41959835328733,5.610234928718787,14.99786207945533,Africa,TZA,Lower middle income
United Republic of Tanzania,2008,42570.728,26.7760009765625,39.92905681719277,7.295202232885774,14.7527515682327,Africa,TZA,Lower middle income
United Republic of Tanzania,2009,43633.982,27.439001083374023,41.44548728125285,9.086988441051622,14.50815981381987,Africa,TZA,Lower middle income
United Republic of Tanzania,2010,44758.488,28.11400032043457,42.97022420430121,10.98666917834308,14.26346226055926,Africa,TZA,Lower middle income
United Republic of Tanzania,2011,46029.367,28.797998428344727,44.50135258433486,12.99389719302978,14.01920082119704,Africa,TZA,Lower middle income
United Republic of Tanzania,2012,47374.26,29.49300193786621,46.03922571416933,15.10941497857712,13.77508596851497,Africa,TZA,Lower middle income
United Republic of Tanzania,2013,48824.128,30.19599914550781,47.58196982908267,17.33266817418489,13.53165001334882,Africa,TZA,Lower middle income
United Republic of Tanzania,2014,50351.512,30.904001235961918,49.1277716374045,19.60310588527839,13.2893989445158,Africa,TZA,Lower middle income
United Republic of Tanzania,2015,52020.962,31.617000579833984,50.67616818039362,21.03910168083036,13.04835676985867,Africa,TZA,Lower middle income
United Republic of Tanzania,2016,53824.013,32.33300018310547,52.22585647106248,22.51497592979901,12.80885621878503,Africa,TZA,Lower middle income
United Republic of Tanzania,2017,55652.89,33.05299758911133,53.77681534460222,24.02912773463778,12.57075527831628,Africa,TZA,Lower middle income
United Republic of Tanzania,2018,57437.145,33.7760009765625,55.32818610830235,25.57936715968343,12.33422292434822,Africa,TZA,Lower middle income
United Republic of Tanzania,2019,59174.891,34.5,56.87874678573794,27.1633008168901,12.09957631060689,Africa,TZA,Lower middle income
United Republic of Tanzania,2020,60972.798,35.22700119018555,58.42887099148511,28.56866078398181,11.86651835840002,Africa,TZA,Lower middle income
United Republic of Tanzania,2021,62830.412,35.95399856567383,59.97698934265041,29.26124941402544,11.63550991068097,Africa,TZA,Lower middle income
United Republic of Tanzania,2022,64711.821,36.68199920654297,61.52310077815775,29.95175905462986,11.40640173421652,Africa,TZA,Lower middle income
United Republic of Tanzania,2023,66617.606,37.40900039672852,63.06608840665088,30.63973154454592,11.17949158433536,Africa,TZA,Lower middle income
United Republic of Tanzania,2024,68560.157,38.1359977722168,64.60596194737893,31.32539894760292,10.95463034247902,Africa,TZA,Lower middle income
United States Virgin Islands,2000,108.579,92.58599853515624,98.49740212707076,97.36468200260946,<1,Americas,VIR,High income
United States Virgin Islands,2001,108.525,92.81399536132812,98.54141477114791,97.4375513240874,<1,Americas,VIR,High income
United States Virgin Islands,2002,108.418,93.03600311279295,98.5854274152251,97.51044687485124,<1,Americas,VIR,High income
United States Virgin Islands,2003,108.17,93.2509994506836,98.62944005930228,97.58336865490097,<1,Americas,VIR,High income
United States Virgin Islands,2004,107.835,93.46099853515624,98.67345270337944,97.65631666423654,<1,Americas,VIR,High income
United States Virgin Islands,2005,107.606,93.66400146484376,98.7174653474566,97.729290902858,<1,Americas,VIR,High income
United States Virgin Islands,2006,107.45,93.86100006103516,98.76147799153378,97.80229137076536,<1,Americas,VIR,High income
United States Virgin Islands,2007,107.229,94.0530014038086,98.80549063561097,97.87531806795856,<1,Americas,VIR,High income
United States Virgin Islands,2008,106.96,94.23900604248048,98.84950327968812,97.94837099443764,<1,Americas,VIR,High income
United States Virgin Islands,2009,106.759,94.41900634765624,98.89351592376528,98.02145015020264,<1,Americas,VIR,High income
United States Virgin Islands,2010,106.311,94.59400177001952,98.93752856784248,98.09455553525348,<1,Americas,VIR,High income
United States Virgin Islands,2011,105.391,94.76100158691406,98.98154121191963,98.1676871495902,<1,Americas,VIR,High income
United States Virgin Islands,2012,104.298,94.91899871826172,99.0,98.2408449932128,<1,Americas,VIR,High income
United States Virgin Islands,2013,103.157,95.06999969482422,99.0,98.28450886759836,<1,Americas,VIR,High income
United States Virgin Islands,2014,101.999,95.21300506591795,99.0,98.32817274198388,<1,Americas,VIR,High income
United States Virgin Islands,2015,100.248,95.3499984741211,99.0,98.37183661636944,<1,Americas,VIR,High income
United States Virgin Islands,2016,97.787,95.4800033569336,99.0,98.41550049075497,<1,Americas,VIR,High income
United States Virgin Islands,2017,95.118,95.6030044555664,99.0,98.45916436514052,<1,Americas,VIR,High income
United States Virgin Islands,2018,92.302,95.72100067138672,99.0,98.50282823952604,<1,Americas,VIR,High income
United States Virgin Islands,2019,89.373,95.83200073242188,99.0,98.54649211391158,<1,Americas,VIR,High income
United States Virgin Islands,2020,87.707,95.93899536132812,99.0,98.59015598829713,<1,Americas,VIR,High income
United States Virgin Islands,2021,87.223,96.04000091552734,99.0,98.63381986268269,<1,Americas,VIR,High income
United States Virgin Islands,2022,86.507,96.13600158691406,99.0,98.67748373706824,<1,Americas,VIR,High income
United States Virgin Islands,2023,85.701,96.2270050048828,99.0,98.67748373706824,<1,Americas,VIR,High income
United States Virgin Islands,2024,84.905,96.31400299072266,99.0,98.67748373706824,<1,Americas,VIR,High income
United States of America,2000,281484.131,79.05699920654297,,,-,Americas,USA,High income
United States of America,2001,284279.639,79.23400115966797,,,-,Americas,USA,High income
United States of America,2002,287084.338,79.40899658203125,,,-,Americas,USA,High income
United States of America,2003,289908.1,79.58300018310547,,,-,Americas,USA,High income
United States of America,2004,292786.253,79.75699615478516,,,-,Americas,USA,High income
United States of America,2005,295716.664,79.9280014038086,98.89697234535066,95.35508851417502,<1,Americas,USA,High income
United States of America,2006,298730.209,80.0989990234375,98.90381260090106,95.36439308269328,<1,Americas,USA,High income
United States of America,2007,301844.226,80.26900482177734,98.91060809078417,95.37363871165454,<1,Americas,USA,High income
United States of America,2008,304970.333,80.43800354003906,98.9173671062071,95.38283321154174,<1,Americas,USA,High income
United States of America,2009,308023.454,80.60600280761719,98.92408685211998,95.3919740898134,<1,Americas,USA,High income
United States of America,2010,311062.79,80.77200317382812,99.0,95.55789037583924,<1,Americas,USA,High income
United States of America,2011,314105.078,80.94400024414062,99.0,95.72309289383368,<1,Americas,USA,High income
United States of America,2012,317115.355,81.11900329589844,99.0,95.88738567898044,<1,Americas,USA,High income
United States of America,2013,320110.759,81.29900360107422,99.0,96.05080555254597,<1,Americas,USA,High income
United States of America,2014,323115.377,81.48300170898438,99.0,96.21326290865694,<1,Americas,USA,High income
United States of America,2015,326126.497,81.6709976196289,99.0,96.37471565606636,<1,Americas,USA,High income
United States of America,2016,329179.427,81.86199951171875,99.0,96.53507020120358,<1,Americas,USA,High income
United States of America,2017,332204.66,82.05799865722656,99.0,96.69434983191545,<1,Americas,USA,High income
United States of America,2018,335056.497,82.2560043334961,99.0,96.85242486057906,<1,Americas,USA,High income
United States of America,2019,337790.067,82.45899963378906,99.0,97.00933063248183,<1,Americas,USA,High income
United States of America,2020,339436.159,82.66400146484375,99.0,97.16495646387872,<1,Americas,USA,High income
United States of America,2021,340161.441,82.87300109863281,99.0,97.31930574065343,<1,Americas,USA,High income
United States of America,2022,341534.046,83.08399963378906,99.0,97.46839052741078,<1,Americas,USA,High income
United States of America,2023,343477.335,83.2979965209961,99.0,97.5661860919937,<1,Americas,USA,High income
United States of America,2024,345426.571,83.51499938964844,99.0,97.56768844373252,<1,Americas,USA,High income
Uruguay,2000,3266.206,92.02799987792967,97.06156290700956,,<1,Americas,URY,High income
Uruguay,2001,3274.251,92.3030014038086,97.12423761713193,,<1,Americas,URY,High income
Uruguay,2002,3278.867,92.56900024414062,97.19621112795969,,<1,Americas,URY,High income
Uruguay,2003,3281.186,92.8280029296875,97.2666556458584,,<1,Americas,URY,High income
Uruguay,2004,3283.148,93.0780029296875,97.33510387176857,,<1,Americas,URY,High income
Uruguay,2005,3285.771,93.31900024414062,97.5328552495879,,<1,Americas,URY,High income
Uruguay,2006,3289.506,93.5530014038086,97.72303758349352,,<1,Americas,URY,High income
Uruguay,2007,3295.153,93.77899932861328,97.90571498468826,,<1,Americas,URY,High income
Uruguay,2008,3302.177,93.99799346923828,98.08138812826608,,<1,Americas,URY,High income
Uruguay,2009,3310.091,94.20899963378906,98.25015375380356,,<1,Americas,URY,High income
Uruguay,2010,3318.58,94.41400146484376,98.41261954475712,,<1,Americas,URY,High income
Uruguay,2011,3326.825,94.61199951171876,98.56888277884534,,<1,Americas,URY,High income
Uruguay,2012,3335.401,94.73899841308594,98.71114855150816,,<1,Americas,URY,High income
Uruguay,2013,3345.337,94.84300231933594,98.84757293412858,,<1,Americas,URY,High income
Uruguay,2014,3356.334,94.94499969482422,98.98115123295884,,<1,Americas,URY,High income
Uruguay,2015,3368.017,95.04499816894533,99.0,,<1,Americas,URY,High income
Uruguay,2016,3379.283,95.1439971923828,99.0,,<1,Americas,URY,High income
Uruguay,2017,3388.438,95.24000549316406,99.0,,<1,Americas,URY,High income
Uruguay,2018,3394.534,95.33399963378906,99.0,,<1,Americas,URY,High income
Uruguay,2019,3397.206,95.4260025024414,99.0,,<1,Americas,URY,High income
Uruguay,2020,3398.968,95.51499938964844,99.0,,<1,Americas,URY,High income
Uruguay,2021,3396.695,95.6030044555664,99.0,,<1,Americas,URY,High income
Uruguay,2022,3390.913,95.68799591064452,99.0,,<1,Americas,URY,High income
Uruguay,2023,3388.081,95.77100372314452,99.0,,<1,Americas,URY,High income
Uruguay,2024,3386.588,95.85199737548828,99.0,,<1,Americas,URY,High income
Uzbekistan,2000,24787.054,46.1259994506836,87.31259687138329,53.76748516866031,4.978855199975024,Europe,UZB,Lower middle income
Uzbekistan,2001,25090.283,46.60600280761719,87.80344515742254,55.11486718999414,4.797612999021936,Europe,UZB,Lower middle income
Uzbekistan,2002,25399.98,47.0880012512207,88.2901754569752,56.45625156411536,4.617639672763072,Europe,UZB,Lower middle income
Uzbekistan,2003,25711.259,47.57099914550781,88.7725462000596,57.79080597872538,4.438994673746103,Europe,UZB,Lower middle income
Uzbekistan,2004,26029.35,48.05400085449219,89.25034776035656,59.11776255569774,4.261732535646079,Europe,UZB,Lower middle income
Uzbekistan,2005,26356.975,48.53700256347656,89.72354438517921,60.43691285033198,4.085853553694949,Europe,UZB,Lower middle income
Uzbekistan,2006,26699.043,49.02099990844727,90.19221798286227,61.74850587618697,3.911310429959858,Europe,UZB,Lower middle income
Uzbekistan,2007,27076.008,49.505001068115234,90.6561809339035,63.05182650736175,3.738153133608567,Europe,UZB,Lower middle income
Uzbekistan,2008,27494.774,49.98899841308594,91.1153784744922,64.34664970352166,3.566381579093966,Europe,UZB,Lower middle income
Uzbekistan,2009,27939.328,50.47199630737305,91.56966917232668,65.63235312351851,3.396039185298113,Europe,UZB,Lower middle income
Uzbekistan,2010,28385.506,50.955997467041016,92.01922599780274,66.90956664889882,3.227038004976462,Europe,UZB,Lower middle income
Uzbekistan,2011,28823.196,51.150001525878906,92.43567576451215,68.06669134929406,3.071054137903621,Europe,UZB,Lower middle income
Uzbekistan,2012,29261.903,51.05000305175781,92.82442231645436,69.117262636418,2.926996852344496,Europe,UZB,Lower middle income
Uzbekistan,2013,29724.065,50.95000457763672,93.21602149191932,70.17889286741125,2.782653158434966,Europe,UZB,Lower middle income
Uzbekistan,2014,30222.994,50.84999847412109,93.6104838496586,71.25162600800617,2.638023324043504,Europe,UZB,Lower middle income
Uzbekistan,2015,30749.346,50.75,94.00782076143103,72.33551244749694,2.49310682348926,Europe,UZB,Lower middle income
Uzbekistan,2016,31284.568,50.650001525878906,94.40804438893537,73.43059572028538,2.347904193217754,Europe,UZB,Lower middle income
Uzbekistan,2017,31819.178,50.55000305175781,94.81115725155124,74.5369165741151,2.202415067696337,Europe,UZB,Lower middle income
Uzbekistan,2018,32373.49,50.47800064086914,95.2185733603862,75.66172262212625,2.055797359562033,Europe,UZB,Lower middle income
Uzbekistan,2019,32964.701,50.43299865722656,95.62743881527516,76.77455834509543,1.90811943692538,Europe,UZB,Lower middle income
Uzbekistan,2020,33586.372,50.41600036621094,95.95780600012482,77.7884720003291,1.75684754156769,Europe,UZB,Lower middle income
Uzbekistan,2021,34243.696,50.427001953125,96.28974556456484,78.81259912664166,1.60520910574298,Europe,UZB,Lower middle income
Uzbekistan,2022,34938.955,50.46599960327149,96.62280917740333,79.8452973794026,1.45332602574886,Europe,UZB,Lower middle income
Uzbekistan,2023,35652.307,50.53200149536133,96.95652540478982,80.88475233678618,1.301341373287853,Europe,UZB,Lower middle income
Uzbekistan,2024,36361.859,50.6259994506836,97.29048697560332,81.92950480409681,1.149348944981861,Europe,UZB,Lower middle income
Vanuatu,2000,186.281,21.67300033569336,85.33175990137907,17.36680369649815,7.477365735675783,Western Pacific,VUT,Lower middle income
Vanuatu,2001,191.031,21.953001022338867,85.37460358282685,17.43866823540862,7.451321523009049,Western Pacific,VUT,Lower middle income
Vanuatu,2002,195.863,22.23500061035156,85.41775855474832,17.5110468161549,7.425091905603376,Western Pacific,VUT,Lower middle income
Vanuatu,2003,200.746,22.520999908447266,85.46152360942486,17.58445201098306,7.398489876688052,Western Pacific,VUT,Lower middle income
Vanuatu,2004,205.711,22.80900001525879,85.50559350686989,17.65837036764684,7.371701674062673,Western Pacific,VUT,Lower middle income
Vanuatu,2005,210.76,23.0989990234375,85.74604125648709,17.76669094278968,7.215892112205884,Western Pacific,VUT,Lower middle income
Vanuatu,2006,215.923,23.392000198364254,85.84670636905723,17.87582080338118,7.060802668391235,Western Pacific,VUT,Lower middle income
Vanuatu,2007,221.276,23.687000274658203,85.94651278853091,17.98550620721088,6.906537433487856,Western Pacific,VUT,Lower middle income
Vanuatu,2008,226.896,23.98500061035156,86.04560459320537,18.096002505823,6.7530204111845,Western Pacific,VUT,Lower middle income
Vanuatu,2009,232.731,24.286001205444336,86.14398213130491,18.20731159094929,6.600266846566166,Western Pacific,VUT,Lower middle income
Vanuatu,2010,238.248,24.46199989318848,86.22273908561512,18.28652677460205,6.458887577389619,Western Pacific,VUT,Lower middle income
Vanuatu,2011,243.474,24.56100082397461,86.2892357957447,18.34596676336229,6.324351095389432,Western Pacific,VUT,Lower middle income
Vanuatu,2012,248.883,24.660999298095703,86.35505577166077,18.40567813742949,6.190073411428869,Western Pacific,VUT,Lower middle income
Vanuatu,2013,254.482,24.76099967956543,86.42004525843686,18.46540242097258,6.056136627103853,Western Pacific,VUT,Lower middle income
Vanuatu,2014,260.24,24.86100006103516,86.48421188827776,18.52514079943559,5.922541195603729,Western Pacific,VUT,Lower middle income
Vanuatu,2015,266.101,24.961000442504883,86.547558622675,18.58489353238046,5.789287193569484,Western Pacific,VUT,Lower middle income
Vanuatu,2016,272.087,25.062000274658203,86.61022494104617,18.64491715628127,5.656301678885224,Western Pacific,VUT,Lower middle income
Vanuatu,2017,278.507,25.163000106811523,86.67207006255727,18.70495468598242,5.523660755795689,Western Pacific,VUT,Lower middle income
Vanuatu,2018,285.259,25.27400016784668,86.73450963960605,18.76758203766935,5.390673356419426,Western Pacific,VUT,Lower middle income
Vanuatu,2019,291.985,25.393999099731445,86.7973816608414,18.83254394174825,5.25745792317719,Western Pacific,VUT,Lower middle income
Vanuatu,2020,298.858,25.525001525878903,86.8609488493879,18.90035884837094,5.123928967344172,Western Pacific,VUT,Lower middle income
Vanuatu,2021,305.868,25.665000915527344,86.92490660534727,18.97051112374646,4.990271062753137,Western Pacific,VUT,Lower middle income
Vanuatu,2022,313.046,25.81599998474121,86.98951808560831,19.04352029901131,4.85640563627873,Western Pacific,VUT,Lower middle income
Vanuatu,2023,320.409,25.97599983215332,87.05448515798311,19.11887189836492,4.72251030728918,Western Pacific,VUT,Lower middle income
Vanuatu,2024,327.777,26.14699935913086,87.1200605921327,19.1970839884387,4.588512885997041,Western Pacific,VUT,Lower middle income
Venezuela (Bolivarian Republic of),2000,24526.708,87.55900573730469,97.22769790849355,,1.840596352629603,Americas,VEN,
Venezuela (Bolivarian Republic of),2001,24979.922,87.8499984741211,97.05060304853612,,1.805029571025472,Americas,VEN,
Venezuela (Bolivarian Republic of),2002,25435.671,87.8759994506836,96.87350818857875,,1.76946278942134,Americas,VEN,
Venezuela (Bolivarian Republic of),2003,25892.703,87.9020004272461,96.69641332862132,,1.733896007817208,Americas,VEN,
Venezuela (Bolivarian Republic of),2004,26340.838,87.92799377441406,96.51931846866393,,1.698329226213076,Americas,VEN,
Venezuela (Bolivarian Republic of),2005,26785.804,87.9540023803711,96.34222360870648,,1.662762444608944,Americas,VEN,
Venezuela (Bolivarian Republic of),2006,27224.686,87.9800033569336,96.16512874874904,,1.627195663004812,Americas,VEN,
Venezuela (Bolivarian Republic of),2007,27649.363,88.0060043334961,95.98803388879163,,1.59162888140068,Americas,VEN,
Venezuela (Bolivarian Republic of),2008,28053.696,88.03099822998047,95.8109390288342,,1.556062099796549,Americas,VEN,
Venezuela (Bolivarian Republic of),2009,28438.298,88.05699920654297,95.63384416887683,,1.520495318192417,Americas,VEN,
Venezuela (Bolivarian Republic of),2010,28813.101,88.08300018310547,95.4567493089194,,1.484928536588285,Americas,VEN,
Venezuela (Bolivarian Republic of),2011,29185.212,88.10799407958984,95.279654448962,,1.449361754984153,Americas,VEN,
Venezuela (Bolivarian Republic of),2012,29553.826,88.12300109863281,95.10255958900456,,1.413794973380007,Americas,VEN,
Venezuela (Bolivarian Republic of),2013,29912.198,88.13300323486328,94.92546472904714,,1.378228191775875,Americas,VEN,
Venezuela (Bolivarian Republic of),2014,30254.079,88.14399719238281,94.74836986908971,,1.378228191775875,Americas,VEN,
Venezuela (Bolivarian Republic of),2015,30573.972,88.15399932861328,94.5712750091323,,1.378228191775875,Americas,VEN,
Venezuela (Bolivarian Republic of),2016,30765.72,88.16499328613281,94.39418014917491,,1.378228191775875,Americas,VEN,
Venezuela (Bolivarian Republic of),2017,30565.323,88.18299865722656,94.2170852892175,,1.378228191775875,Americas,VEN,
Venezuela (Bolivarian Republic of),2018,29807.592,88.20800018310547,94.03999042926009,,-,Americas,VEN,
Venezuela (Bolivarian Republic of),2019,28938.098,88.23999786376953,93.86289556930264,,-,Americas,VEN,
Venezuela (Bolivarian Republic of),2020,28444.077,88.27899932861328,93.68580070934522,,-,Americas,VEN,
Venezuela (Bolivarian Republic of),2021,28237.826,88.32499694824219,93.5087058493878,,-,Americas,VEN,
Venezuela (Bolivarian Republic of),2022,28213.017,88.37799835205078,93.33161098943036,,-,Americas,VEN,
Venezuela (Bolivarian Republic of),2023,28300.854,88.43799591064453,93.33161098943036,,-,Americas,VEN,
Venezuela (Bolivarian Republic of),2024,28405.543,88.50499725341797,93.33161098943036,,-,Americas,VEN,
Viet Nam,2000,77154.011,24.374000549316406,80.64824494403814,45.65764868281549,8.825793563545698,Western Pacific,VNM,Lower middle income
Viet Nam,2001,77969.361,24.937000274658203,81.48169122396426,46.21000626350436,8.310540229860944,Western Pacific,VNM,Lower middle income
Viet Nam,2002,78772.224,25.51099967956543,82.30915932366725,46.76269572469958,7.799897900639965,Western Pacific,VNM,Lower middle income
Viet Nam,2003,79563.777,26.09199905395508,83.12973129954145,47.31418390531149,7.294349966610111,Western Pacific,VNM,Lower middle income
Viet Nam,2004,80338.971,26.683000564575195,83.9437132071868,47.86546537603879,6.793774057855322,Western Pacific,VNM,Lower middle income
Viet Nam,2005,81088.313,27.28100204467773,84.75041233795507,48.41538942049669,6.298528358711081,Western Pacific,VNM,Lower middle income
Viet Nam,2006,82167.897,27.88800048828125,85.5499500318679,48.96458433866294,5.808586374993153,Western Pacific,VNM,Lower middle income
Viet Nam,2007,83633.375,28.503999710083008,86.34211290911121,49.51296501768707,5.324080797947454,Western Pacific,VNM,Lower middle income
Viet Nam,2008,85175.788,29.12800025939941,87.1265536349234,50.06010090008495,4.845199915351727,Western Pacific,VNM,Lower middle income
Viet Nam,2009,86460.018,29.761999130249023,87.90332218898605,50.60659026556689,4.371961088355404,Western Pacific,VNM,Lower middle income
Viet Nam,2010,87455.152,30.417001724243164,88.67340235197778,51.15600286364442,3.904009068521499,Western Pacific,VNM,Lower middle income
Viet Nam,2011,88468.314,31.079998016357425,89.43496021732311,51.70384429700637,3.44218468642496,Western Pacific,VNM,Lower middle income
Viet Nam,2012,89510.356,31.751998901367188,90.18789664193528,52.25036501586938,2.986569951636366,Western Pacific,VNM,Lower middle income
Viet Nam,2013,90573.104,32.42900085449219,90.93164414182064,52.79418464023099,2.537421846437047,Western Pacific,VNM,Lower middle income
Viet Nam,2014,91679.578,33.11499786376953,91.66639439130827,53.33653251262584,2.094710145775785,Western Pacific,VNM,Lower middle income
Viet Nam,2015,92823.254,33.80900192260742,92.39186156147484,53.87700865739671,1.658588926920138,Western Pacific,VNM,Lower middle income
Viet Nam,2016,94000.117,34.5099983215332,93.10778592292677,54.415221505275,1.229192653996195,Western Pacific,VNM,Lower middle income
Viet Nam,2017,95176.977,35.2130012512207,93.8136963360805,54.94954618206423,<1,Western Pacific,VNM,Lower middle income
Viet Nam,2018,96237.319,35.91899871826172,94.83279468404317,55.48027299485949,<1,Western Pacific,VNM,Lower middle income
Viet Nam,2019,97173.776,36.62799835205078,95.6342556825242,56.00737460604561,<1,Western Pacific,VNM,Lower middle income
Viet Nam,2020,98079.191,37.34000015258789,96.29416393640554,56.53082251288129,<1,Western Pacific,VNM,Lower middle income
Viet Nam,2021,98935.098,38.05199813842773,96.9270863481492,57.04968916905147,<1,Western Pacific,VNM,Lower middle income
Viet Nam,2022,99680.655,38.76599884033203,97.54927932246414,57.5645693507635,<1,Western Pacific,VNM,Lower middle income
Viet Nam,2023,100352.192,39.47999954223633,98.16066265145902,58.07485614639732,<1,Western Pacific,VNM,Lower middle income
Viet Nam,2024,100987.686,40.19499969482422,98.761246653694,58.58083913681781,<1,Western Pacific,VNM,Lower middle income
Wallis and Futuna Islands,2000,14.784,0.0,99.0,69.1315304248697,<1,Western Pacific,WLF,
Wallis and Futuna Islands,2001,14.908,0.0,99.0,69.1315304248697,<1,Western Pacific,WLF,
Wallis and Futuna Islands,2002,15.024,0.0,99.0,69.12047258722983,<1,Western Pacific,WLF,
Wallis and Futuna Islands,2003,15.053,0.0,99.0,69.10941474958997,<1,Western Pacific,WLF,
Wallis and Futuna Islands,2004,14.891,0.0,99.0,69.09835691195012,<1,Western Pacific,WLF,
Wallis and Futuna Islands,2005,14.61,0.0,99.0,69.08729907431028,<1,Western Pacific,WLF,
Wallis and Futuna Islands,2006,14.313,0.0,99.0,69.07624123667043,<1,Western Pacific,WLF,
Wallis and Futuna Islands,2007,13.999,0.0,99.0,69.06518339903056,<1,Western Pacific,WLF,
Wallis and Futuna Islands,2008,13.684,0.0,99.0,69.05412556139072,<1,Western Pacific,WLF,
Wallis and Futuna Islands,2009,13.409,0.0,99.0,69.04306772375085,<1,Western Pacific,WLF,
Wallis and Futuna Islands,2010,13.164,0.0,99.0,69.03200988611101,<1,Western Pacific,WLF,
Wallis and Futuna Islands,2011,12.919,0.0,99.0,69.02095204847116,<1,Western Pacific,WLF,
Wallis and Futuna Islands,2012,12.687,0.0,99.0,69.0098942108313,<1,Western Pacific,WLF,
Wallis and Futuna Islands,2013,12.475,0.0,99.0,68.99883637319145,<1,Western Pacific,WLF,
Wallis and Futuna Islands,2014,12.301,0.0,99.0,68.9877785355516,<1,Western Pacific,WLF,
Wallis and Futuna Islands,2015,12.16,0.0,99.0,68.97672069791174,<1,Western Pacific,WLF,
Wallis and Futuna Islands,2016,12.033,0.0,99.0,68.9656628602719,<1,Western Pacific,WLF,
Wallis and Futuna Islands,2017,11.918,0.0,99.0,68.95460502263204,<1,Western Pacific,WLF,
Wallis and Futuna Islands,2018,11.8,0.0,99.0,68.9435471849922,<1,Western Pacific,WLF,
Wallis and Futuna Islands,2019,11.686,0.0,99.0,68.93248934735234,<1,Western Pacific,WLF,
Wallis and Futuna Islands,2020,11.616,0.0,99.0,68.92143150971248,<1,Western Pacific,WLF,
Wallis and Futuna Islands,2021,11.568,0.0,99.0,68.91037367207264,<1,Western Pacific,WLF,
Wallis and Futuna Islands,2022,11.478,0.0,99.0,68.89931583443278,<1,Western Pacific,WLF,
Wallis and Futuna Islands,2023,11.37,0.0,99.0,68.89931583443278,<1,Western Pacific,WLF,
Wallis and Futuna Islands,2024,11.277,0.0,99.0,68.89931583443278,<1,Western Pacific,WLF,
Yemen,2000,19624.141,26.267000198364254,40.09887930789603,,6.009825026463407,Eastern Mediterranean,YEM,Low income
Yemen,2001,20226.147,26.78700065612793,40.32279079969732,,5.976500355009646,Eastern Mediterranean,YEM,Low income
Yemen,2002,20835.086,27.315000534057617,40.55014714593052,,5.942663053948061,Eastern Mediterranean,YEM,Low income
Yemen,2003,21456.379,27.849000930786133,41.54818688754889,,5.750353457699394,Eastern Mediterranean,YEM,Low income
Yemen,2004,22095.167,28.38999938964844,42.54029809913998,,5.559004748633982,Eastern Mediterranean,YEM,Low income
Yemen,2005,22790.085,28.935998916625977,44.04032463006728,,5.368764249273262,Eastern Mediterranean,YEM,Low income
Yemen,2006,23543.083,29.489999771118164,45.55792918818956,,5.179475663141858,Eastern Mediterranean,YEM,Low income
Yemen,2007,24318.082,30.05099868774414,47.09209758321714,,4.991227093363767,Eastern Mediterranean,YEM,Low income
Yemen,2008,25111.941,30.619001388549805,48.64222619650663,,4.804046052901912,Eastern Mediterranean,YEM,Low income
Yemen,2009,25927.724,31.194002151489254,50.20769798673717,,4.617960132537136,Eastern Mediterranean,YEM,Low income
Yemen,2010,26754.387,31.775999069213867,51.787883376695,,4.432996688062988,Eastern Mediterranean,YEM,Low income
Yemen,2011,27582.897,32.36399841308594,53.38178454035447,,4.249235027907228,Eastern Mediterranean,YEM,Low income
Yemen,2012,28433.647,32.95800018310547,54.9887784253918,,4.066699041767047,Eastern Mediterranean,YEM,Low income
Yemen,2013,29312.952,33.55900192260742,56.60856629791936,,3.885362035077683,Eastern Mediterranean,YEM,Low income
Yemen,2014,30226.309,34.165000915527344,58.23981557214219,,3.705348613675248,Eastern Mediterranean,YEM,Low income
Yemen,2015,31159.379,34.777000427246094,59.8822273662307,,3.526631189896273,Eastern Mediterranean,YEM,Low income
Yemen,2016,32109.01,35.39400100708008,61.53481345871612,,3.349278548514341,Eastern Mediterranean,YEM,Low income
Yemen,2017,33090.921,36.01599884033203,63.1969435270972,,3.173310992078981,Eastern Mediterranean,YEM,Low income
Yemen,2018,34085.182,36.641998291015625,64.86766432064954,,2.998790777340742,Eastern Mediterranean,YEM,Low income
Yemen,2019,35111.408,37.27299880981445,66.54663625927996,,2.825691844509653,Eastern Mediterranean,YEM,Low income
Yemen,2020,36134.863,37.90800094604492,68.23292003433383,,2.654073987612906,Eastern Mediterranean,YEM,Low income
Yemen,2021,37140.23,38.545997619628906,69.92561174061692,,2.48399264031377,Eastern Mediterranean,YEM,Low income
Yemen,2022,38222.876,39.1879997253418,71.62435178460746,,2.315421077884404,Eastern Mediterranean,YEM,Low income
Yemen,2023,39390.799,39.83100128173828,73.3277642149443,,2.17301874427063,Eastern Mediterranean,YEM,Low income
Yemen,2024,40583.164,40.47699737548828,75.03576209604573,,2.033997062345346,Eastern Mediterranean,YEM,Low income
Zambia,2000,10017.631,34.801998138427734,46.23079915625806,,18.59543884952169,Africa,ZMB,Lower middle income
Zambia,2001,10325.185,35.00199890136719,47.32915760828133,,18.05111954295934,Africa,ZMB,Lower middle income
Zambia,2002,10647.949,35.47500228881836,48.56693101325219,,17.44347819570201,Africa,ZMB,Lower middle income
Zambia,2003,10983.595,35.95100021362305,49.79466624080501,,16.84140848084361,Africa,ZMB,Lower middle income
Zambia,2004,11338.198,36.43000030517578,51.01232409142836,,16.2449671645416,Africa,ZMB,Lower middle income
Zambia,2005,11718.819,36.9109992980957,52.21935831210823,,15.65443689980294,Africa,ZMB,Lower middle income
Zambia,2006,12129.553,37.39500045776367,53.41626028948975,,15.06964205319689,Africa,ZMB,Lower middle income
Zambia,2007,12565.085,37.88100051879883,54.60250799392173,,14.49085120890883,Africa,ZMB,Lower middle income
Zambia,2008,13021.324,38.37099838256836,55.77903866345466,,13.917699524614,Africa,ZMB,Lower middle income
Zambia,2009,13490.389,38.86100006103516,56.94393211386596,,13.35104823428333,Africa,ZMB,Lower middle income
Zambia,2010,13965.594,39.35499954223633,58.09906025315884,,12.79014349885251,Africa,ZMB,Lower middle income
Zambia,2011,14437.796,39.85100173950195,59.24346386079506,,12.23542685555307,Africa,ZMB,Lower middle income
Zambia,2012,14913.629,40.354000091552734,60.37931668295563,,11.68606482907805,Africa,ZMB,Lower middle income
Zambia,2013,15398.997,40.8650016784668,61.5068944546716,,11.14202307454239,Africa,ZMB,Lower middle income
Zambia,2014,15895.315,41.38199996948242,62.62519104770695,,10.60378974553265,Africa,ZMB,Lower middle income
Zambia,2015,16399.089,41.90700149536133,63.73489906676001,,10.07117082614684,Africa,ZMB,Lower middle income
Zambia,2016,16914.423,42.4379997253418,64.83505448454366,,9.54462387038128,Africa,ZMB,Lower middle income
Zambia,2017,17441.32,42.97600173950195,65.9259259812071,,9.024125521056478,Africa,ZMB,Lower middle income
Zambia,2018,17973.569,43.52099990844727,67.00737104290657,,8.509815525103145,Africa,ZMB,Lower middle income
Zambia,2019,18513.839,44.071998596191406,68.07888520861918,,8.001962072376655,Africa,ZMB,Lower middle income
Zambia,2020,19059.395,44.628997802734375,69.14035800141095,,7.500684596570395,Africa,ZMB,Lower middle income
Zambia,2021,19603.607,45.19200134277344,70.2228298527718,,7.006101790777556,Africa,ZMB,Lower middle income
Zambia,2022,20152.938,45.76100158691406,71.29588795696831,,6.518334076909077,Africa,ZMB,Lower middle income
Zambia,2023,20723.965,46.334999084472656,72.35900478178486,,6.037602586416453,Africa,ZMB,Lower middle income
Zambia,2024,21314.956,46.91399765014648,73.4120376414689,,5.564007267565524,Africa,ZMB,Lower middle income
Zimbabwe,2000,11892.055,33.757999420166016,67.92174252528166,29.39525990693037,5.952369073395472,Africa,ZWE,Lower middle income
Zimbabwe,2001,11971.901,34.16999816894531,68.08873100149552,29.54585197456312,5.91770792939829,Africa,ZWE,Lower middle income
Zimbabwe,2002,12087.653,34.584999084472656,68.26585207647184,29.76068284152866,5.930454590912436,Africa,ZWE,Lower middle income
Zimbabwe,2003,12232.323,34.479000091552734,68.23001925153166,29.8182778659182,5.987247871401618,Africa,ZWE,Lower middle income
Zimbabwe,2004,12365.896,34.29399871826172,68.16056117878252,29.84707227628821,6.051143649276511,Africa,ZWE,Lower middle income
Zimbabwe,2005,12483.432,34.11000061035156,68.08982164100036,29.62714679459896,6.115326591748961,Africa,ZWE,Lower middle income
Zimbabwe,2006,12636.445,33.926002502441406,68.01738169655223,29.40307045179562,6.179883655651799,Africa,ZWE,Lower middle income
Zimbabwe,2007,12804.058,33.74300003051758,67.94362113619304,29.17519349738456,6.244724775050244,Africa,ZWE,Lower middle income
